solid OpenSCAD_Model
  facet normal -0.27998096330565364 -0.8616928014882809 -0.42319756148838594
    outer loop
      vertex -27.89466451927166 -27.839356583751044 11.566987298107781
      vertex -27.61515602208419 -27.930174399751714 11.566987298107781
      vertex -27.53790177349045 -28.167938528825502 12
    endloop
  endfacet
  facet normal -0.27998096330565564 -0.8616928014882811 -0.4231975614883845
    outer loop
      vertex -27.89466451927166 -27.839356583751044 11.566987298107781
      vertex -27.53790177349045 -28.167938528825502 12
      vertex -28.0969187678654 -27.98630289682416 12
    endloop
  endfacet
  facet normal -0.27998096330565564 -0.8616928014882811 0.4231975614883845
    outer loop
      vertex -28.0969187678654 -27.98630289682416 12
      vertex -27.53790177349045 -28.167938528825502 12
      vertex -27.89466451927166 -27.839356583751044 12.433012701892219
    endloop
  endfacet
  facet normal -0.27998096330565364 -0.8616928014882809 0.42319756148838594
    outer loop
      vertex -27.89466451927166 -27.839356583751044 12.433012701892219
      vertex -27.53790177349045 -28.167938528825502 12
      vertex -27.61515602208419 -27.930174399751714 12.433012701892219
    endloop
  endfacet
  facet normal -0.9047787046919455 -0.009340993283422345 -0.42577956900307495
    outer loop
      vertex -27.89466451927166 -27.839356583751044 11.566987298107781
      vertex -28.110854548356468 -26.636468137392708 12
      vertex -27.90860029976273 -26.489521824319592 11.566987298107781
    endloop
  endfacet
  facet normal -0.7810078357199896 -0.008063174906669074 -0.6244691711801331
    outer loop
      vertex -27.89466451927166 -27.839356583751044 11.566987298107781
      vertex -27.90860029976273 -26.489521824319592 11.566987298107781
      vertex -27.213392600801594 -27.158084665280978 10.706141084990767
    endloop
  endfacet
  facet normal -0.9047787046919455 -0.009340993283422357 -0.4257795690030749
    outer loop
      vertex -27.89466451927166 -27.839356583751044 11.566987298107781
      vertex -28.0969187678654 -27.98630289682416 12
      vertex -28.110854548356468 -26.636468137392708 12
    endloop
  endfacet
  facet normal -0.9047787046919455 -0.009340993283422335 0.4257795690030749
    outer loop
      vertex -28.0969187678654 -27.98630289682416 12
      vertex -27.89466451927166 -27.839356583751044 12.433012701892219
      vertex -27.90860029976273 -26.489521824319592 12.433012701892219
    endloop
  endfacet
  facet normal -0.9047787046919455 -0.009340993283422345 0.4257795690030749
    outer loop
      vertex -28.0969187678654 -27.98630289682416 12
      vertex -27.90860029976273 -26.489521824319592 12.433012701892219
      vertex -28.110854548356468 -26.636468137392708 12
    endloop
  endfacet
  facet normal -0.7251891685730774 -0.0074868994127775396 0.6885089804218038
    outer loop
      vertex -27.89466451927166 -27.839356583751044 12.433012701892219
      vertex -27.74120289568575 -26.35142288245981 12.610829870080188
      vertex -27.90860029976273 -26.489521824319592 12.433012701892219
    endloop
  endfacet
  facet normal -0.21881199524158118 -0.6734340754914859 -0.7061217010581998
    outer loop
      vertex -27.89466451927166 -27.839356583751044 11.566987298107781
      vertex -26.933884103614123 -27.248902481281647 10.706141084990767
      vertex -27.61515602208419 -27.930174399751714 11.566987298107781
    endloop
  endfacet
  facet normal 0.021685362941413922 -0.8747080818292081 -0.48416476184948276
    outer loop
      vertex -27.61515602208419 -27.930174399751714 11.566987298107781
      vertex -20.116451704643804 -27.49880568351549 11.12352343096079
      vertex -27.53790177349045 -28.167938528825502 12
    endloop
  endfacet
  facet normal -0.21881199524158165 -0.6734340754914873 -0.7061217010581986
    outer loop
      vertex -27.213392600801594 -27.158084665280978 10.706141084990767
      vertex -23.36183211966871 -23.306524184148092 5.839360046634964
      vertex -26.933884103614123 -27.248902481281647 10.706141084990767
    endloop
  endfacet
  facet normal -0.2799809633056557 -0.8616928014882813 -0.42319756148838406
    outer loop
      vertex -25.404508497187475 -25.293892626146235 0
      vertex -25.202254248593736 -25.14694631307312 -0.4330127018922193
      vertex -24.845491502812525 -25.475528258147577 0
    endloop
  endfacet
  facet normal -0.2799809633056537 -0.8616928014882811 -0.42319756148838555
    outer loop
      vertex -25.202254248593736 -25.14694631307312 -0.4330127018922193
      vertex -24.922745751406264 -25.23776412907379 -0.4330127018922193
      vertex -24.845491502812525 -25.475528258147577 0
    endloop
  endfacet
  facet normal -0.9460023081101226 0 0.3241598880958605
    outer loop
      vertex -25.404508497187475 -25.293892626146235 0
      vertex -23.391133959553233 -23.280518088511993 5.875671326518039
      vertex -25.404508497187475 -24.706107373853765 0
    endloop
  endfacet
  facet normal -0.28370076648370385 -0.8731411784908923 0.39640680811521734
    outer loop
      vertex -25.404508497187475 -25.293892626146235 0
      vertex -24.845491502812525 -25.475528258147577 0
      vertex -23.08232362248124 -23.397342000148765 5.839360046634966
    endloop
  endfacet
  facet normal -0.283700766483701 -0.8731411784908929 0.396406808115218
    outer loop
      vertex -25.404508497187475 -25.293892626146235 0
      vertex -23.36183211966871 -23.306524184148092 5.839360046634964
      vertex -23.391133959553233 -23.280518088511993 5.875671326518039
    endloop
  endfacet
  facet normal -0.283700766483717 -0.8731411784908865 0.39640680811522083
    outer loop
      vertex -25.404508497187475 -25.293892626146235 0
      vertex -23.08232362248124 -23.397342000148765 5.839360046634966
      vertex -23.36183211966871 -23.306524184148092 5.839360046634964
    endloop
  endfacet
  facet normal -0.7810078357199912 -0.008063174906663063 -0.6244691711801309
    outer loop
      vertex -27.213392600801594 -27.158084665280978 10.706141084990767
      vertex -23.391133959553233 -23.280518088511993 5.875671326518039
      vertex -23.36183211966871 -23.306524184148092 5.839360046634964
    endloop
  endfacet
  facet normal -0.7810078357199897 -0.008063174906670292 -0.6244691711801327
    outer loop
      vertex -27.213392600801594 -27.158084665280978 10.706141084990767
      vertex -23.392948803989004 -22.694547680655294 5.870375029572776
      vertex -23.391133959553233 -23.280518088511993 5.875671326518039
    endloop
  endfacet
  facet normal -0.0028525760179951964 -0.7830453855527849 -0.6219580266983874
    outer loop
      vertex -26.933884103614123 -27.248902481281647 10.706141084990767
      vertex -23.08232362248124 -23.397342000148765 5.839360046634966
      vertex -22.82156217707649 -23.451598932411542 5.906473576495851
    endloop
  endfacet
  facet normal -0.2188119952415878 -0.6734340754914835 -0.7061217010582002
    outer loop
      vertex -26.933884103614123 -27.248902481281647 10.706141084990767
      vertex -23.36183211966871 -23.306524184148092 5.839360046634964
      vertex -23.08232362248124 -23.397342000148765 5.839360046634966
    endloop
  endfacet
  facet normal -0.21881199524158115 -0.673434075491486 -0.7061217010581996
    outer loop
      vertex -27.89466451927166 -27.839356583751044 11.566987298107781
      vertex -27.213392600801594 -27.158084665280978 10.706141084990767
      vertex -26.933884103614123 -27.248902481281647 10.706141084990767
    endloop
  endfacet
  facet normal -0.1919066958002241 -0.5906280783380503 0.7837922512922298
    outer loop
      vertex -27.89466451927166 -27.839356583751044 12.433012701892219
      vertex -27.61515602208419 -27.930174399751714 12.433012701892219
      vertex -22.26404786891836 -22.208739933397744 18.054595872023143
    endloop
  endfacet
  facet normal -0.78100783571999 -0.008063174906670453 -0.6244691711801325
    outer loop
      vertex -27.90860029976273 -26.489521824319592 11.566987298107781
      vertex -23.392948803989004 -22.694547680655294 5.870375029572776
      vertex -27.213392600801594 -27.158084665280978 10.706141084990767
    endloop
  endfacet
  facet normal -0.6998533731649136 -0.013166040850260075 0.7141651849803528
    outer loop
      vertex -27.89466451927166 -27.839356583751044 12.433012701892219
      vertex -22.26404786891836 -22.208739933397744 18.054595872023143
      vertex -27.74120289568575 -26.35142288245981 12.610829870080188
    endloop
  endfacet
  facet normal -0.002852576018002741 -0.7830453855527805 -0.6219580266983928
    outer loop
      vertex -27.61515602208419 -27.930174399751714 11.566987298107781
      vertex -26.933884103614123 -27.248902481281647 10.706141084990767
      vertex -20.193705953237544 -27.2610415544417 10.69051072906857
    endloop
  endfacet
  facet normal -0.19190669580022457 -0.5906280783380505 0.7837922512922296
    outer loop
      vertex -27.61515602208419 -27.930174399751714 12.433012701892219
      vertex -21.98453937173089 -22.299557749398414 18.054595872023143
      vertex -22.26404786891836 -22.208739933397744 18.054595872023143
    endloop
  endfacet
  facet normal -0.9060374296629683 0 -0.4231975614883927
    outer loop
      vertex -29.039063707336314 -28.928447836295074 36
      vertex -29.039063707336314 -28.340662584002605 36
      vertex -28.836809458742575 -28.78150152322196 35.56698729810778
    endloop
  endfacet
  facet normal -0.9060374296629683 0 0.4231975614883927
    outer loop
      vertex -29.039063707336314 -28.928447836295074 36
      vertex -28.836809458742575 -28.78150152322196 36.43301270189222
      vertex -29.039063707336314 -28.340662584002605 36
    endloop
  endfacet
  facet normal -0.2799809633056535 -0.8616928014882803 -0.4231975614883875
    outer loop
      vertex -28.836809458742575 -28.78150152322196 35.56698729810778
      vertex -28.557300961555104 -28.872319339222628 35.56698729810778
      vertex -28.480046712961364 -29.110083468296416 36
    endloop
  endfacet
  facet normal -0.2799809633056554 -0.8616928014882804 -0.42319756148838594
    outer loop
      vertex -29.039063707336314 -28.928447836295074 36
      vertex -28.836809458742575 -28.78150152322196 35.56698729810778
      vertex -28.480046712961364 -29.110083468296416 36
    endloop
  endfacet
  facet normal -0.2799809633056554 -0.8616928014882804 0.42319756148838594
    outer loop
      vertex -29.039063707336314 -28.928447836295074 36
      vertex -28.480046712961364 -29.110083468296416 36
      vertex -28.836809458742575 -28.78150152322196 36.43301270189222
    endloop
  endfacet
  facet normal -0.2799809633056535 -0.8616928014882803 0.4231975614883875
    outer loop
      vertex -28.836809458742575 -28.78150152322196 36.43301270189222
      vertex -28.480046712961364 -29.110083468296416 36
      vertex -28.557300961555104 -28.872319339222628 36.43301270189222
    endloop
  endfacet
  facet normal -0.9060374296629682 0 -0.4231975614883927
    outer loop
      vertex -28.836809458742575 -28.78150152322196 35.56698729810778
      vertex -29.039063707336314 -28.340662584002605 36
      vertex -28.836809458742575 -28.48760889707572 35.56698729810778
    endloop
  endfacet
  facet normal -0.9060374296629682 0 0.4231975614883927
    outer loop
      vertex -28.836809458742575 -28.78150152322196 36.43301270189222
      vertex -28.836809458742575 -28.48760889707572 36.43301270189222
      vertex -29.039063707336314 -28.340662584002605 36
    endloop
  endfacet
  facet normal -0.18493389312928343 -0.5691679983497248 -0.8011536961324054
    outer loop
      vertex -28.836809458742575 -28.78150152322196 35.56698729810778
      vertex -26.896494921305383 -27.211513298972907 34.00372049627168
      vertex -28.557300961555104 -28.872319339222628 35.56698729810778
    endloop
  endfacet
  facet normal -0.685400789353147 0 -0.7281660236196709
    outer loop
      vertex -28.836809458742575 -28.78150152322196 35.56698729810778
      vertex -28.836809458742575 -28.48760889707572 35.56698729810778
      vertex -27.176003418492854 -26.826802856826 34.00372049627168
    endloop
  endfacet
  facet normal -0.18493389312928335 -0.5691679983497246 -0.8011536961324054
    outer loop
      vertex -28.836809458742575 -28.78150152322196 35.56698729810778
      vertex -27.176003418492854 -27.120695482972238 34.00372049627168
      vertex -26.896494921305383 -27.211513298972907 34.00372049627168
    endloop
  endfacet
  facet normal -0.8983936419587333 0.049427669289742196 -0.43640092758460913
    outer loop
      vertex -28.836809458742575 -28.48760889707572 35.56698729810778
      vertex -29.039063707336314 -28.340662584002605 36
      vertex -28.892253725038508 -25.672255261389967 36
    endloop
  endfacet
  facet normal -0.9040745559231254 0.014305143924601872 0.4271352949472802
    outer loop
      vertex -29.039063707336314 -28.340662584002605 36
      vertex -28.836809458742575 -28.48760889707572 36.43301270189222
      vertex -28.63916417871109 -25.61164573318896 36.75503011281699
    endloop
  endfacet
  facet normal -0.8522711815276784 0 0.523100213283664
    outer loop
      vertex -28.836809458742575 -28.78150152322196 36.43301270189222
      vertex -28.63916417871109 -25.61164573318896 36.75503011281699
      vertex -28.836809458742575 -28.48760889707572 36.43301270189222
    endloop
  endfacet
  facet normal -0.8522711815276783 0 0.5231002132836645
    outer loop
      vertex -28.836809458742575 -28.78150152322196 36.43301270189222
      vertex -28.63916417871109 -25.9055383593352 36.75503011281699
      vertex -28.63916417871109 -25.61164573318896 36.75503011281699
    endloop
  endfacet
  facet normal -0.9911150550360678 0.05452900029612812 0.12131585142740878
    outer loop
      vertex -29.039063707336314 -28.340662584002605 36
      vertex -28.84141842730483 -25.464699420115846 36.32201741092477
      vertex -28.892253725038508 -25.672255261389967 36
    endloop
  endfacet
  facet normal -0.8983936419587333 0.0494276692897422 -0.4364009275846092
    outer loop
      vertex -28.836809458742575 -28.48760889707572 35.56698729810778
      vertex -28.892253725038508 -25.672255261389967 36
      vertex -28.68999947644477 -25.819201574463083 35.56698729810778
    endloop
  endfacet
  facet normal -0.9040745559231254 0.014305143924601872 0.4271352949472802
    outer loop
      vertex -29.039063707336314 -28.340662584002605 36
      vertex -28.63916417871109 -25.61164573318896 36.75503011281699
      vertex -28.84141842730483 -25.464699420115846 36.32201741092477
    endloop
  endfacet
  facet normal -0.7051824569817905 0.03879760902651718 -0.7079635922128698
    outer loop
      vertex -28.836809458742575 -28.48760889707572 35.56698729810778
      vertex -28.68999947644477 -25.819201574463083 35.56698729810778
      vertex -27.176003418492854 -26.826802856826 34.00372049627168
    endloop
  endfacet
  facet normal -0.685400789353147 0 -0.7281660236196709
    outer loop
      vertex -28.836809458742575 -28.78150152322196 35.56698729810778
      vertex -27.176003418492854 -26.826802856826 34.00372049627168
      vertex -27.176003418492854 -27.120695482972238 34.00372049627168
    endloop
  endfacet
  facet normal -0.2799809633056558 -0.8616928014882818 -0.42319756148838306
    outer loop
      vertex -26.75116055297258 -26.64054468193134 24
      vertex -26.54890630437884 -26.493598368858223 23.56698729810778
      vertex -26.19214355859763 -26.82218031393268 24
    endloop
  endfacet
  facet normal -0.2799809633056538 -0.8616928014882814 -0.42319756148838455
    outer loop
      vertex -26.19214355859763 -26.82218031393268 24
      vertex -26.54890630437884 -26.493598368858223 23.56698729810778
      vertex -26.269397807191368 -26.584416184858892 23.56698729810778
    endloop
  endfacet
  facet normal -0.2799809633056558 -0.8616928014882818 0.42319756148838306
    outer loop
      vertex -26.75116055297258 -26.64054468193134 24
      vertex -26.19214355859763 -26.82218031393268 24
      vertex -26.54890630437884 -26.493598368858223 24.43301270189222
    endloop
  endfacet
  facet normal -0.2799809633056538 -0.8616928014882814 0.42319756148838455
    outer loop
      vertex -26.19214355859763 -26.82218031393268 24
      vertex -26.269397807191368 -26.584416184858892 24.43301270189222
      vertex -26.54890630437884 -26.493598368858223 24.43301270189222
    endloop
  endfacet
  facet normal -0.7633426878086531 -0.06366994731969534 -0.6428484104183257
    outer loop
      vertex -26.54890630437884 -26.493598368858223 23.56698729810778
      vertex -26.308709766535582 -26.24290509148484 23.256939244269287
      vertex -22.26404786891836 -22.208739933397744 18.054595872023143
    endloop
  endfacet
  facet normal -0.22076209500407076 -0.6794358654263494 -0.6997363804903682
    outer loop
      vertex -26.54890630437884 -26.493598368858223 23.56698729810778
      vertex -22.26404786891836 -22.208739933397744 18.054595872023143
      vertex -26.269397807191368 -26.584416184858892 23.56698729810778
    endloop
  endfacet
  facet normal 0.0034339731653095637 -0.790816648515507 -0.6120434921302578
    outer loop
      vertex -26.269397807191368 -26.584416184858892 23.56698729810778
      vertex -21.98453937173089 -22.299557749398414 18.054595872023143
      vertex -23.797181686212713 -26.333722907485505 23.256939244269283
    endloop
  endfacet
  facet normal -0.23449979253341954 -0.7217161509511194 0.6512569729055375
    outer loop
      vertex -26.54890630437884 -26.493598368858223 24.43301270189222
      vertex -26.269397807191368 -26.584416184858892 24.43301270189222
      vertex -22.821858932072914 -22.766550996552297 29.905295176843943
    endloop
  endfacet
  facet normal -0.826512250933188 -1.4620633891154247e-15 0.5629187321961803
    outer loop
      vertex -26.54890630437884 -26.493598368858223 24.43301270189222
      vertex -22.821858932072914 -22.766550996552297 29.905295176843943
      vertex -26.532745360042593 -26.18354479837574 24.456741204279137
    endloop
  endfacet
  facet normal -0.8265122509331886 0 0.5629187321961794
    outer loop
      vertex -26.532745360042593 -26.18354479837574 24.456741204279137
      vertex -22.821858932072914 -22.766550996552297 29.905295176843943
      vertex -22.821858932072914 -22.47265837040606 29.905295176843943
    endloop
  endfacet
  facet normal -0.23449979253341954 -0.721716150951119 0.6512569729055382
    outer loop
      vertex -26.269397807191368 -26.584416184858892 24.43301270189222
      vertex -22.542350434885442 -22.857368812552966 29.905295176843943
      vertex -22.821858932072914 -22.766550996552297 29.905295176843943
    endloop
  endfacet
  facet normal -0.1849338931292833 -0.5691679983497243 -0.8011536961324056
    outer loop
      vertex -27.176003418492854 -27.120695482972238 34.00372049627168
      vertex -22.821858932072914 -22.766550996552297 29.905295176843943
      vertex -26.896494921305383 -27.211513298972907 34.00372049627168
    endloop
  endfacet
  facet normal -0.18196473522939502 -0.5600298699619642 0.8082421542355245
    outer loop
      vertex -28.836809458742575 -28.78150152322196 36.43301270189222
      vertex -28.557300961555104 -28.872319339222628 36.43301270189222
      vertex -22.763058000471485 -22.70775006495087 42.0089292656267
    endloop
  endfacet
  facet normal -0.6539334327326471 -0.039653229262778304 0.7555122017304088
    outer loop
      vertex -28.836809458742575 -28.78150152322196 36.43301270189222
      vertex -22.763058000471485 -22.70775006495087 42.0089292656267
      vertex -28.63916417871109 -25.9055383593352 36.75503011281699
    endloop
  endfacet
  facet normal -0.6854007893531465 0 -0.7281660236196712
    outer loop
      vertex -27.176003418492854 -27.120695482972238 34.00372049627168
      vertex -27.176003418492854 -26.826802856826 34.00372049627168
      vertex -22.821858932072914 -22.766550996552297 29.905295176843943
    endloop
  endfacet
  facet normal -0.6854007893531456 0 -0.7281660236196722
    outer loop
      vertex -27.176003418492854 -26.826802856826 34.00372049627168
      vertex -22.821858932072914 -22.47265837040606 29.905295176843943
      vertex -22.821858932072914 -22.766550996552297 29.905295176843943
    endloop
  endfacet
  facet normal -0.18493389312928263 -0.5691679983497242 -0.8011536961324058
    outer loop
      vertex -26.896494921305383 -27.211513298972907 34.00372049627168
      vertex -22.821858932072914 -22.766550996552297 29.905295176843943
      vertex -22.542350434885442 -22.857368812552966 29.905295176843943
    endloop
  endfacet
  facet normal -0.9460023081101224 -1.4610299906781474e-15 0.32415988809586094
    outer loop
      vertex -25.404508497187475 -24.706107373853765 0
      vertex -23.391133959553233 -23.280518088511993 5.875671326518039
      vertex -23.392948803989004 -22.694547680655294 5.870375029572776
    endloop
  endfacet
  facet normal -0.9471550265441875 0.011644467916814892 0.32056475486087666
    outer loop
      vertex -25.404508497187475 -24.706107373853765 0
      vertex -23.392948803989004 -22.694547680655294 5.870375029572776
      vertex -23.382509329567814 -20.819448883574218 5.833107279672624
    endloop
  endfacet
  facet normal -0.9471550265441876 0.01164446791681465 0.3205647548608763
    outer loop
      vertex -25.404508497187475 -24.706107373853765 0
      vertex -23.382509329567814 -20.819448883574218 5.833107279672624
      vertex -23.38009972986264 -20.54872603906829 5.830392823416007
    endloop
  endfacet
  facet normal -0.6998533731649157 -0.013166040850253071 0.7141651849803508
    outer loop
      vertex -27.74120289568575 -26.35142288245981 12.610829870080188
      vertex -22.26404786891836 -22.208739933397744 18.054595872023143
      vertex -22.2685413074516 -22.12583944900486 18.05172079914959
    endloop
  endfacet
  facet normal -0.6998533731649081 -0.0131660408502656 0.714165184980358
    outer loop
      vertex -27.74120289568575 -26.35142288245981 12.610829870080188
      vertex -22.2685413074516 -22.12583944900486 18.05172079914959
      vertex -22.27365396666309 -22.03151481942933 18.048449525335126
    endloop
  endfacet
  facet normal -0.6998533731649128 -0.013166040850262059 0.7141651849803535
    outer loop
      vertex -27.74120289568575 -26.35142288245981 12.610829870080188
      vertex -22.27365396666309 -22.03151481942933 18.048449525335126
      vertex -22.458047112059706 -18.62960312996745 17.93046777784321
    endloop
  endfacet
  facet normal -0.7810078357199906 -0.008063174906669059 -0.624469171180132
    outer loop
      vertex -27.90860029976273 -26.489521824319592 11.566987298107781
      vertex -25.54374697485983 -0.03782104443168019 8.267779327358406
      vertex -23.392948803989004 -22.694547680655294 5.870375029572776
    endloop
  endfacet
  facet normal -0.8421932825761343 0.054613546331470295 0.5364026802139751
    outer loop
      vertex -26.532745360042593 -26.18354479837574 24.456741204279137
      vertex -22.821858932072914 -22.47265837040606 29.905295176843943
      vertex -22.64358589992793 -19.551663267452806 29.887797965143942
    endloop
  endfacet
  facet normal -0.70518245698179 0.038797609026517105 -0.7079635922128702
    outer loop
      vertex -27.176003418492854 -26.826802856826 34.00372049627168
      vertex -22.64358589992793 -19.551663267452806 29.887797965143942
      vertex -22.821858932072914 -22.47265837040606 29.905295176843943
    endloop
  endfacet
  facet normal -0.7633426878086796 -0.06366994731963863 -0.6428484104183
    outer loop
      vertex -26.308709766535582 -26.24290509148484 23.256939244269287
      vertex -25.70839638354202 -0.4776960558608581 19.992228156450224
      vertex -22.27365396666309 -22.03151481942933 18.048449525335126
    endloop
  endfacet
  facet normal -0.7051824569817908 0.03879760902651658 -0.7079635922128695
    outer loop
      vertex -28.68999947644477 -25.819201574463083 35.56698729810778
      vertex -24.061963465782398 0.5058482338784016 32.399789380594974
      vertex -27.176003418492854 -26.826802856826 34.00372049627168
    endloop
  endfacet
  facet normal -0.0028525760180027403 -0.7830453855527815 -0.6219580266983917
    outer loop
      vertex -26.933884103614123 -27.248902481281647 10.706141084990767
      vertex -22.82156217707649 -23.451598932411542 5.906473576495851
      vertex -20.193705953237544 -27.2610415544417 10.69051072906857
    endloop
  endfacet
  facet normal -0.283700766483685 -0.8731411784908997 0.39640680811521456
    outer loop
      vertex -24.845491502812525 -25.475528258147577 0
      vertex -22.82156217707649 -23.451598932411542 5.906473576495851
      vertex -23.08232362248124 -23.397342000148765 5.839360046634966
    endloop
  endfacet
  facet normal -0.0028525760180038383 -0.7830453855527818 -0.6219580266983912
    outer loop
      vertex -20.193705953237544 -27.2610415544417 10.69051072906857
      vertex -22.82156217707649 -23.451598932411542 5.906473576495851
      vertex -22.02169617342369 -23.452477136787945 5.903910695036496
    endloop
  endfacet
  facet normal 0.021685362941413922 -0.8747080818292081 -0.4841647618494828
    outer loop
      vertex -27.61515602208419 -27.930174399751714 11.566987298107781
      vertex -20.193705953237544 -27.2610415544417 10.69051072906857
      vertex -20.116451704643804 -27.49880568351549 11.12352343096079
    endloop
  endfacet
  facet normal 0.01821404451961677 -0.8750315683233983 -0.4837230643867742
    outer loop
      vertex -28.480046712961364 -29.110083468296416 36
      vertex -28.557300961555104 -28.872319339222628 35.56698729810778
      vertex -11.533331516780375 -27.449588085037135 33.63435374781374
    endloop
  endfacet
  facet normal -0.02821771806293481 -0.670021345941773 -0.7418053358999892
    outer loop
      vertex -28.557300961555104 -28.872319339222628 35.56698729810778
      vertex -26.896494921305383 -27.211513298972907 34.00372049627168
      vertex -11.533331516780375 -27.449588085037135 33.63435374781374
    endloop
  endfacet
  facet normal -0.02821771806293474 -0.6700213459417727 -0.7418053358999894
    outer loop
      vertex -26.896494921305383 -27.211513298972907 34.00372049627168
      vertex -22.542350434885442 -22.857368812552966 29.905295176843943
      vertex -17.66683492815686 -23.05644645682434 29.899647265436528
    endloop
  endfacet
  facet normal 0.018214044519616796 -0.8750315683233986 -0.48372306438677387
    outer loop
      vertex -28.480046712961364 -29.110083468296416 36
      vertex -11.533331516780375 -27.449588085037135 33.63435374781374
      vertex -11.45607726818664 -27.687352214110923 34.06736644970596
    endloop
  endfacet
  facet normal -0.7633426878086874 -0.06366994731961921 -0.6428484104182927
    outer loop
      vertex -26.308709766535582 -26.24290509148484 23.256939244269287
      vertex -22.2685413074516 -22.12583944900486 18.05172079914959
      vertex -22.26404786891836 -22.208739933397744 18.054595872023143
    endloop
  endfacet
  facet normal -0.7633426878086741 -0.06366994731964958 -0.6428484104183056
    outer loop
      vertex -26.308709766535582 -26.24290509148484 23.256939244269287
      vertex -22.27365396666309 -22.03151481942933 18.048449525335126
      vertex -22.2685413074516 -22.12583944900486 18.05172079914959
    endloop
  endfacet
  facet normal -0.2207620950040696 -0.6794358654263495 -0.6997363804903685
    outer loop
      vertex -26.269397807191368 -26.584416184858892 23.56698729810778
      vertex -22.26404786891836 -22.208739933397744 18.054595872023143
      vertex -21.98453937173089 -22.299557749398414 18.054595872023143
    endloop
  endfacet
  facet normal 0.0034339731653093768 -0.790816648515507 -0.6120434921302578
    outer loop
      vertex -23.797181686212713 -26.333722907485505 23.256939244269283
      vertex -21.98453937173089 -22.299557749398414 18.054595872023143
      vertex -18.221464949438435 -22.24888064762735 18.01022974519881
    endloop
  endfacet
  facet normal -0.9060374296629683 0 -0.4231975614883927
    outer loop
      vertex -28.774961218705528 -28.664345347664288 48
      vertex -28.774961218705528 -28.076560095371818 48
      vertex -28.57270697011179 -28.517399034591172 47.56698729810778
    endloop
  endfacet
  facet normal -0.9060374296629683 0 0.4231975614883927
    outer loop
      vertex -28.774961218705528 -28.664345347664288 48
      vertex -28.57270697011179 -28.517399034591172 48.43301270189222
      vertex -28.774961218705528 -28.076560095371818 48
    endloop
  endfacet
  facet normal -0.9060374296629682 0 -0.4231975614883927
    outer loop
      vertex -28.774961218705528 -28.076560095371818 48
      vertex -28.57270697011179 -28.223506408444933 47.56698729810778
      vertex -28.57270697011179 -28.517399034591172 47.56698729810778
    endloop
  endfacet
  facet normal -0.9060374296629682 0 0.4231975614883927
    outer loop
      vertex -28.774961218705528 -28.076560095371818 48
      vertex -28.57270697011179 -28.517399034591172 48.43301270189222
      vertex -28.57270697011179 -28.223506408444933 48.43301270189222
    endloop
  endfacet
  facet normal -0.9051782679575567 0.00644452546785359 -0.4249832600336766
    outer loop
      vertex -28.774961218705528 -28.076560095371818 48
      vertex -28.76675155075723 -26.923455332109736 48
      vertex -28.57270697011179 -28.223506408444933 47.56698729810778
    endloop
  endfacet
  facet normal -0.9051782679575567 0.006444525467853567 0.4249832600336766
    outer loop
      vertex -28.774961218705528 -28.076560095371818 48
      vertex -28.57270697011179 -28.223506408444933 48.43301270189222
      vertex -28.564497302163492 -27.07040164518285 48.43301270189222
    endloop
  endfacet
  facet normal -0.2799809633056554 -0.8616928014882804 -0.42319756148838594
    outer loop
      vertex -28.774961218705528 -28.664345347664288 48
      vertex -28.57270697011179 -28.517399034591172 47.56698729810778
      vertex -28.215944224330578 -28.84598097966563 48
    endloop
  endfacet
  facet normal -0.2799809633056535 -0.8616928014882802 -0.4231975614883875
    outer loop
      vertex -28.215944224330578 -28.84598097966563 48
      vertex -28.57270697011179 -28.517399034591172 47.56698729810778
      vertex -28.293198472924317 -28.60821685059184 47.56698729810778
    endloop
  endfacet
  facet normal -0.2799809633056554 -0.8616928014882804 0.42319756148838594
    outer loop
      vertex -28.774961218705528 -28.664345347664288 48
      vertex -28.215944224330578 -28.84598097966563 48
      vertex -28.57270697011179 -28.517399034591172 48.43301270189222
    endloop
  endfacet
  facet normal -0.2799809633056535 -0.8616928014882802 0.4231975614883875
    outer loop
      vertex -28.215944224330578 -28.84598097966563 48
      vertex -28.293198472924317 -28.60821685059184 48.43301270189222
      vertex -28.57270697011179 -28.517399034591172 48.43301270189222
    endloop
  endfacet
  facet normal -0.6912877557249998 0 -0.7225795726317572
    outer loop
      vertex -28.57270697011179 -28.517399034591172 47.56698729810778
      vertex -28.57270697011179 -28.223506408444933 47.56698729810778
      vertex -28.003702520618738 -27.94839458509812 47.02262398673578
    endloop
  endfacet
  facet normal -0.1868619399348502 -0.5751019162621207 -0.7964548959705259
    outer loop
      vertex -28.57270697011179 -28.517399034591172 47.56698729810778
      vertex -28.003702520618738 -27.94839458509812 47.02262398673578
      vertex -28.293198472924317 -28.60821685059184 47.56698729810778
    endloop
  endfacet
  facet normal -0.6912877557249999 0 -0.7225795726317573
    outer loop
      vertex -28.57270697011179 -28.223506408444933 47.56698729810778
      vertex -28.003702520618738 -27.654501958951883 47.02262398673578
      vertex -28.003702520618738 -27.94839458509812 47.02262398673578
    endloop
  endfacet
  facet normal -0.18686193993485026 -0.5751019162621207 -0.796454895970526
    outer loop
      vertex -28.293198472924317 -28.60821685059184 47.56698729810778
      vertex -28.003702520618738 -27.94839458509812 47.02262398673578
      vertex -27.724194023431266 -28.03921240109879 47.02262398673578
    endloop
  endfacet
  facet normal -0.9051782679575567 0.00644452546785359 -0.4249832600336766
    outer loop
      vertex -28.57270697011179 -28.223506408444933 47.56698729810778
      vertex -28.76675155075723 -26.923455332109736 48
      vertex -28.564497302163492 -27.07040164518285 47.56698729810778
    endloop
  endfacet
  facet normal -0.9051782679575567 0.00644452546785359 0.4249832600336766
    outer loop
      vertex -28.774961218705528 -28.076560095371818 48
      vertex -28.564497302163492 -27.07040164518285 48.43301270189222
      vertex -28.76675155075723 -26.923455332109736 48
    endloop
  endfacet
  facet normal -0.6938541842612931 0.004939978255927758 -0.720098581860794
    outer loop
      vertex -28.57270697011179 -28.223506408444933 47.56698729810778
      vertex -28.564497302163492 -27.07040164518285 47.56698729810778
      vertex -28.003702520618738 -27.654501958951883 47.02262398673578
    endloop
  endfacet
  facet normal -0.5801251379631883 0.004130270642247838 0.8145168906582683
    outer loop
      vertex -28.57270697011179 -28.223506408444933 48.43301270189222
      vertex -28.329361675975274 -26.89167799070942 48.59957758480055
      vertex -28.564497302163492 -27.07040164518285 48.43301270189222
    endloop
  endfacet
  facet normal -0.0026997716968564333 -0.6898743128644879 -0.7239241284019586
    outer loop
      vertex -28.293198472924317 -28.60821685059184 47.56698729810778
      vertex -27.724194023431266 -28.03921240109879 47.02262398673578
      vertex -23.634859832761087 -28.047303182861107 47.01508362997188
    endloop
  endfacet
  facet normal -0.18686193993484967 -0.5751019162621193 -0.796454895970527
    outer loop
      vertex -28.003702520618738 -27.94839458509812 47.02262398673578
      vertex -22.763058000471485 -22.70775006495087 42.0089292656267
      vertex -27.724194023431266 -28.03921240109879 47.02262398673578
    endloop
  endfacet
  facet normal -0.6912877557249979 0 -0.7225795726317592
    outer loop
      vertex -28.003702520618738 -27.94839458509812 47.02262398673578
      vertex -28.003702520618738 -27.654501958951883 47.02262398673578
      vertex -22.771285866209812 -22.422085304542957 42.01680081784889
    endloop
  endfacet
  facet normal -0.6539334327326521 -0.039653229262760624 0.7555122017304056
    outer loop
      vertex -28.63916417871109 -25.9055383593352 36.75503011281699
      vertex -22.763058000471485 -22.70775006495087 42.0089292656267
      vertex -22.76858851312746 -22.515735194625154 42.01422027554002
    endloop
  endfacet
  facet normal -0.18196473522939657 -0.5600298699619626 0.8082421542355255
    outer loop
      vertex -28.557300961555104 -28.872319339222628 36.43301270189222
      vertex -22.483549503284014 -22.798567880951538 42.0089292656267
      vertex -22.763058000471485 -22.70775006495087 42.0089292656267
    endloop
  endfacet
  facet normal -0.6912877557249957 -2.479672366322126e-15 -0.7225795726317613
    outer loop
      vertex -28.003702520618738 -27.94839458509812 47.02262398673578
      vertex -22.76858851312746 -22.515735194625154 42.01422027554002
      vertex -22.763058000471485 -22.70775006495087 42.0089292656267
    endloop
  endfacet
  facet normal -0.6912877557250249 5.5926105646984273e-14 -0.7225795726317331
    outer loop
      vertex -28.003702520618738 -27.94839458509812 47.02262398673578
      vertex -22.771285866209812 -22.422085304542957 42.01680081784889
      vertex -22.76858851312746 -22.515735194625154 42.01422027554002
    endloop
  endfacet
  facet normal -0.18686193993484984 -0.5751019162621187 -0.7964548959705274
    outer loop
      vertex -27.724194023431266 -28.03921240109879 47.02262398673578
      vertex -22.763058000471485 -22.70775006495087 42.0089292656267
      vertex -22.483549503284014 -22.798567880951538 42.0089292656267
    endloop
  endfacet
  facet normal -0.6200921345903664 0 0.7845289953973423
    outer loop
      vertex -28.57270697011179 -28.517399034591172 48.43301270189222
      vertex -21.403818348214454 -21.348510412693837 54.099306075716406
      vertex -28.57270697011179 -28.223506408444933 48.43301270189222
    endloop
  endfacet
  facet normal -0.16420491655774916 -0.505370768413022 0.8471346597866801
    outer loop
      vertex -28.57270697011179 -28.517399034591172 48.43301270189222
      vertex -28.293198472924317 -28.60821685059184 48.43301270189222
      vertex -21.403818348214454 -21.348510412693837 54.099306075716406
    endloop
  endfacet
  facet normal -0.6312242654214739 0.01836113099935803 0.7753829993052112
    outer loop
      vertex -28.57270697011179 -28.223506408444933 48.43301270189222
      vertex -21.407911174905344 -21.05871061323849 54.09607110332641
      vertex -28.329361675975274 -26.89167799070942 48.59957758480055
    endloop
  endfacet
  facet normal -0.2185729815906744 -0.6726984671129299 -0.7068964733696705
    outer loop
      vertex -25.74041476812668 -25.685106832606063 59.56698729810778
      vertex -21.124309851026982 -21.439328228694507 54.099306075716406
      vertex -25.46090627093921 -25.775924648606733 59.56698729810778
    endloop
  endfacet
  facet normal -0.9060374296629709 0 -0.423197561488387
    outer loop
      vertex -30.82052481164132 -30.765216876120704 71.56698729810778
      vertex -31.02277906023506 -30.91216318919382 72
      vertex -30.82052481164132 -30.471324249974465 71.56698729810778
    endloop
  endfacet
  facet normal -0.27998096330565625 -0.8616928014882831 -0.4231975614883802
    outer loop
      vertex -30.82052481164132 -30.765216876120704 71.56698729810778
      vertex -30.46376206586011 -31.09379882119516 72
      vertex -31.02277906023506 -30.91216318919382 72
    endloop
  endfacet
  facet normal -0.2799809633056543 -0.8616928014882829 -0.4231975614883818
    outer loop
      vertex -30.82052481164132 -30.765216876120704 71.56698729810778
      vertex -30.54101631445385 -30.856034692121373 71.56698729810778
      vertex -30.46376206586011 -31.09379882119516 72
    endloop
  endfacet
  facet normal -0.9060374296629709 0 0.423197561488387
    outer loop
      vertex -31.02277906023506 -30.91216318919382 72
      vertex -30.82052481164132 -30.765216876120704 72.43301270189222
      vertex -30.82052481164132 -30.471324249974465 72.43301270189222
    endloop
  endfacet
  facet normal -0.27998096330565625 -0.861692801488283 0.4231975614883802
    outer loop
      vertex -31.02277906023506 -30.91216318919382 72
      vertex -30.46376206586011 -31.09379882119516 72
      vertex -30.82052481164132 -30.765216876120704 72.43301270189222
    endloop
  endfacet
  facet normal -0.2799809633056543 -0.8616928014882829 0.4231975614883818
    outer loop
      vertex -30.82052481164132 -30.765216876120704 72.43301270189222
      vertex -30.46376206586011 -31.09379882119516 72
      vertex -30.54101631445385 -30.856034692121373 72.43301270189222
    endloop
  endfacet
  facet normal -0.9060374296629709 0 -0.42319756148838705
    outer loop
      vertex -31.02277906023506 -30.91216318919382 72
      vertex -31.02277906023506 -30.32437793690135 72
      vertex -30.82052481164132 -30.471324249974465 71.56698729810778
    endloop
  endfacet
  facet normal -0.9060374296629709 0 0.42319756148838705
    outer loop
      vertex -31.02277906023506 -30.91216318919382 72
      vertex -30.82052481164132 -30.471324249974465 72.43301270189222
      vertex -31.02277906023506 -30.32437793690135 72
    endloop
  endfacet
  facet normal -0.9050815521929989 0.007151188961925748 -0.4251778973280981
    outer loop
      vertex -30.82052481164132 -30.471324249974465 71.56698729810778
      vertex -31.02277906023506 -30.32437793690135 72
      vertex -30.776395372630812 -24.8861353576534 71.56698729810778
    endloop
  endfacet
  facet normal -0.9050815521929989 0.007151188961925748 0.4251778973280981
    outer loop
      vertex -30.82052481164132 -30.471324249974465 72.43301270189222
      vertex -30.97864962122455 -24.739189044580286 72
      vertex -31.02277906023506 -30.32437793690135 72
    endloop
  endfacet
  facet normal -0.519744153246718 0 -0.8543219622401453
    outer loop
      vertex -30.82052481164132 -30.765216876120704 71.56698729810778
      vertex -30.82052481164132 -30.471324249974465 71.56698729810778
      vertex -27.21362635585008 -27.158318420329465 69.37265721342109
    endloop
  endfacet
  facet normal -0.6117203284469285 0 0.7910741051031704
    outer loop
      vertex -30.82052481164132 -30.765216876120704 72.43301270189222
      vertex -29.918960896102092 -24.551506163538722 73.13017238765596
      vertex -30.82052481164132 -30.471324249974465 72.43301270189222
    endloop
  endfacet
  facet normal -0.1343554170845056 -0.4135034552912986 -0.9005351266675863
    outer loop
      vertex -30.82052481164132 -30.765216876120704 71.56698729810778
      vertex -26.93411785866261 -27.249136236330134 69.37265721342109
      vertex -30.54101631445385 -30.856034692121373 71.56698729810778
    endloop
  endfacet
  facet normal -0.5197441532467184 0 -0.854321962240145
    outer loop
      vertex -30.82052481164132 -30.471324249974465 71.56698729810778
      vertex -27.21362635585008 -26.864425794183227 69.37265721342109
      vertex -27.21362635585008 -27.158318420329465 69.37265721342109
    endloop
  endfacet
  facet normal -0.13435541708450557 -0.4135034552912989 -0.9005351266675861
    outer loop
      vertex -30.82052481164132 -30.765216876120704 71.56698729810778
      vertex -27.21362635585008 -27.158318420329465 69.37265721342109
      vertex -26.93411785866261 -27.249136236330134 69.37265721342109
    endloop
  endfacet
  facet normal -0.9050815521929989 0.007151188961925748 0.425177897328098
    outer loop
      vertex -30.82052481164132 -30.471324249974465 72.43301270189222
      vertex -30.776395372630812 -24.8861353576534 72.43301270189222
      vertex -30.97864962122455 -24.739189044580286 72
    endloop
  endfacet
  facet normal -0.9050815521929989 0.007151188961925748 -0.4251778973280981
    outer loop
      vertex -31.02277906023506 -30.32437793690135 72
      vertex -30.97864962122455 -24.739189044580286 72
      vertex -30.776395372630812 -24.8861353576534 71.56698729810778
    endloop
  endfacet
  facet normal -0.5227510766459778 0.0041303368962583445 -0.8524753674931578
    outer loop
      vertex -30.82052481164132 -30.471324249974465 71.56698729810778
      vertex -30.776395372630812 -24.8861353576534 71.56698729810778
      vertex -27.21362635585008 -26.864425794183227 69.37265721342109
    endloop
  endfacet
  facet normal -0.6330587953569544 0.005001895197883011 0.7740875549094115
    outer loop
      vertex -30.82052481164132 -30.471324249974465 72.43301270189222
      vertex -29.918960896102092 -24.257613537392483 73.13017238765596
      vertex -30.776395372630812 -24.8861353576534 72.43301270189222
    endloop
  endfacet
  facet normal -0.6117203284469276 0 0.7910741051031712
    outer loop
      vertex -30.82052481164132 -30.471324249974465 72.43301270189222
      vertex -29.918960896102092 -24.551506163538722 73.13017238765596
      vertex -29.918960896102092 -24.257613537392483 73.13017238765596
    endloop
  endfacet
  facet normal -0.2799809633056554 -0.8616928014882804 -0.42319756148838594
    outer loop
      vertex -25.74041476812668 -25.685106832606063 59.56698729810778
      vertex -25.38365202234547 -26.01368877768052 60
      vertex -25.94266901672042 -25.83205314567918 60
    endloop
  endfacet
  facet normal -0.2799809633056554 -0.8616928014882804 0.42319756148838594
    outer loop
      vertex -25.94266901672042 -25.83205314567918 60
      vertex -25.38365202234547 -26.01368877768052 60
      vertex -25.74041476812668 -25.685106832606063 60.43301270189222
    endloop
  endfacet
  facet normal -0.2799809633056535 -0.8616928014882803 -0.4231975614883875
    outer loop
      vertex -25.74041476812668 -25.685106832606063 59.56698729810778
      vertex -25.46090627093921 -25.775924648606733 59.56698729810778
      vertex -25.38365202234547 -26.01368877768052 60
    endloop
  endfacet
  facet normal -0.2799809633056535 -0.8616928014882803 0.4231975614883875
    outer loop
      vertex -25.74041476812668 -25.685106832606063 60.43301270189222
      vertex -25.38365202234547 -26.01368877768052 60
      vertex -25.46090627093921 -25.775924648606733 60.43301270189222
    endloop
  endfacet
  facet normal -0.21803411188143682 -0.6710399966801269 0.7086370360851938
    outer loop
      vertex -25.74041476812668 -25.685106832606063 60.43301270189222
      vertex -25.46090627093921 -25.775924648606733 60.43301270189222
      vertex -21.42296759291122 -21.367659657390604 65.84979210107797
    endloop
  endfacet
  facet normal -0.12281007835382086 -0.37797055634875826 0.9176360624932623
    outer loop
      vertex -30.82052481164132 -30.765216876120704 72.43301270189222
      vertex -30.54101631445385 -30.856034692121373 72.43301270189222
      vertex -20.567321645458364 -20.512013709937747 78.02848328022218
    endloop
  endfacet
  facet normal -0.4520113321475259 -0.03442300760295603 0.8913477504082151
    outer loop
      vertex -30.82052481164132 -30.765216876120704 72.43301270189222
      vertex -20.567321645458364 -20.512013709937747 78.02848328022218
      vertex -29.918960896102092 -24.551506163538722 73.13017238765596
    endloop
  endfacet
  facet normal -0.13435541708450502 -0.4135034552912969 -0.9005351266675871
    outer loop
      vertex -27.21362635585008 -27.158318420329465 69.37265721342109
      vertex -21.42296759291122 -21.367659657390604 65.84979210107797
      vertex -26.93411785866261 -27.249136236330134 69.37265721342109
    endloop
  endfacet
  facet normal -0.519744153246716 0 -0.8543219622401466
    outer loop
      vertex -27.21362635585008 -27.158318420329465 69.37265721342109
      vertex -27.21362635585008 -26.864425794183227 69.37265721342109
      vertex -21.42296759291122 -21.367659657390604 65.84979210107797
    endloop
  endfacet
  facet normal -0.12281007835382016 -0.3779705563487586 0.9176360624932622
    outer loop
      vertex -30.54101631445385 -30.856034692121373 72.43301270189222
      vertex -20.287813148270892 -20.602831525938416 78.02848328022218
      vertex -20.567321645458364 -20.512013709937747 78.02848328022218
    endloop
  endfacet
  facet normal -0.6938541842612905 0.004939978255926363 -0.7200985818607963
    outer loop
      vertex -28.003702520618738 -27.654501958951883 47.02262398673578
      vertex -22.90112304055606 -17.21692843783282 42.17761411668056
      vertex -22.771285866209812 -22.422085304542957 42.01680081784889
    endloop
  endfacet
  facet normal -0.6200921345903665 0 0.784528995397342
    outer loop
      vertex -28.57270697011179 -28.223506408444933 48.43301270189222
      vertex -21.403818348214454 -21.348510412693837 54.099306075716406
      vertex -21.407911174905344 -21.05871061323849 54.09607110332641
    endloop
  endfacet
  facet normal -0.6312242654215358 0.01836113099948126 0.7753829993051579
    outer loop
      vertex -28.329361675975274 -26.89167799070942 48.59957758480055
      vertex -21.407911174905344 -21.05871061323849 54.09607110332641
      vertex -21.408061645498034 -20.995688529830595 54.094456240194546
    endloop
  endfacet
  facet normal -0.5801251379631877 0.0041302706422464775 0.8145168906582688
    outer loop
      vertex -28.564497302163492 -27.07040164518285 48.43301270189222
      vertex -28.329361675975274 -26.89167799070942 48.59957758480055
      vertex -23.696103167204136 -1.5338613516311903 51.77094838831636
    endloop
  endfacet
  facet normal -0.6312242654214725 0.018361130999356448 0.7753829993052124
    outer loop
      vertex -28.329361675975274 -26.89167799070942 48.59957758480055
      vertex -21.408061645498034 -20.995688529830595 54.094456240194546
      vertex -23.696103167204136 -1.5338613516311903 51.77094838831636
    endloop
  endfacet
  facet normal -0.5227510766459776 0.0041303368962586065 -0.8524753674931579
    outer loop
      vertex -30.776395372630812 -24.8861353576534 71.56698729810778
      vertex -24.947192509619672 0.748937919774879 68.11663471809092
      vertex -27.21362635585008 -26.864425794183227 69.37265721342109
    endloop
  endfacet
  facet normal -0.6330587953569535 0.005001895197881234 0.7740875549094122
    outer loop
      vertex -30.776395372630812 -24.8861353576534 72.43301270189222
      vertex -29.918960896102092 -24.257613537392483 73.13017238765596
      vertex -26.383189953434478 0.11143829023023971 75.86430683651356
    endloop
  endfacet
  facet normal -0.6117203284469354 0 0.7910741051031651
    outer loop
      vertex -29.918960896102092 -24.551506163538722 73.13017238765596
      vertex -26.383189953434478 -0.18245433591599686 75.86430683651356
      vertex -29.918960896102092 -24.257613537392483 73.13017238765596
    endloop
  endfacet
  facet normal -0.45201133214751366 -0.03442300760298929 0.8913477504082201
    outer loop
      vertex -29.918960896102092 -24.551506163538722 73.13017238765596
      vertex -20.567321645458364 -20.512013709937747 78.02848328022218
      vertex -20.577036420715242 -20.227835859048387 78.03453150081164
    endloop
  endfacet
  facet normal -0.4520113321475076 -0.03442300760299899 0.8913477504082228
    outer loop
      vertex -29.918960896102092 -24.551506163538722 73.13017238765596
      vertex -20.577036420715242 -20.227835859048387 78.03453150081164
      vertex -20.576212610096047 -20.126079274689268 78.03887900649693
    endloop
  endfacet
  facet normal -0.45201133214752826 -0.03442300760295267 0.891347750408214
    outer loop
      vertex -29.918960896102092 -24.551506163538722 73.13017238765596
      vertex -20.576212610096047 -20.126079274689268 78.03887900649693
      vertex -20.554696379650586 -17.46840763585401 78.1524268681142
    endloop
  endfacet
  facet normal -0.9007170945335328 -0.03595859872915896 0.43291534367876855
    outer loop
      vertex -25.94266901672042 -25.83205314567918 60
      vertex -25.74041476812668 -25.685106832606063 60.43301270189222
      vertex -25.476498839736603 0.7634517901657835 63.178969185207826
    endloop
  endfacet
  facet normal -0.0026997716968564247 -0.6898743128644864 -0.7239241284019601
    outer loop
      vertex -27.724194023431266 -28.03921240109879 47.02262398673578
      vertex -17.64280006804277 -22.688937676423613 41.886402640453234
      vertex -23.634859832761087 -28.047303182861107 47.01508362997188
    endloop
  endfacet
  facet normal 0.033920538660166616 -0.6940789153898442 0.7190993368570588
    outer loop
      vertex -28.557300961555104 -28.872319339222628 36.43301270189222
      vertex -17.64280006804277 -22.688937676423613 41.886402640453234
      vertex -22.483549503284014 -22.798567880951538 42.0089292656267
    endloop
  endfacet
  facet normal -0.002699771696856445 -0.6898743128644863 -0.7239241284019602
    outer loop
      vertex -27.724194023431266 -28.03921240109879 47.02262398673578
      vertex -22.483549503284014 -22.798567880951538 42.0089292656267
      vertex -17.64280006804277 -22.688937676423613 41.886402640453234
    endloop
  endfacet
  facet normal -0.16420491655775044 -0.5053707684130221 0.8471346597866798
    outer loop
      vertex -28.293198472924317 -28.60821685059184 48.43301270189222
      vertex -21.124309851026982 -21.439328228694507 54.099306075716406
      vertex -21.403818348214454 -21.348510412693837 54.099306075716406
    endloop
  endfacet
  facet normal 0.007009427561993705 -0.5248380087174577 -0.8511732682190783
    outer loop
      vertex -30.54101631445385 -30.856034692121373 71.56698729810778
      vertex -26.93411785866261 -27.249136236330134 69.37265721342109
      vertex -12.59536247094618 -27.18071626284513 69.44854900536392
    endloop
  endfacet
  facet normal -0.2185729815906731 -0.67269846711293 -0.7068964733696705
    outer loop
      vertex -25.74041476812668 -25.685106832606063 59.56698729810778
      vertex -21.403818348214454 -21.348510412693837 54.099306075716406
      vertex -21.124309851026982 -21.439328228694507 54.099306075716406
    endloop
  endfacet
  facet normal -0.04860224969015855 -0.7634350944327225 -0.6440533191542107
    outer loop
      vertex -25.46090627093921 -25.775924648606733 59.56698729810778
      vertex -21.124309851026982 -21.439328228694507 54.099306075716406
      vertex -16.54935536811884 -21.57415380934934 53.913882762694634
    endloop
  endfacet
  facet normal -0.21803411188143607 -0.6710399966801274 0.7086370360851935
    outer loop
      vertex -25.46090627093921 -25.775924648606733 60.43301270189222
      vertex -21.14345909572375 -21.458477473391273 65.84979210107797
      vertex -21.42296759291122 -21.367659657390604 65.84979210107797
    endloop
  endfacet
  facet normal -0.13435541708450555 -0.413503455291297 -0.900535126667587
    outer loop
      vertex -26.93411785866261 -27.249136236330134 69.37265721342109
      vertex -21.42296759291122 -21.367659657390604 65.84979210107797
      vertex -21.14345909572375 -21.458477473391273 65.84979210107797
    endloop
  endfacet
  facet normal -0.5197441532467586 6.080233093053293e-14 -0.8543219622401205
    outer loop
      vertex -27.21362635585008 -26.864425794183227 69.37265721342109
      vertex -21.43862915906204 -21.089428597395184 65.85932013359658
      vertex -21.42296759291122 -21.367659657390604 65.84979210107797
    endloop
  endfacet
  facet normal 0.007009427561995967 -0.5248380087174573 -0.8511732682190785
    outer loop
      vertex -26.93411785866261 -27.249136236330134 69.37265721342109
      vertex -21.14345909572375 -21.458477473391273 65.84979210107797
      vertex -16.550181349469494 -21.492100344242495 65.90834987078296
    endloop
  endfacet
  facet normal -0.9047787046919457 -0.009340993283422378 -0.42577956900307495
    outer loop
      vertex -27.90860029976273 -26.489521824319592 11.566987298107781
      vertex -28.110854548356468 -26.636468137392708 12
      vertex -28.674680046052544 27.97627892271883 12
    endloop
  endfacet
  facet normal -0.9047787046919457 -0.00934099328342238 0.4257795690030749
    outer loop
      vertex -28.110854548356468 -26.636468137392708 12
      vertex -27.90860029976273 -26.489521824319592 12.433012701892219
      vertex -28.674680046052544 27.97627892271883 12
    endloop
  endfacet
  facet normal -0.7810078357199889 -0.008063174906668729 -0.6244691711801338
    outer loop
      vertex -23.392948803989004 -22.694547680655294 5.870375029572776
      vertex -25.54374697485983 -0.03782104443168019 8.267779327358406
      vertex -23.382509329567814 -20.819448883574218 5.833107279672624
    endloop
  endfacet
  facet normal -0.7478538049677892 2.1621020664460296e-15 -0.6638634546314475
    outer loop
      vertex -23.382509329567814 -20.819448883574218 5.833107279672624
      vertex -25.54374697485983 -0.03782104443168019 8.267779327358406
      vertex -23.38009972986264 -20.54872603906829 5.830392823416007
    endloop
  endfacet
  facet normal -0.9060374296629691 0 -0.42319756148839094
    outer loop
      vertex -25.404508497187475 -25.293892626146235 0
      vertex -25.202254248593736 25.14694631307312 -0.4330127018922193
      vertex -25.202254248593736 -25.14694631307312 -0.4330127018922193
    endloop
  endfacet
  facet normal -0.9060374296629691 0 -0.4231975614883909
    outer loop
      vertex -25.404508497187475 -25.293892626146235 0
      vertex -25.404508497187475 -24.706107373853765 0
      vertex -25.202254248593736 25.14694631307312 -0.4330127018922193
    endloop
  endfacet
  facet normal 0 0 -1
    outer loop
      vertex -25.202254248593736 -25.14694631307312 -0.4330127018922193
      vertex -25.202254248593736 25.14694631307312 -0.4330127018922193
      vertex -24.922745751406264 -25.23776412907379 -0.4330127018922193
    endloop
  endfacet
  facet normal -0.9471550265441873 0.011644467916813788 0.32056475486087727
    outer loop
      vertex -25.404508497187475 -24.706107373853765 0
      vertex -23.38009972986264 -20.54872603906829 5.830392823416007
      vertex -22.884070451287467 19.798040156850224 5.83039282341601
    endloop
  endfacet
  facet normal -0.7251891685730768 -0.007486899412779284 0.6885089804218044
    outer loop
      vertex -27.90860029976273 -26.489521824319592 12.433012701892219
      vertex -27.74120289568575 -26.35142288245981 12.610829870080188
      vertex -23.150193610510932 18.162099643440115 17.93046777784321
    endloop
  endfacet
  facet normal -0.6998533731649129 -0.013166040850261867 0.7141651849803535
    outer loop
      vertex -27.74120289568575 -26.35142288245981 12.610829870080188
      vertex -22.458047112059706 -18.62960312996745 17.93046777784321
      vertex -23.105639539067884 15.793785771238301 17.93046777784321
    endloop
  endfacet
  facet normal -0.9040745559231257 0.014305143924600482 0.4271352949472798
    outer loop
      vertex -28.84141842730483 -25.464699420115846 36.32201741092477
      vertex -28.63916417871109 -25.61164573318896 36.75503011281699
      vertex -25.563506233970646 22.232643622848677 41.66261951165848
    endloop
  endfacet
  facet normal -0.9911150550360679 0.05452900029612709 0.12131585142740942
    outer loop
      vertex -28.892253725038508 -25.672255261389967 36
      vertex -28.84141842730483 -25.464699420115846 36.32201741092477
      vertex -26.05255283574221 25.941936964700968 36
    endloop
  endfacet
  facet normal -0.8983936419587334 0.049427669289741245 -0.43640092758460886
    outer loop
      vertex -28.68999947644477 -25.819201574463083 35.56698729810778
      vertex -28.892253725038508 -25.672255261389967 36
      vertex -25.85029858714847 25.794990651627852 35.56698729810778
    endloop
  endfacet
  facet normal -0.7051824569817896 0.038797609026516355 -0.7079635922128708
    outer loop
      vertex -27.176003418492854 -26.826802856826 34.00372049627168
      vertex -24.061963465782398 0.5058482338784016 32.399789380594974
      vertex -22.64358589992793 -19.551663267452806 29.887797965143942
    endloop
  endfacet
  facet normal -0.8522711815276849 0 0.5231002132836539
    outer loop
      vertex -28.63916417871109 -25.9055383593352 36.75503011281699
      vertex -25.361251985376907 21.791804683629323 42.095632213550694
      vertex -28.63916417871109 -25.61164573318896 36.75503011281699
    endloop
  endfacet
  facet normal -0.7478538049677974 0 -0.6638634546314384
    outer loop
      vertex -23.38009972986264 -20.54872603906829 5.830392823416007
      vertex -25.54374697485983 -0.03782104443168019 8.267779327358406
      vertex -25.54374697485983 0.25607158171455635 8.267779327358406
    endloop
  endfacet
  facet normal -0.7096900016027261 0.008725036792233073 -0.704460059448438
    outer loop
      vertex -23.38009972986264 -20.54872603906829 5.830392823416007
      vertex -25.54374697485983 0.25607158171455635 8.267779327358406
      vertex -22.884070451287467 19.798040156850224 5.83039282341601
    endloop
  endfacet
  facet normal -0.5782285396414609 -0.01087796510757521 -0.815802320307574
    outer loop
      vertex -22.458047112059706 -18.62960312996745 17.93046777784321
      vertex -25.70839638354202 -0.4776960558608581 19.992228156450224
      vertex -23.105639539067884 15.793785771238301 17.93046777784321
    endloop
  endfacet
  facet normal -0.8935804128254164 -0.07453299641053865 -0.4426724277169574
    outer loop
      vertex -26.75116055297258 -26.64054468193134 24
      vertex -31.54623073755114 30.847829614217428 24
      vertex -26.54890630437884 -26.493598368858223 23.56698729810778
    endloop
  endfacet
  facet normal -0.7633426878086808 -0.06366994731963876 -0.6428484104182988
    outer loop
      vertex -26.54890630437884 -26.493598368858223 23.56698729810778
      vertex -31.343976488957402 30.994775927290544 23.56698729810778
      vertex -26.308709766535582 -26.24290509148484 23.256939244269287
    endloop
  endfacet
  facet normal -0.8935804128254164 -0.07453299641053865 0.4426724277169574
    outer loop
      vertex -26.75116055297258 -26.64054468193134 24
      vertex -26.54890630437884 -26.493598368858223 24.43301270189222
      vertex -31.54623073755114 30.847829614217428 24
    endloop
  endfacet
  facet normal -0.4912791714275878 -0.04097729560209011 0.8700377215768071
    outer loop
      vertex -26.54890630437884 -26.493598368858223 24.43301270189222
      vertex -26.532745360042593 -26.18354479837574 24.456741204279137
      vertex -31.343976488957402 30.994775927290544 24.43301270189222
    endloop
  endfacet
  facet normal -0.763342687808681 -0.06366994731963894 -0.6428484104182984
    outer loop
      vertex -22.27365396666309 -22.03151481942933 18.048449525335126
      vertex -25.70839638354202 -0.4776960558608581 19.992228156450224
      vertex -22.458047112059706 -18.62960312996745 17.93046777784321
    endloop
  endfacet
  facet normal -0.842193282576134 0.05461354633146985 0.5364026802139755
    outer loop
      vertex -26.532745360042593 -26.18354479837574 24.456741204279137
      vertex -22.64358589992793 -19.551663267452806 29.887797965143942
      vertex -20.37966946551895 15.360100231675393 29.887797965143942
    endloop
  endfacet
  facet normal -0.6779310891634712 0.04396166736728404 -0.7338097915317823
    outer loop
      vertex -22.64358589992793 -19.551663267452806 29.887797965143942
      vertex -24.061963465782398 0.5058482338784016 32.399789380594974
      vertex -20.37966946551895 15.360100231675393 29.887797965143942
    endloop
  endfacet
  facet normal -0.6938541842612935 0.004939978255926801 -0.7200985818607933
    outer loop
      vertex -28.564497302163492 -27.07040164518285 47.56698729810778
      vertex -28.067989888450537 26.85029750687696 47.45847900891767
      vertex -28.003702520618738 -27.654501958951883 47.02262398673578
    endloop
  endfacet
  facet normal -0.905178267957557 0.006444525467852421 -0.42498326003367637
    outer loop
      vertex -28.76675155075723 -26.923455332109736 48
      vertex -28.389219105087285 26.10359328054503 48
      vertex -28.564497302163492 -27.07040164518285 47.56698729810778
    endloop
  endfacet
  facet normal -0.905178267957557 0.00644452546785242 0.4249832600336763
    outer loop
      vertex -28.76675155075723 -26.923455332109736 48
      vertex -28.564497302163492 -27.07040164518285 48.43301270189222
      vertex -28.186964856493546 25.956646967471915 48.43301270189222
    endloop
  endfacet
  facet normal -0.6539334327326461 -0.03965322926278029 0.7555122017304096
    outer loop
      vertex -28.63916417871109 -25.9055383593352 36.75503011281699
      vertex -22.76858851312746 -22.515735194625154 42.01422027554002
      vertex -25.26327902790139 21.738102518614372 42.17761411668055
    endloop
  endfacet
  facet normal -0.7545191270097371 -0.0648360384717619 0.6530675118942547
    outer loop
      vertex -25.74041476812668 -25.685106832606063 60.43301270189222
      vertex -21.42296759291122 -21.367659657390604 65.84979210107797
      vertex -25.274244591142864 0.9103981032389017 63.61198188710004
    endloop
  endfacet
  facet normal -0.5227510766459733 0.00413033689625813 -0.8524753674931606
    outer loop
      vertex -27.21362635585008 -26.864425794183227 69.37265721342109
      vertex -24.947192509619672 0.748937919774879 68.11663471809092
      vertex -21.43862915906204 -21.089428597395184 65.85932013359658
    endloop
  endfacet
  facet normal -0.4520113321475252 -0.03442300760295784 0.8913477504082155
    outer loop
      vertex -29.918960896102092 -24.551506163538722 73.13017238765596
      vertex -20.554696379650586 -17.46840763585401 78.1524268681142
      vertex -26.383189953434478 -0.18245433591599686 75.86430683651356
    endloop
  endfacet
  facet normal -0.9030959514332358 -0.02093534842628631 -0.42892821507936324
    outer loop
      vertex -25.74041476812668 -25.685106832606063 59.56698729810778
      vertex -25.94266901672042 -25.83205314567918 60
      vertex -26.912481834846492 24.874788384320798 59.56698729810778
    endloop
  endfacet
  facet normal -0.900717094533533 -0.035958598729158936 0.43291534367876827
    outer loop
      vertex -25.74041476812668 -25.685106832606063 60.43301270189222
      vertex -25.274244591142864 0.9103981032389017 63.61198188710004
      vertex -25.476498839736603 0.7634517901657835 63.178969185207826
    endloop
  endfacet
  facet normal -0.6117203284469365 0 0.7910741051031642
    outer loop
      vertex -29.918960896102092 -24.257613537392483 73.13017238765596
      vertex -26.383189953434478 -0.18245433591599686 75.86430683651356
      vertex -26.383189953434478 0.11143829023023971 75.86430683651356
    endloop
  endfacet
  facet normal -0.6938541842612909 0.004939978255926824 -0.7200985818607959
    outer loop
      vertex -28.003702520618738 -27.654501958951883 47.02262398673578
      vertex -28.067989888450537 26.85029750687696 47.45847900891767
      vertex -22.90112304055606 -17.21692843783282 42.17761411668056
    endloop
  endfacet
  facet normal -0.7763609610963407 -0.01799740902317624 -0.6300315479037685
    outer loop
      vertex -25.74041476812668 -25.685106832606063 59.56698729810778
      vertex -26.707468555228825 24.6524381673857 59.32070982276997
      vertex -21.403818348214454 -21.348510412693837 54.099306075716406
    endloop
  endfacet
  facet normal -0.58012513796319 0.004130270642247101 0.8145168906582674
    outer loop
      vertex -28.564497302163492 -27.07040164518285 48.43301270189222
      vertex -23.696103167204136 -1.5338613516311903 51.77094838831636
      vertex -28.186964856493546 25.956646967471915 48.43301270189222
    endloop
  endfacet
  facet normal -0.905081552192999 0.007151188961925409 -0.425177897328098
    outer loop
      vertex -30.776395372630812 -24.8861353576534 71.56698729810778
      vertex -30.97864962122455 -24.739189044580286 72
      vertex -30.37407009233203 26.033675476329112 71.56698729810778
    endloop
  endfacet
  facet normal -0.905081552192999 0.007151188961925409 0.425177897328098
    outer loop
      vertex -30.97864962122455 -24.739189044580286 72
      vertex -30.776395372630812 -24.8861353576534 72.43301270189222
      vertex -30.57632434092577 26.180621789402228 72
    endloop
  endfacet
  facet normal -0.5227510766458663 0.0041303368962238435 -0.8524753674932264
    outer loop
      vertex -30.776395372630812 -24.8861353576534 71.56698729810778
      vertex -24.97592050432257 0.9047711842274282 68.1350061979481
      vertex -24.947192509619672 0.748937919774879 68.11663471809092
    endloop
  endfacet
  facet normal -0.9463767945506221 -0.021938674295932735 0.32231918544546306
    outer loop
      vertex -25.94266901672042 -25.83205314567918 60
      vertex -25.476498839736603 0.7634517901657835 63.178969185207826
      vertex -27.11473608344023 24.727842071247682 60
    endloop
  endfacet
  facet normal -0.631224265421487 0.018361130999353305 0.7753829993052005
    outer loop
      vertex -21.408061645498034 -20.995688529830595 54.094456240194546
      vertex -21.409047962574157 -20.582586169281157 54.08387100188342
      vertex -23.696103167204136 -1.5338613516311903 51.77094838831636
    endloop
  endfacet
  facet normal -0.6312242654214908 0.018361130999352472 0.7753829993051974
    outer loop
      vertex -21.409047962574157 -20.582586169281157 54.08387100188342
      vertex -21.416492314759235 -17.464644145490265 54.003977584382284
      vertex -23.696103167204136 -1.5338613516311903 51.77094838831636
    endloop
  endfacet
  facet normal -0.6312242654214243 0.018361130999369524 0.7753829993052512
    outer loop
      vertex -21.416492314759235 -17.464644145490265 54.003977584382284
      vertex -21.413025521323814 -17.19834779228977 54.00049391490727
      vertex -23.696103167204136 -1.5338613516311903 51.77094838831636
    endloop
  endfacet
  facet normal -0.7545191270097256 -0.06483603847175853 0.6530675118942684
    outer loop
      vertex -21.42296759291122 -21.367659657390604 65.84979210107797
      vertex -21.43862915906204 -21.089428597395184 65.85932013359658
      vertex -25.274244591142864 0.9103981032389017 63.61198188710004
    endloop
  endfacet
  facet normal -0.7545191270097377 -0.0648360384717621 0.6530675118942542
    outer loop
      vertex -21.43862915906204 -21.089428597395184 65.85932013359658
      vertex -21.649093937029203 -17.147845153564337 66.0074777949464
      vertex -25.274244591142864 0.9103981032389017 63.61198188710004
    endloop
  endfacet
  facet normal -0.5227510766460012 0.004130336896251885 -0.8524753674931436
    outer loop
      vertex -21.43862915906204 -21.089428597395184 65.85932013359658
      vertex -24.947192509619672 0.748937919774879 68.11663471809092
      vertex -21.649093937029203 -17.147845153564337 66.0074777949464
    endloop
  endfacet
  facet normal -0.7545191270096 -0.06483603847171276 0.6530675118944178
    outer loop
      vertex -21.649578578032507 -17.138768798968094 66.00781896023942
      vertex -25.274244591142864 0.9103981032389017 63.61198188710004
      vertex -21.649093937029203 -17.147845153564337 66.0074777949464
    endloop
  endfacet
  facet normal -0.5227510766404703 0.00413033689767007 -0.8524753674965283
    outer loop
      vertex -21.649578578032507 -17.138768798968094 66.00781896023942
      vertex -21.649093937029203 -17.147845153564337 66.0074777949464
      vertex -24.947192509619672 0.748937919774879 68.11663471809092
    endloop
  endfacet
  facet normal -0.45201133214752853 -0.034423007602959195 0.8913477504082138
    outer loop
      vertex -26.383189953434478 -0.18245433591599686 75.86430683651356
      vertex -20.554696379650586 -17.46840763585401 78.1524268681142
      vertex -20.532028733847724 -14.668513875552165 78.27205110784053
    endloop
  endfacet
  facet normal -0.6539334327332147 -0.03965322926281052 0.7555122017299158
    outer loop
      vertex -22.76858851312746 -22.515735194625154 42.01422027554002
      vertex -22.771285866209812 -22.422085304542957 42.01680081784889
      vertex -25.26327902790139 21.738102518614372 42.17761411668055
    endloop
  endfacet
  facet normal -0.6539334327326576 -0.039653229262780844 0.7555122017303996
    outer loop
      vertex -22.771285866209812 -22.422085304542957 42.01680081784889
      vertex -22.90112304055606 -17.21692843783282 42.17761411668056
      vertex -25.26327902790139 21.738102518614372 42.17761411668055
    endloop
  endfacet
  facet normal -0.7763609610963872 -0.017997409023188127 -0.6300315479037111
    outer loop
      vertex -21.403818348214454 -21.348510412693837 54.099306075716406
      vertex -26.707468555228825 24.6524381673857 59.32070982276997
      vertex -21.407911174905344 -21.05871061323849 54.09607110332641
    endloop
  endfacet
  facet normal -0.7763609610959588 -0.017997409023077754 -0.6300315479042421
    outer loop
      vertex -21.407911174905344 -21.05871061323849 54.09607110332641
      vertex -26.707468555228825 24.6524381673857 59.32070982276997
      vertex -21.408061645498034 -20.995688529830595 54.094456240194546
    endloop
  endfacet
  facet normal -0.7763609610963701 -0.01799740902318386 -0.6300315479037322
    outer loop
      vertex -21.408061645498034 -20.995688529830595 54.094456240194546
      vertex -26.707468555228825 24.6524381673857 59.32070982276997
      vertex -21.409047962574157 -20.582586169281157 54.08387100188342
    endloop
  endfacet
  facet normal -0.7763609610963385 -0.017997409023175648 -0.6300315479037715
    outer loop
      vertex -21.409047962574157 -20.582586169281157 54.08387100188342
      vertex -26.707468555228825 24.6524381673857 59.32070982276997
      vertex -21.416492314759235 -17.464644145490265 54.003977584382284
    endloop
  endfacet
  facet normal -0.708821579171498 -1.1668533711831667e-14 -0.7053878145395085
    outer loop
      vertex -21.416492314759235 -17.464644145490265 54.003977584382284
      vertex -26.707468555228825 24.6524381673857 59.32070982276997
      vertex -21.413025521323814 -17.19834779228977 54.00049391490727
    endloop
  endfacet
  facet normal -0.631224265421474 0.018361130999356594 0.7753829993052113
    outer loop
      vertex -21.413025521323814 -17.19834779228977 54.00049391490727
      vertex -20.43881746276431 16.293258261468704 54.00049391490727
      vertex -23.696103167204136 -1.5338613516311903 51.77094838831636
    endloop
  endfacet
  facet normal 0 -0.876551507956312 -0.48130806548354826
    outer loop
      vertex -24.922745751406264 -25.23776412907379 -0.4330127018922193
      vertex 25.154508497187475 -25.475528258147577 0
      vertex -24.845491502812525 -25.475528258147577 0
    endloop
  endfacet
  facet normal 0.02185047747141703 -0.8746924253110677 0.48418562322492936
    outer loop
      vertex -27.61515602208419 -27.930174399751714 12.433012701892219
      vertex -27.53790177349045 -28.167938528825502 12
      vertex 26.497084008433948 -26.81810376939405 12
    endloop
  endfacet
  facet normal -0.02653858800496175 -0.6632727160893835 -0.747907084762616
    outer loop
      vertex -26.269397807191368 -26.584416184858892 23.56698729810778
      vertex -23.797181686212713 -26.333722907485505 23.256939244269283
      vertex 4.729183703612407 -27.66537165163948 23.425672531630116
    endloop
  endfacet
  facet normal 0.042641435639619224 -0.8725251003802161 0.48670489742048606
    outer loop
      vertex -28.480046712961364 -29.110083468296416 36
      vertex 26.043402136129938 -26.20391201660999 36.43301270189222
      vertex -28.557300961555104 -28.872319339222628 36.43301270189222
    endloop
  endfacet
  facet normal -0.035155876474086724 -0.8786425890899249 -0.4761840662881236
    outer loop
      vertex -26.19214355859763 -26.82218031393268 24
      vertex -26.269397807191368 -26.584416184858892 23.56698729810778
      vertex 28.620122631975637 -28.780632512455686 23.56698729810778
    endloop
  endfacet
  facet normal -0.035155876474086724 -0.8786425890899249 0.4761840662881236
    outer loop
      vertex -26.19214355859763 -26.82218031393268 24
      vertex 28.620122631975637 -28.780632512455686 24.43301270189222
      vertex -26.269397807191368 -26.584416184858892 24.43301270189222
    endloop
  endfacet
  facet normal 0.0034339731653091274 -0.7908166485155069 -0.612043492130258
    outer loop
      vertex -23.797181686212713 -26.333722907485505 23.256939244269283
      vertex -18.221464949438435 -22.24888064762735 18.01022974519881
      vertex 18.03826815812196 -22.091429548556068 18.01022974519881
    endloop
  endfacet
  facet normal 0.02168536294141378 -0.8747080818292081 -0.4841647618494827
    outer loop
      vertex -20.116451704643804 -27.49880568351549 11.12352343096079
      vertex -20.193705953237544 -27.2610415544417 10.69051072906857
      vertex 20.336200272378292 -23.606783798705166 5.903910695036496
    endloop
  endfacet
  facet normal 0 -0.9460023081101224 0.32415988809586055
    outer loop
      vertex -24.845491502812525 -25.475528258147577 0
      vertex 25.154508497187475 -25.475528258147577 0
      vertex -22.82156217707649 -23.451598932411542 5.906473576495851
    endloop
  endfacet
  facet normal -1.6073747781361239e-15 -0.9460023081101264 0.3241598880958489
    outer loop
      vertex -22.82156217707649 -23.451598932411542 5.906473576495851
      vertex 25.154508497187475 -25.475528258147577 0
      vertex -22.02169617342369 -23.452477136787945 5.903910695036496
    endloop
  endfacet
  facet normal -0.002852576018002621 -0.7830453855527816 -0.6219580266983917
    outer loop
      vertex -20.193705953237544 -27.2610415544417 10.69051072906857
      vertex -22.02169617342369 -23.452477136787945 5.903910695036496
      vertex 20.336200272378292 -23.606783798705166 5.903910695036496
    endloop
  endfacet
  facet normal 0.02186560927706122 -0.87529816382619 -0.48308903892910193
    outer loop
      vertex -27.53790177349045 -28.167938528825502 12
      vertex -20.116451704643804 -27.49880568351549 11.12352343096079
      vertex 26.497084008433948 -26.81810376939405 12
    endloop
  endfacet
  facet normal 0.017869196564498056 -0.7153185051359601 0.6985700594959642
    outer loop
      vertex -27.61515602208419 -27.930174399751714 12.433012701892219
      vertex 26.41982975984021 -26.58033964032026 12.433012701892219
      vertex -21.98453937173089 -22.299557749398414 18.054595872023143
    endloop
  endfacet
  facet normal 0.01786919656449847 -0.7153185051359581 0.6985700594959662
    outer loop
      vertex -21.98453937173089 -22.299557749398414 18.054595872023143
      vertex 26.41982975984021 -26.58033964032026 12.433012701892219
      vertex -18.221464949438435 -22.24888064762735 18.01022974519881
    endloop
  endfacet
  facet normal 0.046685691265963905 -0.9552782838368497 -0.29199973743266033
    outer loop
      vertex -28.480046712961364 -29.110083468296416 36
      vertex -11.45607726818664 -27.687352214110923 34.06736644970596
      vertex 26.120656384723677 -26.44167614568378 36
    endloop
  endfacet
  facet normal -0.03263311530440389 -0.8155918098718471 0.5777067417431566
    outer loop
      vertex -26.269397807191368 -26.584416184858892 24.43301270189222
      vertex 28.620122631975637 -28.780632512455686 24.43301270189222
      vertex -22.542350434885442 -22.857368812552966 29.905295176843943
    endloop
  endfacet
  facet normal 0.03392053866016648 -0.6940789153898441 0.7190993368570588
    outer loop
      vertex -28.557300961555104 -28.872319339222628 36.43301270189222
      vertex 26.043402136129938 -26.20391201660999 36.43301270189222
      vertex -17.64280006804277 -22.688937676423613 41.886402640453234
    endloop
  endfacet
  facet normal -0.028217718062934938 -0.6700213459417724 -0.7418053358999896
    outer loop
      vertex -26.896494921305383 -27.211513298972907 34.00372049627168
      vertex -17.66683492815686 -23.05644645682434 29.899647265436528
      vertex 21.36453938663971 -24.700239334013546 29.899647265436528
    endloop
  endfacet
  facet normal -0.028217718062934802 -0.6700213459417735 -0.7418053358999886
    outer loop
      vertex -26.896494921305383 -27.211513298972907 34.00372049627168
      vertex 21.36453938663971 -24.700239334013546 29.899647265436528
      vertex -11.533331516780375 -27.449588085037135 33.63435374781374
    endloop
  endfacet
  facet normal -0.032633115304403444 -0.8155918098718454 0.5777067417431588
    outer loop
      vertex -22.542350434885442 -22.857368812552966 29.905295176843943
      vertex 28.620122631975637 -28.780632512455686 24.43301270189222
      vertex -17.66683492815686 -23.05644645682434 29.899647265436528
    endloop
  endfacet
  facet normal -0.02653858800496176 -0.6632727160893837 -0.7479070847626159
    outer loop
      vertex -23.797181686212713 -26.333722907485505 23.256939244269283
      vertex 18.03826815812196 -22.091429548556068 18.01022974519881
      vertex 4.729183703612407 -27.66537165163948 23.425672531630116
    endloop
  endfacet
  facet normal 0.01821404451961661 -0.8750315683233985 -0.48372306438677404
    outer loop
      vertex -11.45607726818664 -27.687352214110923 34.06736644970596
      vertex -11.533331516780375 -27.449588085037135 33.63435374781374
      vertex 21.36453938663971 -24.700239334013546 29.899647265436528
    endloop
  endfacet
  facet normal 0.018151638466726242 -0.8750372847695592 -0.4837150693167316
    outer loop
      vertex -28.215944224330578 -28.84598097966563 48
      vertex -28.293198472924317 -28.60821685059184 47.56698729810778
      vertex 27.294602206849707 -27.45511208732976 47.56698729810778
    endloop
  endfacet
  facet normal 0.018151638466726242 -0.8750372847695592 0.4837150693167316
    outer loop
      vertex -28.215944224330578 -28.84598097966563 48
      vertex 27.294602206849707 -27.45511208732976 48.43301270189222
      vertex -28.293198472924317 -28.60821685059184 48.43301270189222
    endloop
  endfacet
  facet normal 0.01587198879348366 -0.7651420560850175 -0.6436658403098082
    outer loop
      vertex -28.293198472924317 -28.60821685059184 47.56698729810778
      vertex -23.634859832761087 -28.047303182861107 47.01508362997188
      vertex 27.294602206849707 -27.45511208732976 47.56698729810778
    endloop
  endfacet
  facet normal -0.023806599379180286 -0.8780889258669667 -0.4779048902195875
    outer loop
      vertex -25.46090627093921 -25.775924648606733 59.56698729810778
      vertex 20.840985574846 -23.95451947469837 53.913882762694634
      vertex -25.38365202234547 -26.01368877768052 60
    endloop
  endfacet
  facet normal 0.0869724940777271 -0.8666021858676984 -0.4913618185443664
    outer loop
      vertex -30.54101631445385 -30.856034692121373 71.56698729810778
      vertex 25.110335919320253 -25.27084579980031 71.56698729810778
      vertex -30.46376206586011 -31.09379882119516 72
    endloop
  endfacet
  facet normal 0.0869724940777271 -0.8666021858676984 0.4913618185443665
    outer loop
      vertex -30.46376206586011 -31.09379882119516 72
      vertex 25.110335919320253 -25.27084579980031 72.43301270189222
      vertex -30.54101631445385 -30.856034692121373 72.43301270189222
    endloop
  endfacet
  facet normal -0.015499242921159975 -0.8776102700099758 0.47912418791153516
    outer loop
      vertex -25.38365202234547 -26.01368877768052 60
      vertex 26.533677361260263 -26.69418724174032 60.43301270189222
      vertex -25.46090627093921 -25.775924648606733 60.43301270189222
    endloop
  endfacet
  facet normal 0.051980946551501095 -0.5179430851407416 0.8538342589463721
    outer loop
      vertex -30.54101631445385 -30.856034692121373 72.43301270189222
      vertex 25.110335919320253 -25.27084579980031 72.43301270189222
      vertex -20.287813148270892 -20.602831525938416 78.02848328022218
    endloop
  endfacet
  facet normal 0.007009427561993266 -0.5248380087174539 -0.8511732682190807
    outer loop
      vertex -26.93411785866261 -27.249136236330134 69.37265721342109
      vertex -16.550181349469494 -21.492100344242495 65.90834987078296
      vertex 17.394271130317943 -21.03875821422025 65.90834987078294
    endloop
  endfacet
  facet normal -0.002699771696856922 -0.6898743128644862 -0.7239241284019604
    outer loop
      vertex -23.634859832761087 -28.047303182861107 47.01508362997188
      vertex -17.64280006804277 -22.688937676423613 41.886402640453234
      vertex 19.65373237254112 -22.834894875867526 41.886402640453234
    endloop
  endfacet
  facet normal 0.013027663300541583 -0.6280254612989685 0.7780837358209884
    outer loop
      vertex -28.293198472924317 -28.60821685059184 48.43301270189222
      vertex 25.96217440274095 -27.27638843285615 48.59957758480071
      vertex -21.124309851026982 -21.439328228694507 54.099306075716406
    endloop
  endfacet
  facet normal -0.04860224969015882 -0.7634350944327223 -0.6440533191542108
    outer loop
      vertex -25.46090627093921 -25.775924648606733 59.56698729810778
      vertex -16.54935536811884 -21.57415380934934 53.913882762694634
      vertex 20.840985574846 -23.95451947469837 53.913882762694634
    endloop
  endfacet
  facet normal 0.07495313069616512 -0.7468401083321156 -0.6607661316875416
    outer loop
      vertex -30.54101631445385 -30.856034692121373 71.56698729810778
      vertex -12.59536247094618 -27.18071626284513 69.44854900536392
      vertex 25.110335919320253 -25.27084579980031 71.56698729810778
    endloop
  endfacet
  facet normal -0.01371466550608306 -0.7765625301257788 0.6298908990886478
    outer loop
      vertex -25.46090627093921 -25.775924648606733 60.43301270189222
      vertex 26.533677361260263 -26.69418724174032 60.43301270189222
      vertex -21.14345909572375 -21.458477473391273 65.84979210107797
    endloop
  endfacet
  facet normal 0.007009427561993696 -0.524838008717456 -0.8511732682190792
    outer loop
      vertex -26.93411785866261 -27.249136236330134 69.37265721342109
      vertex 17.394271130317943 -21.03875821422025 65.90834987078294
      vertex -12.59536247094618 -27.18071626284513 69.44854900536392
    endloop
  endfacet
  facet normal 0.013027663300541937 -0.6280254612989667 0.7780837358209897
    outer loop
      vertex -21.124309851026982 -21.439328228694507 54.099306075716406
      vertex 25.96217440274095 -27.27638843285615 48.59957758480071
      vertex -16.54935536811884 -21.57415380934934 53.913882762694634
    endloop
  endfacet
  facet normal 0.0024789594369026575 -0.530304267273406 -0.8478037738013001
    outer loop
      vertex -15.481634479026551 -20.353949447010365 77.88685981705038
      vertex 16.922022180466872 -20.202475368026967 77.88685981705038
      vertex -20.287813148270892 -20.602831525938416 78.02848328022218
    endloop
  endfacet
  facet normal -0.01371466550608451 -0.7765625301257847 0.6298908990886407
    outer loop
      vertex -21.14345909572375 -21.458477473391273 65.84979210107797
      vertex 26.533677361260263 -26.69418724174032 60.43301270189222
      vertex -16.550181349469494 -21.492100344242495 65.90834987078296
    endloop
  endfacet
  facet normal 0.05198094655149969 -0.5179430851407495 0.8538342589463673
    outer loop
      vertex -15.481634479026551 -20.353949447010365 77.88685981705038
      vertex -20.287813148270892 -20.602831525938416 78.02848328022218
      vertex 25.110335919320253 -25.27084579980031 72.43301270189222
    endloop
  endfacet
  facet normal 0 0 -1
    outer loop
      vertex -24.922745751406264 -25.23776412907379 -0.4330127018922193
      vertex -5.226251859505506 0 -0.4330127018922193
      vertex -3.6955181300451474 -3.6955181300451474 -0.4330127018922193
    endloop
  endfacet
  facet normal 0 0 -1
    outer loop
      vertex -24.922745751406264 -25.23776412907379 -0.4330127018922193
      vertex -3.6955181300451474 -3.6955181300451474 -0.4330127018922193
      vertex 0 -5.226251859505506 -0.4330127018922193
    endloop
  endfacet
  facet normal 0 0 -1
    outer loop
      vertex -24.922745751406264 -25.23776412907379 -0.4330127018922193
      vertex -3.6955181300451474 3.6955181300451474 -0.4330127018922193
      vertex -5.226251859505506 0 -0.4330127018922193
    endloop
  endfacet
  facet normal 0 0 -1
    outer loop
      vertex -24.922745751406264 -25.23776412907379 -0.4330127018922193
      vertex -5.5 10.25 -0.4330127018922193
      vertex -3.6955181300451474 3.6955181300451474 -0.4330127018922193
    endloop
  endfacet
  facet normal -0.9060374296629709 0 -0.42319756148838705
    outer loop
      vertex -29.665633998623406 -29.555018127582166 84
      vertex -29.665633998623406 -28.967232875289696 84
      vertex -29.463379750029667 -29.11417918836281 83.56698729810778
    endloop
  endfacet
  facet normal -0.9060374296629709 0 0.42319756148838705
    outer loop
      vertex -29.665633998623406 -29.555018127582166 84
      vertex -29.463379750029667 -29.40807181450905 84.43301270189222
      vertex -29.665633998623406 -28.967232875289696 84
    endloop
  endfacet
  facet normal -0.9328555958572663 0.06697351562536032 0.35397031723375366
    outer loop
      vertex -29.665633998623406 -28.967232875289696 84
      vertex -29.52000558214134 -27.702853712558397 84.14456117682255
      vertex -29.589166997514834 -27.90214514297504 84
    endloop
  endfacet
  facet normal -0.27998096330565625 -0.861692801488283 -0.4231975614883802
    outer loop
      vertex -29.665633998623406 -29.555018127582166 84
      vertex -29.463379750029667 -29.40807181450905 83.56698729810778
      vertex -29.106617004248456 -29.736653759583508 84
    endloop
  endfacet
  facet normal -0.9060374296629709 0 -0.423197561488387
    outer loop
      vertex -29.665633998623406 -29.555018127582166 84
      vertex -29.463379750029667 -29.11417918836281 83.56698729810778
      vertex -29.463379750029667 -29.40807181450905 83.56698729810778
    endloop
  endfacet
  facet normal -0.2799809633056542 -0.8616928014882829 -0.4231975614883817
    outer loop
      vertex -29.106617004248456 -29.736653759583508 84
      vertex -29.463379750029667 -29.40807181450905 83.56698729810778
      vertex -29.183871252842195 -29.49888963050972 83.56698729810778
    endloop
  endfacet
  facet normal -0.13688338616188284 -0.4212837441032308 -0.8965394277705919
    outer loop
      vertex -29.463379750029667 -29.40807181450905 83.56698729810778
      vertex -28.89022363960561 -28.83491570408499 83.21015201408146
      vertex -29.183871252842195 -29.49888963050972 83.56698729810778
    endloop
  endfacet
  facet normal -0.27998096330565625 -0.861692801488283 0.4231975614883802
    outer loop
      vertex -29.665633998623406 -29.555018127582166 84
      vertex -29.106617004248456 -29.736653759583508 84
      vertex -29.463379750029667 -29.40807181450905 84.43301270189222
    endloop
  endfacet
  facet normal -0.9060374296629709 0 0.423197561488387
    outer loop
      vertex -29.665633998623406 -28.967232875289696 84
      vertex -29.463379750029667 -29.40807181450905 84.43301270189222
      vertex -29.463379750029667 -29.11417918836281 84.43301270189222
    endloop
  endfacet
  facet normal -0.2799809633056542 -0.8616928014882829 0.4231975614883817
    outer loop
      vertex -29.106617004248456 -29.736653759583508 84
      vertex -29.183871252842195 -29.49888963050972 84.43301270189222
      vertex -29.463379750029667 -29.40807181450905 84.43301270189222
    endloop
  endfacet
  facet normal -0.8956182354445524 0.0643000933395067 -0.44015164924798
    outer loop
      vertex -29.665633998623406 -28.967232875289696 84
      vertex -29.386912748921095 -28.049091456048156 83.56698729810778
      vertex -29.463379750029667 -29.11417918836281 83.56698729810778
    endloop
  endfacet
  facet normal -0.5285205597179646 0 -0.8489205015520648
    outer loop
      vertex -29.463379750029667 -29.40807181450905 83.56698729810778
      vertex -29.463379750029667 -29.11417918836281 83.56698729810778
      vertex -28.89022363960561 -28.83491570408499 83.21015201408146
    endloop
  endfacet
  facet normal -0.5285205597179645 0 -0.8489205015520649
    outer loop
      vertex -29.463379750029667 -29.11417918836281 83.56698729810778
      vertex -28.89022363960561 -28.541023077938753 83.21015201408146
      vertex -28.89022363960561 -28.83491570408499 83.21015201408146
    endloop
  endfacet
  facet normal -0.7045014672642516 0 0.709702531080816
    outer loop
      vertex -29.463379750029667 -29.40807181450905 84.43301270189222
      vertex -29.3177513335476 -27.849800025631513 84.57757387871477
      vertex -29.463379750029667 -29.11417918836281 84.43301270189222
    endloop
  endfacet
  facet normal -0.1368833861618829 -0.4212837441032308 -0.8965394277705919
    outer loop
      vertex -29.183871252842195 -29.49888963050972 83.56698729810778
      vertex -28.89022363960561 -28.83491570408499 83.21015201408146
      vertex -28.610715142418137 -28.92573352008566 83.21015201408146
    endloop
  endfacet
  facet normal -0.8956182354445525 0.0643000933395067 -0.44015164924798017
    outer loop
      vertex -29.665633998623406 -28.967232875289696 84
      vertex -29.589166997514834 -27.90214514297504 84
      vertex -29.386912748921095 -28.049091456048156 83.56698729810778
    endloop
  endfacet
  facet normal -0.5565918029561792 0.03996000021630011 -0.829824537637146
    outer loop
      vertex -29.463379750029667 -29.11417918836281 83.56698729810778
      vertex -29.386912748921095 -28.049091456048156 83.56698729810778
      vertex -28.89022363960561 -28.541023077938753 83.21015201408146
    endloop
  endfacet
  facet normal -0.8976772282472258 0.053381981494908845 0.43740822801823837
    outer loop
      vertex -29.665633998623406 -28.967232875289696 84
      vertex -29.463379750029667 -29.11417918836281 84.43301270189222
      vertex -29.3177513335476 -27.849800025631513 84.57757387871477
    endloop
  endfacet
  facet normal -0.7045014672642517 0 0.7097025310808159
    outer loop
      vertex -29.463379750029667 -29.40807181450905 84.43301270189222
      vertex -29.3177513335476 -28.14369265177775 84.57757387871477
      vertex -29.3177513335476 -27.849800025631513 84.57757387871477
    endloop
  endfacet
  facet normal -0.8976772282472258 0.05338198149490882 0.43740822801823837
    outer loop
      vertex -29.665633998623406 -28.967232875289696 84
      vertex -29.3177513335476 -27.849800025631513 84.57757387871477
      vertex -29.52000558214134 -27.702853712558397 84.14456117682255
    endloop
  endfacet
  facet normal 0.00247895943689832 -0.5303042672734269 -0.8478037738012871
    outer loop
      vertex -29.183871252842195 -29.49888963050972 83.56698729810778
      vertex -28.610715142418137 -28.92573352008566 83.21015201408146
      vertex -26.316656854654024 -28.920768031728254 83.2137538590727
    endloop
  endfacet
  facet normal -0.9060374296629709 0 -0.423197561488387
    outer loop
      vertex -31.541642837411096 -31.431026966369856 96
      vertex -31.339388588817357 -30.990188027150502 95.56698729810778
      vertex -31.339388588817357 -31.28408065329674 95.56698729810778
    endloop
  endfacet
  facet normal -0.9060374296629709 0 0.423197561488387
    outer loop
      vertex -31.541642837411096 -31.431026966369856 96
      vertex -31.339388588817357 -31.28408065329674 96.43301270189222
      vertex -31.339388588817357 -30.990188027150502 96.43301270189222
    endloop
  endfacet
  facet normal -0.2799809633056543 -0.8616928014882829 -0.4231975614883818
    outer loop
      vertex -31.339388588817357 -31.28408065329674 95.56698729810778
      vertex -31.059880091629886 -31.37489846929741 95.56698729810778
      vertex -30.982625843036146 -31.612662598371198 96
    endloop
  endfacet
  facet normal -0.27998096330565625 -0.861692801488283 -0.4231975614883802
    outer loop
      vertex -31.541642837411096 -31.431026966369856 96
      vertex -31.339388588817357 -31.28408065329674 95.56698729810778
      vertex -30.982625843036146 -31.612662598371198 96
    endloop
  endfacet
  facet normal -0.27998096330565625 -0.861692801488283 0.4231975614883802
    outer loop
      vertex -31.541642837411096 -31.431026966369856 96
      vertex -30.982625843036146 -31.612662598371198 96
      vertex -31.339388588817357 -31.28408065329674 96.43301270189222
    endloop
  endfacet
  facet normal -0.2799809633056543 -0.8616928014882829 0.4231975614883818
    outer loop
      vertex -31.339388588817357 -31.28408065329674 96.43301270189222
      vertex -30.982625843036146 -31.612662598371198 96
      vertex -31.059880091629886 -31.37489846929741 96.43301270189222
    endloop
  endfacet
  facet normal -0.9060374296629709 0 -0.42319756148838705
    outer loop
      vertex -31.541642837411096 -31.431026966369856 96
      vertex -31.541642837411096 -30.843241714077386 96
      vertex -31.339388588817357 -30.990188027150502 95.56698729810778
    endloop
  endfacet
  facet normal -0.9060374296629709 0 0.42319756148838705
    outer loop
      vertex -31.541642837411096 -31.431026966369856 96
      vertex -31.339388588817357 -30.990188027150502 96.43301270189222
      vertex -31.541642837411096 -30.843241714077386 96
    endloop
  endfacet
  facet normal -0.9011819553979447 0.03313099938529986 -0.4321729053803214
    outer loop
      vertex -31.339388588817357 -30.990188027150502 95.56698729810778
      vertex -31.541642837411096 -30.843241714077386 96
      vertex -31.420795305465283 -27.55612037259849 96
    endloop
  endfacet
  facet normal -0.9011819553979447 0.03313099938529986 0.43217290538032127
    outer loop
      vertex -31.541642837411096 -30.843241714077386 96
      vertex -31.339388588817357 -30.990188027150502 96.43301270189222
      vertex -31.420795305465283 -27.55612037259849 96
    endloop
  endfacet
  facet normal -0.6481240838715305 0.023827594966505574 0.7611618866074427
    outer loop
      vertex -31.339388588817357 -30.990188027150502 96.43301270189222
      vertex -31.048837629333526 -29.271391960855606 96.62660922915995
      vertex -31.218541056871544 -27.703066685671605 96.43301270189222
    endloop
  endfacet
  facet normal -0.9011819553979447 0.03313099938529986 -0.4321729053803214
    outer loop
      vertex -31.339388588817357 -30.990188027150502 95.56698729810778
      vertex -31.420795305465283 -27.55612037259849 96
      vertex -31.218541056871544 -27.703066685671605 95.56698729810778
    endloop
  endfacet
  facet normal -0.9011819553979447 0.03313099938529986 0.4321729053803214
    outer loop
      vertex -31.339388588817357 -30.990188027150502 96.43301270189222
      vertex -31.218541056871544 -27.703066685671605 96.43301270189222
      vertex -31.420795305465283 -27.55612037259849 96
    endloop
  endfacet
  facet normal -0.47180660358135007 0 -0.88170206352091
    outer loop
      vertex -31.339388588817357 -31.28408065329674 95.56698729810778
      vertex -31.339388588817357 -30.990188027150502 95.56698729810778
      vertex -20.865526692220136 -20.72028941832253 89.96233079080625
    endloop
  endfacet
  facet normal -0.12078834769455604 -0.37174830918213647 -0.9204419425914063
    outer loop
      vertex -31.339388588817357 -31.28408065329674 95.56698729810778
      vertex -20.862047422929912 -20.806739487409295 89.96046900291364
      vertex -31.059880091629886 -31.37489846929741 95.56698729810778
    endloop
  endfacet
  facet normal -0.5285205597179651 0 -0.8489205015520647
    outer loop
      vertex -28.89022363960561 -28.83491570408499 83.21015201408146
      vertex -28.89022363960561 -28.541023077938753 83.21015201408146
      vertex -20.577036420715242 -20.227835859048387 78.03453150081164
    endloop
  endfacet
  facet normal -0.1368833861618831 -0.42128374410323155 -0.8965394277705916
    outer loop
      vertex -28.89022363960561 -28.83491570408499 83.21015201408146
      vertex -20.567321645458364 -20.512013709937747 78.02848328022218
      vertex -28.610715142418137 -28.92573352008566 83.21015201408146
    endloop
  endfacet
  facet normal -0.14039282128579209 -0.4320846748088708 0.8908381949191042
    outer loop
      vertex -29.463379750029667 -29.40807181450905 84.43301270189222
      vertex -29.183871252842195 -29.49888963050972 84.43301270189222
      vertex -20.862047422929912 -20.806739487409295 89.96046900291364
    endloop
  endfacet
  facet normal -0.5122481959035554 -0.03909268465247717 0.857947287308617
    outer loop
      vertex -29.463379750029667 -29.40807181450905 84.43301270189222
      vertex -20.862047422929912 -20.806739487409295 89.96046900291364
      vertex -29.3177513335476 -28.14369265177775 84.57757387871477
    endloop
  endfacet
  facet normal 0.00247895943689832 -0.5303042672734277 -0.8478037738012866
    outer loop
      vertex -28.610715142418137 -28.92573352008566 83.21015201408146
      vertex -20.287813148270892 -20.602831525938416 78.02848328022218
      vertex -26.316656854654024 -28.920768031728254 83.2137538590727
    endloop
  endfacet
  facet normal -0.47180660358121623 -1.7287529131874526e-13 -0.8817020635209817
    outer loop
      vertex -31.339388588817357 -31.28408065329674 95.56698729810778
      vertex -20.865526692220136 -20.72028941832253 89.96233079080625
      vertex -20.862047422929912 -20.806739487409295 89.96046900291364
    endloop
  endfacet
  facet normal -0.12078834769456137 -0.3717483091821322 -0.9204419425914074
    outer loop
      vertex -31.059880091629886 -31.37489846929741 95.56698729810778
      vertex -20.862047422929912 -20.806739487409295 89.96046900291364
      vertex -20.582538925742444 -20.897557303409968 89.96046900291364
    endloop
  endfacet
  facet normal -0.4718066035813817 4.108739195001007e-14 -0.8817020635208931
    outer loop
      vertex -31.339388588817357 -30.990188027150502 95.56698729810778
      vertex -20.87341781225142 -20.524217250584567 89.96655339920704
      vertex -20.865526692220136 -20.72028941832253 89.96233079080625
    endloop
  endfacet
  facet normal -0.6610583288203339 0 0.7503345159975431
    outer loop
      vertex -31.339388588817357 -31.28408065329674 96.43301270189222
      vertex -24.814466687032024 -24.759158751511407 102.18158733908982
      vertex -31.339388588817357 -30.990188027150502 96.43301270189222
    endloop
  endfacet
  facet normal -0.17707020236848992 -0.5449660467537932 0.8195475284074284
    outer loop
      vertex -31.339388588817357 -31.28408065329674 96.43301270189222
      vertex -31.059880091629886 -31.37489846929741 96.43301270189222
      vertex -24.814466687032024 -24.759158751511407 102.18158733908982
    endloop
  endfacet
  facet normal -0.6610583288203308 -8.346973503889068e-15 0.750334515997546
    outer loop
      vertex -31.339388588817357 -30.990188027150502 96.43301270189222
      vertex -24.814466687032024 -24.759158751511407 102.18158733908982
      vertex -24.819372629349466 -24.47017206768261 102.17726511485448
    endloop
  endfacet
  facet normal -0.17707020236848964 -0.544966046753794 0.8195475284074278
    outer loop
      vertex -31.059880091629886 -31.37489846929741 96.43301270189222
      vertex -24.534958189844552 -24.849976567512076 102.18158733908982
      vertex -24.814466687032024 -24.759158751511407 102.18158733908982
    endloop
  endfacet
  facet normal -0.2667174491824916 -0.8208719024263356 -0.5050060614572398
    outer loop
      vertex -24.814466687032024 -24.759158751511407 102.18158733908982
      vertex -27.035589166648947 -27.35060754431647 107.56698729810778
      vertex -27.31509766383642 -27.259789728315802 107.56698729810778
    endloop
  endfacet
  facet normal -0.9028816775882214 -0.021749041026773903 -0.4293386256673105
    outer loop
      vertex -24.814466687032024 -24.759158751511407 102.18158733908982
      vertex -27.31509766383642 -27.259789728315802 107.56698729810778
      vertex -27.300520165041362 -27.216787330968668 107.53415303482815
    endloop
  endfacet
  facet normal -0.11594100665819691 -0.8792219453388797 -0.46208922710835837
    outer loop
      vertex -24.240588515976437 -24.87062527131149 102.14701669373062
      vertex -26.958334918055208 -27.58837167339026 108
      vertex -27.035589166648947 -27.35060754431647 107.56698729810778
    endloop
  endfacet
  facet normal 0.10705189899305273 -0.9198394785362974 -0.37740591496166803
    outer loop
      vertex -24.240588515976437 -24.87062527131149 102.14701669373062
      vertex -26.46091196051175 -27.3528179357966 107.56698729810778
      vertex -26.958334918055208 -27.58837167339026 108
    endloop
  endfacet
  facet normal -0.6785732466272898 0.0320530037004256 0.7338330558890624
    outer loop
      vertex -31.339388588817357 -30.990188027150502 96.43301270189222
      vertex -24.819372629349466 -24.47017206768261 102.17726511485448
      vertex -24.82818574609148 -20.646395458875695 102.00209738426419
    endloop
  endfacet
  facet normal -0.6785732466272653 0.03205300370039902 0.7338330558890863
    outer loop
      vertex -31.339388588817357 -30.990188027150502 96.43301270189222
      vertex -24.82818574609148 -20.646395458875695 102.00209738426419
      vertex -24.823817017895013 -20.40840661866599 101.99574204899746
    endloop
  endfacet
  facet normal -0.9028816775882444 -0.021749041026655445 -0.4293386256672676
    outer loop
      vertex -24.814466687032024 -24.759158751511407 102.18158733908982
      vertex -27.300520165041362 -27.216787330968668 107.53415303482815
      vertex -24.819372629349466 -24.47017206768261 102.17726511485448
    endloop
  endfacet
  facet normal -0.9028816775882449 -0.021749041026653683 -0.4293386256672668
    outer loop
      vertex -24.819372629349466 -24.47017206768261 102.17726511485448
      vertex -27.300520165041362 -27.216787330968668 107.53415303482815
      vertex -24.82818574609148 -20.646395458875695 102.00209738426419
    endloop
  endfacet
  facet normal -0.11594100665819629 -0.8792219453388799 -0.46208922710835837
    outer loop
      vertex -24.534958189844552 -24.849976567512076 102.18158733908982
      vertex -24.240588515976437 -24.87062527131149 102.14701669373062
      vertex -27.035589166648947 -27.35060754431647 107.56698729810778
    endloop
  endfacet
  facet normal 0.1070518989957854 -0.9198394785367366 -0.37740591495982234
    outer loop
      vertex -26.46091196051175 -27.3528179357966 107.56698729810778
      vertex -22.41295515379429 -24.68861192279403 102.22181297375343
      vertex -26.45912761304729 -27.35251553605062 107.56675640230922
    endloop
  endfacet
  facet normal 0.10705189899307119 -0.9198394785362989 -0.3774059149616588
    outer loop
      vertex -26.45912761304729 -27.35251553605062 107.56675640230922
      vertex -22.41295515379429 -24.68861192279403 102.22181297375343
      vertex -26.209849717969508 -27.31026951970578 107.53449966992325
    endloop
  endfacet
  facet normal -0.26671744918249224 -0.8208719024263355 -0.5050060614572398
    outer loop
      vertex -24.814466687032024 -24.759158751511407 102.18158733908982
      vertex -24.534958189844552 -24.849976567512076 102.18158733908982
      vertex -27.035589166648947 -27.35060754431647 107.56698729810778
    endloop
  endfacet
  facet normal 0.10705189899306614 -0.9198394785362979 -0.37740591496166304
    outer loop
      vertex -24.240588515976437 -24.87062527131149 102.14701669373062
      vertex -22.41295515379429 -24.68861192279403 102.22181297375343
      vertex -26.46091196051175 -27.3528179357966 107.56698729810778
    endloop
  endfacet
  facet normal -0.27998096330565625 -0.861692801488283 -0.4231975614883802
    outer loop
      vertex -27.517351912430158 -27.406736041388918 108
      vertex -27.31509766383642 -27.259789728315802 107.56698729810778
      vertex -26.958334918055208 -27.58837167339026 108
    endloop
  endfacet
  facet normal -0.27998096330565625 -0.861692801488283 0.4231975614883802
    outer loop
      vertex -27.517351912430158 -27.406736041388918 108
      vertex -26.958334918055208 -27.58837167339026 108
      vertex -27.31509766383642 -27.259789728315802 108.43301270189222
    endloop
  endfacet
  facet normal -0.2799809633056543 -0.8616928014882829 -0.4231975614883818
    outer loop
      vertex -27.31509766383642 -27.259789728315802 107.56698729810778
      vertex -27.035589166648947 -27.35060754431647 107.56698729810778
      vertex -26.958334918055208 -27.58837167339026 108
    endloop
  endfacet
  facet normal -0.2799809633056543 -0.8616928014882829 0.4231975614883818
    outer loop
      vertex -27.31509766383642 -27.259789728315802 108.43301270189222
      vertex -26.958334918055208 -27.58837167339026 108
      vertex -27.035589166648947 -27.35060754431647 108.43301270189222
    endloop
  endfacet
  facet normal -0.8435607243952595 1.1038641631387723e-14 0.5370338017832259
    outer loop
      vertex -27.31509766383642 -27.259789728315802 108.43301270189222
      vertex -23.855120609146102 -23.505920047479247 113.8678675303107
      vertex -27.30106924543142 -26.951868683764566 108.4550482288042
    endloop
  endfacet
  facet normal -0.24104316281078642 -0.7418545739314134 0.625739550291664
    outer loop
      vertex -27.31509766383642 -27.259789728315802 108.43301270189222
      vertex -27.035589166648947 -27.35060754431647 108.43301270189222
      vertex -23.8551206091461 -23.799812673625482 113.8678675303107
    endloop
  endfacet
  facet normal -0.6415145391471606 -7.754932501244435e-15 -0.7671108759904309
    outer loop
      vertex -23.8551206091461 -23.799812673625482 113.8678675303107
      vertex -30.670019556348688 -30.61471162082807 119.56698729810778
      vertex -23.855120609146102 -23.505920047479247 113.8678675303107
    endloop
  endfacet
  facet normal -0.17087734014767025 -0.525906376648782 -0.8332007066872944
    outer loop
      vertex -23.8551206091461 -23.799812673625482 113.8678675303107
      vertex -23.575612111958627 -23.89063048962615 113.8678675303107
      vertex -30.390511059161216 -30.70552943682874 119.56698729810778
    endloop
  endfacet
  facet normal -0.8435607243952523 -1.1257738901230051e-14 0.5370338017832371
    outer loop
      vertex -27.31509766383642 -27.259789728315802 108.43301270189222
      vertex -23.8551206091461 -23.799812673625482 113.8678675303107
      vertex -23.855120609146102 -23.505920047479247 113.8678675303107
    endloop
  endfacet
  facet normal -0.24104316281078625 -0.7418545739314134 0.6257395502916637
    outer loop
      vertex -27.035589166648947 -27.35060754431647 108.43301270189222
      vertex -23.575612111958627 -23.89063048962615 113.8678675303107
      vertex -23.8551206091461 -23.799812673625482 113.8678675303107
    endloop
  endfacet
  facet normal -0.8478437951903499 0.015291498119171862 0.5300255362173555
    outer loop
      vertex -27.30106924543142 -26.951868683764566 108.4550482288042
      vertex -23.855120609146102 -23.505920047479247 113.8678675303107
      vertex -23.80259601756413 -20.68477983790242 113.87049606188856
    endloop
  endfacet
  facet normal -0.6489582821055091 0.012791223859068541 -0.7607164601077417
    outer loop
      vertex -23.855120609146102 -23.505920047479247 113.8678675303107
      vertex -29.085006626432836 -28.096804912775653 118.2522275175922
      vertex -23.80259601756413 -20.68477983790242 113.87049606188856
    endloop
  endfacet
  facet normal -0.4855501123944249 0.017850735224906242 -0.8740265668763688
    outer loop
      vertex -31.339388588817357 -30.990188027150502 95.56698729810778
      vertex -31.218541056871544 -27.703066685671605 95.56698729810778
      vertex -23.9108594794424 0.515406222230389 92.08365482480106
    endloop
  endfacet
  facet normal -0.5122481959036008 -0.03909268465240181 0.8579472873085934
    outer loop
      vertex -29.3177513335476 -28.14369265177775 84.57757387871477
      vertex -20.862047422929912 -20.806739487409295 89.96046900291364
      vertex -20.865526692220136 -20.72028941832253 89.96233079080625
    endloop
  endfacet
  facet normal -0.48555011239442236 0.017850735224905618 -0.8740265668763703
    outer loop
      vertex -31.339388588817357 -30.990188027150502 95.56698729810778
      vertex -23.883706314640396 0.36808697676463625 92.06556157722126
      vertex -20.87341781225142 -20.524217250584567 89.96655339920704
    endloop
  endfacet
  facet normal -0.6785732466272862 0.03205300370042255 0.7338330558890658
    outer loop
      vertex -31.339388588817357 -30.990188027150502 96.43301270189222
      vertex -24.823817017895013 -20.40840661866599 101.99574204899746
      vertex -24.788906808366388 -19.66934533000534 101.99574204899746
    endloop
  endfacet
  facet normal -0.9028816775882459 -0.021749041026651005 -0.4293386256672653
    outer loop
      vertex -27.300520165041362 -27.216787330968668 107.53415303482815
      vertex -24.874087862943824 -20.059015791579586 102.06887273144311
      vertex -24.82818574609148 -20.646395458875695 102.00209738426419
    endloop
  endfacet
  facet normal -0.8240761123297035 4.049661344739853e-15 -0.5664790914831385
    outer loop
      vertex -24.82818574609148 -20.646395458875695 102.00209738426419
      vertex -24.874087862943824 -20.059015791579586 102.06887273144311
      vertex -24.823817017895013 -20.40840661866599 101.99574204899746
    endloop
  endfacet
  facet normal -0.8240761123297125 0 -0.5664790914831253
    outer loop
      vertex -24.823817017895013 -20.40840661866599 101.99574204899746
      vertex -24.874087862943824 -20.059015791579586 102.06887273144311
      vertex -24.874087862943824 -19.765123165433348 102.06887273144311
    endloop
  endfacet
  facet normal -0.6713599054003675 0.03171227518778434 -0.7404527054601285
    outer loop
      vertex -24.823817017895013 -20.40840661866599 101.99574204899746
      vertex -24.874087862943824 -19.765123165433348 102.06887273144311
      vertex -24.788906808366388 -19.66934533000534 101.99574204899746
    endloop
  endfacet
  facet normal -0.8478437951903353 0.015291498119142986 0.5300255362173797
    outer loop
      vertex -27.30106924543142 -26.951868683764566 108.4550482288042
      vertex -23.80259601756413 -20.68477983790242 113.87049606188856
      vertex -23.798868999145675 -20.484598528434383 113.87068257615377
    endloop
  endfacet
  facet normal -0.902881677588245 -0.02174904102665336 -0.4293386256672669
    outer loop
      vertex -27.300520165041362 -27.216787330968668 107.53415303482815
      vertex -26.327524518111193 -1.4603280296540453 104.18323572615127
      vertex -24.874087862943824 -20.059015791579586 102.06887273144311
    endloop
  endfacet
  facet normal -0.648958282105508 0.012791223859067153 -0.7607164601077427
    outer loop
      vertex -23.80259601756413 -20.68477983790242 113.87049606188856
      vertex -29.085006626432836 -28.096804912775653 118.2522275175922
      vertex -26.09537163291328 -0.34782210478785974 116.16839599601047
    endloop
  endfacet
  facet normal -0.14039282128579625 -0.43208467480886786 0.8908381949191051
    outer loop
      vertex -29.183871252842195 -29.49888963050972 84.43301270189222
      vertex -20.582538925742444 -20.897557303409968 89.96046900291364
      vertex -20.862047422929912 -20.806739487409295 89.96046900291364
    endloop
  endfacet
  facet normal 0.010153862925313747 -0.5477597217824898 0.8365740769713482
    outer loop
      vertex -29.183871252842195 -29.49888963050972 84.43301270189222
      vertex -15.591230790586188 -20.89379973249007 89.90234765543327
      vertex -20.582538925742444 -20.897557303409968 89.96046900291364
    endloop
  endfacet
  facet normal 0.03798845184121595 -0.681699935338843 0.73064497239475
    outer loop
      vertex -31.059880091629886 -31.37489846929741 96.43301270189222
      vertex -3.939721517182547 -29.656102403004365 96.62660922915974
      vertex -24.534958189844552 -24.849976567512076 102.18158733908982
    endloop
  endfacet
  facet normal 0.04551291316458161 -0.6672407458037346 -0.7434503089477799
    outer loop
      vertex -23.575612111958627 -23.89063048962615 113.8678675303107
      vertex -19.768312479866804 -23.805276604368366 114.02434027111154
      vertex -19.261927664792868 -28.48151535492256 118.2522275175922
    endloop
  endfacet
  facet normal 0.03798845184118511 -0.6816999353389073 0.7306449723946914
    outer loop
      vertex -24.534958189844552 -24.849976567512076 102.18158733908982
      vertex -3.939721517182547 -29.656102403004365 96.62660922915974
      vertex -24.240588515976437 -24.87062527131149 102.14701669373062
    endloop
  endfacet
  facet normal 0.03798845184121843 -0.6816999353388384 0.7306449723947541
    outer loop
      vertex -24.240588515976437 -24.87062527131149 102.14701669373062
      vertex -3.939721517182547 -29.656102403004365 96.62660922915974
      vertex -22.41295515379429 -24.68861192279403 102.22181297375343
    endloop
  endfacet
  facet normal -0.5285205597179795 1.7262027156572025e-14 -0.8489205015520557
    outer loop
      vertex -28.89022363960561 -28.83491570408499 83.21015201408146
      vertex -20.577036420715242 -20.227835859048387 78.03453150081164
      vertex -20.567321645458364 -20.512013709937747 78.02848328022218
    endloop
  endfacet
  facet normal -0.5565918029561923 0.039960000216317286 -0.8298245376371364
    outer loop
      vertex -28.89022363960561 -28.541023077938753 83.21015201408146
      vertex -20.576212610096047 -20.126079274689268 78.03887900649693
      vertex -20.577036420715242 -20.227835859048387 78.03453150081164
    endloop
  endfacet
  facet normal -0.13688338616188164 -0.4212837441032322 -0.8965394277705914
    outer loop
      vertex -28.610715142418137 -28.92573352008566 83.21015201408146
      vertex -20.567321645458364 -20.512013709937747 78.02848328022218
      vertex -20.287813148270892 -20.602831525938416 78.02848328022218
    endloop
  endfacet
  facet normal -0.5565918029561775 0.039960000216296934 -0.8298245376371473
    outer loop
      vertex -28.89022363960561 -28.541023077938753 83.21015201408146
      vertex -20.554696379650586 -17.46840763585401 78.1524268681142
      vertex -20.576212610096047 -20.126079274689268 78.03887900649693
    endloop
  endfacet
  facet normal -0.5565918029561792 0.03996000021629889 -0.829824537637146
    outer loop
      vertex -28.89022363960561 -28.541023077938753 83.21015201408146
      vertex -20.532028733847724 -14.668513875552165 78.27205110784053
      vertex -20.554696379650586 -17.46840763585401 78.1524268681142
    endloop
  endfacet
  facet normal -0.27998096330565625 -0.861692801488283 -0.4231975614883802
    outer loop
      vertex -30.872273804942427 -30.761657933901187 120
      vertex -30.670019556348688 -30.61471162082807 119.56698729810778
      vertex -30.313256810567477 -30.94329356590253 120
    endloop
  endfacet
  facet normal -0.27998096330565625 -0.861692801488283 0.4231975614883802
    outer loop
      vertex -30.872273804942427 -30.761657933901187 120
      vertex -30.313256810567477 -30.94329356590253 120
      vertex -30.670019556348688 -30.61471162082807 120.43301270189222
    endloop
  endfacet
  facet normal -0.9060374296629734 0 -0.4231975614883818
    outer loop
      vertex -30.670019556348688 -30.61471162082807 119.56698729810778
      vertex -30.73743763921327 -30.467765307754952 119.71132486540519
      vertex -30.670019556348688 -30.320818994681833 119.56698729810778
    endloop
  endfacet
  facet normal -0.9060374296629695 0 -0.4231975614883896
    outer loop
      vertex -30.872273804942427 -30.761657933901187 120
      vertex -30.872273804942427 -30.173872681608717 120
      vertex -30.73743763921327 -30.467765307754952 119.71132486540519
    endloop
  endfacet
  facet normal -0.9060374296629715 4.8167230544394955e-15 -0.42319756148838567
    outer loop
      vertex -30.872273804942427 -30.761657933901187 120
      vertex -30.73743763921327 -30.467765307754952 119.71132486540519
      vertex -30.670019556348688 -30.61471162082807 119.56698729810778
    endloop
  endfacet
  facet normal -0.9060374296629709 0 0.42319756148838705
    outer loop
      vertex -30.872273804942427 -30.761657933901187 120
      vertex -30.670019556348688 -30.61471162082807 120.43301270189222
      vertex -30.872273804942427 -30.173872681608717 120
    endloop
  endfacet
  facet normal -0.9060374296629715 -4.779671338636116e-15 -0.4231975614883857
    outer loop
      vertex -30.670019556348688 -30.320818994681833 119.56698729810778
      vertex -30.73743763921327 -30.467765307754952 119.71132486540519
      vertex -30.872273804942427 -30.173872681608717 120
    endloop
  endfacet
  facet normal -0.9060374296629709 0 0.423197561488387
    outer loop
      vertex -30.872273804942427 -30.173872681608717 120
      vertex -30.670019556348688 -30.61471162082807 120.43301270189222
      vertex -30.670019556348688 -30.320818994681833 120.43301270189222
    endloop
  endfacet
  facet normal -0.2799809633056543 -0.8616928014882829 -0.4231975614883818
    outer loop
      vertex -30.670019556348688 -30.61471162082807 119.56698729810778
      vertex -30.390511059161216 -30.70552943682874 119.56698729810778
      vertex -30.313256810567477 -30.94329356590253 120
    endloop
  endfacet
  facet normal -0.2799809633056543 -0.8616928014882829 0.4231975614883818
    outer loop
      vertex -30.670019556348688 -30.61471162082807 120.43301270189222
      vertex -30.313256810567477 -30.94329356590253 120
      vertex -30.390511059161216 -30.70552943682874 120.43301270189222
    endloop
  endfacet
  facet normal -0.9035627429881541 0.017809578265610856 -0.428085491935576
    outer loop
      vertex -30.670019556348688 -30.320818994681833 119.56698729810778
      vertex -30.872273804942427 -30.173872681608717 120
      vertex -30.602829500624456 -26.91195494712927 119.56698729810778
    endloop
  endfacet
  facet normal -0.9035627429881541 0.017809578265610863 0.42808549193557616
    outer loop
      vertex -30.872273804942427 -30.173872681608717 120
      vertex -30.670019556348688 -30.320818994681833 120.43301270189222
      vertex -30.602829500624456 -26.91195494712927 120.43301270189222
    endloop
  endfacet
  facet normal -0.9035627429881541 0.017809578265610856 -0.4280854919355761
    outer loop
      vertex -30.872273804942427 -30.173872681608717 120
      vertex -30.805083749218195 -26.765008634056155 120
      vertex -30.602829500624456 -26.91195494712927 119.56698729810778
    endloop
  endfacet
  facet normal -0.9035627429881541 0.017809578265610856 0.4280854919355761
    outer loop
      vertex -30.872273804942427 -30.173872681608717 120
      vertex -30.602829500624456 -26.91195494712927 120.43301270189222
      vertex -30.805083749218195 -26.765008634056155 120
    endloop
  endfacet
  facet normal -0.6773264685805419 0 0.7356825775837104
    outer loop
      vertex -30.670019556348688 -30.61471162082807 120.43301270189222
      vertex -30.216750724330183 -26.829767447871482 120.85032716150207
      vertex -30.670019556348688 -30.320818994681833 120.43301270189222
    endloop
  endfacet
  facet normal -0.6489582821055119 0.012791223859067426 -0.7607164601077395
    outer loop
      vertex -30.670019556348688 -30.320818994681833 119.56698729810778
      vertex -30.602829500624456 -26.91195494712927 119.56698729810778
      vertex -29.085006626432836 -28.096804912775653 118.2522275175922
    endloop
  endfacet
  facet normal -0.7404886133344164 0.01459532281107549 0.6719104033084422
    outer loop
      vertex -30.670019556348688 -30.320818994681833 120.43301270189222
      vertex -30.216750724330183 -26.535874821725244 120.85032716150207
      vertex -30.602829500624456 -26.91195494712927 120.43301270189222
    endloop
  endfacet
  facet normal -0.6773264685805416 0 0.7356825775837107
    outer loop
      vertex -30.670019556348688 -30.320818994681833 120.43301270189222
      vertex -30.216750724330183 -26.829767447871482 120.85032716150207
      vertex -30.216750724330183 -26.535874821725244 120.85032716150207
    endloop
  endfacet
  facet normal -0.1708773401476714 -0.5259063766487818 -0.8332007066872944
    outer loop
      vertex -23.8551206091461 -23.799812673625482 113.8678675303107
      vertex -30.390511059161216 -30.70552943682874 119.56698729810778
      vertex -30.670019556348688 -30.61471162082807 119.56698729810778
    endloop
  endfacet
  facet normal -0.6415145391471634 0 -0.7671108759904284
    outer loop
      vertex -23.855120609146102 -23.505920047479247 113.8678675303107
      vertex -30.670019556348688 -30.61471162082807 119.56698729810778
      vertex -30.670019556348688 -30.320818994681833 119.56698729810778
    endloop
  endfacet
  facet normal -0.14685250931682683 -0.4519655503172745 0.8798644678777264
    outer loop
      vertex -30.670019556348688 -30.61471162082807 120.43301270189222
      vertex -30.390511059161216 -30.70552943682874 120.43301270189222
      vertex -22.326600948425266 -22.27129301290465 126.1113755906253
    endloop
  endfacet
  facet normal -0.648958282105503 0.012791223859057153 -0.7607164601077474
    outer loop
      vertex -23.855120609146102 -23.505920047479247 113.8678675303107
      vertex -30.670019556348688 -30.320818994681833 119.56698729810778
      vertex -29.085006626432836 -28.096804912775653 118.2522275175922
    endloop
  endfacet
  facet normal -0.54355345408993 -0.027403461922608674 0.8389271081694537
    outer loop
      vertex -30.670019556348688 -30.61471162082807 120.43301270189222
      vertex -22.326600948425266 -22.27129301290465 126.1113755906253
      vertex -30.216750724330183 -26.829767447871482 120.85032716150207
    endloop
  endfacet
  facet normal 0.045512913164579887 -0.6672407458037355 -0.7434503089477793
    outer loop
      vertex -23.575612111958627 -23.89063048962615 113.8678675303107
      vertex -19.261927664792868 -28.48151535492256 118.2522275175922
      vertex -30.390511059161216 -30.70552943682874 119.56698729810778
    endloop
  endfacet
  facet normal -0.1468525093168267 -0.451965550317274 0.8798644678777267
    outer loop
      vertex -30.390511059161216 -30.70552943682874 120.43301270189222
      vertex -22.047092451237795 -22.36211082890532 126.1113755906253
      vertex -22.326600948425266 -22.27129301290465 126.1113755906253
    endloop
  endfacet
  facet normal -0.5435534540899314 -0.027403461922602422 0.8389271081694532
    outer loop
      vertex -30.216750724330183 -26.829767447871482 120.85032716150207
      vertex -22.326600948425266 -22.27129301290465 126.1113755906253
      vertex -22.329981081221167 -22.085047903653493 126.11526922795247
    endloop
  endfacet
  facet normal -0.9060374296629655 0 -0.4231975614883984
    outer loop
      vertex -27.062710273641628 -27.00740233812101 131.5669872981078
      vertex -27.264964522235367 -27.154348651194127 132
      vertex -27.062710273641628 -26.713509711974773 131.5669872981078
    endloop
  endfacet
  facet normal -0.9060374296629656 0 -0.42319756148839843
    outer loop
      vertex -27.062710273641628 -26.713509711974773 131.5669872981078
      vertex -27.264964522235367 -27.154348651194127 132
      vertex -27.264964522235367 -26.566563398901657 132
    endloop
  endfacet
  facet normal -0.2799809633056546 -0.8616928014882779 -0.4231975614883916
    outer loop
      vertex -27.062710273641628 -27.00740233812101 131.5669872981078
      vertex -26.705947527860417 -27.33598428319547 132
      vertex -27.264964522235367 -27.154348651194127 132
    endloop
  endfacet
  facet normal -0.27998096330565264 -0.8616928014882778 -0.42319756148839316
    outer loop
      vertex -27.062710273641628 -27.00740233812101 131.5669872981078
      vertex -26.783201776454156 -27.09822015412168 131.5669872981078
      vertex -26.705947527860417 -27.33598428319547 132
    endloop
  endfacet
  facet normal -0.9060374296629654 0 0.42319756148839843
    outer loop
      vertex -27.264964522235367 -27.154348651194127 132
      vertex -27.062710273641628 -27.00740233812101 132.4330127018922
      vertex -27.264964522235367 -26.566563398901657 132
    endloop
  endfacet
  facet normal -0.9060374296629655 0 0.4231975614883984
    outer loop
      vertex -27.062710273641628 -27.00740233812101 132.4330127018922
      vertex -27.062710273641628 -26.713509711974773 132.4330127018922
      vertex -27.264964522235367 -26.566563398901657 132
    endloop
  endfacet
  facet normal -0.2799809633056546 -0.8616928014882779 0.4231975614883916
    outer loop
      vertex -27.264964522235367 -27.154348651194127 132
      vertex -26.705947527860417 -27.33598428319547 132
      vertex -27.062710273641628 -27.00740233812101 132.4330127018922
    endloop
  endfacet
  facet normal -0.2799809633056527 -0.8616928014882778 0.42319756148839316
    outer loop
      vertex -26.705947527860417 -27.33598428319547 132
      vertex -26.783201776454156 -27.09822015412168 132.4330127018922
      vertex -27.062710273641628 -27.00740233812101 132.4330127018922
    endloop
  endfacet
  facet normal -0.20850048320167316 -0.6416985046428765 -0.7380722035436403
    outer loop
      vertex -27.062710273641628 -27.00740233812101 131.5669872981078
      vertex -22.326600948425266 -22.27129301290465 126.1113755906253
      vertex -26.783201776454156 -27.09822015412168 131.5669872981078
    endloop
  endfacet
  facet normal -0.7551467722888906 0 -0.655555758346817
    outer loop
      vertex -27.062710273641628 -27.00740233812101 131.5669872981078
      vertex -27.062710273641628 -26.713509711974773 131.5669872981078
      vertex -22.331839681904977 -21.982639120238122 126.11741018436919
    endloop
  endfacet
  facet normal -0.755146772288904 3.1119543943015286e-14 -0.6555557583468016
    outer loop
      vertex -27.062710273641628 -27.00740233812101 131.5669872981078
      vertex -22.329981081221167 -22.085047903653493 126.11526922795247
      vertex -22.326600948425266 -22.27129301290465 126.1113755906253
    endloop
  endfacet
  facet normal -0.20850048320167383 -0.6416985046428763 -0.7380722035436406
    outer loop
      vertex -26.783201776454156 -27.09822015412168 131.5669872981078
      vertex -22.326600948425266 -22.27129301290465 126.1113755906253
      vertex -22.047092451237795 -22.36211082890532 126.1113755906253
    endloop
  endfacet
  facet normal -0.2018888774555766 -0.6213500744838217 0.7570765919632416
    outer loop
      vertex -27.062710273641628 -27.00740233812101 132.4330127018922
      vertex -26.783201776454156 -27.09822015412168 132.4330127018922
      vertex -21.997507034270516 -21.9421990987499 137.9408736639207
    endloop
  endfacet
  facet normal -0.7360660938604364 0 0.6769096730502817
    outer loop
      vertex -27.062710273641628 -27.00740233812101 132.4330127018922
      vertex -21.997507034270516 -21.9421990987499 137.9408736639207
      vertex -27.062710273641628 -26.713509711974773 132.4330127018922
    endloop
  endfacet
  facet normal -0.2799809633056546 -0.8616928014882779 -0.4231975614883916
    outer loop
      vertex -29.010129514896402 -28.899513643855162 144
      vertex -28.807875266302663 -28.752567330782046 143.5669872981078
      vertex -28.451112520521452 -29.081149275856504 144
    endloop
  endfacet
  facet normal -0.2799809633056546 -0.8616928014882779 0.4231975614883916
    outer loop
      vertex -29.010129514896402 -28.899513643855162 144
      vertex -28.451112520521452 -29.081149275856504 144
      vertex -28.807875266302663 -28.752567330782046 144.4330127018922
    endloop
  endfacet
  facet normal -0.27998096330565264 -0.8616928014882778 -0.42319756148839316
    outer loop
      vertex -28.807875266302663 -28.752567330782046 143.5669872981078
      vertex -28.52836676911519 -28.843385146782715 143.5669872981078
      vertex -28.451112520521452 -29.081149275856504 144
    endloop
  endfacet
  facet normal -0.27998096330565264 -0.8616928014882778 0.42319756148839316
    outer loop
      vertex -28.807875266302663 -28.752567330782046 144.4330127018922
      vertex -28.451112520521452 -29.081149275856504 144
      vertex -28.52836676911519 -28.843385146782715 144.4330127018922
    endloop
  endfacet
  facet normal -0.9031729458500226 -0.020424211966462602 -0.428790719874091
    outer loop
      vertex -29.010129514896402 -28.899513643855162 144
      vertex -28.88512025774449 -25.336739753824247 143.5669872981078
      vertex -28.807875266302663 -28.752567330782046 143.5669872981078
    endloop
  endfacet
  facet normal -0.9031729458500226 -0.020424211966462602 0.428790719874091
    outer loop
      vertex -29.010129514896402 -28.899513643855162 144
      vertex -28.807875266302663 -28.752567330782046 144.4330127018922
      vertex -28.88512025774449 -25.336739753824247 144.4330127018922
    endloop
  endfacet
  facet normal -0.16942757320826693 -0.5214444528066393 -0.8362953904416439
    outer loop
      vertex -28.807875266302663 -28.752567330782046 143.5669872981078
      vertex -26.394081408485775 -26.7090997861533 141.8038327141595
      vertex -28.52836676911519 -28.843385146782715 143.5669872981078
    endloop
  endfacet
  facet normal -0.9031729458500226 -0.020424211966462602 -0.428790719874091
    outer loop
      vertex -29.010129514896402 -28.899513643855162 144
      vertex -29.08737450633823 -25.483686066897363 144
      vertex -28.88512025774449 -25.336739753824247 143.5669872981078
    endloop
  endfacet
  facet normal -0.9031729458500226 -0.020424211966462602 0.428790719874091
    outer loop
      vertex -29.010129514896402 -28.899513643855162 144
      vertex -28.88512025774449 -25.336739753824247 144.4330127018922
      vertex -29.08737450633823 -25.483686066897363 144
    endloop
  endfacet
  facet normal -0.6271477771771858 -0.014182221903588456 0.7787711667515639
    outer loop
      vertex -28.807875266302663 -28.752567330782046 144.4330127018922
      vertex -28.34564405010451 -25.01673102848959 144.87328290430014
      vertex -28.88512025774449 -25.336739753824247 144.4330127018922
    endloop
  endfacet
  facet normal -0.6283439656553731 -0.014209272323048642 -0.7778058609990854
    outer loop
      vertex -28.807875266302663 -28.752567330782046 143.5669872981078
      vertex -28.88512025774449 -25.336739753824247 143.5669872981078
      vertex -26.673589905673246 -26.61828197015263 141.8038327141595
    endloop
  endfacet
  facet normal -0.16942757320826707 -0.5214444528066396 -0.8362953904416437
    outer loop
      vertex -28.807875266302663 -28.752567330782046 143.5669872981078
      vertex -26.673589905673246 -26.61828197015263 141.8038327141595
      vertex -26.394081408485775 -26.7090997861533 141.8038327141595
    endloop
  endfacet
  facet normal -0.16136074286670332 -0.49661730186722325 0.8528387691396452
    outer loop
      vertex -28.807875266302663 -28.752567330782046 144.4330127018922
      vertex -28.52836676911519 -28.843385146782715 144.4330127018922
      vertex -21.422851126984153 -21.367543191463536 150.1306708282971
    endloop
  endfacet
  facet normal -0.5978010095276612 -0.020478075372453695 0.8013829305873373
    outer loop
      vertex -28.807875266302663 -28.752567330782046 144.4330127018922
      vertex -21.422851126984153 -21.367543191463536 150.1306708282971
      vertex -28.34564405010451 -25.01673102848959 144.87328290430014
    endloop
  endfacet
  facet normal -0.16942757320826451 -0.521444452806632 -0.8362953904416491
    outer loop
      vertex -26.673589905673246 -26.61828197015263 141.8038327141595
      vertex -21.997507034270516 -21.9421990987499 137.9408736639207
      vertex -26.394081408485775 -26.7090997861533 141.8038327141595
    endloop
  endfacet
  facet normal -0.1613607428667045 -0.4966173018672219 0.8528387691396456
    outer loop
      vertex -28.52836676911519 -28.843385146782715 144.4330127018922
      vertex -21.14334262979668 -21.458361007464205 150.1306708282971
      vertex -21.422851126984153 -21.367543191463536 150.1306708282971
    endloop
  endfacet
  facet normal -0.2799809633056546 -0.8616928014882779 -0.4231975614883916
    outer loop
      vertex -25.404508497187475 -25.293892626146235 156
      vertex -25.202254248593736 -25.14694631307312 155.5669872981078
      vertex -24.845491502812525 -25.475528258147577 156
    endloop
  endfacet
  facet normal -0.2799809633056546 -0.8616928014882779 0.4231975614883916
    outer loop
      vertex -25.404508497187475 -25.293892626146235 156
      vertex -24.845491502812525 -25.475528258147577 156
      vertex -25.202254248593736 -25.14694631307312 156.4330127018922
    endloop
  endfacet
  facet normal -0.9060374296629654 0 0.42319756148839843
    outer loop
      vertex -25.404508497187475 -25.293892626146235 156
      vertex -25.202254248593736 -25.14694631307312 156.4330127018922
      vertex -25.404508497187475 -24.706107373853765 156
    endloop
  endfacet
  facet normal -0.9060374296629721 -1.7193662816412807e-14 0.423197561488384
    outer loop
      vertex -25.404508497187475 -24.706107373853765 156
      vertex -25.202254248593736 -25.14694631307312 156.4330127018922
      vertex -25.20343612235941 -24.852195005373385 156.43048238989073
    endloop
  endfacet
  facet normal -0.27998096330565264 -0.8616928014882778 -0.42319756148839316
    outer loop
      vertex -25.202254248593736 -25.14694631307312 155.5669872981078
      vertex -24.922745751406264 -25.23776412907379 155.5669872981078
      vertex -24.845491502812525 -25.475528258147577 156
    endloop
  endfacet
  facet normal -0.27998096330565264 -0.8616928014882778 0.42319756148839316
    outer loop
      vertex -25.202254248593736 -25.14694631307312 156.4330127018922
      vertex -24.845491502812525 -25.475528258147577 156
      vertex -24.922745751406264 -25.23776412907379 156.4330127018922
    endloop
  endfacet
  facet normal -0.23244137274329496 -0.7153809862504572 -0.6589393392024304
    outer loop
      vertex -25.202254248593736 -25.14694631307312 155.5669872981078
      vertex -21.422851126984153 -21.367543191463536 150.1306708282971
      vertex -24.922745751406264 -25.23776412907379 155.5669872981078
    endloop
  endfacet
  facet normal -0.6489582821055117 0.012791223859067792 -0.7607164601077397
    outer loop
      vertex -29.085006626432836 -28.096804912775653 118.2522275175922
      vertex -30.602829500624456 -26.91195494712927 119.56698729810778
      vertex -26.09537163291328 -0.34782210478785974 116.16839599601047
    endloop
  endfacet
  facet normal -0.7551467722888878 0 -0.6555557583468201
    outer loop
      vertex -27.062710273641628 -27.00740233812101 131.5669872981078
      vertex -22.331839681904977 -21.982639120238122 126.11741018436919
      vertex -22.329981081221167 -22.085047903653493 126.11526922795247
    endloop
  endfacet
  facet normal -0.764457521484247 0.02228953006781976 -0.6442886578976211
    outer loop
      vertex -27.062710273641628 -26.713509711974773 131.5669872981078
      vertex -22.32733458355017 -17.702123384654712 126.26015168190199
      vertex -22.331839681904977 -21.982639120238122 126.11741018436919
    endloop
  endfacet
  facet normal -0.7360660938604457 2.1013062645209263e-14 0.6769096730502714
    outer loop
      vertex -27.062710273641628 -26.713509711974773 132.4330127018922
      vertex -21.997507034270516 -21.9421990987499 137.9408736639207
      vertex -22.00031285815332 -21.651112296486463 137.93782263376454
    endloop
  endfacet
  facet normal -0.7492278516591391 0.02976230883696455 0.6616432809837368
    outer loop
      vertex -27.062710273641628 -26.713509711974773 132.4330127018922
      vertex -22.00031285815332 -21.651112296486463 137.93782263376454
      vertex -23.10562038574741 -0.9336761736899368 135.75428059828778
    endloop
  endfacet
  facet normal -0.5978010095276577 -0.020478075372462316 0.8013829305873399
    outer loop
      vertex -28.34564405010451 -25.01673102848959 144.87328290430014
      vertex -21.422851126984153 -21.367543191463536 150.1306708282971
      vertex -21.424889626876013 -21.193287321563396 150.1336030189577
    endloop
  endfacet
  facet normal -0.628343965655373 -0.014209272323048241 -0.7778058609990857
    outer loop
      vertex -28.88512025774449 -25.336739753824247 143.5669872981078
      vertex -25.450035749542213 1.8283182556469475 140.29572070478994
      vertex -26.673589905673246 -26.61828197015263 141.8038327141595
    endloop
  endfacet
  facet normal 0.03471225610695789 -0.5857905610287324 0.8097187646866087
    outer loop
      vertex -30.390511059161216 -30.70552943682874 120.43301270189222
      vertex -18.005374350210754 -22.285710392723136 125.99338091935452
      vertex -22.047092451237795 -22.36211082890532 126.1113755906253
    endloop
  endfacet
  facet normal 0.03945125412034003 -0.8728829147714728 -0.48633220708522884
    outer loop
      vertex -28.451112520521452 -29.081149275856504 144
      vertex -28.52836676911519 -28.843385146782715 143.5669872981078
      vertex -10.982152559252238 -26.912268298595805 141.5243120792067
    endloop
  endfacet
  facet normal -0.02239337356226636 -0.6233274580888392 -0.7816402093118081
    outer loop
      vertex -28.52836676911519 -28.843385146782715 143.5669872981078
      vertex -26.394081408485775 -26.7090997861533 141.8038327141595
      vertex -10.982152559252238 -26.912268298595805 141.5243120792067
    endloop
  endfacet
  facet normal 0.03945125412034001 -0.8728829147714731 -0.4863322070852285
    outer loop
      vertex -28.451112520521452 -29.081149275856504 144
      vertex -10.982152559252238 -26.912268298595805 141.5243120792067
      vertex -10.904898310658503 -27.150032427669593 141.95732478109892
    endloop
  endfacet
  facet normal -0.022393373562266367 -0.6233274580888334 -0.7816402093118129
    outer loop
      vertex -26.394081408485775 -26.7090997861533 141.8038327141595
      vertex -17.258989196232882 -22.21622129100237 137.95922489010073
      vertex -10.982152559252238 -26.912268298595805 141.5243120792067
    endloop
  endfacet
  facet normal -0.20188887745557582 -0.6213500744838217 0.7570765919632417
    outer loop
      vertex -26.783201776454156 -27.09822015412168 132.4330127018922
      vertex -21.717998537083044 -22.03301691475057 137.9408736639207
      vertex -21.997507034270516 -21.9421990987499 137.9408736639207
    endloop
  endfacet
  facet normal -0.16942757320826438 -0.521444452806632 -0.8362953904416492
    outer loop
      vertex -26.394081408485775 -26.7090997861533 141.8038327141595
      vertex -21.997507034270516 -21.9421990987499 137.9408736639207
      vertex -21.717998537083044 -22.03301691475057 137.9408736639207
    endloop
  endfacet
  facet normal -0.022393373562269957 -0.6233274580888291 -0.7816402093118161
    outer loop
      vertex -26.394081408485775 -26.7090997861533 141.8038327141595
      vertex -21.717998537083044 -22.03301691475057 137.9408736639207
      vertex -17.258989196232882 -22.21622129100237 137.95922489010073
    endloop
  endfacet
  facet normal -0.2324413727432952 -0.7153809862504574 -0.6589393392024301
    outer loop
      vertex -24.922745751406264 -25.23776412907379 155.5669872981078
      vertex -21.422851126984153 -21.367543191463536 150.1306708282971
      vertex -21.14334262979668 -21.458361007464205 150.1306708282971
    endloop
  endfacet
  facet normal -0.9328555958572646 0.06697351562535578 0.3539703172337591
    outer loop
      vertex -29.589166997514834 -27.90214514297504 84
      vertex -29.52000558214134 -27.702853712558397 84.14456117682255
      vertex -23.881999334190645 21.24760383866936 89.74124922593737
    endloop
  endfacet
  facet normal -0.8956182354445528 0.06430009333950465 -0.44015164924797956
    outer loop
      vertex -29.589166997514834 -27.90214514297504 84
      vertex -25.745523204729917 25.634907333688677 84
      vertex -29.386912748921095 -28.049091456048156 83.56698729810778
    endloop
  endfacet
  facet normal -0.55659180295618 0.03996000021629891 -0.8298245376371455
    outer loop
      vertex -29.386912748921095 -28.049091456048156 83.56698729810778
      vertex -25.56640617191213 25.165689134368854 83.56698729810778
      vertex -28.89022363960561 -28.541023077938753 83.21015201408146
    endloop
  endfacet
  facet normal -0.9011819553979448 0.03313099938529898 -0.43217290538032116
    outer loop
      vertex -31.218541056871544 -27.703066685671605 95.56698729810778
      vertex -31.420795305465283 -27.55612037259849 96
      vertex -29.13112555788197 29.075817622361352 95.56698729810778
    endloop
  endfacet
  facet normal -0.9011819553979449 0.03313099938529898 0.4321729053803211
    outer loop
      vertex -31.218541056871544 -27.703066685671605 96.43301270189222
      vertex -29.33337980647571 29.222763935434468 96
      vertex -31.420795305465283 -27.55612037259849 96
    endloop
  endfacet
  facet normal -0.8976772282472265 0.05338198149490492 0.4374082280182373
    outer loop
      vertex -29.52000558214134 -27.702853712558397 84.14456117682255
      vertex -29.3177513335476 -27.849800025631513 84.57757387871477
      vertex -23.72828178416182 20.679250826438675 90.12608093106314
    endloop
  endfacet
  facet normal -0.7045014672642747 0 0.7097025310807932
    outer loop
      vertex -29.3177513335476 -28.14369265177775 84.57757387871477
      vertex -23.719435927605012 20.462159946662595 90.13486196065027
      vertex -29.3177513335476 -27.849800025631513 84.57757387871477
    endloop
  endfacet
  facet normal -0.48555011239437196 0.017850735224891317 -0.8740265668763986
    outer loop
      vertex -31.339388588817357 -30.990188027150502 95.56698729810778
      vertex -23.9108594794424 0.515406222230389 92.08365482480106
      vertex -23.883706314640396 0.36808697676463625 92.06556157722126
    endloop
  endfacet
  facet normal -0.5122481959035501 -0.03909268465248432 0.8579472873086199
    outer loop
      vertex -29.3177513335476 -28.14369265177775 84.57757387871477
      vertex -20.865526692220136 -20.72028941832253 89.96233079080625
      vertex -23.379564777621336 16.008682653750455 90.13486196065028
    endloop
  endfacet
  facet normal -0.678573246627482 0.03205300370047929 0.7338330558888824
    outer loop
      vertex -31.339388588817357 -30.990188027150502 96.43301270189222
      vertex -23.120684795053112 15.647495433162664 101.99574204899746
      vertex -31.048837629333526 -29.271391960855606 96.62660922915995
    endloop
  endfacet
  facet normal -0.6481240838715361 0.023827594966504387 0.761161886607438
    outer loop
      vertex -31.048837629333526 -29.271391960855606 96.62660922915995
      vertex -22.990807279220395 18.397047656292628 101.99574204899746
      vertex -31.218541056871544 -27.703066685671605 96.43301270189222
    endloop
  endfacet
  facet normal -0.9029725149973257 -0.02175122916114089 -0.4291474352590076
    outer loop
      vertex -27.517351912430158 -27.406736041388918 108
      vertex -28.855807258014497 28.157406134680787 108
      vertex -27.31509766383642 -27.259789728315802 107.56698729810778
    endloop
  endfacet
  facet normal -0.9029725149973257 -0.02175122916114089 0.4291474352590076
    outer loop
      vertex -27.517351912430158 -27.406736041388918 108
      vertex -27.31509766383642 -27.259789728315802 108.43301270189222
      vertex -28.855807258014497 28.157406134680787 108
    endloop
  endfacet
  facet normal -0.9028816775882847 -0.02174904102665436 -0.4293386256671832
    outer loop
      vertex -27.31509766383642 -27.259789728315802 107.56698729810778
      vertex -28.653553009420758 28.304352447753903 107.56698729810778
      vertex -27.300520165041362 -27.216787330968668 107.53415303482815
    endloop
  endfacet
  facet normal -0.7165249902955696 -0.01725999297293046 0.6973478550368591
    outer loop
      vertex -27.31509766383642 -27.259789728315802 108.43301270189222
      vertex -27.30106924543142 -26.951868683764566 108.4550482288042
      vertex -28.653553009420758 28.304352447753903 108.43301270189222
    endloop
  endfacet
  facet normal -0.8240761123297108 0 -0.566479091483128
    outer loop
      vertex -24.874087862943824 -20.059015791579586 102.06887273144311
      vertex -26.327524518111193 -1.4603280296540453 104.18323572615127
      vertex -24.874087862943824 -19.765123165433348 102.06887273144311
    endloop
  endfacet
  facet normal -0.671359905400367 0.03171227518778361 -0.740452705460129
    outer loop
      vertex -24.874087862943824 -19.765123165433348 102.06887273144311
      vertex -26.327524518111193 -1.1664354035078086 104.18323572615127
      vertex -24.788906808366388 -19.66934533000534 101.99574204899746
    endloop
  endfacet
  facet normal -0.6489582821055218 0.012791223859064296 -0.7607164601077312
    outer loop
      vertex -23.80259601756413 -20.68477983790242 113.87049606188856
      vertex -26.09537163291328 -0.34782210478785974 116.16839599601047
      vertex -23.798868999145675 -20.484598528434383 113.87068257615377
    endloop
  endfacet
  facet normal -0.6785732466272888 0.03205300370042379 0.7338330558890636
    outer loop
      vertex -31.339388588817357 -30.990188027150502 96.43301270189222
      vertex -24.788906808366388 -19.66934533000534 101.99574204899746
      vertex -23.120684795053112 15.647495433162664 101.99574204899746
    endloop
  endfacet
  facet normal -0.8478437951903488 0.015291498119169014 0.5300255362173574
    outer loop
      vertex -27.30106924543142 -26.951868683764566 108.4550482288042
      vertex -23.798868999145675 -20.484598528434383 113.87068257615377
      vertex -23.11177536130404 17.611608463117854 113.87068257615377
    endloop
  endfacet
  facet normal -0.5565918029561789 0.03996000021629881 -0.8298245376371461
    outer loop
      vertex -28.89022363960561 -28.541023077938753 83.21015201408146
      vertex -25.55796690337122 24.85956578003751 83.54658549479846
      vertex -20.532028733847724 -14.668513875552165 78.27205110784053
    endloop
  endfacet
  facet normal -0.8240761123297113 0 -0.5664790914831269
    outer loop
      vertex -24.874087862943824 -19.765123165433348 102.06887273144311
      vertex -26.327524518111193 -1.4603280296540453 104.18323572615127
      vertex -26.327524518111193 -1.1664354035078086 104.18323572615127
    endloop
  endfacet
  facet normal -0.902881677588245 -0.021749041026653346 -0.4293386256672667
    outer loop
      vertex -27.300520165041362 -27.216787330968668 107.53415303482815
      vertex -28.653553009420758 28.304352447753903 107.56698729810778
      vertex -26.327524518111193 -1.4603280296540453 104.18323572615127
    endloop
  endfacet
  facet normal -0.671359905400356 0.03171227518778572 -0.740452705460139
    outer loop
      vertex -24.788906808366388 -19.66934533000534 101.99574204899746
      vertex -26.327524518111193 -1.1664354035078086 104.18323572615127
      vertex -23.120684795053112 15.647495433162664 101.99574204899746
    endloop
  endfacet
  facet normal -0.6536906507255799 0.011789800683561526 -0.7566700296389505
    outer loop
      vertex -23.798868999145675 -20.484598528434383 113.87068257615377
      vertex -26.09537163291328 -0.34782210478785974 116.16839599601047
      vertex -23.11177536130404 17.611608463117854 113.87068257615377
    endloop
  endfacet
  facet normal -0.48555011239441576 0.01785073522490693 -0.8740265668763739
    outer loop
      vertex -20.87341781225142 -20.524217250584567 89.96655339920704
      vertex -23.883706314640396 0.36808697676463625 92.06556157722126
      vertex -20.98623837027644 -15.352098660429558 90.13486196065027
    endloop
  endfacet
  facet normal -0.5122481959040432 -0.039092684652516675 0.857947287308324
    outer loop
      vertex -20.865526692220136 -20.72028941832253 89.96233079080625
      vertex -20.87341781225142 -20.524217250584567 89.96655339920704
      vertex -23.379564777621336 16.008682653750455 90.13486196065028
    endloop
  endfacet
  facet normal -0.5122481959035432 -0.039092684652483764 0.857947287308624
    outer loop
      vertex -20.87341781225142 -20.524217250584567 89.96655339920704
      vertex -20.98623837027644 -15.352098660429558 90.13486196065027
      vertex -23.379564777621336 16.008682653750455 90.13486196065028
    endloop
  endfacet
  facet normal -0.9035627429881541 0.017809578265610845 -0.42808549193557605
    outer loop
      vertex -30.602829500624456 -26.91195494712927 119.56698729810778
      vertex -30.805083749218195 -26.765008634056155 120
      vertex -29.694426287039235 29.58381041599799 120
    endloop
  endfacet
  facet normal -0.9035627429881541 0.01780957826561085 0.4280854919355761
    outer loop
      vertex -30.805083749218195 -26.765008634056155 120
      vertex -30.602829500624456 -26.91195494712927 120.43301270189222
      vertex -29.694426287039235 29.58381041599799 120
    endloop
  endfacet
  facet normal -0.6773264685805437 0 0.7356825775837088
    outer loop
      vertex -30.216750724330183 -26.829767447871482 120.85032716150207
      vertex -24.340834409138836 22.23607085149808 126.26015168190197
      vertex -30.216750724330183 -26.535874821725244 120.85032716150207
    endloop
  endfacet
  facet normal -0.7404886133344163 0.014595322811075066 0.6719104033084425
    outer loop
      vertex -30.602829500624456 -26.91195494712927 120.43301270189222
      vertex -30.216750724330183 -26.535874821725244 120.85032716150207
      vertex -24.37280303903442 23.075244321414054 126.21307552977909
    endloop
  endfacet
  facet normal -0.5435534540899297 -0.027403461922609118 0.838927108169454
    outer loop
      vertex -30.216750724330183 -26.829767447871482 120.85032716150207
      vertex -22.329981081221167 -22.085047903653493 126.11526922795247
      vertex -24.340834409138836 22.23607085149808 126.26015168190197
    endloop
  endfacet
  facet normal -0.9022709920790982 0.026307801077322408 -0.4303660726115337
    outer loop
      vertex -27.062710273641628 -26.713509711974773 131.5669872981078
      vertex -27.264964522235367 -26.566563398901657 132
      vertex -25.742983750843592 25.63236787980235 132
    endloop
  endfacet
  facet normal -0.9022709920790982 0.026307801077322404 0.4303660726115337
    outer loop
      vertex -27.062710273641628 -26.713509711974773 132.4330127018922
      vertex -25.540729502249853 25.485421566729233 132.4330127018922
      vertex -27.264964522235367 -26.566563398901657 132
    endloop
  endfacet
  facet normal -0.6283439656553651 -0.014209272323048907 -0.7778058609990919
    outer loop
      vertex -26.673589905673246 -26.61828197015263 141.8038327141595
      vertex -25.450035749542213 1.8283182556469475 140.29572070478994
      vertex -21.997507034270516 -21.9421990987499 137.9408736639207
    endloop
  endfacet
  facet normal -0.6271477771771841 -0.014182221903593091 0.7787711667515652
    outer loop
      vertex -28.88512025774449 -25.336739753824247 144.4330127018922
      vertex -28.34564405010451 -25.01673102848959 144.87328290430014
      vertex -22.742358567134158 20.27003582287627 150.21035133950366
    endloop
  endfacet
  facet normal -0.5978010095276597 -0.020478075372458365 0.8013829305873384
    outer loop
      vertex -28.34564405010451 -25.01673102848959 144.87328290430014
      vertex -21.424889626876013 -21.193287321563396 150.1336030189577
      vertex -22.742358567134158 20.27003582287627 150.21035133950366
    endloop
  endfacet
  facet normal -0.9060374296629655 0 -0.42319756148839854
    outer loop
      vertex -25.404508497187475 -25.293892626146235 156
      vertex -25.202254248593736 24.28237975559826 155.5669872981078
      vertex -25.202254248593736 -25.14694631307312 155.5669872981078
    endloop
  endfacet
  facet normal -0.9060374296629654 0 -0.42319756148839843
    outer loop
      vertex -25.404508497187475 -25.293892626146235 156
      vertex -25.404508497187475 -24.706107373853765 156
      vertex -25.202254248593736 24.28237975559826 155.5669872981078
    endloop
  endfacet
  facet normal -0.90603742966297 0 0.42319756148838883
    outer loop
      vertex -25.404508497187475 -24.706107373853765 156
      vertex -25.20343612235941 -24.852195005373385 156.43048238989073
      vertex -25.404508497187475 24.706107373853765 156
    endloop
  endfacet
  facet normal -0.9060374296622035 0 0.4231975614900302
    outer loop
      vertex -25.202254248593736 -25.14694631307312 156.4330127018922
      vertex -25.202254248593736 25.14694631307312 156.4330127018922
      vertex -25.20343612235941 -24.852195005373385 156.43048238989073
    endloop
  endfacet
  facet normal -0.7644575214842487 0.02228953006782188 -0.6442886578976191
    outer loop
      vertex -27.062710273641628 -26.713509711974773 131.5669872981078
      vertex -25.588138559059793 23.85944695198608 131.5669872981078
      vertex -22.32733458355017 -17.702123384654712 126.26015168190199
    endloop
  endfacet
  facet normal -0.7193862886926066 0.020975373858654656 0.6942934547671953
    outer loop
      vertex -27.062710273641628 -26.713509711974773 132.4330127018922
      vertex -23.10562038574741 -0.9336761736899368 135.75428059828778
      vertex -25.540729502249853 25.485421566729233 132.4330127018922
    endloop
  endfacet
  facet normal -0.9031729458500225 -0.020424211966462876 -0.42879071987409095
    outer loop
      vertex -29.08737450633823 -25.483686066897363 144
      vertex -30.333829554720097 29.635428431386384 144
      vertex -28.88512025774449 -25.336739753824247 143.5669872981078
    endloop
  endfacet
  facet normal -0.9031729458500225 -0.020424211966462876 0.42879071987409095
    outer loop
      vertex -29.08737450633823 -25.483686066897363 144
      vertex -28.88512025774449 -25.336739753824247 144.4330127018922
      vertex -30.333829554720097 29.635428431386384 144
    endloop
  endfacet
  facet normal -0.572779267085039 0 -0.8197096505455609
    outer loop
      vertex -21.957366753632904 -18.73295123492112 137.85518778399765
      vertex -25.450035749542213 1.8283182556469475 140.29572070478994
      vertex -25.450035749542213 2.122210881793184 140.29572070478994
    endloop
  endfacet
  facet normal -0.8210738378798903 1.3916728520635196e-16 -0.5708219974293105
    outer loop
      vertex -25.202254248593736 -25.14694631307312 155.5669872981078
      vertex -23.15128357842187 1.74894455842791 152.61685859402672
      vertex -23.003879646316303 0.12945920926356713 152.40483188027434
    endloop
  endfacet
  facet normal -0.6283439656553562 -0.014209272323046897 -0.7778058609990991
    outer loop
      vertex -21.997507034270516 -21.9421990987499 137.9408736639207
      vertex -25.450035749542213 1.8283182556469475 140.29572070478994
      vertex -22.00031285815332 -21.651112296486463 137.93782263376454
    endloop
  endfacet
  facet normal -0.7492278516591442 0.029762308836963666 0.6616432809837312
    outer loop
      vertex -22.00031285815332 -21.651112296486463 137.93782263376454
      vertex -21.96366280463884 -18.989249355381958 137.85958720454653
      vertex -23.10562038574741 -0.9336761736899368 135.75428059828778
    endloop
  endfacet
  facet normal -0.6283439656553577 -0.014209272323047221 -0.7778058609990981
    outer loop
      vertex -22.00031285815332 -21.651112296486463 137.93782263376454
      vertex -25.450035749542213 1.8283182556469475 140.29572070478994
      vertex -21.96366280463884 -18.989249355381958 137.85958720454653
    endloop
  endfacet
  facet normal -0.5727792670852317 -4.8002712403366336e-14 -0.8197096505454262
    outer loop
      vertex -21.96366280463884 -18.989249355381958 137.85958720454653
      vertex -25.450035749542213 1.8283182556469475 140.29572070478994
      vertex -21.957366753632904 -18.73295123492112 137.85518778399765
    endloop
  endfacet
  facet normal -0.7492278516588985 0.029762308837011375 0.6616432809840072
    outer loop
      vertex -21.96366280463884 -18.989249355381958 137.85958720454653
      vertex -21.957366753632904 -18.73295123492112 137.85518778399765
      vertex -23.10562038574741 -0.9336761736899368 135.75428059828778
    endloop
  endfacet
  facet normal -0.7492278516591447 0.029762308836962844 0.6616432809837305
    outer loop
      vertex -21.957366753632904 -18.73295123492112 137.85518778399765
      vertex -21.931133056479354 -18.072551644717926 137.85518778399765
      vertex -23.10562038574741 -0.9336761736899368 135.75428059828778
    endloop
  endfacet
  facet normal -0.8210738378798629 5.4173499137615755e-15 -0.5708219974293498
    outer loop
      vertex -21.422851126984153 -21.367543191463536 150.1306708282971
      vertex -23.003879646316303 0.12945920926356713 152.40483188027434
      vertex -21.424889626876013 -21.193287321563396 150.1336030189577
    endloop
  endfacet
  facet normal -0.8210738378798883 -3.1388655186328392e-16 -0.5708219974293133
    outer loop
      vertex -25.202254248593736 -25.14694631307312 155.5669872981078
      vertex -23.003879646316303 0.12945920926356713 152.40483188027434
      vertex -21.422851126984153 -21.367543191463536 150.1306708282971
    endloop
  endfacet
  facet normal -0.821073837879887 -3.1351871771666163e-17 -0.5708219974293153
    outer loop
      vertex -21.424889626876013 -21.193287321563396 150.1336030189577
      vertex -23.003879646316303 0.12945920926356713 152.40483188027434
      vertex -21.47824613102004 -16.632245115196014 150.21035133950366
    endloop
  endfacet
  facet normal -0.49168262842652904 0.01953158869440621 -0.8705554031459758
    outer loop
      vertex -21.957366753632904 -18.73295123492112 137.85518778399765
      vertex -25.450035749542213 2.122210881793184 140.29572070478994
      vertex -21.931133056479354 -18.072551644717926 137.85518778399765
    endloop
  endfacet
  facet normal -0.5435534540885871 -0.027403461922551046 0.8389271081703259
    outer loop
      vertex -22.329981081221167 -22.085047903653493 126.11526922795247
      vertex -22.331839681904977 -21.982639120238122 126.11741018436919
      vertex -24.340834409138836 22.23607085149808 126.26015168190197
    endloop
  endfacet
  facet normal -0.5435534540899485 -0.02740346192261004 0.8389271081694418
    outer loop
      vertex -22.331839681904977 -21.982639120238122 126.11741018436919
      vertex -22.32733458355017 -17.702123384654712 126.26015168190199
      vertex -24.340834409138836 22.23607085149808 126.26015168190197
    endloop
  endfacet
  facet normal -0.5978010095275806 -0.02047807537245596 0.8013829305873975
    outer loop
      vertex -21.424889626876013 -21.193287321563396 150.1336030189577
      vertex -21.47824613102004 -16.632245115196014 150.21035133950366
      vertex -22.742358567134158 20.27003582287627 150.21035133950366
    endloop
  endfacet
  facet normal -0.7492278516591403 0.029762308836963777 0.6616432809837356
    outer loop
      vertex -21.931133056479354 -18.072551644717926 137.85518778399765
      vertex -20.602516499126583 15.373661631178223 137.85518778399765
      vertex -23.10562038574741 -0.9336761736899368 135.75428059828778
    endloop
  endfacet
  facet normal -0.49168262842652644 0.01953158869440683 -0.8705554031459771
    outer loop
      vertex -21.931133056479354 -18.072551644717926 137.85518778399765
      vertex -25.450035749542213 2.122210881793184 140.29572070478994
      vertex -20.602516499126583 15.373661631178223 137.85518778399765
    endloop
  endfacet
  facet normal 0.016223873005509305 -0.8752121462637819 -0.4834671498427226
    outer loop
      vertex -29.106617004248456 -29.736653759583508 84
      vertex -29.183871252842195 -29.49888963050972 83.56698729810778
      vertex 28.35054626630875 -28.671566027268852 84
    endloop
  endfacet
  facet normal 0.016223873005509305 -0.8752121462637819 0.4834671498427226
    outer loop
      vertex -29.106617004248456 -29.736653759583508 84
      vertex 28.35054626630875 -28.671566027268852 84
      vertex -29.183871252842195 -29.49888963050972 84.43301270189222
    endloop
  endfacet
  facet normal 0.010347832304431984 -0.5582235830657813 -0.8296260324241277
    outer loop
      vertex -29.183871252842195 -29.49888963050972 83.56698729810778
      vertex -26.316656854654024 -28.920768031728254 83.2137538590727
      vertex 28.27329201771501 -28.433801898195064 83.56698729810778
    endloop
  endfacet
  facet normal 0.048583882613353765 -0.8718341504009364 -0.4873856999798921
    outer loop
      vertex -31.059880091629886 -31.37489846929741 95.56698729810778
      vertex 28.0045214959322 -28.3255412568923 96
      vertex -30.982625843036146 -31.612662598371198 96
    endloop
  endfacet
  facet normal 0.048583882613353765 -0.8718341504009364 0.4873856999798921
    outer loop
      vertex -31.059880091629886 -31.37489846929741 96.43301270189222
      vertex -30.982625843036146 -31.612662598371198 96
      vertex 28.0045214959322 -28.3255412568923 96
    endloop
  endfacet
  facet normal -0.009965031626938256 -0.4640181641274269 -0.8857696322997795
    outer loop
      vertex -31.059880091629886 -31.37489846929741 95.56698729810778
      vertex -20.582538925742444 -20.897557303409968 89.96046900291364
      vertex 17.973387332679103 -21.614617379302267 89.90234765543327
    endloop
  endfacet
  facet normal -0.0023010735155752794 -0.5982535270033712 -0.801303576984842
    outer loop
      vertex -26.46091196051175 -27.3528179357966 107.56698729810778
      vertex -26.45912761304729 -27.35251553605062 107.56675640230922
      vertex 5.737879109384433 -27.45908226596863 107.5538602194992
    endloop
  endfacet
  facet normal -0.0023010735155842227 -0.5982535270063418 -0.8013035769826241
    outer loop
      vertex -26.45912761304729 -27.35251553605062 107.56675640230922
      vertex -26.209849717969508 -27.31026951970578 107.53449966992325
      vertex 5.737879109384433 -27.45908226596863 107.5538602194992
    endloop
  endfacet
  facet normal 0.1070518989930653 -0.919839478536298 -0.37740591496166265
    outer loop
      vertex -26.209849717969508 -27.31026951970578 107.53449966992325
      vertex -22.41295515379429 -24.68861192279403 102.22181297375343
      vertex 14.846241797533729 -20.352346866043817 102.22181297375344
    endloop
  endfacet
  facet normal -0.0033724528710018945 -0.8768002460918132 0.48084296294629153
    outer loop
      vertex -26.958334918055208 -27.58837167339026 108
      vertex 27.399472239105155 -27.55998211958521 108.43301270189222
      vertex -27.035589166648947 -27.35060754431647 108.43301270189222
    endloop
  endfacet
  facet normal -0.0033724528710018875 -0.8768002460918136 -0.4808429629462907
    outer loop
      vertex -26.958334918055208 -27.58837167339026 108
      vertex -26.46091196051175 -27.3528179357966 107.56698729810778
      vertex 27.399472239105155 -27.55998211958521 107.56698729810778
    endloop
  endfacet
  facet normal 0.0024789594369029684 -0.5303042672734302 -0.847803773801285
    outer loop
      vertex -26.316656854654024 -28.920768031728254 83.2137538590727
      vertex -20.287813148270892 -20.602831525938416 78.02848328022218
      vertex 16.922022180466872 -20.202475368026967 77.88685981705038
    endloop
  endfacet
  facet normal 0.010153862925313907 -0.54775972178249 0.8365740769713481
    outer loop
      vertex -29.183871252842195 -29.49888963050972 84.43301270189222
      vertex 28.27329201771501 -28.433801898195064 84.43301270189222
      vertex -15.591230790586188 -20.89379973249007 89.90234765543327
    endloop
  endfacet
  facet normal 0.03798845184121485 -0.6816999353388272 0.7306449723947648
    outer loop
      vertex -31.059880091629886 -31.37489846929741 96.43301270189222
      vertex 27.92726724733846 -28.087777127818512 96.43301270189222
      vertex -3.939721517182547 -29.656102403004365 96.62660922915974
    endloop
  endfacet
  facet normal -0.0032409859124390527 -0.8426202987270935 0.5384984012821014
    outer loop
      vertex -27.035589166648947 -27.35060754431647 108.43301270189222
      vertex 27.399472239105155 -27.55998211958521 108.43301270189222
      vertex -23.575612111958627 -23.89063048962615 113.8678675303107
    endloop
  endfacet
  facet normal 0.04551291316458048 -0.6672407458037346 -0.74345030894778
    outer loop
      vertex -19.768312479866804 -23.805276604368366 114.02434027111154
      vertex 16.524378321838704 -21.329729217079677 114.02434027111154
      vertex -19.261927664792868 -28.48151535492256 118.2522275175922
    endloop
  endfacet
  facet normal -0.0032409859124395172 -0.8426202987270954 0.5384984012820982
    outer loop
      vertex -23.575612111958627 -23.89063048962615 113.8678675303107
      vertex 27.399472239105155 -27.55998211958521 108.43301270189222
      vertex -19.768312479866804 -23.805276604368366 114.02434027111154
    endloop
  endfacet
  facet normal 0.03798845184121574 -0.6816999353388433 0.7306449723947496
    outer loop
      vertex -22.41295515379429 -24.68861192279403 102.22181297375343
      vertex -3.939721517182547 -29.656102403004365 96.62660922915974
      vertex 24.479537442602634 -27.854973166501086 96.8294793498129
    endloop
  endfacet
  facet normal -0.0023010735155835544 -0.5982535270062109 -0.8013035769827218
    outer loop
      vertex -26.209849717969508 -27.31026951970578 107.53449966992325
      vertex 14.846241797533729 -20.352346866043817 102.22181297375344
      vertex 5.737879109384433 -27.45908226596863 107.5538602194992
    endloop
  endfacet
  facet normal -0.009965031626937605 -0.464018164127391 -0.8857696322997982
    outer loop
      vertex -20.582538925742444 -20.897557303409968 89.96046900291364
      vertex -15.591230790586188 -20.89379973249007 89.90234765543327
      vertex 17.973387332679103 -21.614617379302267 89.90234765543327
    endloop
  endfacet
  facet normal 0.0516405775553429 -0.8714663433221433 -0.4877290879232884
    outer loop
      vertex -30.390511059161216 -30.70552943682874 119.56698729810778
      vertex 27.213409757389865 -27.534429518349967 120
      vertex -30.313256810567477 -30.94329356590253 120
    endloop
  endfacet
  facet normal 0.0516405775553429 -0.8714663433221433 0.48772908792328845
    outer loop
      vertex -30.313256810567477 -30.94329356590253 120
      vertex 27.213409757389865 -27.534429518349967 120
      vertex -30.390511059161216 -30.70552943682874 120.43301270189222
    endloop
  endfacet
  facet normal -0.03958377601948309 -0.8788271805092572 -0.475495437911016
    outer loop
      vertex -26.783201776454156 -27.09822015412168 131.5669872981078
      vertex 29.471512194249097 -29.63202207472915 131.5669872981078
      vertex -26.705947527860417 -27.33598428319547 132
    endloop
  endfacet
  facet normal -0.03958377601948308 -0.8788271805092573 0.47549543791101606
    outer loop
      vertex -26.705947527860417 -27.33598428319547 132
      vertex 29.471512194249097 -29.63202207472915 132.4330127018922
      vertex -26.783201776454156 -27.09822015412168 132.4330127018922
    endloop
  endfacet
  facet normal -0.004976162985588803 -0.752994881899795 -0.6580075574297417
    outer loop
      vertex -26.783201776454156 -27.09822015412168 131.5669872981078
      vertex -22.047092451237795 -22.36211082890532 126.1113755906253
      vertex 18.549061283304788 -22.527280201404512 125.99338091935452
    endloop
  endfacet
  facet normal 0.055306462256838045 -0.8710141224363499 0.4881348110400119
    outer loop
      vertex -28.451112520521452 -29.081149275856504 144
      vertex 25.344301937938607 -25.665321698898705 144
      vertex -28.52836676911519 -28.843385146782715 144.4330127018922
    endloop
  endfacet
  facet normal 0.04034104318282397 -0.6353257267275296 0.7711898736323356
    outer loop
      vertex -28.52836676911519 -28.843385146782715 144.4330127018922
      vertex 24.21477731710492 -25.49437319327714 144.4330127018922
      vertex -21.14334262979668 -21.458361007464205 150.1306708282971
    endloop
  endfacet
  facet normal -0.036122173242781 -0.8786843773361538 -0.47603461389440394
    outer loop
      vertex -24.922745751406264 -25.23776412907379 155.5669872981078
      vertex 23.90819218234955 -24.22921194330965 150
      vertex -24.845491502812525 -25.475528258147577 156
    endloop
  endfacet
  facet normal 0 -0.8765515079563075 0.4813080654835563
    outer loop
      vertex -24.922745751406264 -25.23776412907379 156.4330127018922
      vertex -24.845491502812525 -25.475528258147577 156
      vertex 25.154508497187475 -25.475528258147577 156
    endloop
  endfacet
  facet normal 0 0 1
    outer loop
      vertex -25.202254248593736 -25.14694631307312 156.4330127018922
      vertex -24.922745751406264 -25.23776412907379 156.4330127018922
      vertex 25.25 -25 156.4330127018922
    endloop
  endfacet
  facet normal -0.05264463312293422 -0.802410321535251 -0.5944461443201117
    outer loop
      vertex -24.922745751406264 -25.23776412907379 155.5669872981078
      vertex -21.14334262979668 -21.458361007464205 150.1306708282971
      vertex 21.054605858736252 -24.06242066590487 149.90866388931042
    endloop
  endfacet
  facet normal 0.038094940150645996 -0.6428754240128469 -0.7650228524267892
    outer loop
      vertex -30.390511059161216 -30.70552943682874 119.56698729810778
      vertex -19.261927664792868 -28.48151535492256 118.2522275175922
      vertex 27.136155508796126 -27.29666538927618 119.56698729810778
    endloop
  endfacet
  facet normal 0.034712256106957586 -0.5857905610287321 0.8097187646866092
    outer loop
      vertex -30.390511059161216 -30.70552943682874 120.43301270189222
      vertex 27.136155508796126 -27.29666538927618 120.43301270189222
      vertex -18.005374350210754 -22.285710392723136 125.99338091935452
    endloop
  endfacet
  facet normal -0.03245822839789621 -0.7206278989960073 0.6925618344941268
    outer loop
      vertex -26.783201776454156 -27.09822015412168 132.4330127018922
      vertex 29.471512194249097 -29.63202207472915 132.4330127018922
      vertex -21.717998537083044 -22.03301691475057 137.9408736639207
    endloop
  endfacet
  facet normal -0.03245822839789383 -0.7206278989959983 0.6925618344941363
    outer loop
      vertex -21.717998537083044 -22.03301691475057 137.9408736639207
      vertex 29.471512194249097 -29.63202207472915 132.4330127018922
      vertex -17.258989196232882 -22.21622129100237 137.95922489010073
    endloop
  endfacet
  facet normal 0.05885373204200744 -0.9268796027598956 -0.37071611809089966
    outer loop
      vertex -28.451112520521452 -29.081149275856504 144
      vertex -10.904898310658503 -27.150032427669593 141.95732478109892
      vertex 25.344301937938607 -25.665321698898705 144
    endloop
  endfacet
  facet normal -0.022393373562266398 -0.6233274580888334 -0.7816402093118128
    outer loop
      vertex -17.258989196232882 -22.21622129100237 137.95922489010073
      vertex 19.64130775302626 -23.541884268656048 137.95922489010076
      vertex -10.982152559252238 -26.912268298595805 141.5243120792067
    endloop
  endfacet
  facet normal 0.03945125412034068 -0.8728829147714728 -0.48633220708522856
    outer loop
      vertex -10.982152559252238 -26.912268298595805 141.5243120792067
      vertex 19.64130775302626 -23.541884268656048 137.95922489010076
      vertex -10.904898310658503 -27.150032427669593 141.95732478109892
    endloop
  endfacet
  facet normal -0.004976162985588804 -0.752994881899793 -0.6580075574297439
    outer loop
      vertex -22.047092451237795 -22.36211082890532 126.1113755906253
      vertex -18.005374350210754 -22.285710392723136 125.99338091935452
      vertex 18.549061283304788 -22.527280201404512 125.99338091935452
    endloop
  endfacet
  facet normal -0.05264463312293391 -0.8024103215352454 -0.5944461443201189
    outer loop
      vertex -21.14334262979668 -21.458361007464205 150.1306708282971
      vertex -17.78210719136201 -21.514416913521337 149.90866388931042
      vertex 21.054605858736252 -24.06242066590487 149.90866388931042
    endloop
  endfacet
  facet normal 0.040341043182819725 -0.6353257267275519 0.7711898736323176
    outer loop
      vertex -21.14334262979668 -21.458361007464205 150.1306708282971
      vertex 24.21477731710492 -25.49437319327714 144.4330127018922
      vertex -17.78210719136201 -21.514416913521337 149.90866388931042
    endloop
  endfacet
  facet normal 0 0 1
    outer loop
      vertex -25.202254248593736 -25.14694631307312 156.4330127018922
      vertex 25.25 -25 156.4330127018922
      vertex -3.6955181300451474 -3.6955181300451474 156.4330127018922
    endloop
  endfacet
  facet normal 0 0 1
    outer loop
      vertex -25.202254248593736 -25.14694631307312 156.4330127018922
      vertex -3.6955181300451474 -3.6955181300451474 156.4330127018922
      vertex -5.226251859505506 0 156.4330127018922
    endloop
  endfacet
  facet normal 0 0 1
    outer loop
      vertex -25.202254248593736 -25.14694631307312 156.4330127018922
      vertex -5.226251859505506 0 156.4330127018922
      vertex -3.6955181300451474 3.6955181300451474 156.4330127018922
    endloop
  endfacet
  facet normal -0.7810078357199902 -0.00806317490666911 -0.6244691711801322
    outer loop
      vertex -27.90860029976273 -26.489521824319592 11.566987298107781
      vertex -28.472425797458804 28.123225235791946 11.566987298107781
      vertex -25.54374697485983 -0.03782104443168019 8.267779327358406
    endloop
  endfacet
  facet normal -0.6998533731649182 -0.013166040850260722 0.7141651849803482
    outer loop
      vertex -27.74120289568575 -26.35142288245981 12.610829870080188
      vertex -23.105639539067884 15.793785771238301 17.93046777784321
      vertex -23.150193610510932 18.162099643440115 17.93046777784321
    endloop
  endfacet
  facet normal -0.7251891685730809 -0.007486899412778209 0.6885089804217999
    outer loop
      vertex -27.90860029976273 -26.489521824319592 12.433012701892219
      vertex -23.150193610510932 18.162099643440115 17.93046777784321
      vertex -23.168054752244977 19.462174482126436 17.925792200517293
    endloop
  endfacet
  facet normal -0.947155026544191 0.011644467916815726 0.320564754860866
    outer loop
      vertex -25.404508497187475 -24.706107373853765 0
      vertex -22.884070451287467 19.798040156850224 5.83039282341601
      vertex -22.865099950316278 21.34109094107511 5.830392823416008
    endloop
  endfacet
  facet normal -0.9168137004802747 0 0.3993152120964905
    outer loop
      vertex -25.404508497187475 -24.706107373853765 0
      vertex -22.865099950316278 21.34109094107511 5.830392823416008
      vertex -25.404508497187475 24.706107373853765 0
    endloop
  endfacet
  facet normal -0.7251891685730839 -0.007486899412777634 0.688508980421797
    outer loop
      vertex -27.90860029976273 -26.489521824319592 12.433012701892219
      vertex -23.168054752244977 19.462174482126436 17.925792200517293
      vertex -28.472425797458804 28.123225235791946 12.433012701892219
    endloop
  endfacet
  facet normal -0.7633426878086795 -0.06366994731963864 -0.6428484104183001
    outer loop
      vertex -26.308709766535582 -26.24290509148484 23.256939244269287
      vertex -31.343976488957402 30.994775927290544 23.56698729810778
      vertex -25.70839638354202 -0.4776960558608581 19.992228156450224
    endloop
  endfacet
  facet normal -0.7051824569817903 0.03879760902651642 -0.7079635922128701
    outer loop
      vertex -28.68999947644477 -25.819201574463083 35.56698729810778
      vertex -25.85029858714847 25.794990651627852 35.56698729810778
      vertex -24.061963465782398 0.5058482338784016 32.399789380594974
    endloop
  endfacet
  facet normal -0.9911150550360679 0.054529000296127075 0.12131585142740953
    outer loop
      vertex -28.84141842730483 -25.464699420115846 36.32201741092477
      vertex -25.563506233970646 22.232643622848677 41.66261951165848
      vertex -26.05255283574221 25.941936964700968 36
    endloop
  endfacet
  facet normal -0.9047787046919457 -0.00934099328342238 -0.4257795690030749
    outer loop
      vertex -27.90860029976273 -26.489521824319592 11.566987298107781
      vertex -28.674680046052544 27.97627892271883 12
      vertex -28.472425797458804 28.123225235791946 11.566987298107781
    endloop
  endfacet
  facet normal -0.9047787046919457 -0.00934099328342238 0.4257795690030749
    outer loop
      vertex -27.90860029976273 -26.489521824319592 12.433012701892219
      vertex -28.472425797458804 28.123225235791946 12.433012701892219
      vertex -28.674680046052544 27.97627892271883 12
    endloop
  endfacet
  facet normal -0.7478538049677981 0 -0.6638634546314374
    outer loop
      vertex -25.54374697485983 -0.03782104443168019 8.267779327358406
      vertex -28.472425797458804 28.123225235791946 11.566987298107781
      vertex -25.54374697485983 0.25607158171455635 8.267779327358406
    endloop
  endfacet
  facet normal -0.9060374296629691 0 -0.4231975614883909
    outer loop
      vertex -25.404508497187475 -24.706107373853765 0
      vertex -25.404508497187475 24.706107373853765 0
      vertex -25.202254248593736 25.14694631307312 -0.4330127018922193
    endloop
  endfacet
  facet normal 0 0 -1
    outer loop
      vertex -24.922745751406264 -25.23776412907379 -0.4330127018922193
      vertex -25.202254248593736 25.14694631307312 -0.4330127018922193
      vertex -24.922745751406264 25.23776412907379 -0.4330127018922193
    endloop
  endfacet
  facet normal -0.5782285396414646 -0.010877965107574243 -0.8158023203075716
    outer loop
      vertex -25.70839638354202 -0.4776960558608581 19.992228156450224
      vertex -23.150193610510932 18.162099643440115 17.93046777784321
      vertex -23.105639539067884 15.793785771238301 17.93046777784321
    endloop
  endfacet
  facet normal -0.7096900016027274 0.008725036792233316 -0.7044600594484366
    outer loop
      vertex -25.54374697485983 0.25607158171455635 8.267779327358406
      vertex -22.865099950316278 21.34109094107511 5.830392823416008
      vertex -22.884070451287467 19.798040156850224 5.83039282341601
    endloop
  endfacet
  facet normal -0.7096900016027022 0.008725036792227785 -0.704460059448462
    outer loop
      vertex -25.54374697485983 0.25607158171455635 8.267779327358406
      vertex -22.864280811443663 21.5595682569321 5.83227353749416
      vertex -22.865099950316278 21.34109094107511 5.830392823416008
    endloop
  endfacet
  facet normal -0.709690001602722 0.008725036792231912 -0.7044600594484421
    outer loop
      vertex -25.54374697485983 0.25607158171455635 8.267779327358406
      vertex -22.85982049760823 22.74920462656699 5.842514261385692
      vertex -22.864280811443663 21.5595682569321 5.83227353749416
    endloop
  endfacet
  facet normal -0.8935804128254162 -0.07453299641053864 -0.4426724277169578
    outer loop
      vertex -26.54890630437884 -26.493598368858223 23.56698729810778
      vertex -31.54623073755114 30.847829614217428 24
      vertex -31.343976488957402 30.994775927290544 23.56698729810778
    endloop
  endfacet
  facet normal -0.8935804128254162 -0.07453299641053864 0.4426724277169578
    outer loop
      vertex -26.54890630437884 -26.493598368858223 24.43301270189222
      vertex -31.343976488957402 30.994775927290544 24.43301270189222
      vertex -31.54623073755114 30.847829614217428 24
    endloop
  endfacet
  facet normal -0.49127917142757077 -0.040977295602088674 0.8700377215768168
    outer loop
      vertex -26.532745360042593 -26.18354479837574 24.456741204279137
      vertex -20.33981816670592 19.990617605039063 30.12839005335908
      vertex -31.343976488957402 30.994775927290544 24.43301270189222
    endloop
  endfacet
  facet normal -0.8983936419587335 0.04942766928974125 -0.43640092758460886
    outer loop
      vertex -28.892253725038508 -25.672255261389967 36
      vertex -26.05255283574221 25.941936964700968 36
      vertex -25.85029858714847 25.794990651627852 35.56698729810778
    endloop
  endfacet
  facet normal 0 0 -1
    outer loop
      vertex -24.922745751406264 -25.23776412907379 -0.4330127018922193
      vertex -24.922745751406264 25.23776412907379 -0.4330127018922193
      vertex -5.5 10.25 -0.4330127018922193
    endloop
  endfacet
  facet normal -0.49127917142757044 -0.04097729560208876 0.8700377215768169
    outer loop
      vertex -26.532745360042593 -26.18354479837574 24.456741204279137
      vertex -20.37966946551895 15.360100231675393 29.887797965143942
      vertex -20.343456929312357 19.567811975900337 30.106421948928947
    endloop
  endfacet
  facet normal -0.4912791714275778 -0.040977295602086745 0.8700377215768128
    outer loop
      vertex -26.532745360042593 -26.18354479837574 24.456741204279137
      vertex -20.343456929312357 19.567811975900337 30.106421948928947
      vertex -20.33981816670592 19.990617605039063 30.12839005335908
    endloop
  endfacet
  facet normal -0.6779310891634707 0.0439616673672838 -0.7338097915317829
    outer loop
      vertex -24.061963465782398 0.5058482338784016 32.399789380594974
      vertex -20.343456929312357 19.567811975900337 30.106421948928947
      vertex -20.37966946551895 15.360100231675393 29.887797965143942
    endloop
  endfacet
  facet normal -0.6779310891634716 0.0439616673672842 -0.733809791531782
    outer loop
      vertex -24.061963465782398 0.5058482338784016 32.399789380594974
      vertex -25.85029858714847 25.794990651627852 35.56698729810778
      vertex -20.328090696303313 20.272782760782693 30.134459792394548
    endloop
  endfacet
  facet normal -0.6779310891634732 0.043961667367285406 -0.7338097915317805
    outer loop
      vertex -24.061963465782398 0.5058482338784016 32.399789380594974
      vertex -20.33981816670592 19.990617605039063 30.12839005335908
      vertex -20.343456929312357 19.567811975900337 30.106421948928947
    endloop
  endfacet
  facet normal -0.6779310891634962 0.043961667367290916 -0.7338097915317588
    outer loop
      vertex -24.061963465782398 0.5058482338784016 32.399789380594974
      vertex -20.328090696303313 20.272782760782693 30.134459792394548
      vertex -20.33981816670592 19.990617605039063 30.12839005335908
    endloop
  endfacet
  facet normal -0.6539334327326448 -0.0396532292627805 0.7555122017304106
    outer loop
      vertex -28.63916417871109 -25.9055383593352 36.75503011281699
      vertex -25.26327902790139 21.738102518614372 42.17761411668055
      vertex -25.361251985376907 21.791804683629323 42.095632213550694
    endloop
  endfacet
  facet normal -0.8522711815276865 0 0.523100213283651
    outer loop
      vertex -28.63916417871109 -25.61164573318896 36.75503011281699
      vertex -25.361251985376907 21.791804683629323 42.095632213550694
      vertex -25.361251985376907 22.08569730977556 42.095632213550694
    endloop
  endfacet
  facet normal -0.9040745559231254 0.014305143924600498 0.4271352949472801
    outer loop
      vertex -28.63916417871109 -25.61164573318896 36.75503011281699
      vertex -25.361251985376907 22.08569730977556 42.095632213550694
      vertex -25.563506233970646 22.232643622848677 41.66261951165848
    endloop
  endfacet
  facet normal -0.5227510766459776 0.004130336896258195 -0.852475367493158
    outer loop
      vertex -30.776395372630812 -24.8861353576534 71.56698729810778
      vertex -29.954295941090354 27.909666722691608 71.31866468173666
      vertex -24.97592050432257 0.9047711842274282 68.1350061979481
    endloop
  endfacet
  facet normal -0.6330587953569589 0.00500189519788281 0.7740875549094076
    outer loop
      vertex -30.776395372630812 -24.8861353576534 72.43301270189222
      vertex -26.383189953434478 0.11143829023023971 75.86430683651356
      vertex -30.37407009233203 26.033675476329112 72.43301270189222
    endloop
  endfacet
  facet normal -0.7545191270097373 -0.06483603847176206 0.6530675118942542
    outer loop
      vertex -21.649578578032507 -17.138768798968094 66.00781896023942
      vertex -24.548453014722686 16.596423246038327 66.00781896023942
      vertex -25.274244591142864 0.9103981032389017 63.61198188710004
    endloop
  endfacet
  facet normal -0.7659884041381976 -0.06582159664586855 -0.6394757869855636
    outer loop
      vertex -21.649578578032507 -17.138768798968094 66.00781896023942
      vertex -24.947192509619672 0.748937919774879 68.11663471809092
      vertex -24.548453014722686 16.596423246038327 66.00781896023942
    endloop
  endfacet
  facet normal -0.9007170945335327 -0.035958598729158915 0.43291534367876866
    outer loop
      vertex -25.476498839736603 0.7634517901657835 63.178969185207826
      vertex -25.274244591142864 0.9103981032389017 63.61198188710004
      vertex -24.93173846320727 20.450737373772018 65.94764487072737
    endloop
  endfacet
  facet normal -0.7659884041382108 -0.06582159664586675 -0.6394757869855479
    outer loop
      vertex -24.947192509619672 0.748937919774879 68.11663471809092
      vertex -24.97592050432257 0.9047711842274282 68.1350061979481
      vertex -24.873886321146465 20.383601797511762 66.00781896023942
    endloop
  endfacet
  facet normal -0.6117203284469382 0 0.7910741051031627
    outer loop
      vertex -26.383189953434478 -0.18245433591599686 75.86430683651356
      vertex -23.26950538847487 21.277516281163262 78.27205110784054
      vertex -26.383189953434478 0.11143829023023971 75.86430683651356
    endloop
  endfacet
  facet normal -0.905178267957557 0.006444525467852421 -0.42498326003367637
    outer loop
      vertex -28.564497302163492 -27.07040164518285 47.56698729810778
      vertex -28.389219105087285 26.10359328054503 48
      vertex -28.186964856493546 25.956646967471915 47.56698729810778
    endloop
  endfacet
  facet normal -0.905178267957557 0.006444525467852421 0.42498326003367626
    outer loop
      vertex -28.76675155075723 -26.923455332109736 48
      vertex -28.186964856493546 25.956646967471915 48.43301270189222
      vertex -28.389219105087285 26.10359328054503 48
    endloop
  endfacet
  facet normal -0.6938541842613098 0.004939978255926981 -0.7200985818607779
    outer loop
      vertex -28.564497302163492 -27.07040164518285 47.56698729810778
      vertex -28.186964856493546 25.956646967471915 47.56698729810778
      vertex -28.067989888450537 26.85029750687696 47.45847900891767
    endloop
  endfacet
  facet normal -0.9028281519204479 -0.05474571248543318 -0.42650232715000647
    outer loop
      vertex -22.90112304055606 -17.21692843783282 42.17761411668056
      vertex -28.067989888450537 26.85029750687696 47.45847900891767
      vertex -25.26327902790139 21.738102518614372 42.17761411668055
    endloop
  endfacet
  facet normal -0.7088215791714512 0 -0.7053878145395552
    outer loop
      vertex -21.413025521323814 -17.19834779228977 54.00049391490727
      vertex -26.707468555228825 24.6524381673857 59.32070982276997
      vertex -26.707468555228825 24.94633079353194 59.32070982276997
    endloop
  endfacet
  facet normal -0.5801251379631904 0.004130270642246901 0.8145168906582668
    outer loop
      vertex -23.696103167204136 -1.5338613516311903 51.77094838831636
      vertex -20.36314542506919 20.30783748954857 54.034032756022086
      vertex -28.17158908140405 28.116281145883438 48.43301270189222
    endloop
  endfacet
  facet normal -0.905081552192999 0.007151188961925409 -0.425177897328098
    outer loop
      vertex -30.97864962122455 -24.739189044580286 72
      vertex -30.57632434092577 26.180621789402228 72
      vertex -30.37407009233203 26.033675476329112 71.56698729810778
    endloop
  endfacet
  facet normal -0.905081552192999 0.007151188961925409 0.42517789732809796
    outer loop
      vertex -30.776395372630812 -24.8861353576534 72.43301270189222
      vertex -30.37407009233203 26.033675476329112 72.43301270189222
      vertex -30.57632434092577 26.180621789402228 72
    endloop
  endfacet
  facet normal -0.5227510766459731 0.004130336896258113 -0.8524753674931607
    outer loop
      vertex -30.776395372630812 -24.8861353576534 71.56698729810778
      vertex -30.37407009233203 26.033675476329112 71.56698729810778
      vertex -29.954295941090354 27.909666722691608 71.31866468173666
    endloop
  endfacet
  facet normal -0.9030959514332358 -0.02093534842628631 -0.4289282150793633
    outer loop
      vertex -25.94266901672042 -25.83205314567918 60
      vertex -27.11473608344023 24.727842071247682 60
      vertex -26.912481834846492 24.874788384320798 59.56698729810778
    endloop
  endfacet
  facet normal -0.7763609610963454 -0.0179974090231763 -0.6300315479037625
    outer loop
      vertex -25.74041476812668 -25.685106832606063 59.56698729810778
      vertex -26.912481834846492 24.874788384320798 59.56698729810778
      vertex -26.707468555228825 24.6524381673857 59.32070982276997
    endloop
  endfacet
  facet normal -0.9463767945506217 -0.021938674295932645 0.3223191854454636
    outer loop
      vertex -25.476498839736603 0.7634517901657835 63.178969185207826
      vertex -25.13399271180101 20.303791060698902 65.51463216883515
      vertex -27.11473608344023 24.727842071247682 60
    endloop
  endfacet
  facet normal -0.7545191270097422 -0.06483603847176098 0.6530675118942488
    outer loop
      vertex -25.274244591142864 0.9103981032389017 63.61198188710004
      vertex -24.548453014722686 16.596423246038327 66.00781896023942
      vertex -24.93173846320727 20.450737373772018 65.94764487072737
    endloop
  endfacet
  facet normal -0.765988404138199 -0.0658215966458683 -0.639475786985562
    outer loop
      vertex -24.947192509619672 0.748937919774879 68.11663471809092
      vertex -24.873886321146465 20.383601797511762 66.00781896023942
      vertex -24.548453014722686 16.596423246038327 66.00781896023942
    endloop
  endfacet
  facet normal -0.9007170945335357 -0.035958598729157965 0.43291534367876267
    outer loop
      vertex -25.476498839736603 0.7634517901657835 63.178969185207826
      vertex -24.93173846320727 20.450737373772018 65.94764487072737
      vertex -25.13399271180101 20.303791060698902 65.51463216883515
    endloop
  endfacet
  facet normal -0.7659884041382309 -0.06582159664586403 -0.6394757869855241
    outer loop
      vertex -24.97592050432257 0.9047711842274282 68.1350061979481
      vertex -24.922914418580415 20.95415851483693 66.00781896023942
      vertex -24.873886321146465 20.383601797511762 66.00781896023942
    endloop
  endfacet
  facet normal -0.611720328447015 1.772965150306142e-14 0.7910741051031036
    outer loop
      vertex -26.383189953434478 0.11143829023023971 75.86430683651356
      vertex -23.26950538847487 21.277516281163262 78.27205110784054
      vertex -23.281800307264707 21.486670524064586 78.26254371566093
    endloop
  endfacet
  facet normal -0.6330587953569392 0.005001895197877325 0.774087554909424
    outer loop
      vertex -26.383189953434478 0.11143829023023971 75.86430683651356
      vertex -23.281800307264707 21.486670524064586 78.26254371566093
      vertex -23.347033293829433 22.648632170495723 78.20168712912516
    endloop
  endfacet
  facet normal -0.632089831273649 0.018386308687970553 -0.7746769577399863
    outer loop
      vertex -21.413025521323814 -17.19834779228977 54.00049391490727
      vertex -20.36570093101169 20.17226190064563 54.0329001222199
      vertex -20.43881746276431 16.293258261468704 54.00049391490727
    endloop
  endfacet
  facet normal -0.4520113321475268 -0.0344230076029583 0.8913477504082147
    outer loop
      vertex -26.383189953434478 -0.18245433591599686 75.86430683651356
      vertex -20.532028733847724 -14.668513875552165 78.27205110784053
      vertex -23.26950538847487 21.277516281163262 78.27205110784054
    endloop
  endfacet
  facet normal -0.6320898312736281 0.018386308687969977 -0.7746769577400034
    outer loop
      vertex -21.413025521323814 -17.19834779228977 54.00049391490727
      vertex -26.707468555228825 24.94633079353194 59.32070982276997
      vertex -20.36570093101169 20.17226190064563 54.0329001222199
    endloop
  endfacet
  facet normal -0.5801251379631933 0.004130270642247773 0.8145168906582648
    outer loop
      vertex -23.696103167204136 -1.5338613516311903 51.77094838831636
      vertex -20.43881746276431 16.293258261468704 54.00049391490727
      vertex -20.36570093101169 20.17226190064563 54.0329001222199
    endloop
  endfacet
  facet normal -0.5801251379630538 0.004130270642214775 0.8145168906583643
    outer loop
      vertex -23.696103167204136 -1.5338613516311903 51.77094838831636
      vertex -20.36570093101169 20.17226190064563 54.0329001222199
      vertex -20.36314542506919 20.30783748954857 54.034032756022086
    endloop
  endfacet
  facet normal -0.7096900016027262 0.00872503679223301 -0.7044600594484378
    outer loop
      vertex -25.54374697485983 0.25607158171455635 8.267779327358406
      vertex -28.472425797458804 28.417117861938184 11.566987298107781
      vertex -22.85982049760823 22.74920462656699 5.842514261385692
    endloop
  endfacet
  facet normal -0.7478538049678025 0 -0.6638634546314325
    outer loop
      vertex -25.54374697485983 0.25607158171455635 8.267779327358406
      vertex -28.472425797458804 28.123225235791946 11.566987298107781
      vertex -28.472425797458804 28.417117861938184 11.566987298107781
    endloop
  endfacet
  facet normal -0.9168137004802753 -5.088792910115065e-15 0.39931521209648924
    outer loop
      vertex -25.404508497187475 24.706107373853765 0
      vertex -22.865099950316278 21.34109094107511 5.830392823416008
      vertex -22.864280811443663 21.5595682569321 5.83227353749416
    endloop
  endfacet
  facet normal -0.9168137004802749 -9.345593698478095e-16 0.39931521209648985
    outer loop
      vertex -25.404508497187475 24.706107373853765 0
      vertex -22.864280811443663 21.5595682569321 5.83227353749416
      vertex -22.85982049760823 22.74920462656699 5.842514261385692
    endloop
  endfacet
  facet normal -0.8327519462688001 0.27305202308204446 0.4816293062889012
    outer loop
      vertex -25.404508497187475 25.293892626146235 0
      vertex -22.85982049760823 22.74920462656699 5.842514261385692
      vertex -22.850157306638614 22.794849371117998 5.833344659997373
    endloop
  endfacet
  facet normal -0.725189168573084 -0.0074868994127780366 0.6885089804217968
    outer loop
      vertex -28.472425797458804 28.123225235791946 12.433012701892219
      vertex -23.168054752244977 19.462174482126436 17.925792200517293
      vertex -23.214813051716398 22.865612490049543 17.91355210701922
    endloop
  endfacet
  facet normal -0.5782285396414607 -0.010877965107575173 -0.8158023203075744
    outer loop
      vertex -25.70839638354202 -0.4776960558608581 19.992228156450224
      vertex -31.343976488957402 30.994775927290544 23.56698729810778
      vertex -23.150193610510932 18.162099643440115 17.93046777784321
    endloop
  endfacet
  facet normal -0.5782285396414603 -0.01087796510757459 -0.8158023203075746
    outer loop
      vertex -31.343976488957402 30.994775927290544 23.56698729810778
      vertex -23.168054752244977 19.462174482126436 17.925792200517293
      vertex -23.150193610510932 18.162099643440115 17.93046777784321
    endloop
  endfacet
  facet normal -0.9060374296629695 0 -0.4231975614883896
    outer loop
      vertex -28.674680046052544 27.97627892271883 12
      vertex -28.674680046052544 28.5640641750113 12
      vertex -28.539843880323385 28.270171548865065 11.711324865405189
    endloop
  endfacet
  facet normal -0.906037429662969 0 0.4231975614883914
    outer loop
      vertex -28.674680046052544 27.97627892271883 12
      vertex -28.472425797458804 28.123225235791946 12.433012701892219
      vertex -28.674680046052544 28.5640641750113 12
    endloop
  endfacet
  facet normal -0.9060374296629684 -2.8900338326637413e-15 -0.4231975614883921
    outer loop
      vertex -28.674680046052544 27.97627892271883 12
      vertex -28.539843880323385 28.270171548865065 11.711324865405189
      vertex -28.472425797458804 28.123225235791946 11.566987298107781
    endloop
  endfacet
  facet normal -0.9060374296629673 0 -0.42319756148839455
    outer loop
      vertex -28.472425797458804 28.123225235791946 11.566987298107781
      vertex -28.539843880323385 28.270171548865065 11.711324865405189
      vertex -28.472425797458804 28.417117861938184 11.566987298107781
    endloop
  endfacet
  facet normal -0.9060374296629684 2.8900338326637413e-15 -0.4231975614883921
    outer loop
      vertex -28.674680046052544 28.5640641750113 12
      vertex -28.472425797458804 28.417117861938184 11.566987298107781
      vertex -28.539843880323385 28.270171548865065 11.711324865405189
    endloop
  endfacet
  facet normal -0.27998096330565364 0.8616928014882809 -0.42319756148838594
    outer loop
      vertex -28.472425797458804 28.417117861938184 11.566987298107781
      vertex -28.115663051677593 28.74569980701264 12
      vertex -28.192917300271333 28.507935677938853 11.566987298107781
    endloop
  endfacet
  facet normal -0.9060374296629689 0 0.42319756148839127
    outer loop
      vertex -28.674680046052544 28.5640641750113 12
      vertex -28.472425797458804 28.123225235791946 12.433012701892219
      vertex -28.472425797458804 28.417117861938184 12.433012701892219
    endloop
  endfacet
  facet normal -0.27998096330565564 0.8616928014882811 -0.4231975614883845
    outer loop
      vertex -28.674680046052544 28.5640641750113 12
      vertex -28.115663051677593 28.74569980701264 12
      vertex -28.472425797458804 28.417117861938184 11.566987298107781
    endloop
  endfacet
  facet normal -0.27998096330565564 0.8616928014882811 0.4231975614883845
    outer loop
      vertex -28.674680046052544 28.5640641750113 12
      vertex -28.472425797458804 28.417117861938184 12.433012701892219
      vertex -28.115663051677593 28.74569980701264 12
    endloop
  endfacet
  facet normal -0.27998096330565364 0.8616928014882809 0.42319756148838594
    outer loop
      vertex -28.472425797458804 28.417117861938184 12.433012701892219
      vertex -28.192917300271333 28.507935677938853 12.433012701892219
      vertex -28.115663051677593 28.74569980701264 12
    endloop
  endfacet
  facet normal -0.9060374296629691 0 -0.4231975614883909
    outer loop
      vertex -25.404508497187475 24.706107373853765 0
      vertex -25.404508497187475 25.293892626146235 0
      vertex -25.202254248593736 25.14694631307312 -0.4330127018922193
    endloop
  endfacet
  facet normal -0.27998096330565564 0.8616928014882813 -0.42319756148838406
    outer loop
      vertex -25.202254248593736 25.14694631307312 -0.4330127018922193
      vertex -25.404508497187475 25.293892626146235 0
      vertex -24.845491502812525 25.475528258147577 0
    endloop
  endfacet
  facet normal -0.27998096330565564 0.8616928014882813 0.42319756148838406
    outer loop
      vertex -25.202254248593736 25.14694631307312 0.4330127018922193
      vertex -24.845491502812525 25.475528258147577 0
      vertex -25.404508497187475 25.293892626146235 0
    endloop
  endfacet
  facet normal -0.2799809633056537 0.8616928014882811 -0.42319756148838555
    outer loop
      vertex -25.202254248593736 25.14694631307312 -0.4330127018922193
      vertex -24.845491502812525 25.475528258147577 0
      vertex -24.922745751406264 25.23776412907379 -0.4330127018922193
    endloop
  endfacet
  facet normal -0.2799809633056537 0.8616928014882811 0.42319756148838555
    outer loop
      vertex -25.202254248593736 25.14694631307312 0.4330127018922193
      vertex -24.922745751406264 25.23776412907379 0.4330127018922193
      vertex -24.845491502812525 25.475528258147577 0
    endloop
  endfacet
  facet normal -0.9168137004802748 0 0.3993152120964902
    outer loop
      vertex -25.404508497187475 24.706107373853765 0
      vertex -22.85982049760823 22.74920462656699 5.842514261385692
      vertex -25.404508497187475 25.293892626146235 0
    endloop
  endfacet
  facet normal -0.8327519462687969 0.2730520230820534 0.4816293062889016
    outer loop
      vertex -25.202254248593736 25.14694631307312 0.4330127018922193
      vertex -25.404508497187475 25.293892626146235 0
      vertex -22.850157306638614 22.794849371117998 5.833344659997373
    endloop
  endfacet
  facet normal -0.27090037461839145 0.8337456231776342 0.48112495556118634
    outer loop
      vertex -25.202254248593736 25.14694631307312 0.4330127018922193
      vertex -22.850157306638614 22.794849371117998 5.833344659997373
      vertex -24.922745751406264 25.23776412907379 0.4330127018922193
    endloop
  endfacet
  facet normal -0.16216914499239005 0.8768693360362612 0.45254981596699817
    outer loop
      vertex -24.922745751406264 25.23776412907379 0.4330127018922193
      vertex -22.292348987814407 22.92238574314946 5.861925531810998
      vertex -24.845491502812525 25.475528258147577 0
    endloop
  endfacet
  facet normal -0.7096900016027218 0.008725036792227305 -0.7044600594484426
    outer loop
      vertex -28.472425797458804 28.417117861938184 11.566987298107781
      vertex -22.850157306638614 22.794849371117998 5.833344659997373
      vertex -22.85982049760823 22.74920462656699 5.842514261385692
    endloop
  endfacet
  facet normal -0.19440414936496625 0.5983144500591122 -0.777320297921099
    outer loop
      vertex -28.192917300271333 28.507935677938853 11.566987298107781
      vertex -22.570648809451143 22.885667187118667 5.833344659997373
      vertex -22.850157306638614 22.794849371117998 5.833344659997373
    endloop
  endfacet
  facet normal -0.7216310002363323 0 0.6922779062615756
    outer loop
      vertex -28.472425797458804 28.123225235791946 12.433012701892219
      vertex -23.214813051716398 23.15950511619578 17.91355210701922
      vertex -28.472425797458804 28.417117861938184 12.433012701892219
    endloop
  endfacet
  facet normal -0.1969722957875734 0.6062183920250305 0.7705200684360916
    outer loop
      vertex -28.472425797458804 28.417117861938184 12.433012701892219
      vertex -23.214813051716398 23.15950511619578 17.91355210701922
      vertex -28.192917300271333 28.507935677938853 12.433012701892219
    endloop
  endfacet
  facet normal -0.19440414936496478 0.5983144500591124 -0.777320297921099
    outer loop
      vertex -28.472425797458804 28.417117861938184 11.566987298107781
      vertex -28.192917300271333 28.507935677938853 11.566987298107781
      vertex -22.850157306638614 22.794849371117998 5.833344659997373
    endloop
  endfacet
  facet normal -0.7216310002363319 0 0.6922779062615759
    outer loop
      vertex -28.472425797458804 28.123225235791946 12.433012701892219
      vertex -23.214813051716398 22.865612490049543 17.91355210701922
      vertex -23.214813051716398 23.15950511619578 17.91355210701922
    endloop
  endfacet
  facet normal -0.1969722957875737 0.606218392025031 0.7705200684360909
    outer loop
      vertex -28.192917300271333 28.507935677938853 12.433012701892219
      vertex -23.214813051716398 23.15950511619578 17.91355210701922
      vertex -22.935304554528926 23.25032293219645 17.91355210701922
    endloop
  endfacet
  facet normal 0.0673757534540882 0.7514937715483017 0.6562908038138298
    outer loop
      vertex -28.192917300271333 28.507935677938853 12.433012701892219
      vertex -22.935304554528926 23.25032293219645 17.91355210701922
      vertex -20.11669312215975 23.066918553890225 17.834198837590908
    endloop
  endfacet
  facet normal -0.4596502946376585 0 0.8880999981080473
    outer loop
      vertex -31.343976488957402 30.994775927290544 24.43301270189222
      vertex -20.328090696303313 20.272782760782693 30.134459792394548
      vertex -31.343976488957402 31.288668553436782 24.43301270189222
    endloop
  endfacet
  facet normal -0.9060374296629696 0 -0.4231975614883899
    outer loop
      vertex -31.54623073755114 30.847829614217428 24
      vertex -31.343976488957402 31.288668553436782 23.56698729810778
      vertex -31.343976488957402 30.994775927290544 23.56698729810778
    endloop
  endfacet
  facet normal -0.9060374296629695 0 -0.4231975614883899
    outer loop
      vertex -31.54623073755114 30.847829614217428 24
      vertex -31.54623073755114 31.435614866509898 24
      vertex -31.343976488957402 31.288668553436782 23.56698729810778
    endloop
  endfacet
  facet normal -0.2799809633056558 0.8616928014882818 -0.42319756148838306
    outer loop
      vertex -31.343976488957402 31.288668553436782 23.56698729810778
      vertex -31.54623073755114 31.435614866509898 24
      vertex -30.98721374317619 31.61725049851124 24
    endloop
  endfacet
  facet normal -0.2799809633056538 0.8616928014882815 -0.42319756148838455
    outer loop
      vertex -31.343976488957402 31.288668553436782 23.56698729810778
      vertex -30.98721374317619 31.61725049851124 24
      vertex -31.06446799176993 31.37948636943745 23.56698729810778
    endloop
  endfacet
  facet normal -0.9060374296629696 0 0.4231975614883899
    outer loop
      vertex -31.54623073755114 30.847829614217428 24
      vertex -31.343976488957402 30.994775927290544 24.43301270189222
      vertex -31.343976488957402 31.288668553436782 24.43301270189222
    endloop
  endfacet
  facet normal -0.9060374296629695 0 0.4231975614883899
    outer loop
      vertex -31.54623073755114 30.847829614217428 24
      vertex -31.343976488957402 31.288668553436782 24.43301270189222
      vertex -31.54623073755114 31.435614866509898 24
    endloop
  endfacet
  facet normal -0.2799809633056558 0.8616928014882818 0.42319756148838306
    outer loop
      vertex -31.54623073755114 31.435614866509898 24
      vertex -31.343976488957402 31.288668553436782 24.43301270189222
      vertex -30.98721374317619 31.61725049851124 24
    endloop
  endfacet
  facet normal -0.2799809633056538 0.8616928014882814 0.42319756148838455
    outer loop
      vertex -30.98721374317619 31.61725049851124 24
      vertex -31.343976488957402 31.288668553436782 24.43301270189222
      vertex -31.06446799176993 31.37948636943745 24.43301270189222
    endloop
  endfacet
  facet normal -0.570953207642802 0 -0.8209826031545343
    outer loop
      vertex -31.343976488957402 30.994775927290544 23.56698729810778
      vertex -31.343976488957402 31.288668553436782 23.56698729810778
      vertex -23.214813051716398 23.15950511619578 17.91355210701922
    endloop
  endfacet
  facet normal -0.14931829411578063 0.4595544555992315 -0.8755077094927532
    outer loop
      vertex -31.343976488957402 31.288668553436782 23.56698729810778
      vertex -31.06446799176993 31.37948636943745 23.56698729810778
      vertex -23.214813051716398 23.15950511619578 17.91355210701922
    endloop
  endfacet
  facet normal -0.5782285396414614 -0.010877965107576118 -0.8158023203075738
    outer loop
      vertex -31.343976488957402 30.994775927290544 23.56698729810778
      vertex -23.214813051716398 22.865612490049543 17.91355210701922
      vertex -23.168054752244977 19.462174482126436 17.925792200517293
    endloop
  endfacet
  facet normal -0.5709532076428028 0 -0.8209826031545335
    outer loop
      vertex -31.343976488957402 30.994775927290544 23.56698729810778
      vertex -23.214813051716398 23.15950511619578 17.91355210701922
      vertex -23.214813051716398 22.865612490049543 17.91355210701922
    endloop
  endfacet
  facet normal -0.14931829411578082 0.45955445559923186 -0.8755077094927529
    outer loop
      vertex -31.06446799176993 31.37948636943745 23.56698729810778
      vertex -22.935304554528926 23.25032293219645 17.91355210701922
      vertex -23.214813051716398 23.15950511619578 17.91355210701922
    endloop
  endfacet
  facet normal -0.11740831776207637 0.3613456467037842 0.9250106002249397
    outer loop
      vertex -31.343976488957402 31.288668553436782 24.43301270189222
      vertex -20.328090696303313 20.272782760782693 30.134459792394548
      vertex -31.06446799176993 31.37948636943745 24.43301270189222
    endloop
  endfacet
  facet normal -0.45965029463766166 -5.853664236049223e-15 0.8880999981080457
    outer loop
      vertex -31.343976488957402 30.994775927290544 24.43301270189222
      vertex -20.33981816670592 19.990617605039063 30.12839005335908
      vertex -20.328090696303313 20.272782760782693 30.134459792394548
    endloop
  endfacet
  facet normal -0.11740831776207587 0.3613456467037858 0.9250106002249392
    outer loop
      vertex -31.06446799176993 31.37948636943745 24.43301270189222
      vertex -20.328090696303313 20.272782760782693 30.134459792394548
      vertex -20.04858219911584 20.363600576783362 30.134459792394548
    endloop
  endfacet
  facet normal -0.2799809633056535 0.8616928014882803 -0.4231975614883875
    outer loop
      vertex -25.85029858714847 25.794990651627852 35.56698729810778
      vertex -25.493535841367258 26.12357259670231 36
      vertex -25.570790089960997 25.88580846762852 35.56698729810778
    endloop
  endfacet
  facet normal -0.2799809633056554 0.8616928014882804 -0.42319756148838594
    outer loop
      vertex -26.05255283574221 25.941936964700968 36
      vertex -25.493535841367258 26.12357259670231 36
      vertex -25.85029858714847 25.794990651627852 35.56698729810778
    endloop
  endfacet
  facet normal -0.3057667408463003 0.9410532645183861 0.1446563290406603
    outer loop
      vertex -26.05255283574221 25.941936964700968 36
      vertex -25.359338712405762 25.24872284136452 41.97494242187139
      vertex -25.493535841367258 26.12357259670231 36
    endloop
  endfacet
  facet normal -0.1901637498859205 0.5852638423914113 -0.7882283825253732
    outer loop
      vertex -25.85029858714847 25.794990651627852 35.56698729810778
      vertex -25.570790089960997 25.88580846762852 35.56698729810778
      vertex -20.328090696303313 20.272782760782693 30.134459792394548
    endloop
  endfacet
  facet normal 0.06873578012700993 0.9918692070016566 0.10710214158566764
    outer loop
      vertex -25.493535841367258 26.12357259670231 36
      vertex -24.797414532349528 25.427451287684576 42
      vertex -22.741077355064863 25.886072564070222 36.43301270189222
    endloop
  endfacet
  facet normal -0.2709003746183913 0.8337456231776345 0.481124955561186
    outer loop
      vertex -24.922745751406264 25.23776412907379 0.4330127018922193
      vertex -22.850157306638614 22.794849371117998 5.833344659997373
      vertex -22.570648809451143 22.885667187118667 5.833344659997373
    endloop
  endfacet
  facet normal -0.1621691449923866 0.8768693360362625 0.4525498159669967
    outer loop
      vertex -24.922745751406264 25.23776412907379 0.4330127018922193
      vertex -22.570648809451143 22.885667187118667 5.833344659997373
      vertex -22.292348987814407 22.92238574314946 5.861925531810998
    endloop
  endfacet
  facet normal -0.19016374988592102 0.5852638423914108 -0.7882283825253735
    outer loop
      vertex -25.570790089960997 25.88580846762852 35.56698729810778
      vertex -20.04858219911584 20.363600576783362 30.134459792394548
      vertex -20.328090696303313 20.272782760782693 30.134459792394548
    endloop
  endfacet
  facet normal -0.00006544855899333552 0.7012613258538268 -0.7129043053441458
    outer loop
      vertex -25.570790089960997 25.88580846762852 35.56698729810778
      vertex -14.019242268752114 20.680017885251765 30.44515592368331
      vertex -20.04858219911584 20.363600576783362 30.134459792394548
    endloop
  endfacet
  facet normal -0.00006544855899330821 0.7012613258538267 -0.712904305344146
    outer loop
      vertex -20.04858219911584 20.363600576783362 30.134459792394548
      vertex -14.019242268752114 20.680017885251765 30.44515592368331
      vertex -15.194559499816952 20.521308734329022 30.28914667258418
    endloop
  endfacet
  facet normal 0.012980743823557923 0.9187939521896066 0.39452398369375485
    outer loop
      vertex -24.845491502812525 25.475528258147577 0
      vertex -22.292348987814407 22.92238574314946 5.861925531810998
      vertex -20.261579059703156 22.919474082480136 5.80188941495484
    endloop
  endfacet
  facet normal -0.042627747026343935 0.4252812538537758 0.9040568180728566
    outer loop
      vertex -31.06446799176993 31.37948636943745 24.43301270189222
      vertex -20.04858219911584 20.363600576783362 30.134459792394548
      vertex -15.194559499816952 20.521308734329022 30.28914667258418
    endloop
  endfacet
  facet normal -0.5801251379631941 0.004130270642246266 0.8145168906582643
    outer loop
      vertex -23.696103167204136 -1.5338613516311903 51.77094838831636
      vertex -28.17158908140405 28.116281145883438 48.43301270189222
      vertex -28.186964856493546 25.956646967471915 48.43301270189222
    endloop
  endfacet
  facet normal -0.9028281519204476 -0.05474571248543276 -0.42650232715000663
    outer loop
      vertex -25.26327902790139 21.738102518614372 42.17761411668055
      vertex -28.067989888450537 26.85029750687696 47.45847900891767
      vertex -25.31093378626127 22.523991594982018 42.17761411668055
    endloop
  endfacet
  facet normal -0.6539334327326446 -0.03965322926277996 0.7555122017304111
    outer loop
      vertex -25.361251985376907 21.791804683629323 42.095632213550694
      vertex -25.26327902790139 21.738102518614372 42.17761411668055
      vertex -25.31093378626127 22.523991594982018 42.17761411668055
    endloop
  endfacet
  facet normal -0.8522711815276827 0 0.5231002132836573
    outer loop
      vertex -25.361251985376907 21.791804683629323 42.095632213550694
      vertex -25.317653568950966 22.720103755630618 42.16666578022967
      vertex -25.361251985376907 22.08569730977556 42.095632213550694
    endloop
  endfacet
  facet normal -0.9040745559231255 0.014305143924600881 0.42713529494727986
    outer loop
      vertex -25.361251985376907 22.08569730977556 42.095632213550694
      vertex -25.317653568950966 22.720103755630618 42.16666578022967
      vertex -25.563506233970646 22.232643622848677 41.66261951165848
    endloop
  endfacet
  facet normal -0.8522711815276804 -3.6817358326823315e-16 0.523100213283661
    outer loop
      vertex -25.361251985376907 21.791804683629323 42.095632213550694
      vertex -25.31093378626127 22.523991594982018 42.17761411668055
      vertex -25.317653568950966 22.720103755630618 42.16666578022967
    endloop
  endfacet
  facet normal -0.9040745559231248 0.014305143924598635 0.42713529494728175
    outer loop
      vertex -25.563506233970646 22.232643622848677 41.66261951165848
      vertex -25.317653568950966 22.720103755630618 42.16666578022967
      vertex -25.36118813352241 24.662787010188698 42.00945831813763
    endloop
  endfacet
  facet normal -0.7545191270097771 -0.06483603847176506 0.6530675118942081
    outer loop
      vertex -24.548453014722686 16.596423246038327 66.00781896023942
      vertex -24.873886321146465 20.383601797511762 66.00781896023942
      vertex -24.93173846320727 20.450737373772018 65.94764487072737
    endloop
  endfacet
  facet normal -0.7659884041381974 -0.06582159664586834 -0.6394757869855637
    outer loop
      vertex -24.97592050432257 0.9047711842274282 68.1350061979481
      vertex -29.954295941090354 27.909666722691608 71.31866468173666
      vertex -24.922914418580415 20.95415851483693 66.00781896023942
    endloop
  endfacet
  facet normal -0.6330587953569612 0.005001895197882231 0.7740875549094058
    outer loop
      vertex -26.383189953434478 0.11143829023023971 75.86430683651356
      vertex -23.347033293829433 22.648632170495723 78.20168712912516
      vertex -30.37407009233203 26.033675476329112 72.43301270189222
    endloop
  endfacet
  facet normal -0.9463767945506216 -0.021938674295931885 0.32231918544546406
    outer loop
      vertex -25.13399271180101 20.303791060698902 65.51463216883515
      vertex -26.84100253819158 25.50098963897607 60.85634650448439
      vertex -27.11473608344023 24.727842071247682 60
    endloop
  endfacet
  facet normal -0.9463767945506223 -0.021938674295933918 0.3223191854454622
    outer loop
      vertex -25.13399271180101 20.303791060698902 65.51463216883515
      vertex -25.075461521282488 23.643057798884648 65.91377578680704
      vertex -26.84100253819158 25.50098963897607 60.85634650448439
    endloop
  endfacet
  facet normal -0.9007170945335357 -0.035958598729158284 0.4329153436787625
    outer loop
      vertex -25.13399271180101 20.303791060698902 65.51463216883515
      vertex -24.93173846320727 20.450737373772018 65.94764487072737
      vertex -24.922914418580415 20.95415851483693 66.00781896023942
    endloop
  endfacet
  facet normal -0.7545191270097736 -0.06483603847175788 0.6530675118942127
    outer loop
      vertex -24.93173846320727 20.450737373772018 65.94764487072737
      vertex -24.873886321146465 20.383601797511762 66.00781896023942
      vertex -24.922914418580415 20.95415851483693 66.00781896023942
    endloop
  endfacet
  facet normal -0.9007170945335345 -0.03595859872916028 0.4329153436787647
    outer loop
      vertex -25.13399271180101 20.303791060698902 65.51463216883515
      vertex -24.922914418580415 20.95415851483693 66.00781896023942
      vertex -25.075461521282488 23.643057798884648 65.91377578680704
    endloop
  endfacet
  facet normal -0.9051782679575572 0.006444525467850938 -0.424983260033676
    outer loop
      vertex -28.389219105087285 26.10359328054503 48
      vertex -28.37384332999779 28.263227458956553 48
      vertex -28.186964856493546 25.956646967471915 47.56698729810778
    endloop
  endfacet
  facet normal -0.6938541842612967 0.004939978255923745 -0.7200985818607903
    outer loop
      vertex -28.186964856493546 25.956646967471915 47.56698729810778
      vertex -28.136963770669034 27.438562647335328 47.52897468140387
      vertex -28.067989888450537 26.85029750687696 47.45847900891767
    endloop
  endfacet
  facet normal -0.9051782679575572 0.006444525467850937 0.4249832600336758
    outer loop
      vertex -28.389219105087285 26.10359328054503 48
      vertex -28.186964856493546 25.956646967471915 48.43301270189222
      vertex -28.17158908140405 28.116281145883438 48.43301270189222
    endloop
  endfacet
  facet normal -0.693854184261318 0.004939978255924977 -0.7200985818607699
    outer loop
      vertex -28.186964856493546 25.956646967471915 47.56698729810778
      vertex -28.169608671932412 27.82040811026556 47.56304933484505
      vertex -28.136963770669034 27.438562647335328 47.52897468140387
    endloop
  endfacet
  facet normal -0.693854184261536 0.004939978255927453 -0.72009858186056
    outer loop
      vertex -28.186964856493546 25.956646967471915 47.56698729810778
      vertex -28.17158908140405 28.116281145883438 47.56698729810778
      vertex -28.169608671932412 27.82040811026556 47.56304933484505
    endloop
  endfacet
  facet normal -0.9051782679575572 0.006444525467850938 -0.4249832600336759
    outer loop
      vertex -28.186964856493546 25.956646967471915 47.56698729810778
      vertex -28.37384332999779 28.263227458956553 48
      vertex -28.17158908140405 28.116281145883438 47.56698729810778
    endloop
  endfacet
  facet normal -0.9051782679575572 0.006444525467850938 0.4249832600336759
    outer loop
      vertex -28.389219105087285 26.10359328054503 48
      vertex -28.17158908140405 28.116281145883438 48.43301270189222
      vertex -28.37384332999779 28.263227458956553 48
    endloop
  endfacet
  facet normal -0.2799809633056554 0.8616928014882804 -0.42319756148838594
    outer loop
      vertex -28.17158908140405 28.116281145883438 47.56698729810778
      vertex -28.37384332999779 28.263227458956553 48
      vertex -27.81482633562284 28.444863090957895 48
    endloop
  endfacet
  facet normal -0.2799809633056554 0.8616928014882804 0.42319756148838594
    outer loop
      vertex -28.17158908140405 28.116281145883438 48.43301270189222
      vertex -27.81482633562284 28.444863090957895 48
      vertex -28.37384332999779 28.263227458956553 48
    endloop
  endfacet
  facet normal -0.2799809633056535 0.8616928014882803 -0.4231975614883875
    outer loop
      vertex -28.17158908140405 28.116281145883438 47.56698729810778
      vertex -27.81482633562284 28.444863090957895 48
      vertex -27.89208058421658 28.207098961884107 47.56698729810778
    endloop
  endfacet
  facet normal -0.2799809633056535 0.8616928014882803 0.4231975614883875
    outer loop
      vertex -28.17158908140405 28.116281145883438 48.43301270189222
      vertex -27.89208058421658 28.207098961884107 48.43301270189222
      vertex -27.81482633562284 28.444863090957895 48
    endloop
  endfacet
  facet normal -0.9911150550360679 0.05452900029612657 0.12131585142740918
    outer loop
      vertex -26.05255283574221 25.941936964700968 36
      vertex -25.563506233970646 22.232643622848677 41.66261951165848
      vertex -25.359338712405762 25.24872284136452 41.97494242187139
    endloop
  endfacet
  facet normal -0.9028281519204505 -0.05474571248544393 -0.4265023271499991
    outer loop
      vertex -25.31093378626127 22.523991594982018 42.17761411668055
      vertex -28.067989888450537 26.85029750687696 47.45847900891767
      vertex -25.317653568950966 22.720103755630618 42.16666578022967
    endloop
  endfacet
  facet normal -0.9028281519204477 -0.05474571248543207 -0.4265023271500068
    outer loop
      vertex -25.317653568950966 22.720103755630618 42.16666578022967
      vertex -28.067989888450537 26.85029750687696 47.45847900891767
      vertex -25.36118813352241 24.662787010188698 42.00945831813763
    endloop
  endfacet
  facet normal -0.9028281519204479 -0.05474571248543387 -0.42650232715000624
    outer loop
      vertex -28.136963770669034 27.438562647335328 47.52897468140387
      vertex -25.36118813352241 24.662787010188698 42.00945831813763
      vertex -28.067989888450537 26.85029750687696 47.45847900891767
    endloop
  endfacet
  facet normal -0.9003286617302199 -0.03828506933860303 -0.43352341843643216
    outer loop
      vertex -28.136963770669034 27.438562647335328 47.52897468140387
      vertex -28.169608671932412 27.82040811026556 47.56304933484505
      vertex -25.365813753172358 25.0166131915055 41.9878177756953
    endloop
  endfacet
  facet normal -0.8933877534591061 2.5968155220217727e-15 -0.4492864586978906
    outer loop
      vertex -28.169608671932412 27.82040811026556 47.56304933484505
      vertex -28.17158908140405 28.116281145883438 47.56698729810778
      vertex -25.325419545602177 25.270111610081557 41.90749554551175
    endloop
  endfacet
  facet normal -0.26102095402991243 0.8033398930756419 -0.5352691638330481
    outer loop
      vertex -28.17158908140405 28.116281145883438 47.56698729810778
      vertex -27.89208058421658 28.207098961884107 47.56698729810778
      vertex -25.325419545602177 25.270111610081557 41.90749554551175
    endloop
  endfacet
  facet normal -0.05962324172338661 0.8794417530106292 -0.4722576331918693
    outer loop
      vertex -27.89208058421658 28.207098961884107 47.56698729810778
      vertex -27.81482633562284 28.444863090957895 48
      vertex -24.797414532349528 25.427451287684576 42
    endloop
  endfacet
  facet normal -0.9003286617302204 -0.03828506933860832 -0.4335234184364302
    outer loop
      vertex -28.136963770669034 27.438562647335328 47.52897468140387
      vertex -25.365813753172358 25.0166131915055 41.9878177756953
      vertex -25.36118813352241 24.662787010188698 42.00945831813763
    endloop
  endfacet
  facet normal -0.8933877534591061 2.684769927000241e-15 -0.4492864586978907
    outer loop
      vertex -28.169608671932412 27.82040811026556 47.56304933484505
      vertex -25.36495576996095 25.121778241057367 41.986111711159175
      vertex -25.365813753172358 25.0166131915055 41.9878177756953
    endloop
  endfacet
  facet normal -0.8933877534590967 5.416763133399791e-14 -0.4492864586979095
    outer loop
      vertex -28.169608671932412 27.82040811026556 47.56304933484505
      vertex -25.325419545602177 25.270111610081557 41.90749554551175
      vertex -25.359338712405762 25.24872284136452 41.97494242187139
    endloop
  endfacet
  facet normal -0.893387753459109 -1.0750352736726733e-14 -0.4492864586978852
    outer loop
      vertex -28.169608671932412 27.82040811026556 47.56304933484505
      vertex -25.359338712405762 25.24872284136452 41.97494242187139
      vertex -25.36495576996095 25.121778241057367 41.986111711159175
    endloop
  endfacet
  facet normal -0.26102095402992437 0.8033398930756361 -0.5352691638330511
    outer loop
      vertex -27.89208058421658 28.207098961884107 47.56698729810778
      vertex -25.04591104841471 25.36092942608223 41.90749554551175
      vertex -25.325419545602177 25.270111610081557 41.90749554551175
    endloop
  endfacet
  facet normal -0.05962324172338218 0.8794417530106305 -0.4722576331918674
    outer loop
      vertex -27.89208058421658 28.207098961884107 47.56698729810778
      vertex -24.797414532349528 25.427451287684576 42
      vertex -25.04591104841471 25.36092942608223 41.90749554551175
    endloop
  endfacet
  facet normal -0.9040745559231413 0.01430514392460509 0.4271352949472464
    outer loop
      vertex -25.563506233970646 22.232643622848677 41.66261951165848
      vertex -25.36118813352241 24.662787010188698 42.00945831813763
      vertex -25.365813753172358 25.0166131915055 41.9878177756953
    endloop
  endfacet
  facet normal -0.9040745559231594 0.014305143924610625 0.42713529494720787
    outer loop
      vertex -25.563506233970646 22.232643622848677 41.66261951165848
      vertex -25.365813753172358 25.0166131915055 41.9878177756953
      vertex -25.36495576996095 25.121778241057367 41.986111711159175
    endloop
  endfacet
  facet normal -0.9911150550360559 0.054529000296115106 0.12131585142751186
    outer loop
      vertex -25.563506233970646 22.232643622848677 41.66261951165848
      vertex -25.36495576996095 25.121778241057367 41.986111711159175
      vertex -25.359338712405762 25.24872284136452 41.97494242187139
    endloop
  endfacet
  facet normal -0.3057667408462697 0.941053264518396 0.14465632904066103
    outer loop
      vertex -25.493535841367258 26.12357259670231 36
      vertex -25.359338712405762 25.24872284136452 41.97494242187139
      vertex -25.325419545602177 25.270111610081557 41.90749554551175
    endloop
  endfacet
  facet normal -0.30576674084631283 0.9410532645183821 0.1446563290406603
    outer loop
      vertex -25.493535841367258 26.12357259670231 36
      vertex -25.325419545602177 25.270111610081557 41.90749554551175
      vertex -25.04591104841471 25.36092942608223 41.90749554551175
    endloop
  endfacet
  facet normal -0.3057667408462887 0.94105326451839 0.14465632904065945
    outer loop
      vertex -25.493535841367258 26.12357259670231 36
      vertex -25.04591104841471 25.36092942608223 41.90749554551175
      vertex -24.797414532349528 25.427451287684576 42
    endloop
  endfacet
  facet normal -0.1528750992774547 0.4705011762902559 0.8690557215336621
    outer loop
      vertex -28.17158908140405 28.116281145883438 48.43301270189222
      vertex -20.36314542506919 20.30783748954857 54.034032756022086
      vertex -27.89208058421658 28.207098961884107 48.43301270189222
    endloop
  endfacet
  facet normal -0.6320898312736275 0.018386308687970924 -0.7746769577400039
    outer loop
      vertex -26.707468555228825 24.94633079353194 59.32070982276997
      vertex -26.952552981555012 26.897245046034396 59.56698729810778
      vertex -20.36314542506919 20.30783748954857 54.034032756022086
    endloop
  endfacet
  facet normal -0.17135880836675024 0.5273881834603175 -0.8321645646995275
    outer loop
      vertex -26.952552981555012 26.897245046034396 59.56698729810778
      vertex -26.67304448436754 26.988062862035065 59.56698729810778
      vertex -20.36314542506919 20.30783748954857 54.034032756022086
    endloop
  endfacet
  facet normal -0.905081552192999 0.007151188961925092 -0.42517789732809796
    outer loop
      vertex -30.57632434092577 26.180621789402228 72
      vertex -30.54273262338715 30.43211675234591 72
      vertex -30.37407009233203 26.033675476329112 71.56698729810778
    endloop
  endfacet
  facet normal -0.905081552192999 0.007151188961925091 0.4251778973280979
    outer loop
      vertex -30.57632434092577 26.180621789402228 72
      vertex -30.37407009233203 26.033675476329112 72.43301270189222
      vertex -30.34047837479341 30.285170439272793 72.43301270189222
    endloop
  endfacet
  facet normal -0.7659884041381986 -0.06582159664586791 -0.6394757869855624
    outer loop
      vertex -29.954295941090354 27.909666722691608 71.31866468173666
      vertex -30.33749221269824 29.988291651031385 71.56371772696313
      vertex -25.116202128578774 24.76700156691192 65.8468882807345
    endloop
  endfacet
  facet normal -0.6330587953569602 0.005001895197882597 0.7740875549094068
    outer loop
      vertex -30.37407009233203 26.033675476329112 72.43301270189222
      vertex -23.328497272554653 23.273189337034037 78.21281044683282
      vertex -30.34047837479341 30.285170439272793 72.43301270189222
    endloop
  endfacet
  facet normal -0.5227510766459766 0.004130336896259236 -0.8524753674931586
    outer loop
      vertex -30.37407009233203 26.033675476329112 71.56698729810778
      vertex -30.33749221269824 29.988291651031385 71.56371772696313
      vertex -29.954295941090354 27.909666722691608 71.31866468173666
    endloop
  endfacet
  facet normal -0.5227510766452879 0.004130336896252514 -0.852475367493581
    outer loop
      vertex -30.37407009233203 26.033675476329112 71.56698729810778
      vertex -30.34047837479341 30.285170439272793 71.56698729810778
      vertex -30.33749221269824 29.988291651031385 71.56371772696313
    endloop
  endfacet
  facet normal -0.905081552192999 0.007151188961925092 -0.42517789732809796
    outer loop
      vertex -30.37407009233203 26.033675476329112 71.56698729810778
      vertex -30.54273262338715 30.43211675234591 72
      vertex -30.34047837479341 30.285170439272793 71.56698729810778
    endloop
  endfacet
  facet normal -0.905081552192999 0.007151188961925092 0.42517789732809796
    outer loop
      vertex -30.57632434092577 26.180621789402228 72
      vertex -30.34047837479341 30.285170439272793 72.43301270189222
      vertex -30.54273262338715 30.43211675234591 72
    endloop
  endfacet
  facet normal -0.27998096330565625 0.8616928014882831 -0.4231975614883802
    outer loop
      vertex -30.34047837479341 30.285170439272793 71.56698729810778
      vertex -30.54273262338715 30.43211675234591 72
      vertex -29.9837156290122 30.61375238434725 72
    endloop
  endfacet
  facet normal -0.2799809633056543 0.8616928014882829 -0.4231975614883818
    outer loop
      vertex -30.34047837479341 30.285170439272793 71.56698729810778
      vertex -29.9837156290122 30.61375238434725 72
      vertex -30.060969877605938 30.375988255273462 71.56698729810778
    endloop
  endfacet
  facet normal -0.27998096330565625 0.8616928014882831 0.4231975614883802
    outer loop
      vertex -30.34047837479341 30.285170439272793 72.43301270189222
      vertex -29.9837156290122 30.61375238434725 72
      vertex -30.54273262338715 30.43211675234591 72
    endloop
  endfacet
  facet normal -0.2799809633056543 0.8616928014882829 0.4231975614883818
    outer loop
      vertex -30.34047837479341 30.285170439272793 72.43301270189222
      vertex -30.060969877605938 30.375988255273462 72.43301270189222
      vertex -29.9837156290122 30.61375238434725 72
    endloop
  endfacet
  facet normal -0.7383841118638869 -1.3905363748796117e-14 -0.6743803847584678
    outer loop
      vertex -30.33749221269824 29.988291651031385 71.56371772696313
      vertex -30.34047837479341 30.285170439272793 71.56698729810778
      vertex -25.116202128578774 25.005586257537534 65.8468882807345
    endloop
  endfacet
  facet normal -0.20268512149841242 0.6238006616660313 -0.7548453325206398
    outer loop
      vertex -30.34047837479341 30.285170439272793 71.56698729810778
      vertex -30.060969877605938 30.375988255273462 71.56698729810778
      vertex -25.08599102617107 25.030683090650452 65.8138099194359
    endloop
  endfacet
  facet normal -0.16916403182793197 0.520633355839018 0.836853893534302
    outer loop
      vertex -30.34047837479341 30.285170439272793 72.43301270189222
      vertex -23.328497272554653 23.273189337034037 78.21281044683282
      vertex -30.060969877605938 30.375988255273462 72.43301270189222
    endloop
  endfacet
  facet normal -0.7763609610963461 -0.0179974090231771 -0.6300315479037618
    outer loop
      vertex -26.707468555228825 24.6524381673857 59.32070982276997
      vertex -26.912481834846492 24.874788384320798 59.56698729810778
      vertex -26.952552981555012 26.603352419888157 59.56698729810778
    endloop
  endfacet
  facet normal -0.7088215791714548 0 -0.7053878145395516
    outer loop
      vertex -26.707468555228825 24.6524381673857 59.32070982276997
      vertex -26.952552981555012 26.603352419888157 59.56698729810778
      vertex -26.707468555228825 24.94633079353194 59.32070982276997
    endloop
  endfacet
  facet normal -0.9030959514332358 -0.020935348426287234 -0.4289282150793635
    outer loop
      vertex -27.11473608344023 24.727842071247682 60
      vertex -26.952552981555012 26.603352419888157 59.56698729810778
      vertex -26.912481834846492 24.874788384320798 59.56698729810778
    endloop
  endfacet
  facet normal -0.9463767945506212 -0.021938674295933675 0.3223191854454655
    outer loop
      vertex -27.11473608344023 24.727842071247682 60
      vertex -26.84100253819158 25.50098963897607 60.85634650448439
      vertex -27.15480723014875 26.45640610681504 60
    endloop
  endfacet
  facet normal -0.9463767945506224 -0.021938674295937797 0.32231918544546134
    outer loop
      vertex -26.84100253819158 25.50098963897607 60.85634650448439
      vertex -25.107132359414553 24.408731236080843 65.87290112990986
      vertex -27.15480723014875 26.45640610681504 60
    endloop
  endfacet
  facet normal -0.7659884041381988 -0.06582159664587058 -0.6394757869855621
    outer loop
      vertex -24.922914418580415 20.95415851483693 66.00781896023942
      vertex -29.954295941090354 27.909666722691608 71.31866468173666
      vertex -25.075461521282488 23.643057798884648 65.91377578680704
    endloop
  endfacet
  facet normal -0.7659884041381985 -0.06582159664586988 -0.6394757869855624
    outer loop
      vertex -25.075461521282488 23.643057798884648 65.91377578680704
      vertex -29.954295941090354 27.909666722691608 71.31866468173666
      vertex -25.107132359414553 24.408731236080843 65.87290112990986
    endloop
  endfacet
  facet normal -0.9463767945506223 -0.02193867429593414 0.32231918544546206
    outer loop
      vertex -25.075461521282488 23.643057798884648 65.91377578680704
      vertex -25.107132359414553 24.408731236080843 65.87290112990986
      vertex -26.84100253819158 25.50098963897607 60.85634650448439
    endloop
  endfacet
  facet normal -0.9442507506267839 4.907283838959934e-15 0.32922715553361526
    outer loop
      vertex -27.15480723014875 26.45640610681504 60
      vertex -25.107132359414553 24.408731236080843 65.87290112990986
      vertex -25.116202128578774 24.76700156691192 65.8468882807345
    endloop
  endfacet
  facet normal -0.9442507506267844 0 0.32922715553361387
    outer loop
      vertex -27.15480723014875 27.04419135910751 60
      vertex -25.116202128578774 24.76700156691192 65.8468882807345
      vertex -25.116202128578774 25.005586257537534 65.8468882807345
    endloop
  endfacet
  facet normal -0.7088215791714549 0 -0.7053878145395517
    outer loop
      vertex -26.707468555228825 24.94633079353194 59.32070982276997
      vertex -26.952552981555012 26.603352419888157 59.56698729810778
      vertex -26.952552981555012 26.897245046034396 59.56698729810778
    endloop
  endfacet
  facet normal -0.9030959514332358 -0.02093534842628723 -0.4289282150793635
    outer loop
      vertex -27.11473608344023 24.727842071247682 60
      vertex -27.15480723014875 26.45640610681504 60
      vertex -26.952552981555012 26.603352419888157 59.56698729810778
    endloop
  endfacet
  facet normal -0.9060374296629683 0 -0.4231975614883927
    outer loop
      vertex -27.15480723014875 26.45640610681504 60
      vertex -27.15480723014875 27.04419135910751 60
      vertex -26.952552981555012 26.603352419888157 59.56698729810778
    endloop
  endfacet
  facet normal -0.9060374296629682 0 -0.4231975614883927
    outer loop
      vertex -26.952552981555012 26.603352419888157 59.56698729810778
      vertex -27.15480723014875 27.04419135910751 60
      vertex -26.952552981555012 26.897245046034396 59.56698729810778
    endloop
  endfacet
  facet normal -0.2799809633056554 0.8616928014882804 -0.42319756148838594
    outer loop
      vertex -27.15480723014875 27.04419135910751 60
      vertex -26.5957902357738 27.225826991108853 60
      vertex -26.952552981555012 26.897245046034396 59.56698729810778
    endloop
  endfacet
  facet normal -0.2799809633056535 0.8616928014882803 -0.4231975614883875
    outer loop
      vertex -26.952552981555012 26.897245046034396 59.56698729810778
      vertex -26.5957902357738 27.225826991108853 60
      vertex -26.67304448436754 26.988062862035065 59.56698729810778
    endloop
  endfacet
  facet normal -0.9442507506267842 0 0.329227155533614
    outer loop
      vertex -27.15480723014875 26.45640610681504 60
      vertex -25.116202128578774 24.76700156691192 65.8468882807345
      vertex -27.15480723014875 27.04419135910751 60
    endloop
  endfacet
  facet normal -0.28291632657949345 0.8707269207118006 0.40223498319080997
    outer loop
      vertex -27.15480723014875 27.04419135910751 60
      vertex -24.540227335824547 25.1702640911596 65.89552465103226
      vertex -26.5957902357738 27.225826991108853 60
    endloop
  endfacet
  facet normal -0.7659884041382035 -0.06582159664588921 -0.6394757869855542
    outer loop
      vertex -29.954295941090354 27.909666722691608 71.31866468173666
      vertex -25.116202128578774 24.76700156691192 65.8468882807345
      vertex -25.107132359414553 24.408731236080843 65.87290112990986
    endloop
  endfacet
  facet normal -0.7383841118638802 0 -0.674380384758475
    outer loop
      vertex -30.33749221269824 29.988291651031385 71.56371772696313
      vertex -25.116202128578774 25.005586257537534 65.8468882807345
      vertex -25.116202128578774 24.76700156691192 65.8468882807345
    endloop
  endfacet
  facet normal -0.7383841118638151 1.4015101931080217e-13 -0.6743803847585463
    outer loop
      vertex -30.34047837479341 30.285170439272793 71.56698729810778
      vertex -25.08599102617107 25.030683090650452 65.8138099194359
      vertex -25.116202128578774 25.005586257537534 65.8468882807345
    endloop
  endfacet
  facet normal -0.20268512149842074 0.6238006616660255 -0.7548453325206423
    outer loop
      vertex -30.060969877605938 30.375988255273462 71.56698729810778
      vertex -24.8064825289836 25.121500906651125 65.8138099194359
      vertex -25.08599102617107 25.030683090650452 65.8138099194359
    endloop
  endfacet
  facet normal -0.28291632657949894 0.8707269207117976 0.4022349831908129
    outer loop
      vertex -27.15480723014875 27.04419135910751 60
      vertex -25.116202128578774 25.005586257537534 65.8468882807345
      vertex -25.08599102617107 25.030683090650452 65.8138099194359
    endloop
  endfacet
  facet normal -0.28291632657950444 0.870726920711796 0.40223498319081225
    outer loop
      vertex -27.15480723014875 27.04419135910751 60
      vertex -25.08599102617107 25.030683090650452 65.8138099194359
      vertex -24.8064825289836 25.121500906651125 65.8138099194359
    endloop
  endfacet
  facet normal 0.05789408756978678 0.7629113006370457 -0.6439057555145421
    outer loop
      vertex -30.060969877605938 30.375988255273462 71.56698729810778
      vertex -24.540227335824547 25.1702640911596 65.89552465103226
      vertex -24.8064825289836 25.121500906651125 65.8138099194359
    endloop
  endfacet
  facet normal 0.097759550838917 0.9498325099696187 0.2970879890278087
    outer loop
      vertex -24.540227335824547 25.1702640911596 65.89552465103226
      vertex -22.261975136230042 24.95243476717572 65.84227598811152
      vertex -25.087109102730537 26.935111670401472 60.43301270189222
    endloop
  endfacet
  facet normal 0.0977595508389169 0.9498325099696188 0.2970879890278088
    outer loop
      vertex -26.5957902357738 27.225826991108853 60
      vertex -24.540227335824547 25.1702640911596 65.89552465103226
      vertex -25.087109102730537 26.935111670401472 60.43301270189222
    endloop
  endfacet
  facet normal -0.2829163265794796 0.870726920711807 0.4022349831908059
    outer loop
      vertex -27.15480723014875 27.04419135910751 60
      vertex -24.8064825289836 25.121500906651125 65.8138099194359
      vertex -24.540227335824547 25.1702640911596 65.89552465103226
    endloop
  endfacet
  facet normal 0.057894087569753824 0.7629113006370317 -0.6439057555145616
    outer loop
      vertex -30.060969877605938 30.375988255273462 71.56698729810778
      vertex -22.261975136230042 24.95243476717572 65.84227598811152
      vertex -24.540227335824547 25.1702640911596 65.89552465103226
    endloop
  endfacet
  facet normal -0.6330587953569533 0.005001895197909807 0.7740875549094123
    outer loop
      vertex -30.37407009233203 26.033675476329112 72.43301270189222
      vertex -23.347033293829433 22.648632170495723 78.20168712912516
      vertex -23.34586168559823 23.23524581455699 78.19885478405014
    endloop
  endfacet
  facet normal -0.6330587953569806 0.005001895197791197 0.7740875549093907
    outer loop
      vertex -30.37407009233203 26.033675476329112 72.43301270189222
      vertex -23.34586168559823 23.23524581455699 78.19885478405014
      vertex -23.328497272554653 23.273189337034037 78.21281044683282
    endloop
  endfacet
  facet normal -0.16916403182793094 0.5206333558390176 0.8368538935343025
    outer loop
      vertex -30.060969877605938 30.375988255273462 72.43301270189222
      vertex -23.328497272554653 23.273189337034037 78.21281044683282
      vertex -23.04898877536718 23.364007153034706 78.21281044683282
    endloop
  endfacet
  facet normal -0.020262917673854897 0.6237760958752024 0.7813403844561171
    outer loop
      vertex -30.060969877605938 30.375988255273462 72.43301270189222
      vertex -23.04898877536718 23.364007153034706 78.21281044683282
      vertex -22.780225528370515 23.410262283705567 78.18285305855228
    endloop
  endfacet
  facet normal -0.02026291767384938 0.6237760958752061 0.7813403844561143
    outer loop
      vertex -30.060969877605938 30.375988255273462 72.43301270189222
      vertex -22.780225528370515 23.410262283705567 78.18285305855228
      vertex -21.336738753180384 23.486261922305605 78.1596141417804
    endloop
  endfacet
  facet normal -0.15287509927745413 0.4705011762902553 0.8690557215336624
    outer loop
      vertex -27.89208058421658 28.207098961884107 48.43301270189222
      vertex -20.36314542506919 20.30783748954857 54.034032756022086
      vertex -20.08363692788172 20.39865530554924 54.034032756022086
    endloop
  endfacet
  facet normal -0.6320898312736236 0.018386308687977786 -0.7746769577400068
    outer loop
      vertex -26.707468555228825 24.94633079353194 59.32070982276997
      vertex -20.36314542506919 20.30783748954857 54.034032756022086
      vertex -20.36570093101169 20.17226190064563 54.0329001222199
    endloop
  endfacet
  facet normal -0.17135880836675083 0.5273881834603185 -0.8321645646995266
    outer loop
      vertex -26.67304448436754 26.988062862035065 59.56698729810778
      vertex -20.08363692788172 20.39865530554924 54.034032756022086
      vertex -20.36314542506919 20.30783748954857 54.034032756022086
    endloop
  endfacet
  facet normal 0.021890495371708736 0.6556398460640349 -0.7547563835208748
    outer loop
      vertex -26.67304448436754 26.988062862035065 59.56698729810778
      vertex -15.649387795829302 20.53735093042955 54.28312278341803
      vertex -20.08363692788172 20.39865530554924 54.034032756022086
    endloop
  endfacet
  facet normal 0.06873578012701043 0.9918692070016565 0.1071021415856678
    outer loop
      vertex -22.741077355064863 25.886072564070222 36.43301270189222
      vertex -24.797414532349528 25.427451287684576 42
      vertex -21.945476920711773 25.23918508744534 41.91321639571939
    endloop
  endfacet
  facet normal 0.03614105449934568 0.8999816135041299 -0.4344271164812096
    outer loop
      vertex -27.81482633562284 28.444863090957895 48
      vertex -2.3143374164110746 27.35795267434969 47.86974839153082
      vertex -24.797414532349528 25.427451287684576 42
    endloop
  endfacet
  facet normal 0.09775955083891821 0.9498325099696188 0.2970879890278082
    outer loop
      vertex -25.087109102730537 26.935111670401472 60.43301270189222
      vertex -22.261975136230042 24.95243476717572 65.84227598811152
      vertex -18.611325775173423 26.00896252470822 61.263126699549716
    endloop
  endfacet
  facet normal -0.02026291767384457 0.6237760958752099 0.7813403844561113
    outer loop
      vertex -30.060969877605938 30.375988255273462 72.43301270189222
      vertex -21.336738753180384 23.486261922305605 78.1596141417804
      vertex -17.950702852905135 23.63243211836613 78.13073235351894
    endloop
  endfacet
  facet normal 0.05789408756975454 0.762911300637032 -0.6439057555145612
    outer loop
      vertex -30.060969877605938 30.375988255273462 71.56698729810778
      vertex -3.376590519811409 28.127272483636876 71.30188191994392
      vertex -22.261975136230042 24.95243476717572 65.84227598811152
    endloop
  endfacet
  facet normal 0 0 -1
    outer loop
      vertex -3.6955181300451474 3.6955181300451474 -0.4330127018922193
      vertex -5.5 10.25 -0.4330127018922193
      vertex 0 5.226251859505506 -0.4330127018922193
    endloop
  endfacet
  facet normal 0 0 -1
    outer loop
      vertex -5.5 10.25 -0.4330127018922193
      vertex 5.5 10.25 -0.4330127018922193
      vertex 0 5.226251859505506 -0.4330127018922193
    endloop
  endfacet
  facet normal 0 0 -1
    outer loop
      vertex -24.922745751406264 25.23776412907379 -0.4330127018922193
      vertex -5.5 13.75 -0.4330127018922193
      vertex -5.5 10.25 -0.4330127018922193
    endloop
  endfacet
  facet normal 0.012980743823556865 0.9187939521896064 0.39452398369375563
    outer loop
      vertex -24.845491502812525 25.475528258147577 0
      vertex -20.261579059703156 22.919474082480136 5.80188941495484
      vertex 20.37344021582456 22.34538151882766 5.8018894149548395
    endloop
  endfacet
  facet normal -0.09650479790120871 0.9627926483885448 -0.25242254295331595
    outer loop
      vertex -15.194559499816952 20.521308734329022 30.28914667258418
      vertex -14.019242268752114 20.680017885251765 30.44515592368331
      vertex -0.6743369433817126 21.97673233528267 30.28914667258418
    endloop
  endfacet
  facet normal 0 0.876551507956312 -0.48130806548354826
    outer loop
      vertex -24.922745751406264 25.23776412907379 -0.4330127018922193
      vertex -24.845491502812525 25.475528258147577 0
      vertex 25.154508497187475 25.475528258147577 0
    endloop
  endfacet
  facet normal 0.06737575345408808 0.7514937715483018 0.6562908038138298
    outer loop
      vertex -28.192917300271333 28.507935677938853 12.433012701892219
      vertex -20.11669312215975 23.066918553890225 17.834198837590908
      vertex 14.187943169555835 19.99130993991486 17.834198837590908
    endloop
  endfacet
  facet normal -0.019978059645909138 0.7040019785171574 -0.7099169609022682
    outer loop
      vertex -28.192917300271333 28.507935677938853 11.566987298107781
      vertex 24.916333002646162 29.427183140359876 10.984006807707999
      vertex -22.570648809451143 22.885667187118667 5.833344659997373
    endloop
  endfacet
  facet normal -0.024919958907362857 0.8781483630689872 -0.4777388911186879
    outer loop
      vertex -28.192917300271333 28.507935677938853 11.566987298107781
      vertex -28.115663051677593 28.74569980701264 12
      vertex 30.07603508736541 30.39705484832551 12
    endloop
  endfacet
  facet normal -0.024919958907362857 0.8781483630689872 0.4777388911186879
    outer loop
      vertex -28.192917300271333 28.507935677938853 12.433012701892219
      vertex 30.07603508736541 30.39705484832551 12
      vertex -28.115663051677593 28.74569980701264 12
    endloop
  endfacet
  facet normal -0.042627747026344566 0.4252812538537751 0.9040568180728571
    outer loop
      vertex -31.06446799176993 31.37948636943745 24.43301270189222
      vertex -15.194559499816952 20.521308734329022 30.28914667258418
      vertex -0.6743369433817126 21.97673233528267 30.28914667258418
    endloop
  endfacet
  facet normal -0.00008180892597915292 0.8765576627148733 -0.4812968494008018
    outer loop
      vertex -25.570790089960997 25.88580846762852 35.56698729810778
      vertex -25.493535841367258 26.12357259670231 36
      vertex 24.56678148662543 25.890487795705102 35.56698729810778
    endloop
  endfacet
  facet normal 0.022411991363216446 0.8746389980137298 -0.48425646696422536
    outer loop
      vertex -31.06446799176993 31.37948636943745 23.56698729810778
      vertex -30.98721374317619 31.61725049851124 24
      vertex 29.66288209041829 29.823391970898342 23.56698729810778
    endloop
  endfacet
  facet normal 0.022411991363216446 0.8746389980137298 0.48425646696422536
    outer loop
      vertex -30.98721374317619 31.61725049851124 24
      vertex -31.06446799176993 31.37948636943745 24.43301270189222
      vertex 29.66288209041829 29.823391970898342 24.43301270189222
    endloop
  endfacet
  facet normal 0.014884622990980088 0.5808797410126515 -0.8138532880559562
    outer loop
      vertex -31.06446799176993 31.37948636943745 23.56698729810778
      vertex 29.66288209041829 29.823391970898342 23.56698729810778
      vertex -22.935304554528926 23.25032293219645 17.91355210701922
    endloop
  endfacet
  facet normal 0 0 -1
    outer loop
      vertex -24.922745751406264 25.23776412907379 -0.4330127018922193
      vertex 25.077254248593736 25.23776412907379 -0.4330127018922193
      vertex -5.5 13.75 -0.4330127018922193
    endloop
  endfacet
  facet normal -0.019978059645869857 0.7040019785169971 -0.709916960902428
    outer loop
      vertex -22.570648809451143 22.885667187118667 5.833344659997373
      vertex 24.916333002646162 29.427183140359876 10.984006807707999
      vertex -22.292348987814407 22.92238574314946 5.861925531810998
    endloop
  endfacet
  facet normal -0.01997805964590822 0.7040019785171536 -0.7099169609022719
    outer loop
      vertex -22.292348987814407 22.92238574314946 5.861925531810998
      vertex 24.916333002646162 29.427183140359876 10.984006807707999
      vertex -20.261579059703156 22.919474082480136 5.80188941495484
    endloop
  endfacet
  facet normal 0.014884622990980444 0.5808797410126496 -0.8138532880559575
    outer loop
      vertex -22.935304554528926 23.25032293219645 17.91355210701922
      vertex 29.66288209041829 29.823391970898342 23.56698729810778
      vertex -20.11669312215975 23.066918553890225 17.834198837590908
    endloop
  endfacet
  facet normal -0.00008180892597920161 0.87655766271487 0.4812968494008075
    outer loop
      vertex -25.493535841367258 26.12357259670231 36
      vertex -22.741077355064863 25.886072564070222 36.43301270189222
      vertex 25.73008648621433 25.890596366694382 36.43301270189222
    endloop
  endfacet
  facet normal -0.00006544855899289452 0.7012613258538274 -0.7129043053441453
    outer loop
      vertex -25.570790089960997 25.88580846762852 35.56698729810778
      vertex 24.545702012936886 25.887641325592536 35.56418925106414
      vertex -14.019242268752114 20.680017885251765 30.44515592368331
    endloop
  endfacet
  facet normal -0.042627747026344476 0.4252812538537753 0.9040568180728569
    outer loop
      vertex -31.06446799176993 31.37948636943745 24.43301270189222
      vertex -0.6743369433817126 21.97673233528267 30.28914667258418
      vertex 22.66190073437056 24.31582258969559 30.28914667258418
    endloop
  endfacet
  facet normal 0.06873578012700947 0.9918692070016565 0.10710214158566793
    outer loop
      vertex -22.741077355064863 25.886072564070222 36.43301270189222
      vertex -21.945476920711773 25.23918508744534 41.91321639571939
      vertex 20.521289713008414 22.29627052428002 41.91321639571939
    endloop
  endfacet
  facet normal -0.003594953740262912 0.8768162976877814 0.48081208014846877
    outer loop
      vertex -27.89208058421658 28.207098961884107 48.43301270189222
      vertex 25.050423778640198 25.3714435396003 54
      vertex -27.81482633562284 28.444863090957895 48
    endloop
  endfacet
  facet normal -0.06403977015794117 0.5385890100194004 0.8401314100332401
    outer loop
      vertex -27.89208058421658 28.207098961884107 48.43301270189222
      vertex -20.08363692788172 20.39865530554924 54.034032756022086
      vertex 23.65250819175576 25.210458511524834 54.28312278341803
    endloop
  endfacet
  facet normal 0.03845976478030144 0.872992255145297 0.486215352441048
    outer loop
      vertex -30.060969877605938 30.375988255273462 72.43301270189222
      vertex 21.723995299064445 24.921236142284496 78.13073235351894
      vertex -29.9837156290122 30.61375238434725 72
    endloop
  endfacet
  facet normal 0.029180190703001447 0.8739727181030222 -0.48509813902153015
    outer loop
      vertex -26.67304448436754 26.988062862035065 59.56698729810778
      vertex -26.5957902357738 27.225826991108853 60
      vertex 23.650590554398246 25.30785793471566 59.56698729810778
    endloop
  endfacet
  facet normal 0.0977595508389177 0.949832509969619 0.29708798902780775
    outer loop
      vertex -22.261975136230042 24.95243476717572 65.84227598811152
      vertex 17.110971043025653 20.900055538955755 65.84227598811152
      vertex -18.611325775173423 26.00896252470822 61.263126699549716
    endloop
  endfacet
  facet normal 0.029180190703001516 0.8739727181030224 0.4850981390215297
    outer loop
      vertex -26.5957902357738 27.225826991108853 60
      vertex -25.087109102730537 26.935111670401472 60.43301270189222
      vertex 25.098988945987653 25.259498826467706 60.43301270189222
    endloop
  endfacet
  facet normal -0.020262917673846192 0.6237760958752081 0.7813403844561126
    outer loop
      vertex -30.060969877605938 30.375988255273462 72.43301270189222
      vertex -17.950702852905135 23.63243211836613 78.13073235351894
      vertex 21.723995299064445 24.921236142284496 78.13073235351894
    endloop
  endfacet
  facet normal 0.06599226582617368 0.8696267178020641 -0.489279462614094
    outer loop
      vertex -30.060969877605938 30.375988255273462 71.56698729810778
      vertex -29.9837156290122 30.61375238434725 72
      vertex 25.96398341184973 26.12449329232978 71.56698729810778
    endloop
  endfacet
  facet normal -0.06403977015793984 0.538589010019388 0.8401314100332481
    outer loop
      vertex -20.08363692788172 20.39865530554924 54.034032756022086
      vertex -15.649387795829302 20.53735093042955 54.28312278341803
      vertex 23.65250819175576 25.210458511524834 54.28312278341803
    endloop
  endfacet
  facet normal 0.04278649544627833 0.8725086124994378 -0.4867217243166074
    outer loop
      vertex -24.797414532349528 25.427451287684576 42
      vertex 23.73649903044249 26.24758472865475 47.736685713402565
      vertex -21.945476920711773 25.23918508744534 41.91321639571939
    endloop
  endfacet
  facet normal 0.021890495371710086 0.6556398460640362 -0.7547563835208735
    outer loop
      vertex -26.67304448436754 26.988062862035065 59.56698729810778
      vertex 23.650590554398246 25.30785793471566 59.56698729810778
      vertex -15.649387795829302 20.53735093042955 54.28312278341803
    endloop
  endfacet
  facet normal 0.036141054499345564 0.8999816135041299 -0.4344271164812093
    outer loop
      vertex -24.797414532349528 25.427451287684576 42
      vertex -2.3143374164110746 27.35795267434969 47.86974839153082
      vertex 23.73649903044249 26.24758472865475 47.736685713402565
    endloop
  endfacet
  facet normal 0.036141054499345515 0.8999816135041266 -0.4344271164812162
    outer loop
      vertex -27.81482633562284 28.444863090957895 48
      vertex 25.96420915158627 26.285228912546373 48
      vertex -2.3143374164110746 27.35795267434969 47.86974839153082
    endloop
  endfacet
  facet normal 0.025365893005953793 0.7597311026224217 0.6497424283361289
    outer loop
      vertex -25.087109102730537 26.935111670401472 60.43301270189222
      vertex -18.611325775173423 26.00896252470822 61.263126699549716
      vertex 25.098988945987653 25.259498826467706 60.43301270189222
    endloop
  endfacet
  facet normal 0.057894087569754546 0.7629113006370322 -0.6439057555145611
    outer loop
      vertex -22.261975136230042 24.95243476717572 65.84227598811152
      vertex -3.376590519811409 28.127272483636876 71.30188191994392
      vertex 21.63721173733618 26.019337691898265 71.0533734791898
    endloop
  endfacet
  facet normal 0.05789408756975463 0.7629113006370332 -0.6439057555145599
    outer loop
      vertex -30.060969877605938 30.375988255273462 71.56698729810778
      vertex 25.96398341184973 26.12449329232978 71.56698729810778
      vertex -3.376590519811409 28.127272483636876 71.30188191994392
    endloop
  endfacet
  facet normal -0.4855501123944231 0.017850735224905635 -0.8740265668763698
    outer loop
      vertex -31.218541056871544 -27.703066685671605 95.56698729810778
      vertex -29.118474590581503 28.769274028914648 95.55369856346707
      vertex -23.9108594794424 0.515406222230389 92.08365482480106
    endloop
  endfacet
  facet normal -0.5122481959035681 -0.039092684652480475 0.8579472873086093
    outer loop
      vertex -29.3177513335476 -28.14369265177775 84.57757387871477
      vertex -23.379564777621336 16.008682653750455 90.13486196065028
      vertex -23.719435927605012 20.462159946662595 90.13486196065027
    endloop
  endfacet
  facet normal -0.5565918029562316 0.03996000021630181 -0.8298245376371108
    outer loop
      vertex -28.89022363960561 -28.541023077938753 83.21015201408146
      vertex -25.56640617191213 25.165689134368854 83.56698729810778
      vertex -25.55796690337122 24.85956578003751 83.54658549479846
    endloop
  endfacet
  facet normal -0.8956182354445509 0.06430009333950455 -0.4401516492479837
    outer loop
      vertex -29.386912748921095 -28.049091456048156 83.56698729810778
      vertex -25.745523204729917 25.634907333688677 84
      vertex -25.56640617191213 25.165689134368854 83.56698729810778
    endloop
  endfacet
  facet normal -0.9328555958572708 0.06697351562535848 0.3539703172337421
    outer loop
      vertex -29.589166997514834 -27.90214514297504 84
      vertex -23.881999334190645 21.24760383866936 89.74124922593737
      vertex -25.745523204729917 25.634907333688677 84
    endloop
  endfacet
  facet normal -0.8976772282472325 0.0533819814949059 0.43740822801822515
    outer loop
      vertex -29.52000558214134 -27.702853712558397 84.14456117682255
      vertex -23.72828178416182 20.679250826438675 90.12608093106314
      vertex -23.723274124555402 21.132283223602794 90.08106919194768
    endloop
  endfacet
  facet normal -0.8976772282472245 0.05338198149490411 0.4374082280182417
    outer loop
      vertex -29.52000558214134 -27.702853712558397 84.14456117682255
      vertex -23.723274124555402 21.132283223602794 90.08106919194768
      vertex -23.881999334190645 21.24760383866936 89.74124922593737
    endloop
  endfacet
  facet normal -0.7045014672642625 -3.0697801516590722e-15 0.7097025310808053
    outer loop
      vertex -29.3177513335476 -27.849800025631513 84.57757387871477
      vertex -23.719435927605012 20.462159946662595 90.13486196065027
      vertex -23.72828178416182 20.679250826438675 90.12608093106314
    endloop
  endfacet
  facet normal -0.7497239977797208 -0.057215865387105234 -0.6592725323424282
    outer loop
      vertex -23.883706314640396 0.36808697676463625 92.06556157722126
      vertex -23.9108594794424 0.515406222230389 92.08365482480106
      vertex -23.379564777621336 16.008682653750455 90.13486196065028
    endloop
  endfacet
  facet normal -0.6481240838715392 0.02382759496650525 0.7611618866074352
    outer loop
      vertex -31.218541056871544 -27.703066685671605 96.43301270189222
      vertex -22.937065315103297 19.671632645245193 102.00160304449683
      vertex -29.13112555788197 29.075817622361352 96.43301270189222
    endloop
  endfacet
  facet normal -0.6785732466272913 0.03205300370042409 0.7338330558890611
    outer loop
      vertex -31.048837629333526 -29.271391960855606 96.62660922915995
      vertex -23.120684795053112 15.647495433162664 101.99574204899746
      vertex -22.990807279220395 18.397047656292628 101.99574204899746
    endloop
  endfacet
  facet normal -0.6481240838715356 0.023827594966505022 0.7611618866074384
    outer loop
      vertex -31.218541056871544 -27.703066685671605 96.43301270189222
      vertex -22.990807279220395 18.397047656292628 101.99574204899746
      vertex -22.937065315103297 19.671632645245193 102.00160304449683
    endloop
  endfacet
  facet normal -0.8478437951904263 0.015291498119191891 0.5300255362172328
    outer loop
      vertex -27.30106924543142 -26.951868683764566 108.4550482288042
      vertex -23.11177536130404 17.611608463117854 113.87068257615377
      vertex -23.108380147615094 17.79985756971823 113.87068257615377
    endloop
  endfacet
  facet normal -0.716524990295709 -0.017259992972930144 0.6973478550367158
    outer loop
      vertex -27.30106924543142 -26.951868683764566 108.4550482288042
      vertex -23.108380147615094 17.79985756971823 113.87068257615377
      vertex -23.121103272880635 20.424203391274027 113.92256450705791
    endloop
  endfacet
  facet normal -0.7165249902956934 -0.017259992972933545 0.6973478550367317
    outer loop
      vertex -27.30106924543142 -26.951868683764566 108.4550482288042
      vertex -23.121103272880635 20.424203391274027 113.92256450705791
      vertex -28.653553009420758 28.304352447753903 108.43301270189222
    endloop
  endfacet
  facet normal -0.4855501123945247 0.017850735224909427 -0.8740265668763133
    outer loop
      vertex -31.218541056871544 -27.703066685671605 95.56698729810778
      vertex -29.13112555788197 29.075817622361352 95.56698729810778
      vertex -29.118474590581503 28.769274028914648 95.55369856346707
    endloop
  endfacet
  facet normal -0.9011819553979448 0.03313099938529898 -0.4321729053803212
    outer loop
      vertex -31.420795305465283 -27.55612037259849 96
      vertex -29.33337980647571 29.222763935434468 96
      vertex -29.13112555788197 29.075817622361352 95.56698729810778
    endloop
  endfacet
  facet normal -0.9011819553979448 0.03313099938529898 0.4321729053803212
    outer loop
      vertex -31.218541056871544 -27.703066685671605 96.43301270189222
      vertex -29.13112555788197 29.075817622361352 96.43301270189222
      vertex -29.33337980647571 29.222763935434468 96
    endloop
  endfacet
  facet normal -0.7497239977797453 -0.05721586538710091 -0.6592725323424005
    outer loop
      vertex -23.9108594794424 0.515406222230389 92.08365482480106
      vertex -29.118474590581503 28.769274028914648 95.55369856346707
      vertex -23.379564777621336 16.008682653750455 90.13486196065028
    endloop
  endfacet
  facet normal -0.9029725149973258 -0.021751229161140893 -0.4291474352590073
    outer loop
      vertex -27.31509766383642 -27.259789728315802 107.56698729810778
      vertex -28.855807258014497 28.157406134680787 108
      vertex -28.653553009420758 28.304352447753903 107.56698729810778
    endloop
  endfacet
  facet normal -0.9029725149973258 -0.021751229161140893 0.4291474352590073
    outer loop
      vertex -27.31509766383642 -27.259789728315802 108.43301270189222
      vertex -28.653553009420758 28.304352447753903 108.43301270189222
      vertex -28.855807258014497 28.157406134680787 108
    endloop
  endfacet
  facet normal -0.8240761123297108 0 -0.5664790914831277
    outer loop
      vertex -26.327524518111193 -1.4603280296540453 104.18323572615127
      vertex -28.653553009420758 28.59824507390014 107.56698729810778
      vertex -26.327524518111193 -1.1664354035078086 104.18323572615127
    endloop
  endfacet
  facet normal -0.6713599054003577 0.03171227518778615 -0.7404527054601372
    outer loop
      vertex -26.327524518111193 -1.1664354035078086 104.18323572615127
      vertex -22.990807279220395 18.397047656292628 101.99574204899746
      vertex -23.120684795053112 15.647495433162664 101.99574204899746
    endloop
  endfacet
  facet normal -0.6536906507256397 0.01178980068357906 -0.7566700296388983
    outer loop
      vertex -26.09537163291328 -0.34782210478785974 116.16839599601047
      vertex -23.108380147615094 17.79985756971823 113.87068257615377
      vertex -23.11177536130404 17.611608463117854 113.87068257615377
    endloop
  endfacet
  facet normal -0.6713599054003556 0.031712275187785764 -0.7404527054601393
    outer loop
      vertex -26.327524518111193 -1.1664354035078086 104.18323572615127
      vertex -28.653553009420758 28.59824507390014 107.56698729810778
      vertex -22.937065315103297 19.671632645245193 102.00160304449683
    endloop
  endfacet
  facet normal -0.6713599054003623 0.03171227518778738 -0.740452705460133
    outer loop
      vertex -26.327524518111193 -1.1664354035078086 104.18323572615127
      vertex -22.937065315103297 19.671632645245193 102.00160304449683
      vertex -22.990807279220395 18.397047656292628 101.99574204899746
    endloop
  endfacet
  facet normal -0.6536906507255807 0.011789800683561976 -0.7566700296389495
    outer loop
      vertex -26.09537163291328 -0.34782210478785974 116.16839599601047
      vertex -29.492172038445496 29.436864102924876 119.56698729810778
      vertex -23.108380147615094 17.79985756971823 113.87068257615377
    endloop
  endfacet
  facet normal -0.7497239977797446 -0.05721586538710116 -0.6592725323424015
    outer loop
      vertex -20.98623837027644 -15.352098660429558 90.13486196065027
      vertex -23.883706314640396 0.36808697676463625 92.06556157722126
      vertex -23.379564777621336 16.008682653750455 90.13486196065028
    endloop
  endfacet
  facet normal -0.9317600284539168 -0.07095835936505496 -0.3560732517499397
    outer loop
      vertex -20.532028733847724 -14.668513875552165 78.27205110784053
      vertex -25.55796690337122 24.85956578003751 83.54658549479846
      vertex -23.26950538847487 21.277516281163262 78.27205110784054
    endloop
  endfacet
  facet normal -0.6489582821055103 0.012791223859067388 -0.760716460107741
    outer loop
      vertex -30.602829500624456 -26.91195494712927 119.56698729810778
      vertex -29.492172038445496 29.436864102924876 119.56698729810778
      vertex -26.09537163291328 -0.34782210478785974 116.16839599601047
    endloop
  endfacet
  facet normal -0.6773264685805344 1.5158687023151602e-15 0.7356825775837175
    outer loop
      vertex -30.216750724330183 -26.535874821725244 120.85032716150207
      vertex -24.340834409138836 22.23607085149808 126.26015168190197
      vertex -24.34996261076173 22.4537399848701 126.25174755115576
    endloop
  endfacet
  facet normal -0.740488613334419 0.01459532281107498 0.6719104033084397
    outer loop
      vertex -30.216750724330183 -26.535874821725244 120.85032716150207
      vertex -24.34996261076173 22.4537399848701 126.25174755115576
      vertex -24.37280303903442 23.075244321414054 126.21307552977909
    endloop
  endfacet
  facet normal -0.90227099207909 0.026307801077322168 -0.430366072611551
    outer loop
      vertex -27.062710273641628 -26.713509711974773 131.5669872981078
      vertex -25.72639687751598 25.027995754182268 131.92828069340365
      vertex -25.588138559059793 23.85944695198608 131.5669872981078
    endloop
  endfacet
  facet normal -0.6283439656553705 -0.014209272323048779 -0.7778058609990876
    outer loop
      vertex -28.88512025774449 -25.336739753824247 143.5669872981078
      vertex -30.131575306126358 29.7823747444595 143.5669872981078
      vertex -25.450035749542213 1.8283182556469475 140.29572070478994
    endloop
  endfacet
  facet normal -0.8210738378798894 0 -0.5708219974293117
    outer loop
      vertex -25.202254248593736 -25.14694631307312 155.5669872981078
      vertex -25.202254248593736 24.28237975559826 155.5669872981078
      vertex -23.15128357842187 1.74894455842791 152.61685859402672
    endloop
  endfacet
  facet normal -0.6271477771772025 -0.014182221903587642 0.7787711667515506
    outer loop
      vertex -28.88512025774449 -25.336739753824247 144.4330127018922
      vertex -22.742358567134158 20.27003582287627 150.21035133950366
      vertex -22.76601458474083 21.027201822565196 150.20508981621109
    endloop
  endfacet
  facet normal -0.6271477771771459 -0.014182221903601248 0.778771166751596
    outer loop
      vertex -28.88512025774449 -25.336739753824247 144.4330127018922
      vertex -22.76601458474083 21.027201822565196 150.20508981621109
      vertex -22.79956831495288 22.10116719161917 150.19762686382415
    endloop
  endfacet
  facet normal -0.6271477771772465 -0.014182221903580356 0.7787711667515153
    outer loop
      vertex -28.88512025774449 -25.336739753824247 144.4330127018922
      vertex -22.79956831495288 22.10116719161917 150.19762686382415
      vertex -22.80167785546602 22.452477293799166 150.20232575913337
    endloop
  endfacet
  facet normal -0.9035627429881542 0.017809578265610852 -0.428085491935576
    outer loop
      vertex -30.602829500624456 -26.91195494712927 119.56698729810778
      vertex -29.694426287039235 29.58381041599799 120
      vertex -29.492172038445496 29.436864102924876 119.56698729810778
    endloop
  endfacet
  facet normal -0.9035627429881542 0.017809578265610852 0.428085491935576
    outer loop
      vertex -30.602829500624456 -26.91195494712927 120.43301270189222
      vertex -29.492172038445496 29.436864102924876 120.43301270189222
      vertex -29.694426287039235 29.58381041599799 120
    endloop
  endfacet
  facet normal -0.740488613334418 0.014595322811075513 0.6719104033084405
    outer loop
      vertex -30.602829500624456 -26.91195494712927 120.43301270189222
      vertex -24.37280303903442 23.075244321414054 126.21307552977909
      vertex -29.492172038445496 29.436864102924876 120.43301270189222
    endloop
  endfacet
  facet normal -0.9022709920791421 0.026307801077322765 -0.43036607261144183
    outer loop
      vertex -27.062710273641628 -26.713509711974773 131.5669872981078
      vertex -25.742983750843592 25.63236787980235 132
      vertex -25.72639687751598 25.027995754182268 131.92828069340365
    endloop
  endfacet
  facet normal -0.9022709920790982 0.026307801077322404 0.43036607261153365
    outer loop
      vertex -27.264964522235367 -26.566563398901657 132
      vertex -25.540729502249853 25.485421566729233 132.4330127018922
      vertex -25.742983750843592 25.63236787980235 132
    endloop
  endfacet
  facet normal -0.9755412860580607 -0.04918229897220477 -0.2142435545448067
    outer loop
      vertex -22.32733458355017 -17.702123384654712 126.26015168190199
      vertex -25.588138559059793 23.85944695198608 131.5669872981078
      vertex -24.340834409138836 22.23607085149808 126.26015168190197
    endloop
  endfacet
  facet normal -0.9031729458500226 -0.02042421196646288 -0.42879071987409073
    outer loop
      vertex -28.88512025774449 -25.336739753824247 143.5669872981078
      vertex -30.333829554720097 29.635428431386384 144
      vertex -30.131575306126358 29.7823747444595 143.5669872981078
    endloop
  endfacet
  facet normal -0.9031729458500226 -0.02042421196646288 0.42879071987409073
    outer loop
      vertex -28.88512025774449 -25.336739753824247 144.4330127018922
      vertex -30.131575306126358 29.7823747444595 144.4330127018922
      vertex -30.333829554720097 29.635428431386384 144
    endloop
  endfacet
  facet normal -0.6271477771772024 -0.014182221903589023 0.7787711667515507
    outer loop
      vertex -28.88512025774449 -25.336739753824247 144.4330127018922
      vertex -22.80167785546602 22.452477293799166 150.20232575913337
      vertex -30.131575306126358 29.7823747444595 144.4330127018922
    endloop
  endfacet
  facet normal -0.5727792670850469 0 -0.8197096505455554
    outer loop
      vertex -25.450035749542213 1.8283182556469475 140.29572070478994
      vertex -30.131575306126358 29.7823747444595 143.5669872981078
      vertex -25.450035749542213 2.122210881793184 140.29572070478994
    endloop
  endfacet
  facet normal -0.9060374296629655 0 -0.4231975614883985
    outer loop
      vertex -25.404508497187475 -24.706107373853765 156
      vertex -25.404508497187475 24.706107373853765 156
      vertex -25.202254248593736 24.28237975559826 155.5669872981078
    endloop
  endfacet
  facet normal -0.9060374296629693 0 0.4231975614883902
    outer loop
      vertex -25.20343612235941 -24.852195005373385 156.43048238989073
      vertex -25.404508497187475 25.293892626146235 156
      vertex -25.404508497187475 24.706107373853765 156
    endloop
  endfacet
  facet normal -0.9060374296629656 1.0058922573553114e-16 0.4231975614883985
    outer loop
      vertex -25.20343612235941 -24.852195005373385 156.43048238989073
      vertex -25.202254248593736 25.14694631307312 156.4330127018922
      vertex -25.404508497187475 25.293892626146235 156
    endloop
  endfacet
  facet normal -0.9170252533366525 -0.03141331639957189 -0.3975901008521575
    outer loop
      vertex -23.15128357842187 1.74894455842791 152.61685859402672
      vertex -25.202254248593736 24.28237975559826 155.5669872981078
      vertex -22.76601458474083 21.027201822565196 150.20508981621109
    endloop
  endfacet
  facet normal -0.9170252533366514 -0.03141331639957204 -0.39759010085215984
    outer loop
      vertex -21.47824613102004 -16.632245115196014 150.21035133950366
      vertex -23.003879646316303 0.12945920926356713 152.40483188027434
      vertex -22.742358567134158 20.27003582287627 150.21035133950366
    endloop
  endfacet
  facet normal -0.9170252533366552 -0.03141331639957103 -0.397590100852151
    outer loop
      vertex -23.003879646316303 0.12945920926356713 152.40483188027434
      vertex -23.15128357842187 1.74894455842791 152.61685859402672
      vertex -22.742358567134158 20.27003582287627 150.21035133950366
    endloop
  endfacet
  facet normal 0 0 1
    outer loop
      vertex -25.202254248593736 -25.14694631307312 156.4330127018922
      vertex -3.6955181300451474 3.6955181300451474 156.4330127018922
      vertex -25.202254248593736 25.14694631307312 156.4330127018922
    endloop
  endfacet
  facet normal -0.7193862886926112 0.02097537385865423 0.6942934547671905
    outer loop
      vertex -23.10562038574741 -0.9336761736899368 135.75428059828778
      vertex -20.43780049827797 20.382492562757356 137.87453454733222
      vertex -25.453019518621765 25.397711583101145 132.52654247500953
    endloop
  endfacet
  facet normal -0.7193862886926007 0.020975373858651756 0.6942934547672015
    outer loop
      vertex -23.10562038574741 -0.9336761736899368 135.75428059828778
      vertex -20.602516499126583 15.373661631178223 137.85518778399765
      vertex -20.43780049827797 20.382492562757356 137.87453454733222
    endloop
  endfacet
  facet normal -0.4916826284265356 0.01953158869441119 -0.8705554031459719
    outer loop
      vertex -25.450035749542213 2.122210881793184 140.29572070478994
      vertex -20.43780049827797 20.382492562757356 137.87453454733222
      vertex -20.602516499126583 15.373661631178223 137.85518778399765
    endloop
  endfacet
  facet normal -0.49168262842651117 0.019531588694402212 -0.870555403145986
    outer loop
      vertex -25.450035749542213 2.122210881793184 140.29572070478994
      vertex -20.751867299938077 20.696559364417464 138.05896326209768
      vertex -20.43780049827797 20.382492562757356 137.87453454733222
    endloop
  endfacet
  facet normal -0.9170252533366553 -0.03141331639957101 -0.39759010085215135
    outer loop
      vertex -23.15128357842187 1.74894455842791 152.61685859402672
      vertex -22.76601458474083 21.027201822565196 150.20508981621109
      vertex -22.742358567134158 20.27003582287627 150.21035133950366
    endloop
  endfacet
  facet normal -0.9317600284539147 -0.07095835936504058 -0.3560732517499479
    outer loop
      vertex -25.55796690337122 24.85956578003751 83.54658549479846
      vertex -23.281800307264707 21.486670524064586 78.26254371566093
      vertex -23.26950538847487 21.277516281163262 78.27205110784054
    endloop
  endfacet
  facet normal -0.9317600284539168 -0.0709583593650577 -0.35607325174993887
    outer loop
      vertex -25.55796690337122 24.85956578003751 83.54658549479846
      vertex -23.347033293829433 22.648632170495723 78.20168712912516
      vertex -23.281800307264707 21.486670524064586 78.26254371566093
    endloop
  endfacet
  facet normal -0.8976772282472253 0.05338198149490017 0.4374082280182406
    outer loop
      vertex -23.723274124555402 21.132283223602794 90.08106919194768
      vertex -23.705014088500658 22.784230152180555 89.91693743305542
      vertex -23.881999334190645 21.24760383866936 89.74124922593737
    endloop
  endfacet
  facet normal -0.749723997779745 -0.057215865387100565 -0.659272532342401
    outer loop
      vertex -23.719435927605012 20.462159946662595 90.13486196065027
      vertex -23.379564777621336 16.008682653750455 90.13486196065028
      vertex -29.118474590581503 28.769274028914648 95.55369856346707
    endloop
  endfacet
  facet normal -0.7497239977797397 -0.057215865387092966 -0.6592725323424076
    outer loop
      vertex -23.719435927605012 20.462159946662595 90.13486196065027
      vertex -29.118474590581503 28.769274028914648 95.55369856346707
      vertex -23.72828178416182 20.679250826438675 90.12608093106314
    endloop
  endfacet
  facet normal -0.7497239977797561 -0.05721586538711776 -0.6592725323423868
    outer loop
      vertex -23.72828178416182 20.679250826438675 90.12608093106314
      vertex -29.118474590581503 28.769274028914648 95.55369856346707
      vertex -23.723274124555402 21.132283223602794 90.08106919194768
    endloop
  endfacet
  facet normal -0.932855595857272 0.06697351562535488 0.35397031723373973
    outer loop
      vertex -23.881999334190645 21.24760383866936 89.74124922593737
      vertex -23.705014088500658 22.784230152180555 89.91693743305542
      vertex -25.745523204729917 25.634907333688677 84
    endloop
  endfacet
  facet normal -0.8240761123297129 0 -0.5664790914831249
    outer loop
      vertex -26.327524518111193 -1.4603280296540453 104.18323572615127
      vertex -28.653553009420758 28.304352447753903 107.56698729810778
      vertex -28.653553009420758 28.59824507390014 107.56698729810778
    endloop
  endfacet
  facet normal -0.6713599054003564 0.031712275187784696 -0.7404527054601385
    outer loop
      vertex -28.653553009420758 28.59824507390014 107.56698729810778
      vertex -22.80718885066396 22.751880915143342 102.01576712253267
      vertex -22.937065315103297 19.671632645245193 102.00160304449683
    endloop
  endfacet
  facet normal -0.6536906507255854 0.01178980068355761 -0.7566700296389456
    outer loop
      vertex -23.108380147615094 17.79985756971823 113.87068257615377
      vertex -29.492172038445496 29.436864102924876 119.56698729810778
      vertex -23.121103272880635 20.424203391274027 113.92256450705791
    endloop
  endfacet
  facet normal -0.27998096330565625 0.8616928014882831 -0.4231975614883802
    outer loop
      vertex -29.13112555788197 29.075817622361352 95.56698729810778
      vertex -29.33337980647571 29.222763935434468 96
      vertex -28.774362812100758 29.40439956743581 96
    endloop
  endfacet
  facet normal -0.27998096330565625 0.8616928014882831 0.4231975614883802
    outer loop
      vertex -29.13112555788197 29.075817622361352 96.43301270189222
      vertex -28.774362812100758 29.40439956743581 96
      vertex -29.33337980647571 29.222763935434468 96
    endloop
  endfacet
  facet normal -0.2799809633056543 0.8616928014882829 -0.4231975614883818
    outer loop
      vertex -29.13112555788197 29.075817622361352 95.56698729810778
      vertex -28.774362812100758 29.40439956743581 96
      vertex -28.851617060694497 29.16663543836202 95.56698729810778
    endloop
  endfacet
  facet normal -0.2799809633056543 0.8616928014882829 0.4231975614883818
    outer loop
      vertex -29.13112555788197 29.075817622361352 96.43301270189222
      vertex -28.851617060694497 29.16663543836202 96.43301270189222
      vertex -28.774362812100758 29.40439956743581 96
    endloop
  endfacet
  facet normal -0.9240625431567682 -1.2073154927235938e-14 -0.38224130642127896
    outer loop
      vertex -25.745523204729917 25.634907333688677 84
      vertex -23.347033293829433 22.648632170495723 78.20168712912516
      vertex -25.56640617191213 25.165689134368854 83.56698729810778
    endloop
  endfacet
  facet normal -0.9240625431567638 1.3709791613443096e-14 -0.3822413064212894
    outer loop
      vertex -25.55796690337122 24.85956578003751 83.54658549479846
      vertex -25.56640617191213 25.165689134368854 83.56698729810778
      vertex -23.347033293829433 22.648632170495723 78.20168712912516
    endloop
  endfacet
  facet normal -0.7030776573560249 0.5056541971895965 -0.49999564057230433
    outer loop
      vertex -25.745523204729917 25.634907333688677 84
      vertex -25.543268956136178 25.48796102061556 83.56698729810778
      vertex -23.34586168559823 23.23524581455699 78.19885478405014
    endloop
  endfacet
  facet normal -0.27402661058397376 0.8433671881422321 -0.4622133735158733
    outer loop
      vertex -25.543268956136178 25.48796102061556 83.56698729810778
      vertex -25.263760458948706 25.57877883661623 83.56698729810778
      vertex -23.328497272554653 23.273189337034037 78.21281044683282
    endloop
  endfacet
  facet normal -0.9240625431567667 -4.332530872914985e-15 -0.38224130642128246
    outer loop
      vertex -25.745523204729917 25.634907333688677 84
      vertex -23.34586168559823 23.23524581455699 78.19885478405014
      vertex -23.347033293829433 22.648632170495723 78.20168712912516
    endloop
  endfacet
  facet normal -0.7030776573560276 0.5056541971895928 -0.4999956405723042
    outer loop
      vertex -25.543268956136178 25.48796102061556 83.56698729810778
      vertex -23.328497272554653 23.273189337034037 78.21281044683282
      vertex -23.34586168559823 23.23524581455699 78.19885478405014
    endloop
  endfacet
  facet normal -0.27402661058397404 0.8433671881422321 -0.46221337351587316
    outer loop
      vertex -25.263760458948706 25.57877883661623 83.56698729810778
      vertex -23.04898877536718 23.364007153034706 78.21281044683282
      vertex -23.328497272554653 23.273189337034037 78.21281044683282
    endloop
  endfacet
  facet normal -0.1998154300299101 0.8734778209469193 -0.44397104661878994
    outer loop
      vertex -25.186506210354967 25.81654296569002 84
      vertex -22.780225528370515 23.410262283705567 78.18285305855228
      vertex -23.04898877536718 23.364007153034706 78.21281044683282
    endloop
  endfacet
  facet normal -0.19981543002990404 0.8734778209469215 -0.44397104661878845
    outer loop
      vertex -25.263760458948706 25.57877883661623 83.56698729810778
      vertex -25.186506210354967 25.81654296569002 84
      vertex -23.04898877536718 23.364007153034706 78.21281044683282
    endloop
  endfacet
  facet normal -0.27998096330565625 0.861692801488283 -0.4231975614883802
    outer loop
      vertex -25.745523204729917 25.634907333688677 84
      vertex -25.186506210354967 25.81654296569002 84
      vertex -25.543268956136178 25.48796102061556 83.56698729810778
    endloop
  endfacet
  facet normal -0.2799809633056543 0.8616928014882829 -0.4231975614883818
    outer loop
      vertex -25.543268956136178 25.48796102061556 83.56698729810778
      vertex -25.186506210354967 25.81654296569002 84
      vertex -25.263760458948706 25.57877883661623 83.56698729810778
    endloop
  endfacet
  facet normal -0.28220912003728665 0.8685503627794684 0.40740431991258313
    outer loop
      vertex -23.67825723363217 23.56764136259093 89.83922605498039
      vertex -25.186506210354967 25.81654296569002 84
      vertex -25.745523204729917 25.634907333688677 84
    endloop
  endfacet
  facet normal 0.05300241514063666 0.9470980957617086 0.3165374243178918
    outer loop
      vertex -24.42199763542264 25.629038073624734 84.43301270189222
      vertex -25.186506210354967 25.81654296569002 84
      vertex -21.51524479884618 23.690540283840356 89.7463896222103
    endloop
  endfacet
  facet normal -0.7242732078249915 3.0585014323616958e-15 -0.6895131038833827
    outer loop
      vertex -23.67825723363217 23.56764136259093 89.83922605498039
      vertex -29.118474590581503 28.769274028914648 95.55369856346707
      vertex -29.13112555788197 29.075817622361352 95.56698729810778
    endloop
  endfacet
  facet normal -0.19786690764226741 0.6089717242023842 -0.768115958682061
    outer loop
      vertex -29.13112555788197 29.075817622361352 95.56698729810778
      vertex -28.851617060694497 29.16663543836202 95.56698729810778
      vertex -23.368320115465327 23.68333849313285 89.80726345006063
    endloop
  endfacet
  facet normal -0.7497239977797466 -0.05721586538710237 -0.6592725323423989
    outer loop
      vertex -23.723274124555402 21.132283223602794 90.08106919194768
      vertex -29.118474590581503 28.769274028914648 95.55369856346707
      vertex -23.705014088500658 22.784230152180555 89.91693743305542
    endloop
  endfacet
  facet normal -0.7497239977797504 -0.057215865387110466 -0.6592725323423939
    outer loop
      vertex -23.705014088500658 22.784230152180555 89.91693743305542
      vertex -29.118474590581503 28.769274028914648 95.55369856346707
      vertex -23.68990665276392 23.340706091097065 89.8514627508696
    endloop
  endfacet
  facet normal -0.724273207824991 5.023932892977999e-15 -0.6895131038833834
    outer loop
      vertex -23.68990665276392 23.340706091097065 89.8514627508696
      vertex -29.118474590581503 28.769274028914648 95.55369856346707
      vertex -23.67825723363217 23.56764136259093 89.83922605498039
    endloop
  endfacet
  facet normal -0.7242732078249563 7.717737558166263e-14 -0.6895131038834197
    outer loop
      vertex -23.67825723363217 23.56764136259093 89.83922605498039
      vertex -29.13112555788197 29.075817622361352 95.56698729810778
      vertex -23.647828612652795 23.59252067713218 89.80726345006063
    endloop
  endfacet
  facet normal -0.19786690764227605 0.6089717242023782 -0.7681159586820637
    outer loop
      vertex -29.13112555788197 29.075817622361352 95.56698729810778
      vertex -23.368320115465327 23.68333849313285 89.80726345006063
      vertex -23.647828612652795 23.59252067713218 89.80726345006063
    endloop
  endfacet
  facet normal -0.025828902488167434 0.7116368751982749 -0.7020725216487906
    outer loop
      vertex -28.851617060694497 29.16663543836202 95.56698729810778
      vertex -23.112605275639314 23.742642030974366 89.85796725856676
      vertex -23.368320115465327 23.68333849313285 89.80726345006063
    endloop
  endfacet
  facet normal -0.93285559585727 0.0669735156253642 0.35397031723374356
    outer loop
      vertex -23.705014088500658 22.784230152180555 89.91693743305542
      vertex -23.68990665276392 23.340706091097065 89.8514627508696
      vertex -25.745523204729917 25.634907333688677 84
    endloop
  endfacet
  facet normal -0.9328555958572723 0.06697351562535159 0.3539703172337394
    outer loop
      vertex -23.68990665276392 23.340706091097065 89.8514627508696
      vertex -23.67825723363217 23.56764136259093 89.83922605498039
      vertex -25.745523204729917 25.634907333688677 84
    endloop
  endfacet
  facet normal -0.2822091200373056 0.8685503627794612 0.40740431991258524
    outer loop
      vertex -23.67825723363217 23.56764136259093 89.83922605498039
      vertex -23.647828612652795 23.59252067713218 89.80726345006063
      vertex -25.186506210354967 25.81654296569002 84
    endloop
  endfacet
  facet normal -0.2822091200372971 0.8685503627794644 0.4074043199125844
    outer loop
      vertex -25.186506210354967 25.81654296569002 84
      vertex -23.647828612652795 23.59252067713218 89.80726345006063
      vertex -23.368320115465327 23.68333849313285 89.80726345006063
    endloop
  endfacet
  facet normal -0.28220912003727255 0.8685503627794743 0.4074043199125801
    outer loop
      vertex -25.186506210354967 25.81654296569002 84
      vertex -23.368320115465327 23.68333849313285 89.80726345006063
      vertex -23.112605275639314 23.742642030974366 89.85796725856676
    endloop
  endfacet
  facet normal -0.02582890248818724 0.7116368751982655 -0.7020725216487996
    outer loop
      vertex -28.851617060694497 29.16663543836202 95.56698729810778
      vertex -21.51524479884618 23.690540283840356 89.7463896222103
      vertex -23.112605275639314 23.742642030974366 89.85796725856676
    endloop
  endfacet
  facet normal -0.9060374296629709 0 -0.423197561488387
    outer loop
      vertex -28.855807258014497 28.157406134680787 108
      vertex -28.653553009420758 28.59824507390014 107.56698729810778
      vertex -28.653553009420758 28.304352447753903 107.56698729810778
    endloop
  endfacet
  facet normal -0.9060374296629709 0 0.42319756148838705
    outer loop
      vertex -28.855807258014497 28.157406134680787 108
      vertex -28.653553009420758 28.304352447753903 108.43301270189222
      vertex -28.855807258014497 28.745191386973257 108
    endloop
  endfacet
  facet normal -0.9060374296629709 0 -0.42319756148838705
    outer loop
      vertex -28.855807258014497 28.157406134680787 108
      vertex -28.855807258014497 28.745191386973257 108
      vertex -28.653553009420758 28.59824507390014 107.56698729810778
    endloop
  endfacet
  facet normal -0.9060374296629709 0 0.423197561488387
    outer loop
      vertex -28.653553009420758 28.304352447753903 108.43301270189222
      vertex -28.653553009420758 28.59824507390014 108.43301270189222
      vertex -28.855807258014497 28.745191386973257 108
    endloop
  endfacet
  facet normal -0.27998096330565625 0.8616928014882831 -0.4231975614883802
    outer loop
      vertex -28.653553009420758 28.59824507390014 107.56698729810778
      vertex -28.855807258014497 28.745191386973257 108
      vertex -28.296790263639547 28.9268270189746 108
    endloop
  endfacet
  facet normal -0.27998096330565625 0.8616928014882831 0.4231975614883802
    outer loop
      vertex -28.653553009420758 28.59824507390014 108.43301270189222
      vertex -28.296790263639547 28.9268270189746 108
      vertex -28.855807258014497 28.745191386973257 108
    endloop
  endfacet
  facet normal -0.2799809633056543 0.8616928014882829 -0.4231975614883818
    outer loop
      vertex -28.653553009420758 28.59824507390014 107.56698729810778
      vertex -28.296790263639547 28.9268270189746 108
      vertex -28.374044512233286 28.68906288990081 107.56698729810778
    endloop
  endfacet
  facet normal -0.2799809633056543 0.8616928014882829 0.4231975614883818
    outer loop
      vertex -28.653553009420758 28.59824507390014 108.43301270189222
      vertex -28.374044512233286 28.68906288990081 108.43301270189222
      vertex -28.296790263639547 28.9268270189746 108
    endloop
  endfacet
  facet normal -0.1773101384326414 0.5457044940284068 0.8190041025576111
    outer loop
      vertex -29.13112555788197 29.075817622361352 96.43301270189222
      vertex -22.527680353476487 22.84269873114401 102.01576712253267
      vertex -28.851617060694497 29.16663543836202 96.43301270189222
    endloop
  endfacet
  facet normal -0.18596896641198876 0.5723536263516767 -0.7986406387942837
    outer loop
      vertex -28.653553009420758 28.59824507390014 107.56698729810778
      vertex -28.374044512233286 28.68906288990081 107.56698729810778
      vertex -22.527680353476487 22.84269873114401 102.01576712253267
    endloop
  endfacet
  facet normal -0.6481240838715394 0.023827594966505005 0.7611618866074351
    outer loop
      vertex -29.13112555788197 29.075817622361352 96.43301270189222
      vertex -22.937065315103297 19.671632645245193 102.00160304449683
      vertex -22.80718885066396 22.751880915143342 102.01576712253267
    endloop
  endfacet
  facet normal -0.17731013843264154 0.5457044940284052 0.8190041025576122
    outer loop
      vertex -29.13112555788197 29.075817622361352 96.43301270189222
      vertex -22.80718885066396 22.751880915143342 102.01576712253267
      vertex -22.527680353476487 22.84269873114401 102.01576712253267
    endloop
  endfacet
  facet normal -0.18596896641198823 0.572353626351678 -0.798640638794283
    outer loop
      vertex -28.653553009420758 28.59824507390014 107.56698729810778
      vertex -22.527680353476487 22.84269873114401 102.01576712253267
      vertex -22.80718885066396 22.751880915143342 102.01576712253267
    endloop
  endfacet
  facet normal -0.7080767655270709 0 0.706135464426424
    outer loop
      vertex -28.653553009420758 28.304352447753903 108.43301270189222
      vertex -23.130107787198206 23.074799851677586 113.97164292873421
      vertex -28.653553009420758 28.59824507390014 108.43301270189222
    endloop
  endfacet
  facet normal -0.19241948226569408 0.5922062728009136 0.7824745831653909
    outer loop
      vertex -28.653553009420758 28.59824507390014 108.43301270189222
      vertex -22.850599290010734 23.165617667678255 113.97164292873421
      vertex -28.374044512233286 28.68906288990081 108.43301270189222
    endloop
  endfacet
  facet normal -0.7165249902956945 -0.01725999297293482 0.6973478550367307
    outer loop
      vertex -28.653553009420758 28.304352447753903 108.43301270189222
      vertex -23.121103272880635 20.424203391274027 113.92256450705791
      vertex -23.132540634248283 22.783340072581424 113.96920339332348
    endloop
  endfacet
  facet normal -0.7080767655270708 0 0.7061354644264242
    outer loop
      vertex -28.653553009420758 28.304352447753903 108.43301270189222
      vertex -23.132540634248283 22.783340072581424 113.96920339332348
      vertex -23.130107787198206 23.074799851677586 113.97164292873421
    endloop
  endfacet
  facet normal -0.1924194822656935 0.5922062728009152 0.7824745831653899
    outer loop
      vertex -28.653553009420758 28.59824507390014 108.43301270189222
      vertex -23.130107787198206 23.074799851677586 113.97164292873421
      vertex -22.850599290010734 23.165617667678255 113.97164292873421
    endloop
  endfacet
  facet normal 0.04534450244970154 0.729595009493682 0.6823745292868888
    outer loop
      vertex -28.374044512233286 28.68906288990081 108.43301270189222
      vertex -22.850599290010734 23.165617667678255 113.97164292873421
      vertex -19.745736552946212 23.065827785547903 113.87201691242088
    endloop
  endfacet
  facet normal -0.6536906507255817 0.011789800683562137 -0.7566700296389487
    outer loop
      vertex -23.121103272880635 20.424203391274027 113.92256450705791
      vertex -29.492172038445496 29.436864102924876 119.56698729810778
      vertex -23.132540634248283 22.783340072581424 113.96920339332348
    endloop
  endfacet
  facet normal -0.6536906507255734 0.011789800683575956 -0.7566700296389556
    outer loop
      vertex -23.132540634248283 22.783340072581424 113.96920339332348
      vertex -29.492172038445496 29.436864102924876 119.56698729810778
      vertex -23.130107787198206 23.074799851677586 113.97164292873421
    endloop
  endfacet
  facet normal -0.1768631524268051 0.5443288125568967 -0.8200155907871822
    outer loop
      vertex -23.130107787198206 23.074799851677586 113.97164292873421
      vertex -29.212663541258024 29.527681918925545 119.56698729810778
      vertex -22.850599290010734 23.165617667678255 113.97164292873421
    endloop
  endfacet
  facet normal -0.054602435588774846 0.914504538635007 -0.4008740735489722
    outer loop
      vertex -25.186506210354967 25.81654296569002 84
      vertex -21.336738753180384 23.486261922305605 78.1596141417804
      vertex -22.780225528370515 23.410262283705567 78.18285305855228
    endloop
  endfacet
  facet normal 0.05300241514065835 0.947098095761711 0.3165374243178809
    outer loop
      vertex -24.42199763542264 25.629038073624734 84.43301270189222
      vertex -21.51524479884618 23.690540283840356 89.7463896222103
      vertex -24.375240687333232 25.624387397859753 84.4390986015037
    endloop
  endfacet
  facet normal 0.053002415140633835 0.9470980957617081 0.3165374243178934
    outer loop
      vertex -25.186506210354967 25.81654296569002 84
      vertex -23.112605275639314 23.742642030974366 89.85796725856676
      vertex -21.51524479884618 23.690540283840356 89.7463896222103
    endloop
  endfacet
  facet normal 0.0563948757987968 0.6918574443136603 0.7198283786649488
    outer loop
      vertex -28.851617060694497 29.16663543836202 96.43301270189222
      vertex -22.527680353476487 22.84269873114401 102.01576712253267
      vertex -19.293081482178827 22.703467765569386 101.896173585871
    endloop
  endfacet
  facet normal -0.7193862886925142 0.020975373858675588 0.6942934547672902
    outer loop
      vertex -23.10562038574741 -0.9336761736899368 135.75428059828778
      vertex -25.453019518621765 25.397711583101145 132.52654247500953
      vertex -25.540729502249853 25.485421566729233 132.4330127018922
    endloop
  endfacet
  facet normal -0.9755412860580608 -0.049182298972201374 -0.2142435545448078
    outer loop
      vertex -24.340834409138836 22.23607085149808 126.26015168190197
      vertex -25.588138559059793 23.85944695198608 131.5669872981078
      vertex -24.34996261076173 22.4537399848701 126.25174755115576
    endloop
  endfacet
  facet normal -0.9755412860580608 -0.049182298972207 -0.21424355454480631
    outer loop
      vertex -24.34996261076173 22.4537399848701 126.25174755115576
      vertex -25.588138559059793 23.85944695198608 131.5669872981078
      vertex -24.37280303903442 23.075244321414054 126.21307552977909
    endloop
  endfacet
  facet normal -0.9755412860580608 -0.04918229897220432 -0.21424355454480673
    outer loop
      vertex -24.37280303903442 23.075244321414054 126.21307552977909
      vertex -25.588138559059793 23.85944695198608 131.5669872981078
      vertex -24.395662302583244 23.697261179249534 126.1743716176606
    endloop
  endfacet
  facet normal -0.5727792670850488 0 -0.819709650545554
    outer loop
      vertex -25.450035749542213 2.122210881793184 140.29572070478994
      vertex -30.131575306126358 29.7823747444595 143.5669872981078
      vertex -30.131575306126358 30.076267370605738 143.5669872981078
    endloop
  endfacet
  facet normal -0.4916826284265276 0.01953158869440788 -0.8705554031459766
    outer loop
      vertex -25.450035749542213 2.122210881793184 140.29572070478994
      vertex -30.131575306126358 30.076267370605738 143.5669872981078
      vertex -20.751867299938077 20.696559364417464 138.05896326209768
    endloop
  endfacet
  facet normal -0.9170252533366526 -0.03141331639957739 -0.39759010085215657
    outer loop
      vertex -25.202254248593736 24.28237975559826 155.5669872981078
      vertex -25.404508497187475 24.706107373853765 156
      vertex -22.79956831495288 22.10116719161917 150.19762686382415
    endloop
  endfacet
  facet normal -0.9122816905898841 -1.6818616877756626e-14 -0.40956332479173846
    outer loop
      vertex -25.404508497187475 25.293892626146235 156
      vertex -22.80167785546602 22.452477293799166 150.20232575913337
      vertex -22.79956831495288 22.10116719161917 150.19762686382415
    endloop
  endfacet
  facet normal -0.9122816905898813 0 -0.40956332479174473
    outer loop
      vertex -25.404508497187475 25.293892626146235 156
      vertex -22.80167785546602 22.69106198442478 150.20232575913337
      vertex -22.80167785546602 22.452477293799166 150.20232575913337
    endloop
  endfacet
  facet normal -0.27998096330565625 0.861692801488283 -0.4231975614883802
    outer loop
      vertex -29.694426287039235 29.58381041599799 120
      vertex -29.135409292664285 29.765446047999333 120
      vertex -29.492172038445496 29.436864102924876 119.56698729810778
    endloop
  endfacet
  facet normal -0.27998096330565625 0.861692801488283 0.4231975614883802
    outer loop
      vertex -29.694426287039235 29.58381041599799 120
      vertex -29.492172038445496 29.436864102924876 120.43301270189222
      vertex -29.135409292664285 29.765446047999333 120
    endloop
  endfacet
  facet normal -0.2799809633056543 0.8616928014882829 -0.4231975614883818
    outer loop
      vertex -29.492172038445496 29.436864102924876 119.56698729810778
      vertex -29.135409292664285 29.765446047999333 120
      vertex -29.212663541258024 29.527681918925545 119.56698729810778
    endloop
  endfacet
  facet normal -0.2799809633056543 0.8616928014882829 0.4231975614883818
    outer loop
      vertex -29.492172038445496 29.436864102924876 120.43301270189222
      vertex -29.212663541258024 29.527681918925545 120.43301270189222
      vertex -29.135409292664285 29.765446047999333 120
    endloop
  endfacet
  facet normal -0.2056799074206944 0.6330176649964028 0.746313882683363
    outer loop
      vertex -29.492172038445496 29.436864102924876 120.43301270189222
      vertex -24.359965025632388 24.30465709011177 126.20051838905972
      vertex -29.212663541258024 29.527681918925545 120.43301270189222
    endloop
  endfacet
  facet normal -0.7404886133344215 0.014595322811069407 0.6719104033084369
    outer loop
      vertex -24.37280303903442 23.075244321414054 126.21307552977909
      vertex -24.395662302583244 23.697261179249534 126.1743716176606
      vertex -29.492172038445496 29.436864102924876 120.43301270189222
    endloop
  endfacet
  facet normal -0.17686315242680517 0.5443288125568969 -0.820015590787182
    outer loop
      vertex -23.130107787198206 23.074799851677586 113.97164292873421
      vertex -29.492172038445496 29.436864102924876 119.56698729810778
      vertex -29.212663541258024 29.527681918925545 119.56698729810778
    endloop
  endfacet
  facet normal -0.7404886133344274 0.014595322811057881 0.6719104033084305
    outer loop
      vertex -24.395662302583244 23.697261179249534 126.1743716176606
      vertex -24.393318547912816 24.282702676871576 126.16423755221771
      vertex -29.492172038445496 29.436864102924876 120.43301270189222
    endloop
  endfacet
  facet normal -0.7404886133343992 0.014595322811111339 0.6719104033084604
    outer loop
      vertex -29.492172038445496 29.436864102924876 120.43301270189222
      vertex -24.393318547912816 24.282702676871576 126.16423755221771
      vertex -24.359965025632388 24.30465709011177 126.20051838905972
    endloop
  endfacet
  facet normal -0.20567990742069414 0.6330176649964027 0.7463138826833632
    outer loop
      vertex -29.212663541258024 29.527681918925545 120.43301270189222
      vertex -24.359965025632388 24.30465709011177 126.20051838905972
      vertex -24.080456528444916 24.39547490611244 126.20051838905972
    endloop
  endfacet
  facet normal 0.0204962961830165 0.7558844497844756 0.6543841382680347
    outer loop
      vertex -29.212663541258024 29.527681918925545 120.43301270189222
      vertex -24.080456528444916 24.39547490611244 126.20051838905972
      vertex -23.824944523810686 24.454981279145738 126.12377907215459
    endloop
  endfacet
  facet normal 0.020496296183015083 0.7558844497844754 0.6543841382680351
    outer loop
      vertex -29.212663541258024 29.527681918925545 120.43301270189222
      vertex -23.824944523810686 24.454981279145738 126.12377907215459
      vertex -23.01303921870256 24.4586943252196 126.09406000615446
    endloop
  endfacet
  facet normal 0.02049629618301582 0.7558844497844758 0.6543841382680347
    outer loop
      vertex -29.212663541258024 29.527681918925545 120.43301270189222
      vertex -23.01303921870256 24.4586943252196 126.09406000615446
      vertex -19.523842859369744 24.36818199008619 126.0893246600491
    endloop
  endfacet
  facet normal -0.9742831463284942 2.847950408552048e-15 -0.22532720825557231
    outer loop
      vertex -24.395662302583244 23.697261179249534 126.1743716176606
      vertex -25.72639687751598 25.027995754182268 131.92828069340365
      vertex -24.393318547912816 24.282702676871576 126.16423755221771
    endloop
  endfacet
  facet normal -0.9755412860580607 -0.04918229897220731 -0.2142435545448066
    outer loop
      vertex -24.395662302583244 23.697261179249534 126.1743716176606
      vertex -25.588138559059793 23.85944695198608 131.5669872981078
      vertex -25.72639687751598 25.027995754182268 131.92828069340365
    endloop
  endfacet
  facet normal -0.29667571175741014 0.9130739539555038 -0.27978469697482855
    outer loop
      vertex -24.393318547912816 24.282702676871576 126.16423755221771
      vertex -25.183966756468642 25.81400351180369 132
      vertex -24.359965025632388 24.30465709011177 126.20051838905972
    endloop
  endfacet
  facet normal -0.9742831463284941 6.0545289217561854e-15 -0.2253272082555728
    outer loop
      vertex -24.393318547912816 24.282702676871576 126.16423755221771
      vertex -25.72639687751598 25.027995754182268 131.92828069340365
      vertex -25.742983750843592 25.63236787980235 132
    endloop
  endfacet
  facet normal -0.29667571175740304 0.9130739539555063 -0.2797846969748282
    outer loop
      vertex -24.393318547912816 24.282702676871576 126.16423755221771
      vertex -25.742983750843592 25.63236787980235 132
      vertex -25.183966756468642 25.81400351180369 132
    endloop
  endfacet
  facet normal -0.2966757117574013 0.9130739539555068 -0.2797846969748281
    outer loop
      vertex -24.359965025632388 24.30465709011177 126.20051838905972
      vertex -25.183966756468642 25.81400351180369 132
      vertex -24.080456528444916 24.39547490611244 126.20051838905972
    endloop
  endfacet
  facet normal -0.29667571175740687 0.9130739539555047 -0.2797846969748286
    outer loop
      vertex -24.080456528444916 24.39547490611244 126.20051838905972
      vertex -25.183966756468642 25.81400351180369 132
      vertex -23.824944523810686 24.454981279145738 126.12377907215459
    endloop
  endfacet
  facet normal -0.19962203151517346 0.6143734400517304 0.7633454792508814
    outer loop
      vertex -25.453019518621765 25.397711583101145 132.52654247500953
      vertex -25.26122100506238 25.576239382729902 132.4330127018922
      vertex -25.540729502249853 25.485421566729233 132.4330127018922
    endloop
  endfacet
  facet normal -0.2799809633056546 0.8616928014882779 0.4231975614883916
    outer loop
      vertex -25.742983750843592 25.63236787980235 132
      vertex -25.540729502249853 25.485421566729233 132.4330127018922
      vertex -25.183966756468642 25.81400351180369 132
    endloop
  endfacet
  facet normal -0.19962203151517352 0.6143734400517304 0.7633454792508814
    outer loop
      vertex -25.453019518621765 25.397711583101145 132.52654247500953
      vertex -25.173511021434294 25.488529399101814 132.52654247500953
      vertex -25.26122100506238 25.576239382729902 132.4330127018922
    endloop
  endfacet
  facet normal -0.27998096330565264 0.8616928014882778 0.42319756148839316
    outer loop
      vertex -25.540729502249853 25.485421566729233 132.4330127018922
      vertex -25.26122100506238 25.576239382729902 132.4330127018922
      vertex -25.183966756468642 25.81400351180369 132
    endloop
  endfacet
  facet normal -0.07664790462035106 0.6904193645658847 0.7193373337661196
    outer loop
      vertex -25.26122100506238 25.576239382729902 132.4330127018922
      vertex -25.173511021434294 25.488529399101814 132.52654247500953
      vertex -24.56171555774666 25.56639318278831 132.51699782414082
    endloop
  endfacet
  facet normal -0.0446212280708306 0.8790157221791545 0.474700227688286
    outer loop
      vertex -25.26122100506238 25.576239382729902 132.4330127018922
      vertex -24.56171555774666 25.56639318278831 132.51699782414082
      vertex -24.48446130915292 25.8041573118621 132.0839851222486
    endloop
  endfacet
  facet normal -0.04462122807083058 0.8790157221791545 0.47470022768828596
    outer loop
      vertex -25.26122100506238 25.576239382729902 132.4330127018922
      vertex -24.48446130915292 25.8041573118621 132.0839851222486
      vertex -25.183966756468642 25.81400351180369 132
    endloop
  endfacet
  facet normal -0.6184913171613591 0 0.7857916330656666
    outer loop
      vertex -30.131575306126358 29.7823747444595 144.4330127018922
      vertex -22.795873175728147 22.74056524020753 150.20689458357194
      vertex -30.131575306126358 30.076267370605738 144.4330127018922
    endloop
  endfacet
  facet normal -0.9060374296629655 0 -0.4231975614883984
    outer loop
      vertex -30.333829554720097 29.635428431386384 144
      vertex -30.131575306126358 30.076267370605738 143.5669872981078
      vertex -30.131575306126358 29.7823747444595 143.5669872981078
    endloop
  endfacet
  facet normal -0.9060374296629654 0 -0.42319756148839843
    outer loop
      vertex -30.333829554720097 29.635428431386384 144
      vertex -30.333829554720097 30.223213683678853 144
      vertex -30.131575306126358 30.076267370605738 143.5669872981078
    endloop
  endfacet
  facet normal -0.9060374296629654 0 0.42319756148839843
    outer loop
      vertex -30.333829554720097 29.635428431386384 144
      vertex -30.131575306126358 30.076267370605738 144.4330127018922
      vertex -30.333829554720097 30.223213683678853 144
    endloop
  endfacet
  facet normal -0.2799809633056546 0.8616928014882779 -0.4231975614883916
    outer loop
      vertex -30.131575306126358 30.076267370605738 143.5669872981078
      vertex -30.333829554720097 30.223213683678853 144
      vertex -29.774812560345147 30.404849315680195 144
    endloop
  endfacet
  facet normal -0.2799809633056546 0.8616928014882779 0.4231975614883916
    outer loop
      vertex -30.333829554720097 30.223213683678853 144
      vertex -30.131575306126358 30.076267370605738 144.4330127018922
      vertex -29.774812560345147 30.404849315680195 144
    endloop
  endfacet
  facet normal -0.27998096330565264 0.8616928014882778 -0.42319756148839316
    outer loop
      vertex -30.131575306126358 30.076267370605738 143.5669872981078
      vertex -29.774812560345147 30.404849315680195 144
      vertex -29.852066808938886 30.167085186606407 143.5669872981078
    endloop
  endfacet
  facet normal -0.9060374296629655 0 0.4231975614883984
    outer loop
      vertex -30.333829554720097 29.635428431386384 144
      vertex -30.131575306126358 29.7823747444595 144.4330127018922
      vertex -30.131575306126358 30.076267370605738 144.4330127018922
    endloop
  endfacet
  facet normal -0.2799809633056527 0.8616928014882778 0.42319756148839316
    outer loop
      vertex -29.774812560345147 30.404849315680195 144
      vertex -30.131575306126358 30.076267370605738 144.4330127018922
      vertex -29.852066808938886 30.167085186606407 144.4330127018922
    endloop
  endfacet
  facet normal -0.1305315392466309 0.4017347694215024 -0.9064053686401893
    outer loop
      vertex -30.131575306126358 30.076267370605738 143.5669872981078
      vertex -29.852066808938886 30.167085186606407 143.5669872981078
      vertex -20.751867299938077 20.696559364417464 138.05896326209768
    endloop
  endfacet
  facet normal -0.1637109701028538 0.5038505575405444 0.8481352097007085
    outer loop
      vertex -30.131575306126358 30.076267370605738 144.4330127018922
      vertex -22.795873175728147 22.74056524020753 150.20689458357194
      vertex -29.852066808938886 30.167085186606407 144.4330127018922
    endloop
  endfacet
  facet normal -0.13053153924662972 0.4017347694215017 -0.9064053686401897
    outer loop
      vertex -29.852066808938886 30.167085186606407 143.5669872981078
      vertex -20.472358802750605 20.787377180418133 138.05896326209768
      vertex -20.751867299938077 20.696559364417464 138.05896326209768
    endloop
  endfacet
  facet normal -0.6184913171613606 0 0.7857916330656651
    outer loop
      vertex -30.131575306126358 29.7823747444595 144.4330127018922
      vertex -22.80167785546602 22.452477293799166 150.20232575913337
      vertex -22.80167785546602 22.69106198442478 150.20232575913337
    endloop
  endfacet
  facet normal -0.6184913171612766 1.3819693385882655e-13 0.7857916330657315
    outer loop
      vertex -30.131575306126358 29.7823747444595 144.4330127018922
      vertex -22.80167785546602 22.69106198442478 150.20232575913337
      vertex -22.795873175728147 22.74056524020753 150.20689458357194
    endloop
  endfacet
  facet normal -0.16371097010285457 0.503850557540545 0.8481352097007082
    outer loop
      vertex -29.852066808938886 30.167085186606407 144.4330127018922
      vertex -22.795873175728147 22.74056524020753 150.20689458357194
      vertex -22.516364678540675 22.8313830562082 150.20689458357194
    endloop
  endfacet
  facet normal -0.008857867191013575 0.6129826158176035 0.790046739689643
    outer loop
      vertex -29.852066808938886 30.167085186606407 144.4330127018922
      vertex -22.516364678540675 22.8313830562082 150.20689458357194
      vertex -22.23456090783837 22.864597663173424 150.18428352097442
    endloop
  endfacet
  facet normal -0.008857867190984078 0.6129826158176236 0.7900467396896279
    outer loop
      vertex -29.852066808938886 30.167085186606407 144.4330127018922
      vertex -22.23456090783837 22.864597663173424 150.18428352097442
      vertex -20.591118274504673 22.870732848862822 150.19794933828277
    endloop
  endfacet
  facet normal -0.2799809633056546 0.8616928014882779 -0.4231975614883916
    outer loop
      vertex -25.202254248593736 25.14694631307312 155.5669872981078
      vertex -25.404508497187475 25.293892626146235 156
      vertex -24.845491502812525 25.475528258147577 156
    endloop
  endfacet
  facet normal -0.2799809633056546 0.8616928014882779 0.4231975614883916
    outer loop
      vertex -25.202254248593736 25.14694631307312 156.4330127018922
      vertex -24.845491502812525 25.475528258147577 156
      vertex -25.404508497187475 25.293892626146235 156
    endloop
  endfacet
  facet normal -0.27998096330565264 0.8616928014882778 -0.42319756148839316
    outer loop
      vertex -25.202254248593736 25.14694631307312 155.5669872981078
      vertex -24.845491502812525 25.475528258147577 156
      vertex -24.922745751406264 25.23776412907379 155.5669872981078
    endloop
  endfacet
  facet normal -0.27998096330565264 0.8616928014882778 0.42319756148839316
    outer loop
      vertex -25.202254248593736 25.14694631307312 156.4330127018922
      vertex -24.922745751406264 25.23776412907379 156.4330127018922
      vertex -24.845491502812525 25.475528258147577 156
    endloop
  endfacet
  facet normal -0.8766478078261069 0.14513142679338767 -0.45872158221583265
    outer loop
      vertex -25.202254248593736 25.14694631307312 155.5669872981078
      vertex -22.80167785546602 22.69106198442478 150.20232575913337
      vertex -25.404508497187475 25.293892626146235 156
    endloop
  endfacet
  facet normal -0.26896281925107257 0.8277824409212713 -0.4923771241263519
    outer loop
      vertex -25.202254248593736 25.14694631307312 155.5669872981078
      vertex -24.922745751406264 25.23776412907379 155.5669872981078
      vertex -22.795873175728147 22.74056524020753 150.20689458357194
    endloop
  endfacet
  facet normal -0.14019830085249285 0.8782341231221805 -0.45721905190169887
    outer loop
      vertex -24.922745751406264 25.23776412907379 155.5669872981078
      vertex -24.845491502812525 25.475528258147577 156
      vertex -22.23456090783837 22.864597663173424 150.18428352097442
    endloop
  endfacet
  facet normal -0.9122816905898806 0 -0.409563324791746
    outer loop
      vertex -25.404508497187475 24.706107373853765 156
      vertex -25.404508497187475 25.293892626146235 156
      vertex -22.79956831495288 22.10116719161917 150.19762686382415
    endloop
  endfacet
  facet normal -0.19962203151520364 0.6143734400518204 0.7633454792508012
    outer loop
      vertex -25.453019518621765 25.397711583101145 132.52654247500953
      vertex -20.43780049827797 20.382492562757356 137.87453454733222
      vertex -20.158292001090498 20.473310378758026 137.87453454733222
    endloop
  endfacet
  facet normal -0.07664790462035609 0.6904193645659765 0.7193373337660309
    outer loop
      vertex -24.56171555774666 25.56639318278831 132.51699782414082
      vertex -20.158292001090498 20.473310378758026 137.87453454733222
      vertex -15.581420011499246 20.79286775397038 138.05550534040887
    endloop
  endfacet
  facet normal -0.07664790462035707 0.6904193645659744 0.7193373337660327
    outer loop
      vertex -24.56171555774666 25.56639318278831 132.51699782414082
      vertex -15.581420011499246 20.79286775397038 138.05550534040887
      vertex -15.372221326889449 20.816092248600185 138.05550534040887
    endloop
  endfacet
  facet normal -0.13053153924662494 0.40173476942148395 -0.9064053686401985
    outer loop
      vertex -20.751867299938077 20.696559364417464 138.05896326209768
      vertex -20.158292001090498 20.473310378758026 137.87453454733222
      vertex -20.43780049827797 20.382492562757356 137.87453454733222
    endloop
  endfacet
  facet normal -0.13053153924662494 0.40173476942148395 -0.9064053686401985
    outer loop
      vertex -20.751867299938077 20.696559364417464 138.05896326209768
      vertex -20.472358802750605 20.787377180418133 138.05896326209768
      vertex -20.158292001090498 20.473310378758026 137.87453454733222
    endloop
  endfacet
  facet normal -0.9170252533366512 -0.03141331639956526 -0.39759010085216095
    outer loop
      vertex -25.202254248593736 24.28237975559826 155.5669872981078
      vertex -22.79956831495288 22.10116719161917 150.19762686382415
      vertex -22.76601458474083 21.027201822565196 150.20508981621109
    endloop
  endfacet
  facet normal -0.8766478078261317 0.14513142679331315 -0.4587215822158086
    outer loop
      vertex -25.202254248593736 25.14694631307312 155.5669872981078
      vertex -22.795873175728147 22.74056524020753 150.20689458357194
      vertex -22.80167785546602 22.69106198442478 150.20232575913337
    endloop
  endfacet
  facet normal -0.26896281925107235 0.8277824409212714 -0.4923771241263518
    outer loop
      vertex -24.922745751406264 25.23776412907379 155.5669872981078
      vertex -22.516364678540675 22.8313830562082 150.20689458357194
      vertex -22.795873175728147 22.74056524020753 150.20689458357194
    endloop
  endfacet
  facet normal -0.1401983008524593 0.8782341231221922 -0.457219051901687
    outer loop
      vertex -24.922745751406264 25.23776412907379 155.5669872981078
      vertex -22.23456090783837 22.864597663173424 150.18428352097442
      vertex -22.516364678540675 22.8313830562082 150.20689458357194
    endloop
  endfacet
  facet normal 0 0 1
    outer loop
      vertex -25.202254248593736 25.14694631307312 156.4330127018922
      vertex 0 5.226251859505506 156.4330127018922
      vertex -24.922745751406264 25.23776412907379 156.4330127018922
    endloop
  endfacet
  facet normal -0.0011774964398727106 0.5054982773314367 -0.8628268106155974
    outer loop
      vertex -20.158292001090498 20.473310378758026 137.87453454733222
      vertex -20.472358802750605 20.787377180418133 138.05896326209768
      vertex -15.581420011499246 20.79286775397038 138.05550534040887
    endloop
  endfacet
  facet normal -0.001177496439871408 0.5054982773296011 -0.8628268106166729
    outer loop
      vertex -20.472358802750605 20.787377180418133 138.05896326209768
      vertex -15.562209380519215 20.796864658962143 138.05782076236125
      vertex -15.581420011499246 20.79286775397038 138.05550534040887
    endloop
  endfacet
  facet normal -0.19962203151520264 0.6143734400518202 0.7633454792508017
    outer loop
      vertex -25.453019518621765 25.397711583101145 132.52654247500953
      vertex -20.158292001090498 20.473310378758026 137.87453454733222
      vertex -25.173511021434294 25.488529399101814 132.52654247500953
    endloop
  endfacet
  facet normal -0.0766479046203636 0.6904193645659727 0.7193373337660336
    outer loop
      vertex -25.173511021434294 25.488529399101814 132.52654247500953
      vertex -20.158292001090498 20.473310378758026 137.87453454733222
      vertex -24.56171555774666 25.56639318278831 132.51699782414082
    endloop
  endfacet
  facet normal -0.012823529503638924 0.9751597142977253 0.22113138334901256
    outer loop
      vertex -25.183966756468642 25.81400351180369 132
      vertex -24.48446130915292 25.8041573118621 132.0839851222486
      vertex 0.6967151112549783 26.144762232956083 132.04223329743232
    endloop
  endfacet
  facet normal -0.0011774964398748183 0.5054982773314565 -0.8628268106155857
    outer loop
      vertex -29.852066808938886 30.167085186606407 143.5669872981078
      vertex -15.562209380519215 20.796864658962143 138.05782076236125
      vertex -20.472358802750605 20.787377180418133 138.05896326209768
    endloop
  endfacet
  facet normal 0 0 1
    outer loop
      vertex -25.202254248593736 25.14694631307312 156.4330127018922
      vertex -3.6955181300451474 3.6955181300451474 156.4330127018922
      vertex 0 5.226251859505506 156.4330127018922
    endloop
  endfacet
  facet normal 0 0 1
    outer loop
      vertex -24.922745751406264 25.23776412907379 156.4330127018922
      vertex 0 5.226251859505506 156.4330127018922
      vertex -5.5 10.25 156.4330127018922
    endloop
  endfacet
  facet normal 0 0 1
    outer loop
      vertex -5.5 10.25 156.4330127018922
      vertex 0 5.226251859505506 156.4330127018922
      vertex 5.5 10.25 156.4330127018922
    endloop
  endfacet
  facet normal 0.0530024151406355 0.9470980957617086 0.3165374243178923
    outer loop
      vertex -24.375240687333232 25.624387397859753 84.4390986015037
      vertex -21.51524479884618 23.690540283840356 89.7463896222103
      vertex 16.399787918530745 21.568702732745965 89.74638962221029
    endloop
  endfacet
  facet normal -0.03188502453714254 0.8784949045980843 -0.4766865299182143
    outer loop
      vertex -28.851617060694497 29.16663543836202 95.56698729810778
      vertex -28.774362812100758 29.40439956743581 96
      vertex 31.18516408141561 31.345673961895663 95.56698729810778
    endloop
  endfacet
  facet normal -0.03188502453714254 0.8784949045980843 0.47668652991821425
    outer loop
      vertex -28.774362812100758 29.40439956743581 96
      vertex -28.851617060694497 29.16663543836202 96.43301270189222
      vertex 31.18516408141561 31.345673961895663 96.43301270189222
    endloop
  endfacet
  facet normal 0.05639487579879804 0.6918574443136611 0.7198283786649475
    outer loop
      vertex -28.851617060694497 29.16663543836202 96.43301270189222
      vertex -19.293081482178827 22.703467765569386 101.896173585871
      vertex 14.60327232934276 19.940498776879515 101.896173585871
    endloop
  endfacet
  facet normal 0.04534450244970102 0.7295950094936816 0.6823745292868891
    outer loop
      vertex -28.374044512233286 28.68906288990081 108.43301270189222
      vertex -19.745736552946212 23.065827785547903 113.87201691242088
      vertex 15.40061114406997 20.881473961155145 113.87201691242088
    endloop
  endfacet
  facet normal 0.003743062499066686 0.8762634767134551 -0.48181771331197043
    outer loop
      vertex -28.374044512233286 28.68906288990081 107.56698729810778
      vertex -28.296790263639547 28.9268270189746 108
      vertex 28.286520741031726 28.44703062151178 107.56698729810778
    endloop
  endfacet
  facet normal 0.003743062499066686 0.8762634767134551 0.48181771331197043
    outer loop
      vertex -28.374044512233286 28.68906288990081 108.43301270189222
      vertex 28.286520741031726 28.44703062151178 108.43301270189222
      vertex -28.296790263639547 28.9268270189746 108
    endloop
  endfacet
  facet normal -0.054602435588777316 0.9145045386350062 -0.4008740735489735
    outer loop
      vertex -25.186506210354967 25.81654296569002 84
      vertex 28.713752625081636 29.034772386041737 84
      vertex -21.336738753180384 23.486261922305605 78.1596141417804
    endloop
  endfacet
  facet normal -0.03776942815535577 0.6325782558464879 0.7735749611556936
    outer loop
      vertex -24.42199763542264 25.629038073624734 84.43301270189222
      vertex -24.375240687333232 25.624387397859753 84.4390986015037
      vertex 28.16059153303458 28.321101413514633 84.79894180489978
    endloop
  endfacet
  facet normal -0.05249836766327066 0.879264724756307 0.47343158448915057
    outer loop
      vertex -24.42199763542264 25.629038073624734 84.43301270189222
      vertex 28.636498376487896 28.79700825696795 84.43301270189222
      vertex -25.186506210354967 25.81654296569002 84
    endloop
  endfacet
  facet normal -0.02582890248818598 0.7116368751982662 -0.7020725216487989
    outer loop
      vertex -28.851617060694497 29.16663543836202 95.56698729810778
      vertex 31.18516408141561 31.345673961895663 95.56698729810778
      vertex -21.51524479884618 23.690540283840356 89.7463896222103
    endloop
  endfacet
  facet normal -0.04199428575010916 0.8789202519348701 -0.47511648119496197
    outer loop
      vertex -21.336738753180384 23.486261922305605 78.1596141417804
      vertex 28.636498376487896 28.79700825696795 83.56698729810778
      vertex -17.950702852905135 23.63243211836613 78.13073235351894
    endloop
  endfacet
  facet normal 0.0029478897493716164 0.6901108708167225 -0.7236976550512033
    outer loop
      vertex -28.374044512233286 28.68906288990081 107.56698729810778
      vertex 28.286520741031726 28.44703062151178 107.56698729810778
      vertex -22.527680353476487 22.84269873114401 102.01576712253267
    endloop
  endfacet
  facet normal 0.0029478897493719763 0.6901108708167207 -0.7236976550512049
    outer loop
      vertex -22.527680353476487 22.84269873114401 102.01576712253267
      vertex 28.286520741031726 28.44703062151178 107.56698729810778
      vertex -19.293081482178827 22.703467765569386 101.896173585871
    endloop
  endfacet
  facet normal -0.002969920763254717 0.6587310412230735 -0.7523726436413177
    outer loop
      vertex -22.850599290010734 23.165617667678255 113.97164292873421
      vertex 29.632478206451008 29.79298808693106 119.56698729810778
      vertex -19.745736552946212 23.065827785547903 113.87201691242088
    endloop
  endfacet
  facet normal 0 0 1
    outer loop
      vertex -24.922745751406264 25.23776412907379 156.4330127018922
      vertex -5.5 10.25 156.4330127018922
      vertex -5.5 13.75 156.4330127018922
    endloop
  endfacet
  facet normal -0.08615109044369892 0.7760209677670442 -0.624795524312764
    outer loop
      vertex -15.581420011499246 20.79286775397038 138.05550534040887
      vertex -15.562209380519215 20.796864658962143 138.05782076236125
      vertex -15.372221326889449 20.816092248600185 138.05550534040887
    endloop
  endfacet
  facet normal 0 0 1
    outer loop
      vertex -24.922745751406264 25.23776412907379 156.4330127018922
      vertex -5.5 13.75 156.4330127018922
      vertex 5.5 13.75 156.4330127018922
    endloop
  endfacet
  facet normal 0.02049629618301436 0.7558844497844747 0.654384138268036
    outer loop
      vertex -29.212663541258024 29.527681918925545 120.43301270189222
      vertex -19.523842859369744 24.36818199008619 126.0893246600491
      vertex 19.786222736351036 23.30226411381112 126.0893246600491
    endloop
  endfacet
  facet normal -0.044621228070843295 0.8790157221791548 0.47470022768828385
    outer loop
      vertex -24.56171555774666 25.56639318278831 132.51699782414082
      vertex 24.250944167705654 25.11816044307292 137.93533195952725
      vertex -24.48446130915292 25.8041573118621 132.0839851222486
    endloop
  endfacet
  facet normal -0.003953284818614011 0.8768420548578086 -0.4807622930013111
    outer loop
      vertex -29.212663541258024 29.527681918925545 119.56698729810778
      vertex -29.135409292664285 29.765446047999333 120
      vertex 29.709732455044747 30.03075221600485 120
    endloop
  endfacet
  facet normal -0.00395328481861401 0.8768420548578086 0.4807622930013111
    outer loop
      vertex -29.212663541258024 29.527681918925545 120.43301270189222
      vertex 29.632478206451008 29.79298808693106 120.43301270189222
      vertex -29.135409292664285 29.765446047999333 120
    endloop
  endfacet
  facet normal -0.008857867190980903 0.612982615817626 0.790046739689626
    outer loop
      vertex -29.852066808938886 30.167085186606407 144.4330127018922
      vertex -20.591118274504673 22.870732848862822 150.19794933828277
      vertex 20.965640705016455 23.471246211606733 150.19794933828277
    endloop
  endfacet
  facet normal 0 0.8765515079563075 0.4813080654835563
    outer loop
      vertex -24.922745751406264 25.23776412907379 156.4330127018922
      vertex 25.154508497187475 25.475528258147577 156
      vertex -24.845491502812525 25.475528258147577 156
    endloop
  endfacet
  facet normal -0.002042173276737957 0.8767033499598433 -0.4810270945565293
    outer loop
      vertex -29.852066808938886 30.167085186606407 143.5669872981078
      vertex -29.774812560345147 30.404849315680195 144
      vertex 30.146334246580043 30.306844127060096 143.5669872981078
    endloop
  endfacet
  facet normal -0.002042173276737957 0.8767033499598433 0.48102709455652937
    outer loop
      vertex -29.774812560345147 30.404849315680195 144
      vertex -29.852066808938886 30.167085186606407 144.4330127018922
      vertex 30.146334246580043 30.306844127060096 144.4330127018922
    endloop
  endfacet
  facet normal -0.08615109044369736 0.7760209677670258 -0.6247955243127872
    outer loop
      vertex -15.562209380519215 20.796864658962143 138.05782076236125
      vertex 21.568075932700772 24.91707279218705 138.05550534040887
      vertex -15.372221326889449 20.816092248600185 138.05550534040887
    endloop
  endfacet
  facet normal -0.002969920763254527 0.6587310412230727 -0.7523726436413186
    outer loop
      vertex -22.850599290010734 23.165617667678255 113.97164292873421
      vertex -29.212663541258024 29.527681918925545 119.56698729810778
      vertex 29.632478206451008 29.79298808693106 119.56698729810778
    endloop
  endfacet
  facet normal -0.012802351481571486 0.9735492408361539 -0.22811833653586563
    outer loop
      vertex -23.824944523810686 24.454981279145738 126.12377907215459
      vertex 26.168275172130034 26.489294933090136 132
      vertex -23.01303921870256 24.4586943252196 126.09406000615446
    endloop
  endfacet
  facet normal -0.012802351481570958 0.973549240836153 -0.2281183365358698
    outer loop
      vertex -23.824944523810686 24.454981279145738 126.12377907215459
      vertex -25.183966756468642 25.81400351180369 132
      vertex 26.168275172130034 26.489294933090136 132
    endloop
  endfacet
  facet normal -0.07664790462035614 0.6904193645659763 0.7193373337660312
    outer loop
      vertex -24.56171555774666 25.56639318278831 132.51699782414082
      vertex -15.372221326889449 20.816092248600185 138.05550534040887
      vertex 21.568075932700772 24.91707279218705 138.05550534040887
    endloop
  endfacet
  facet normal 0.022032578614948613 0.8746751296753158 -0.4842086151722678
    outer loop
      vertex -23.01303921870256 24.4586943252196 126.09406000615446
      vertex 26.168275172130034 26.489294933090136 132
      vertex -19.523842859369744 24.36818199008619 126.0893246600491
    endloop
  endfacet
  facet normal -0.0011774964398740565 0.5054982773314571 -0.8628268106155855
    outer loop
      vertex -29.852066808938886 30.167085186606407 143.5669872981078
      vertex 30.146334246580043 30.306844127060096 143.5669872981078
      vertex -15.562209380519215 20.796864658962143 138.05782076236125
    endloop
  endfacet
  facet normal 0 0.9122816905898806 -0.4095633247917459
    outer loop
      vertex -24.845491502812525 25.475528258147577 156
      vertex 25.154508497187475 25.475528258147577 156
      vertex -22.23456090783837 22.864597663173424 150.18428352097442
    endloop
  endfacet
  facet normal -1.8038280446611037e-15 0.9122816905898862 -0.40956332479173374
    outer loop
      vertex -22.23456090783837 22.864597663173424 150.18428352097442
      vertex 25.154508497187475 25.475528258147577 156
      vertex -20.591118274504673 22.870732848862822 150.19794933828277
    endloop
  endfacet
  facet normal -0.0034760343234960414 -0.9541875903950592 0.2991888358903999
    outer loop
      vertex -22.02169617342369 -23.452477136787945 5.903910695036496
      vertex 25.154508497187475 -25.475528258147577 0
      vertex 20.336200272378292 -23.606783798705166 5.903910695036496
    endloop
  endfacet
  facet normal 0.021685362941414002 -0.874708081829209 -0.48416476184948154
    outer loop
      vertex -20.116451704643804 -27.49880568351549 11.12352343096079
      vertex 20.336200272378292 -23.606783798705166 5.903910695036496
      vertex 23.266309070265525 -23.587328831225626 6
    endloop
  endfacet
  facet normal -0.026538588004961967 -0.6632727160893904 -0.7479070847626099
    outer loop
      vertex -26.269397807191368 -26.584416184858892 23.56698729810778
      vertex 4.729183703612407 -27.66537165163948 23.425672531630116
      vertex 28.620122631975637 -28.780632512455686 23.56698729810778
    endloop
  endfacet
  facet normal 0.04264143563961922 -0.872525100380216 0.48670489742048617
    outer loop
      vertex -28.480046712961364 -29.110083468296416 36
      vertex 26.120656384723677 -26.44167614568378 36
      vertex 26.043402136129938 -26.20391201660999 36.43301270189222
    endloop
  endfacet
  facet normal 0 0 -1
    outer loop
      vertex -24.922745751406264 -25.23776412907379 -0.4330127018922193
      vertex 0 -5.226251859505506 -0.4330127018922193
      vertex 25.25 -25 -0.4330127018922193
    endloop
  endfacet
  facet normal 0.0033719393884307897 -0.7765307641582038 0.6300703153939542
    outer loop
      vertex -18.221464949438435 -22.24888064762735 18.01022974519881
      vertex 21.98706375577549 -22.147573636255547 17.919902190723803
      vertex 18.03826815812196 -22.091429548556068 18.01022974519881
    endloop
  endfacet
  facet normal 0 -0.876551507956312 -0.4813080654835482
    outer loop
      vertex -24.922745751406264 -25.23776412907379 -0.4330127018922193
      vertex 25.077254248593736 -25.23776412907379 -0.4330127018922193
      vertex 25.154508497187475 -25.475528258147577 0
    endloop
  endfacet
  facet normal 0 0 -1
    outer loop
      vertex -24.922745751406264 -25.23776412907379 -0.4330127018922193
      vertex 25.25 -25 -0.4330127018922193
      vertex 25.077254248593736 -25.23776412907379 -0.4330127018922193
    endloop
  endfacet
  facet normal 0.02185047747141703 -0.8746924253110677 0.4841856232249293
    outer loop
      vertex -27.61515602208419 -27.930174399751714 12.433012701892219
      vertex 26.497084008433948 -26.81810376939405 12
      vertex 26.41982975984021 -26.58033964032026 12.433012701892219
    endloop
  endfacet
  facet normal 0.02186560927706121 -0.8752981638261903 -0.48308903892910116
    outer loop
      vertex -20.116451704643804 -27.49880568351549 11.12352343096079
      vertex 23.266309070265525 -23.587328831225626 6
      vertex 26.497084008433948 -26.81810376939405 12
    endloop
  endfacet
  facet normal -0.03515587647408672 -0.8786425890899247 -0.47618406628812415
    outer loop
      vertex -26.19214355859763 -26.82218031393268 24
      vertex 28.620122631975637 -28.780632512455686 23.56698729810778
      vertex 28.697376880569376 -29.018396641529474 24
    endloop
  endfacet
  facet normal -0.03515587647408672 -0.8786425890899247 0.47618406628812415
    outer loop
      vertex -26.19214355859763 -26.82218031393268 24
      vertex 28.697376880569376 -29.018396641529474 24
      vertex 28.620122631975637 -28.780632512455686 24.43301270189222
    endloop
  endfacet
  facet normal -0.03463449923683833 -0.8223859116789278 0.5678748662642433
    outer loop
      vertex -17.66683492815686 -23.05644645682434 29.899647265436528
      vertex 28.620122631975637 -28.780632512455686 24.43301270189222
      vertex 21.36453938663971 -24.700239334013546 29.899647265436528
    endloop
  endfacet
  facet normal 0.01821404451961757 -0.875031568323402 -0.48372306438676754
    outer loop
      vertex -11.45607726818664 -27.687352214110923 34.06736644970596
      vertex 21.36453938663971 -24.700239334013546 29.899647265436528
      vertex 24.056066361624595 -24.719522836294207 30.035876588045078
    endloop
  endfacet
  facet normal -0.02653858800496152 -0.663272716089384 -0.7479070847626158
    outer loop
      vertex 4.729183703612407 -27.66537165163948 23.425672531630116
      vertex 18.03826815812196 -22.091429548556068 18.01022974519881
      vertex 21.98706375577549 -22.147573636255547 17.919902190723803
    endloop
  endfacet
  facet normal 0.04668569126596386 -0.9552782838368499 -0.2919997374326596
    outer loop
      vertex -11.45607726818664 -27.687352214110923 34.06736644970596
      vertex 24.056066361624595 -24.719522836294207 30.035876588045078
      vertex 26.120656384723677 -26.44167614568378 36
    endloop
  endfacet
  facet normal 0.003371939388430785 -0.7765307641582221 0.6300703153939315
    outer loop
      vertex -18.221464949438435 -22.24888064762735 18.01022974519881
      vertex 26.41982975984021 -26.58033964032026 12.433012701892219
      vertex 21.98706375577549 -22.147573636255547 17.919902190723803
    endloop
  endfacet
  facet normal 0.01587198879348318 -0.7651420560850171 -0.6436658403098087
    outer loop
      vertex -23.634859832761087 -28.047303182861107 47.01508362997188
      vertex 19.65373237254112 -22.834894875867526 41.886402640453234
      vertex 22.654930551199772 -22.815440431679825 41.93728241126282
    endloop
  endfacet
  facet normal -0.023806599379180525 -0.8780889258669655 -0.47790489021958943
    outer loop
      vertex -25.38365202234547 -26.01368877768052 60
      vertex 20.840985574846 -23.95451947469837 53.913882762694634
      vertex 23.693982586003422 -24.083092552874906 54.007998642563855
    endloop
  endfacet
  facet normal 0.08697249407772707 -0.8666021858676982 -0.49136181854436667
    outer loop
      vertex -30.46376206586011 -31.09379882119516 72
      vertex 25.110335919320253 -25.27084579980031 71.56698729810778
      vertex 25.187590167913992 -25.508609928874098 72
    endloop
  endfacet
  facet normal 0.08697249407772707 -0.8666021858676982 0.49136181854436667
    outer loop
      vertex -30.46376206586011 -31.09379882119516 72
      vertex 25.187590167913992 -25.508609928874098 72
      vertex 25.110335919320253 -25.27084579980031 72.43301270189222
    endloop
  endfacet
  facet normal 0.013027663300541142 -0.6280254612989521 0.7780837358210015
    outer loop
      vertex -28.293198472924317 -28.60821685059184 48.43301270189222
      vertex 27.294602206849707 -27.45511208732976 48.43301270189222
      vertex 25.96217440274095 -27.27638843285615 48.59957758480071
    endloop
  endfacet
  facet normal 0.01815163846672625 -0.8750372847695593 -0.4837150693167317
    outer loop
      vertex -28.215944224330578 -28.84598097966563 48
      vertex 27.294602206849707 -27.45511208732976 47.56698729810778
      vertex 27.371856455443446 -27.692876216403548 48
    endloop
  endfacet
  facet normal 0.01815163846672625 -0.8750372847695593 0.4837150693167317
    outer loop
      vertex -28.215944224330578 -28.84598097966563 48
      vertex 27.371856455443446 -27.692876216403548 48
      vertex 27.294602206849707 -27.45511208732976 48.43301270189222
    endloop
  endfacet
  facet normal 0.015871988793483654 -0.7651420560850184 -0.6436658403098071
    outer loop
      vertex -23.634859832761087 -28.047303182861107 47.01508362997188
      vertex 22.654930551199772 -22.815440431679825 41.93728241126282
      vertex 27.294602206849707 -27.45511208732976 47.56698729810778
    endloop
  endfacet
  facet normal -0.0033361336088148564 -0.8524842614228065 0.5227422445517065
    outer loop
      vertex -17.64280006804277 -22.688937676423613 41.886402640453234
      vertex 26.043402136129938 -26.20391201660999 36.43301270189222
      vertex 19.65373237254112 -22.834894875867526 41.886402640453234
    endloop
  endfacet
  facet normal -0.016000710709100217 -0.9060047717939768 -0.4229649285027634
    outer loop
      vertex -25.38365202234547 -26.01368877768052 60
      vertex 23.693982586003422 -24.083092552874906 54.007998642563855
      vertex 26.610931609854003 -26.931951370814108 60
    endloop
  endfacet
  facet normal -0.055372459417001835 -0.8697802890500879 0.49032248522585453
    outer loop
      vertex -16.54935536811884 -21.57415380934934 53.913882762694634
      vertex 25.96217440274095 -27.27638843285615 48.59957758480071
      vertex 20.840985574846 -23.95451947469837 53.913882762694634
    endloop
  endfacet
  facet normal -0.015499242921159975 -0.8776102700099758 0.47912418791153516
    outer loop
      vertex -25.38365202234547 -26.01368877768052 60
      vertex 26.610931609854003 -26.931951370814108 60
      vertex 26.533677361260263 -26.69418724174032 60.43301270189222
    endloop
  endfacet
  facet normal 0.07495313069616515 -0.7468401083321148 -0.6607661316875426
    outer loop
      vertex -12.59536247094618 -27.18071626284513 69.44854900536392
      vertex 17.394271130317943 -21.03875821422025 65.90834987078294
      vertex 25.110335919320253 -25.27084579980031 71.56698729810778
    endloop
  endfacet
  facet normal 0.009186428026101617 -0.6878431298138592 0.7258012388443517
    outer loop
      vertex -16.550181349469494 -21.492100344242495 65.90834987078296
      vertex 26.533677361260263 -26.69418724174032 60.43301270189222
      vertex 17.394271130317943 -21.03875821422025 65.90834987078294
    endloop
  endfacet
  facet normal 0.0034122502766310877 -0.7299558257247037 0.6834858074887988
    outer loop
      vertex -15.481634479026551 -20.353949447010365 77.88685981705038
      vertex 25.110335919320253 -25.27084579980031 72.43301270189222
      vertex 16.922022180466872 -20.202475368026967 77.88685981705038
    endloop
  endfacet
  facet normal 0 0 -1
    outer loop
      vertex 25.25 -25 -0.4330127018922193
      vertex 0 -5.226251859505506 -0.4330127018922193
      vertex 3.6955181300451474 -3.6955181300451474 -0.4330127018922193
    endloop
  endfacet
  facet normal 0 0 -1
    outer loop
      vertex 25.25 -25 -0.4330127018922193
      vertex 3.6955181300451474 -3.6955181300451474 -0.4330127018922193
      vertex 5.226251859505506 0 -0.4330127018922193
    endloop
  endfacet
  facet normal -0.0034760343234955565 -0.954187590395059 0.2991888358904003
    outer loop
      vertex 20.336200272378292 -23.606783798705166 5.903910695036496
      vertex 25.154508497187475 -25.475528258147577 0
      vertex 23.266309070265525 -23.587328831225626 6
    endloop
  endfacet
  facet normal -0.026538588004961623 -0.6632727160893839 -0.7479070847626157
    outer loop
      vertex 4.729183703612407 -27.66537165163948 23.425672531630116
      vertex 21.98706375577549 -22.147573636255547 17.919902190723803
      vertex 28.620122631975637 -28.780632512455686 23.56698729810778
    endloop
  endfacet
  facet normal 0.8737943635664626 0.0262641800505323 0.48558583488993345
    outer loop
      vertex 23.61180057307805 -23.11180057307805 6
      vertex 23.61811534744757 -22.95089851961974 5.97993398066066
      vertex 23.60675756748879 -22.944022639373145 5.999999999999997
    endloop
  endfacet
  facet normal 0.5365610005521104 -0.3898343857702186 0.7484192971574654
    outer loop
      vertex 21.98706375577549 -22.147573636255547 17.919902190723803
      vertex 26.41982975984021 -26.58033964032026 12.433012701892219
      vertex 22.159809507181755 -21.90980950718176 17.919902190723803
    endloop
  endfacet
  facet normal 0.7406218019085672 -0.5380932362545036 0.40241150037599843
    outer loop
      vertex 23.266309070265525 -23.587328831225626 6
      vertex 25.154508497187475 -25.475528258147577 0
      vertex 23.36644671959777 -23.526956600077824 5.896428812272591
    endloop
  endfacet
  facet normal 0.7406218019085501 -0.5380932362545255 0.4024115003760004
    outer loop
      vertex 23.36644671959777 -23.526956600077824 5.896428812272591
      vertex 25.154508497187475 -25.475528258147577 0
      vertex 23.539192471004036 -23.289192471004036 5.89642881227259
    endloop
  endfacet
  facet normal 0.7406218019085453 -0.5380932362545314 0.40241150037600126
    outer loop
      vertex 23.539192471004036 -23.289192471004036 5.89642881227259
      vertex 25.154508497187475 -25.475528258147577 0
      vertex 23.61180057307805 -23.11180057307805 6
    endloop
  endfacet
  facet normal 0.7329996781371365 -0.5325554391808743 -0.4231975614883908
    outer loop
      vertex 25.154508497187475 -25.475528258147577 0
      vertex 25.077254248593736 -25.23776412907379 -0.4330127018922193
      vertex 25.25 -25 -0.4330127018922193
    endloop
  endfacet
  facet normal 0.7329996781371404 -0.5325554391808718 -0.42319756148838705
    outer loop
      vertex 25.154508497187475 -25.475528258147577 0
      vertex 25.25 -25 -0.4330127018922193
      vertex 25.5 -25 0
    endloop
  endfacet
  facet normal 0.7406218019085522 -0.538093236254523 0.4024115003759999
    outer loop
      vertex 23.61180057307805 -23.11180057307805 6
      vertex 25.154508497187475 -25.475528258147577 0
      vertex 25.5 -25 0
    endloop
  endfacet
  facet normal 0.025813319658849292 -0.87430930911643 -0.48468227172090883
    outer loop
      vertex 23.266309070265525 -23.587328831225626 6
      vertex 23.36644671959777 -23.526956600077824 5.896428812272591
      vertex 26.41982975984021 -26.58033964032026 11.566987298107781
    endloop
  endfacet
  facet normal 0.6465533224705499 -0.4697484853980238 -0.6010866507156484
    outer loop
      vertex 23.36644671959777 -23.526956600077824 5.896428812272591
      vertex 23.539192471004036 -23.289192471004036 5.89642881227259
      vertex 26.592575511246473 -26.342575511246473 11.566987298107781
    endloop
  endfacet
  facet normal 0.8643364980725905 -0.062422411569445946 -0.499024909832631
    outer loop
      vertex 23.539192471004036 -23.289192471004036 5.89642881227259
      vertex 23.61180057307805 -23.11180057307805 6
      vertex 26.842575511246473 -26.342575511246473 12
    endloop
  endfacet
  facet normal 0.886074603131862 0.02663329484051518 -0.4627769066090607
    outer loop
      vertex 23.61180057307805 -23.11180057307805 6
      vertex 23.60675756748879 -22.944022639373145 5.999999999999997
      vertex 26.608770193471532 -26.08798157181689 11.566987298107781
    endloop
  endfacet
  facet normal 0.025813319658843308 -0.8743093091164317 -0.48468227172090617
    outer loop
      vertex 23.266309070265525 -23.587328831225626 6
      vertex 26.41982975984021 -26.58033964032026 11.566987298107781
      vertex 26.497084008433948 -26.81810376939405 12
    endloop
  endfacet
  facet normal 0.646553322470551 -0.46974848539802183 -0.6010866507156486
    outer loop
      vertex 23.36644671959777 -23.526956600077824 5.896428812272591
      vertex 26.592575511246473 -26.342575511246473 11.566987298107781
      vertex 26.41982975984021 -26.58033964032026 11.566987298107781
    endloop
  endfacet
  facet normal 0.8643364980725913 -0.06242241156944226 -0.4990249098326299
    outer loop
      vertex 23.539192471004036 -23.289192471004036 5.89642881227259
      vertex 26.842575511246473 -26.342575511246473 12
      vertex 26.592575511246473 -26.342575511246473 11.566987298107781
    endloop
  endfacet
  facet normal 0.5365610005521102 -0.389834385770218 0.7484192971574659
    outer loop
      vertex 22.159809507181755 -21.90980950718176 17.919902190723803
      vertex 26.41982975984021 -26.58033964032026 12.433012701892219
      vertex 26.592575511246473 -26.342575511246473 12.433012701892219
    endloop
  endfacet
  facet normal 0.7329996781371363 -0.5325554391808742 -0.42319756148839127
    outer loop
      vertex 26.497084008433948 -26.81810376939405 12
      vertex 26.41982975984021 -26.58033964032026 11.566987298107781
      vertex 26.592575511246473 -26.342575511246473 11.566987298107781
    endloop
  endfacet
  facet normal 0.7329996781371363 -0.5325554391808742 0.42319756148839127
    outer loop
      vertex 26.497084008433948 -26.81810376939405 12
      vertex 26.592575511246473 -26.342575511246473 12.433012701892219
      vertex 26.41982975984021 -26.58033964032026 12.433012701892219
    endloop
  endfacet
  facet normal 0.7329996781371403 -0.5325554391808717 -0.42319756148838755
    outer loop
      vertex 26.497084008433948 -26.81810376939405 12
      vertex 26.592575511246473 -26.342575511246473 11.566987298107781
      vertex 26.842575511246473 -26.342575511246473 12
    endloop
  endfacet
  facet normal 0.7329996781371403 -0.5325554391808717 0.42319756148838755
    outer loop
      vertex 26.497084008433948 -26.81810376939405 12
      vertex 26.842575511246473 -26.342575511246473 12
      vertex 26.592575511246473 -26.342575511246473 12.433012701892219
    endloop
  endfacet
  facet normal 0.8860746031318709 0.02663329484056306 -0.46277690660904125
    outer loop
      vertex 23.61180057307805 -23.11180057307805 6
      vertex 26.608770193471532 -26.08798157181689 11.566987298107781
      vertex 26.842575511246473 -26.342575511246473 12
    endloop
  endfacet
  facet normal -0.03463449923683803 -0.8223859116789276 0.5678748662642435
    outer loop
      vertex 21.36453938663971 -24.700239334013546 29.899647265436528
      vertex 28.620122631975637 -28.780632512455686 24.43301270189222
      vertex 24.056066361624595 -24.719522836294207 30.035876588045078
    endloop
  endfacet
  facet normal 0.42105258525953426 -0.3059126097176567 -0.8538923794378278
    outer loop
      vertex 21.98706375577549 -22.147573636255547 17.919902190723803
      vertex 22.159809507181755 -21.90980950718176 17.919902190723803
      vertex 28.620122631975637 -28.780632512455686 23.56698729810778
    endloop
  endfacet
  facet normal 0.42105258525953476 -0.3059126097176561 -0.8538923794378279
    outer loop
      vertex 22.159809507181755 -21.90980950718176 17.919902190723803
      vertex 28.7928683833819 -28.542868383381897 23.56698729810778
      vertex 28.620122631975637 -28.780632512455686 23.56698729810778
    endloop
  endfacet
  facet normal 0.6732269445166953 0.04486459275984802 -0.7380736070970209
    outer loop
      vertex 22.159809507181755 -21.90980950718176 17.919902190723803
      vertex 28.56361965079804 -27.42760752256569 23.425672531630116
      vertex 28.7928683833819 -28.542868383381897 23.56698729810778
    endloop
  endfacet
  facet normal -0.034634499236834704 -0.8223859116789266 0.5678748662642454
    outer loop
      vertex 24.056066361624595 -24.719522836294207 30.035876588045078
      vertex 28.620122631975637 -28.780632512455686 24.43301270189222
      vertex 24.39147515462986 -24.712494915589957 30.066510763977853
    endloop
  endfacet
  facet normal -0.034634499236850365 -0.8223859116789316 0.5678748662642372
    outer loop
      vertex 24.39147515462986 -24.712494915589957 30.066510763977853
      vertex 28.620122631975637 -28.780632512455686 24.43301270189222
      vertex 24.487814015457662 -24.64832389593771 30.16531772662971
    endloop
  endfacet
  facet normal 0.5700832496340097 -0.4141897253626179 0.7095434869624037
    outer loop
      vertex 24.487814015457662 -24.64832389593771 30.16531772662971
      vertex 28.620122631975637 -28.780632512455686 24.43301270189222
      vertex 24.660559766863926 -24.410559766863923 30.165317726629713
    endloop
  endfacet
  facet normal 0.8061363946986747 -0.014461174896206526 0.5915530302203211
    outer loop
      vertex 24.660559766863926 -24.410559766863923 30.165317726629713
      vertex 28.7928683833819 -28.542868383381897 24.43301270189222
      vertex 24.736744075743466 -24.236744075743463 30.06574700012726
    endloop
  endfacet
  facet normal 0.5700832496340154 -0.41418972536261095 0.709543486962403
    outer loop
      vertex 24.660559766863926 -24.410559766863923 30.165317726629713
      vertex 28.620122631975637 -28.780632512455686 24.43301270189222
      vertex 28.7928683833819 -28.542868383381897 24.43301270189222
    endloop
  endfacet
  facet normal 0.673226944516696 0.044864592759848936 -0.7380736070970201
    outer loop
      vertex 22.16059138816469 -21.787231229424957 17.928066427732062
      vertex 28.2898910572735 -26.09595877841172 23.256939244269287
      vertex 28.56361965079804 -27.42760752256569 23.425672531630116
    endloop
  endfacet
  facet normal 0.8061363946986702 -0.014461174896218272 0.5915530302203267
    outer loop
      vertex 24.736744075743466 -24.236744075743463 30.06574700012726
      vertex 28.7928683833819 -28.542868383381897 24.43301270189222
      vertex 24.737414352058117 -22.603916646083263 30.104749875144773
    endloop
  endfacet
  facet normal 0.0466856912659636 -0.9552782838368498 -0.2919997374326594
    outer loop
      vertex 24.056066361624595 -24.719522836294207 30.035876588045078
      vertex 24.39147515462986 -24.712494915589957 30.066510763977853
      vertex 26.120656384723677 -26.44167614568378 36
    endloop
  endfacet
  facet normal 0.7493137021076061 -0.5444082713983385 -0.37702600688396415
    outer loop
      vertex 24.39147515462986 -24.712494915589957 30.066510763977853
      vertex 24.487814015457662 -24.64832389593771 30.16531772662971
      vertex 26.120656384723677 -26.44167614568378 36
    endloop
  endfacet
  facet normal 0.7493137021076182 -0.5444082713983226 -0.3770260068839627
    outer loop
      vertex 24.487814015457662 -24.64832389593771 30.16531772662971
      vertex 24.660559766863926 -24.410559766863923 30.165317726629713
      vertex 26.120656384723677 -26.44167614568378 36
    endloop
  endfacet
  facet normal 0.7493137021076212 -0.544408271398319 -0.3770260068839622
    outer loop
      vertex 24.660559766863926 -24.410559766863923 30.165317726629713
      vertex 24.736744075743466 -24.236744075743463 30.06574700012726
      vertex 26.120656384723677 -26.44167614568378 36
    endloop
  endfacet
  facet normal 0.9605306735339519 0.006248688931050591 -0.2781038998055502
    outer loop
      vertex 24.736744075743466 -24.236744075743463 30.06574700012726
      vertex 24.737414352058117 -22.603916646083263 30.104749875144773
      vertex 26.466147887536202 -25.966147887536202 36
    endloop
  endfacet
  facet normal 0.6134203659132662 -0.44567598338060077 0.6519880156264909
    outer loop
      vertex 26.043402136129938 -26.20391201660999 36.43301270189222
      vertex 26.216147887536202 -25.966147887536202 36.43301270189222
      vertex 22.654930551199772 -22.815440431679825 41.93728241126282
    endloop
  endfacet
  facet normal 0.7329996781371357 -0.5325554391808739 0.42319756148839266
    outer loop
      vertex 26.120656384723677 -26.44167614568378 36
      vertex 26.216147887536202 -25.966147887536202 36.43301270189222
      vertex 26.043402136129938 -26.20391201660999 36.43301270189222
    endloop
  endfacet
  facet normal 0.7329996781371398 -0.5325554391808713 0.423197561488389
    outer loop
      vertex 26.120656384723677 -26.44167614568378 36
      vertex 26.466147887536202 -25.966147887536202 36
      vertex 26.216147887536202 -25.966147887536202 36.43301270189222
    endloop
  endfacet
  facet normal 0.7493137021076179 -0.5444082713983227 -0.3770260068839629
    outer loop
      vertex 24.736744075743466 -24.236744075743463 30.06574700012726
      vertex 26.466147887536202 -25.966147887536202 36
      vertex 26.120656384723677 -26.44167614568378 36
    endloop
  endfacet
  facet normal 0.7329996781371368 -0.5325554391808747 -0.42319756148838983
    outer loop
      vertex 28.620122631975637 -28.780632512455686 23.56698729810778
      vertex 28.7928683833819 -28.542868383381897 23.56698729810778
      vertex 28.697376880569376 -29.018396641529474 24
    endloop
  endfacet
  facet normal 0.732999678137141 -0.5325554391808721 -0.42319756148838616
    outer loop
      vertex 28.697376880569376 -29.018396641529474 24
      vertex 28.7928683833819 -28.542868383381897 23.56698729810778
      vertex 29.0428683833819 -28.542868383381897 24
    endloop
  endfacet
  facet normal 0.8659209141055846 -0.015533641536994599 -0.49993967285578467
    outer loop
      vertex 28.7928683833819 -28.542868383381897 23.56698729810778
      vertex 28.832266019603473 -26.346652055785103 23.56698729810778
      vertex 29.0428683833819 -28.542868383381897 24
    endloop
  endfacet
  facet normal 0.7329996781371368 -0.5325554391808747 0.42319756148838983
    outer loop
      vertex 28.697376880569376 -29.018396641529474 24
      vertex 28.7928683833819 -28.542868383381897 24.43301270189222
      vertex 28.620122631975637 -28.780632512455686 24.43301270189222
    endloop
  endfacet
  facet normal 0.732999678137141 -0.5325554391808721 0.42319756148838616
    outer loop
      vertex 28.697376880569376 -29.018396641529474 24
      vertex 29.0428683833819 -28.542868383381897 24
      vertex 28.7928683833819 -28.542868383381897 24.43301270189222
    endloop
  endfacet
  facet normal 0.8659209141055846 -0.015533641536994595 0.49993967285578467
    outer loop
      vertex 29.0428683833819 -28.542868383381897 24
      vertex 28.832266019603473 -26.346652055785103 24.43301270189222
      vertex 28.7928683833819 -28.542868383381897 24.43301270189222
    endloop
  endfacet
  facet normal 0.49317851128774143 -0.008847064533606744 -0.8698831447114868
    outer loop
      vertex 28.56361965079804 -27.42760752256569 23.425672531630116
      vertex 28.2898910572735 -26.09595877841172 23.256939244269287
      vertex 28.832266019603473 -26.346652055785103 23.56698729810778
    endloop
  endfacet
  facet normal 0.4931785112877436 -0.008847064533607443 -0.8698831447114854
    outer loop
      vertex 28.7928683833819 -28.542868383381897 23.56698729810778
      vertex 28.56361965079804 -27.42760752256569 23.425672531630116
      vertex 28.832266019603473 -26.346652055785103 23.56698729810778
    endloop
  endfacet
  facet normal 0.8659209141055846 -0.015533641536994599 -0.49993967285578467
    outer loop
      vertex 29.0428683833819 -28.542868383381897 24
      vertex 28.832266019603473 -26.346652055785103 23.56698729810778
      vertex 29.082266019603473 -26.346652055785103 24
    endloop
  endfacet
  facet normal 0.8659209141055846 -0.015533641536994599 0.49993967285578467
    outer loop
      vertex 29.0428683833819 -28.542868383381897 24
      vertex 29.082266019603473 -26.346652055785103 24
      vertex 28.832266019603473 -26.346652055785103 24.43301270189222
    endloop
  endfacet
  facet normal 0.9538806410505823 1.864340391290225e-14 0.3001861466306029
    outer loop
      vertex 23.61180057307805 -23.11180057307805 6
      vertex 25.5 -25 0
      vertex 23.61811534744757 -22.95089851961974 5.97993398066066
    endloop
  endfacet
  facet normal 0.9538806410505807 -5.3724722278063347e-17 0.30018614663060866
    outer loop
      vertex 23.61811534744757 -22.95089851961974 5.97993398066066
      vertex 25.5 -25 0
      vertex 24.511398593679253 -0.18981471395940538 3.141409934433618
    endloop
  endfacet
  facet normal 0.6732269445167014 0.044864592759860746 -0.7380736070970145
    outer loop
      vertex 22.159809507181755 -21.90980950718176 17.919902190723803
      vertex 22.16059138816469 -21.787231229424957 17.928066427732062
      vertex 28.56361965079804 -27.42760752256569 23.425672531630116
    endloop
  endfacet
  facet normal 0.6732269445166958 0.044864592759848804 -0.7380736070970202
    outer loop
      vertex 22.16059138816469 -21.787231229424957 17.928066427732062
      vertex 22.179348739288134 -18.846574216186596 18.123926748626037
      vertex 28.2898910572735 -26.09595877841172 23.256939244269287
    endloop
  endfacet
  facet normal 0.9605306735339525 0.006248688931054448 -0.2781038998055483
    outer loop
      vertex 26.466147887536202 -25.966147887536202 36
      vertex 24.737414352058117 -22.603916646083263 30.104749875144773
      vertex 24.73786398064371 -21.50859838453852 30.130913424631647
    endloop
  endfacet
  facet normal 0.8061363946986699 -0.014461174896218652 0.591553030220327
    outer loop
      vertex 28.7928683833819 -28.542868383381897 24.43301270189222
      vertex 26.82408935196832 -0.5986319788081275 27.799086102933323
      vertex 24.737414352058117 -22.603916646083263 30.104749875144773
    endloop
  endfacet
  facet normal 0.8061363946986703 -0.014461174896218596 0.5915530302203267
    outer loop
      vertex 28.7928683833819 -28.542868383381897 24.43301270189222
      vertex 28.832266019603473 -26.346652055785103 24.43301270189222
      vertex 26.82408935196832 -0.5986319788081275 27.799086102933323
    endloop
  endfacet
  facet normal -0.0033361336088145416 -0.8524842614228065 0.5227422445517068
    outer loop
      vertex 26.043402136129938 -26.20391201660999 36.43301270189222
      vertex 22.654930551199772 -22.815440431679825 41.93728241126282
      vertex 19.65373237254112 -22.834894875867526 41.886402640453234
    endloop
  endfacet
  facet normal -0.055372459417001904 -0.8697802890500879 0.4903224852258544
    outer loop
      vertex 20.840985574846 -23.95451947469837 53.913882762694634
      vertex 25.96217440274095 -27.27638843285615 48.59957758480071
      vertex 23.693982586003422 -24.083092552874906 54.007998642563855
    endloop
  endfacet
  facet normal 0.009186428026100452 -0.6878431298138603 0.7258012388443507
    outer loop
      vertex 17.394271130317943 -21.03875821422025 65.90834987078294
      vertex 26.533677361260263 -26.69418724174032 60.43301270189222
      vertex 20.678935434412605 -20.83944531489266 66.05566523832977
    endloop
  endfacet
  facet normal 0.07495313069616849 -0.7468401083321121 -0.6607661316875452
    outer loop
      vertex 17.394271130317943 -21.03875821422025 65.90834987078294
      vertex 20.678935434412605 -20.83944531489266 66.05566523832977
      vertex 25.110335919320253 -25.27084579980031 71.56698729810778
    endloop
  endfacet
  facet normal 0.45834997925832716 -0.33301075264155183 0.8240261738191319
    outer loop
      vertex 20.678935434412605 -20.83944531489266 66.05566523832977
      vertex 26.533677361260263 -26.69418724174032 60.43301270189222
      vertex 20.85168118581887 -20.601681185818872 66.05566523832977
    endloop
  endfacet
  facet normal 0.537987831112184 -0.3908710388523698 -0.7468526792893478
    outer loop
      vertex 20.678935434412605 -20.83944531489266 66.05566523832977
      vertex 20.85168118581887 -20.601681185818872 66.05566523832977
      vertex 25.110335919320253 -25.27084579980031 71.56698729810778
    endloop
  endfacet
  facet normal 0.780481922749861 0.00295782491510061 -0.6251713521367176
    outer loop
      vertex 20.85168118581887 -20.601681185818872 66.05566523832977
      vertex 20.79993248346897 -17.01477015400046 66.00803114282952
      vertex 25.283081670726517 -25.03308167072652 71.56698729810778
    endloop
  endfacet
  facet normal 0.003412250276636385 -0.7299558257246999 0.6834858074888033
    outer loop
      vertex 16.922022180466872 -20.202475368026967 77.88685981705038
      vertex 25.110335919320253 -25.27084579980031 72.43301270189222
      vertex 20.010975178602536 -20.17148505908259 77.90453578881187
    endloop
  endfacet
  facet normal 0.4928388580445739 -0.35806838982298167 0.7930301937573989
    outer loop
      vertex 20.010975178602536 -20.17148505908259 77.90453578881187
      vertex 25.110335919320253 -25.27084579980031 72.43301270189222
      vertex 25.283081670726517 -25.03308167072652 72.43301270189222
    endloop
  endfacet
  facet normal 0.4928388580445733 -0.3580683898229817 0.7930301937573992
    outer loop
      vertex 20.010975178602536 -20.17148505908259 77.90453578881187
      vertex 25.283081670726517 -25.03308167072652 72.43301270189222
      vertex 20.1837209300088 -19.9337209300088 77.90453578881187
    endloop
  endfacet
  facet normal 0.7258127686351438 -0.012167921283358247 0.6877846803890222
    outer loop
      vertex 20.1837209300088 -19.9337209300088 77.90453578881187
      vertex 25.283081670726517 -25.03308167072652 72.43301270189222
      vertex 20.299532527534694 -17.716038465520917 77.82155494872006
    endloop
  endfacet
  facet normal 0.7258127686351475 -0.012167921283352754 0.6877846803890181
    outer loop
      vertex 20.299532527534694 -17.716038465520917 77.82155494872006
      vertex 25.283081670726517 -25.03308167072652 72.43301270189222
      vertex 20.393381039379978 -15.918928301393986 77.75431100665676
    endloop
  endfacet
  facet normal 0.6134203659132653 -0.4456759833806017 0.6519880156264908
    outer loop
      vertex 26.216147887536202 -25.966147887536202 36.43301270189222
      vertex 22.827676302606037 -22.577676302606037 41.93728241126282
      vertex 22.654930551199772 -22.815440431679825 41.93728241126282
    endloop
  endfacet
  facet normal 0.530554331635543 -0.38547028535068445 -0.7549336131703398
    outer loop
      vertex 22.654930551199772 -22.815440431679825 41.93728241126282
      vertex 22.827676302606037 -22.577676302606037 41.93728241126282
      vertex 27.46734795825597 -27.21734795825597 47.56698729810778
    endloop
  endfacet
  facet normal 0.5305543316355441 -0.38547028535068373 -0.7549336131703394
    outer loop
      vertex 22.654930551199772 -22.815440431679825 41.93728241126282
      vertex 27.46734795825597 -27.21734795825597 47.56698729810778
      vertex 27.294602206849707 -27.45511208732976 47.56698729810778
    endloop
  endfacet
  facet normal 0.7329996781371357 -0.5325554391808739 -0.42319756148839266
    outer loop
      vertex 27.371856455443446 -27.692876216403548 48
      vertex 27.294602206849707 -27.45511208732976 47.56698729810778
      vertex 27.46734795825597 -27.21734795825597 47.56698729810778
    endloop
  endfacet
  facet normal 0.7329996781371357 -0.5325554391808739 0.42319756148839266
    outer loop
      vertex 27.371856455443446 -27.692876216403548 48
      vertex 27.46734795825597 -27.21734795825597 48.43301270189222
      vertex 27.294602206849707 -27.45511208732976 48.43301270189222
    endloop
  endfacet
  facet normal 0.7329996781371398 -0.5325554391808713 -0.423197561488389
    outer loop
      vertex 27.371856455443446 -27.692876216403548 48
      vertex 27.46734795825597 -27.21734795825597 47.56698729810778
      vertex 27.71734795825597 -27.21734795825597 48
    endloop
  endfacet
  facet normal 0.7329996781371398 -0.5325554391808713 0.423197561488389
    outer loop
      vertex 27.371856455443446 -27.692876216403548 48
      vertex 27.71734795825597 -27.21734795825597 48
      vertex 27.46734795825597 -27.21734795825597 48.43301270189222
    endloop
  endfacet
  facet normal 0.20922856480457697 -0.8409219505006506 -0.49907282117542556
    outer loop
      vertex 23.764799183428366 -24.085818944388468 54.01115967966686
      vertex 26.533677361260263 -26.69418724174032 59.56698729810778
      vertex 26.610931609854003 -26.931951370814108 60
    endloop
  endfacet
  facet normal -0.055372459417052426 -0.8697802890500944 0.49032248522583705
    outer loop
      vertex 23.693982586003422 -24.083092552874906 54.007998642563855
      vertex 25.96217440274095 -27.27638843285615 48.59957758480071
      vertex 23.764799183428366 -24.085818944388468 54.01115967966686
    endloop
  endfacet
  facet normal -0.05537245941698675 -0.8697802890500862 0.4903224852258589
    outer loop
      vertex 23.764799183428366 -24.085818944388468 54.01115967966686
      vertex 25.96217440274095 -27.27638843285615 48.59957758480071
      vertex 23.91225126375058 -24.072761144230633 54.05097470369179
    endloop
  endfacet
  facet normal 0.6191757287850697 -0.4498574992710706 0.6436222861531884
    outer loop
      vertex 27.46734795825597 -27.21734795825597 48.43301270189222
      vertex 24.084997015156844 -23.834997015156844 54.05097470369179
      vertex 23.91225126375058 -24.072761144230633 54.05097470369179
    endloop
  endfacet
  facet normal 0.8625203311679712 0.022896322734450757 0.5055041411572542
    outer loop
      vertex 27.46734795825597 -27.21734795825597 48.43301270189222
      vertex 24.106699781835918 -23.606699781835918 54.0036036879332
      vertex 24.084997015156844 -23.834997015156844 54.05097470369179
    endloop
  endfacet
  facet normal 0.8625203311679663 0.022896322734430992 0.5055041411572633
    outer loop
      vertex 27.46734795825597 -27.21734795825597 48.43301270189222
      vertex 24.106879278853157 -23.533899473845334 54
      vertex 24.106699781835918 -23.606699781835918 54.0036036879332
    endloop
  endfacet
  facet normal 0.8625203311679709 0.022896322734449772 0.5055041411572548
    outer loop
      vertex 27.364983585656102 -27.03862430378254 48.59957758480055
      vertex 24.197270709495694 -21.507938117066754 53.75400495932596
      vertex 24.106879278853157 -23.533899473845334 54
    endloop
  endfacet
  facet normal -0.01600071070908776 -0.9060047717939745 -0.4229649285027684
    outer loop
      vertex 23.693982586003422 -24.083092552874906 54.007998642563855
      vertex 23.764799183428366 -24.085818944388468 54.01115967966686
      vertex 26.610931609854003 -26.931951370814108 60
    endloop
  endfacet
  facet normal 0.20922856480456634 -0.8409219505006547 -0.4990728211754229
    outer loop
      vertex 23.764799183428366 -24.085818944388468 54.01115967966686
      vertex 23.91225126375058 -24.072761144230633 54.05097470369179
      vertex 26.533677361260263 -26.69418724174032 59.56698729810778
    endloop
  endfacet
  facet normal 0.6740285279310159 -0.4897103906307353 -0.5530544971731453
    outer loop
      vertex 23.91225126375058 -24.072761144230633 54.05097470369179
      vertex 24.084997015156844 -23.834997015156844 54.05097470369179
      vertex 26.706423112666528 -26.45642311266653 59.56698729810778
    endloop
  endfacet
  facet normal 0.8514110701254848 -0.1829360167482069 -0.4915624105279783
    outer loop
      vertex 24.084997015156844 -23.834997015156844 54.05097470369179
      vertex 24.106699781835918 -23.606699781835918 54.0036036879332
      vertex 26.956423112666528 -26.45642311266653 60
    endloop
  endfacet
  facet normal -0.05537245941700045 -0.8697802890500876 0.4903224852258547
    outer loop
      vertex 27.294602206849707 -27.45511208732976 48.43301270189222
      vertex 23.91225126375058 -24.072761144230633 54.05097470369179
      vertex 25.96217440274095 -27.27638843285615 48.59957758480071
    endloop
  endfacet
  facet normal 0.6191757287850702 -0.44985749927106944 0.6436222861531886
    outer loop
      vertex 27.294602206849707 -27.45511208732976 48.43301270189222
      vertex 27.46734795825597 -27.21734795825597 48.43301270189222
      vertex 23.91225126375058 -24.072761144230633 54.05097470369179
    endloop
  endfacet
  facet normal 0.8625203311679753 0.02289632273446736 0.5055041411572463
    outer loop
      vertex 27.46734795825597 -27.21734795825597 48.43301270189222
      vertex 27.364983585656102 -27.03862430378254 48.59957758480055
      vertex 24.106879278853157 -23.533899473845334 54
    endloop
  endfacet
  facet normal 0.674028527931016 -0.48971039063073524 -0.5530544971731451
    outer loop
      vertex 23.91225126375058 -24.072761144230633 54.05097470369179
      vertex 26.706423112666528 -26.45642311266653 59.56698729810778
      vertex 26.533677361260263 -26.69418724174032 59.56698729810778
    endloop
  endfacet
  facet normal 0.8514110701254843 -0.18293601674820809 -0.4915624105279786
    outer loop
      vertex 24.084997015156844 -23.834997015156844 54.05097470369179
      vertex 26.956423112666528 -26.45642311266653 60
      vertex 26.706423112666528 -26.45642311266653 59.56698729810778
    endloop
  endfacet
  facet normal 0.4583499792583269 -0.3330107526415511 0.8240261738191323
    outer loop
      vertex 20.85168118581887 -20.601681185818872 66.05566523832977
      vertex 26.533677361260263 -26.69418724174032 60.43301270189222
      vertex 26.706423112666528 -26.45642311266653 60.43301270189222
    endloop
  endfacet
  facet normal 0.7329996781371357 -0.5325554391808738 -0.42319756148839266
    outer loop
      vertex 26.533677361260263 -26.69418724174032 59.56698729810778
      vertex 26.706423112666528 -26.45642311266653 59.56698729810778
      vertex 26.610931609854003 -26.931951370814108 60
    endloop
  endfacet
  facet normal 0.7329996781371357 -0.5325554391808739 0.42319756148839266
    outer loop
      vertex 26.610931609854003 -26.931951370814108 60
      vertex 26.706423112666528 -26.45642311266653 60.43301270189222
      vertex 26.533677361260263 -26.69418724174032 60.43301270189222
    endloop
  endfacet
  facet normal 0.7329996781371398 -0.5325554391808713 -0.423197561488389
    outer loop
      vertex 26.610931609854003 -26.931951370814108 60
      vertex 26.706423112666528 -26.45642311266653 59.56698729810778
      vertex 26.956423112666528 -26.45642311266653 60
    endloop
  endfacet
  facet normal 0.7329996781371398 -0.5325554391808713 0.423197561488389
    outer loop
      vertex 26.610931609854003 -26.931951370814108 60
      vertex 26.956423112666528 -26.45642311266653 60
      vertex 26.706423112666528 -26.45642311266653 60.43301270189222
    endloop
  endfacet
  facet normal 0.732999678137138 -0.5325554391808754 -0.423197561488387
    outer loop
      vertex 25.110335919320253 -25.27084579980031 71.56698729810778
      vertex 25.283081670726517 -25.03308167072652 71.56698729810778
      vertex 25.187590167913992 -25.508609928874098 72
    endloop
  endfacet
  facet normal 0.732999678137138 -0.5325554391808754 0.423197561488387
    outer loop
      vertex 25.187590167913992 -25.508609928874098 72
      vertex 25.283081670726517 -25.03308167072652 72.43301270189222
      vertex 25.110335919320253 -25.27084579980031 72.43301270189222
    endloop
  endfacet
  facet normal 0.7329996781371418 -0.5325554391808728 -0.4231975614883832
    outer loop
      vertex 25.187590167913992 -25.508609928874098 72
      vertex 25.283081670726517 -25.03308167072652 71.56698729810778
      vertex 25.533081670726517 -25.03308167072652 72
    endloop
  endfacet
  facet normal 0.7329996781371418 -0.5325554391808728 0.4231975614883832
    outer loop
      vertex 25.187590167913992 -25.508609928874098 72
      vertex 25.533081670726517 -25.03308167072652 72
      vertex 25.283081670726517 -25.03308167072652 72.43301270189222
    endloop
  endfacet
  facet normal 0.852981776473617 0.005177408368306126 0.5219150155403661
    outer loop
      vertex 26.216147887536202 -25.966147887536202 36.43301270189222
      vertex 22.826258003396816 -22.417906580189825 41.93801546218073
      vertex 22.827676302606037 -22.577676302606037 41.93728241126282
    endloop
  endfacet
  facet normal 0.8625203311679668 0.02289632273443946 0.505504141157262
    outer loop
      vertex 27.364983585656102 -27.03862430378254 48.59957758480055
      vertex 24.215611051908475 -21.096872325384236 53.704092780198614
      vertex 24.197270709495694 -21.507938117066754 53.75400495932596
    endloop
  endfacet
  facet normal 0.8984817723010156 -0.02391451129902292 -0.43835898643937377
    outer loop
      vertex 24.106699781835918 -23.606699781835918 54.0036036879332
      vertex 24.106879278853157 -23.533899473845334 54
      vertex 24.114805364582132 -23.23611193120504 54
    endloop
  endfacet
  facet normal 0.9888470450541033 -0.026319725742893683 0.14659056424131528
    outer loop
      vertex 24.106879278853157 -23.533899473845334 54
      vertex 24.197270709495694 -21.507938117066754 53.75400495932596
      vertex 24.114805364582132 -23.23611193120504 54
    endloop
  endfacet
  facet normal 0.8984817723007201 -0.02391451129902235 -0.4383589864399792
    outer loop
      vertex 24.106699781835918 -23.606699781835918 54.0036036879332
      vertex 24.114805364582132 -23.23611193120504 54
      vertex 24.180195571846195 -20.77936470442264 53.99999999999999
    endloop
  endfacet
  facet normal 0.9888470450541094 -0.02631972574290005 0.14659056424127268
    outer loop
      vertex 24.114805364582132 -23.23611193120504 54
      vertex 24.197270709495694 -21.507938117066754 53.75400495932596
      vertex 24.180195571846195 -20.77936470442264 53.99999999999999
    endloop
  endfacet
  facet normal 0.988847045054111 -0.026319725742896368 0.14659056424126188
    outer loop
      vertex 24.197270709495694 -21.507938117066754 53.75400495932596
      vertex 24.215611051908475 -21.096872325384236 53.704092780198614
      vertex 24.180195571846195 -20.77936470442264 53.99999999999999
    endloop
  endfacet
  facet normal 0.7756028770363861 0.009780943692237884 -0.6311453955099172
    outer loop
      vertex 22.827676302606037 -22.577676302606037 41.93728241126282
      vertex 24.401747258055863 0.060187413431792944 44.2224509988593
      vertex 27.46734795825597 -27.21734795825597 47.56698729810778
    endloop
  endfacet
  facet normal 0.8625203311679702 0.022896322734447746 0.5055041411572561
    outer loop
      vertex 27.364983585656102 -27.03862430378254 48.59957758480055
      vertex 25.005071716209176 -3.4025313109683033 51.555621328372645
      vertex 24.215611051908475 -21.096872325384236 53.704092780198614
    endloop
  endfacet
  facet normal 0.8625203311679663 0.02289632273444663 0.5055041411572627
    outer loop
      vertex 27.46734795825597 -27.21734795825597 48.43301270189222
      vertex 25.083451509268098 -1.645789208747971 51.34231526335637
      vertex 27.364983585656102 -27.03862430378254 48.59957758480055
    endloop
  endfacet
  facet normal 0.5379878311121834 -0.39087103885236935 -0.7468526792893484
    outer loop
      vertex 20.85168118581887 -20.601681185818872 66.05566523832977
      vertex 25.283081670726517 -25.03308167072652 71.56698729810778
      vertex 25.110335919320253 -25.27084579980031 71.56698729810778
    endloop
  endfacet
  facet normal 0.6732269445166962 0.0448645927598494 -0.7380736070970199
    outer loop
      vertex 22.179348739288134 -18.846574216186596 18.123926748626037
      vertex 19.962830564629503 14.413947420077644 18.123926748626037
      vertex 28.2898910572735 -26.09595877841172 23.256939244269287
    endloop
  endfacet
  facet normal 0 0 -1
    outer loop
      vertex 25.25 -25 -0.4330127018922193
      vertex 5.226251859505506 0 -0.4330127018922193
      vertex 25.25 25 -0.4330127018922193
    endloop
  endfacet
  facet normal 0.8737943635664787 0.026264180050510417 0.4855858348899058
    outer loop
      vertex 23.60675756748879 -22.944022639373145 5.999999999999997
      vertex 24.511398593679253 -0.18981471395940538 3.141409934433618
      vertex 22.359670785893993 18.545846777456955 6
    endloop
  endfacet
  facet normal 0.8737943635664606 0.026264180050515194 0.4855858348899381
    outer loop
      vertex 23.61811534744757 -22.95089851961974 5.97993398066066
      vertex 24.511398593679253 -0.18981471395940538 3.141409934433618
      vertex 23.60675756748879 -22.944022639373145 5.999999999999997
    endloop
  endfacet
  facet normal 0.8860746031318605 0.02663329484050769 -0.4627769066090641
    outer loop
      vertex 23.60675756748879 -22.944022639373145 5.999999999999997
      vertex 22.359670785893993 18.545846777456955 6
      vertex 26.608770193471532 -26.08798157181689 11.566987298107781
    endloop
  endfacet
  facet normal 0.8660254037844386 0 -0.5
    outer loop
      vertex 25.25 -25 -0.4330127018922193
      vertex 25.25 25 -0.4330127018922193
      vertex 25.5 -25 0
    endloop
  endfacet
  facet normal 0.8647143407921648 -0.055004349262818435 -0.49924305742848907
    outer loop
      vertex 26.608770193471532 -26.08798157181689 11.566987298107781
      vertex 30.066484144176542 28.270171548865065 11.566987298107781
      vertex 26.842575511246473 -26.342575511246473 12
    endloop
  endfacet
  facet normal 0.8647143407921658 -0.0550043492628185 0.4992430574284874
    outer loop
      vertex 26.592575511246473 -26.342575511246473 12.433012701892219
      vertex 26.842575511246473 -26.342575511246473 12
      vertex 30.066484144176542 28.270171548865065 12.433012701892219
    endloop
  endfacet
  facet normal 0.8061363946986765 -0.014461174896220194 0.5915530302203181
    outer loop
      vertex 24.737414352058117 -22.603916646083263 30.104749875144773
      vertex 26.82408935196832 -0.5986319788081275 27.799086102933323
      vertex 24.73786398064371 -21.50859838453852 30.130913424631647
    endloop
  endfacet
  facet normal 0.9605306735339519 0.006248688931051875 -0.2781038998055499
    outer loop
      vertex 26.466147887536202 -25.966147887536202 36
      vertex 24.73786398064371 -21.50859838453852 30.130913424631647
      vertex 24.485798721018195 17.23815573846562 30.130913424631643
    endloop
  endfacet
  facet normal 0.8660134391829899 0.005256507642641992 0.4999930922341355
    outer loop
      vertex 26.466147887536202 -25.966147887536202 36
      vertex 25.90286129909573 25.648044338554733 36.43301270189222
      vertex 26.216147887536202 -25.966147887536202 36.43301270189222
    endloop
  endfacet
  facet normal 0.7575767255920958 -0.048189341661279 0.6509648932096193
    outer loop
      vertex 22.159809507181755 -21.90980950718176 17.919902190723803
      vertex 30.066484144176542 28.270171548865065 12.433012701892219
      vertex 22.16059138816469 -21.787231229424957 17.928066427732062
    endloop
  endfacet
  facet normal 0.757576725592141 -0.048189341661292025 0.6509648932095656
    outer loop
      vertex 22.16059138816469 -21.787231229424957 17.928066427732062
      vertex 30.066484144176542 28.270171548865065 12.433012701892219
      vertex 22.179348739288134 -18.846574216186596 18.123926748626037
    endloop
  endfacet
  facet normal 0.7575767255921408 -0.04818934166129195 0.6509648932095659
    outer loop
      vertex 22.159809507181755 -21.90980950718176 17.919902190723803
      vertex 26.592575511246473 -26.342575511246473 12.433012701892219
      vertex 30.066484144176542 28.270171548865065 12.433012701892219
    endloop
  endfacet
  facet normal 0.9538806410505808 0 0.3001861466306083
    outer loop
      vertex 25.5 -25 0
      vertex 25.5 25 0
      vertex 24.511398593679253 -0.18981471395940538 3.141409934433618
    endloop
  endfacet
  facet normal 0.8529817764736095 0.00517740836827875 0.5219150155403783
    outer loop
      vertex 26.216147887536202 -25.966147887536202 36.43301270189222
      vertex 25.90286129909573 25.648044338554733 36.43301270189222
      vertex 22.826258003396816 -22.417906580189825 41.93801546218073
    endloop
  endfacet
  facet normal 0.7239025320061224 0.00470931523952761 0.6898861837325775
    outer loop
      vertex 24.73786398064371 -21.50859838453852 30.130913424631647
      vertex 26.82408935196832 -0.5986319788081275 27.799086102933323
      vertex 24.485798721018195 17.23815573846562 30.130913424631643
    endloop
  endfacet
  facet normal 0.49317851128774126 -0.008847064533607459 -0.8698831447114869
    outer loop
      vertex 28.2898910572735 -26.09595877841172 23.256939244269287
      vertex 29.835627841824554 29.585627841824554 23.56698729810778
      vertex 28.832266019603473 -26.346652055785103 23.56698729810778
    endloop
  endfacet
  facet normal 0.8659209141055845 -0.015533641536994698 -0.4999396728557846
    outer loop
      vertex 28.832266019603473 -26.346652055785103 23.56698729810778
      vertex 29.835627841824554 29.585627841824554 23.56698729810778
      vertex 29.082266019603473 -26.346652055785103 24
    endloop
  endfacet
  facet normal 0.8659209141055845 -0.015533641536994698 0.4999396728557846
    outer loop
      vertex 29.082266019603473 -26.346652055785103 24
      vertex 30.085627841824554 29.585627841824554 24
      vertex 28.832266019603473 -26.346652055785103 24.43301270189222
    endloop
  endfacet
  facet normal 0.7756028770362456 0.009780943692265032 -0.6311453955100895
    outer loop
      vertex 22.827676302606037 -22.577676302606037 41.93728241126282
      vertex 22.826258003396816 -22.417906580189825 41.93801546218073
      vertex 24.401747258055863 0.060187413431792944 44.2224509988593
    endloop
  endfacet
  facet normal 0.7756028770363946 0.009780943692236014 -0.6311453955099068
    outer loop
      vertex 22.826258003396816 -22.417906580189825 41.93801546218073
      vertex 22.79473410512516 -18.8667768583248 41.95430865505141
      vertex 24.401747258055863 0.060187413431792944 44.2224509988593
    endloop
  endfacet
  facet normal 0.7756028770363567 0.009780943692244835 -0.6311453955099533
    outer loop
      vertex 22.79473410512516 -18.8667768583248 41.95430865505141
      vertex 22.791155057451693 -18.463601386189666 41.95615849334028
      vertex 24.401747258055863 0.060187413431792944 44.2224509988593
    endloop
  endfacet
  facet normal 0.7804819227498625 0.0029578249151029617 -0.6251713521367156
    outer loop
      vertex 20.79993248346897 -17.01477015400046 66.00803114282952
      vertex 22.422344801676612 0.8842588288069081 68.11818170392044
      vertex 25.283081670726517 -25.03308167072652 71.56698729810778
    endloop
  endfacet
  facet normal 0.7804819227475898 0.0029578249156431494 -0.6251713521395502
    outer loop
      vertex 20.79993248346897 -17.01477015400046 66.00803114282952
      vertex 20.799776973297725 -17.00399111755181 66.00788799747492
      vertex 22.422344801676612 0.8842588288069081 68.11818170392044
    endloop
  endfacet
  facet normal 0.702651757904416 0.019582797441121614 0.7112643820396282
    outer loop
      vertex 20.85168118581887 -20.601681185818872 66.05566523832977
      vertex 25.271734697393917 25.021734697393917 60.43301270189222
      vertex 20.79993248346897 -17.01477015400046 66.00803114282952
    endloop
  endfacet
  facet normal 0.7026517579063583 0.01958279744066222 0.7112643820377221
    outer loop
      vertex 20.79993248346897 -17.01477015400046 66.00803114282952
      vertex 25.271734697393917 25.021734697393917 60.43301270189222
      vertex 20.799776973297725 -17.00399111755181 66.00788799747492
    endloop
  endfacet
  facet normal 0.8657966424674244 0.02298329515489979 0.4998679245920443
    outer loop
      vertex 27.46734795825597 -27.21734795825597 48.43301270189222
      vertex 27.71734795825597 -27.21734795825597 48
      vertex 26.152481274999086 22.314590433676155 48.43301270189222
    endloop
  endfacet
  facet normal 0.8657966424674243 0.0229832951548998 -0.4998679245920443
    outer loop
      vertex 27.46734795825597 -27.21734795825597 47.56698729810778
      vertex 26.059700654398796 25.809700654398796 47.56698729810778
      vertex 27.71734795825597 -27.21734795825597 48
    endloop
  endfacet
  facet normal 0.8984817723010092 -0.023914511299029193 -0.43835898643938637
    outer loop
      vertex 26.956423112666528 -26.45642311266653 60
      vertex 24.106699781835918 -23.606699781835918 54.0036036879332
      vertex 25.54136390134034 20.109571632272235 54.55923571921257
    endloop
  endfacet
  facet normal 0.8984817723009993 -0.023914511299028874 -0.4383589864394068
    outer loop
      vertex 24.106699781835918 -23.606699781835918 54.0036036879332
      vertex 24.180195571846195 -20.77936470442264 53.99999999999999
      vertex 25.255080401362044 19.604668846038095 54
    endloop
  endfacet
  facet normal 0.8625203311679699 0.022896322734447562 0.5055041411572564
    outer loop
      vertex 27.364983585656102 -27.03862430378254 48.59957758480055
      vertex 25.083451509268098 -1.645789208747971 51.34231526335637
      vertex 25.005071716209176 -3.4025313109683033 51.555621328372645
    endloop
  endfacet
  facet normal 0.8657732639915394 0.024128968963583793 0.49985442702269894
    outer loop
      vertex 26.706423112666528 -26.45642311266653 60.43301270189222
      vertex 26.956423112666528 -26.45642311266653 60
      vertex 25.271734697393917 25.021734697393917 60.43301270189222
    endloop
  endfacet
  facet normal 0.8659341445496345 -0.014516992484526824 0.49994731145621435
    outer loop
      vertex 25.283081670726517 -25.03308167072652 72.43301270189222
      vertex 25.533081670726517 -25.03308167072652 72
      vertex 26.109820487583786 24.281634921179915 72.43301270189222
    endloop
  endfacet
  facet normal 0.8659341445496346 -0.014516992484526828 -0.4999473114562143
    outer loop
      vertex 25.283081670726517 -25.03308167072652 71.56698729810778
      vertex 26.136729163255993 25.886729163255993 71.56698729810778
      vertex 25.533081670726517 -25.03308167072652 72
    endloop
  endfacet
  facet normal 0.8529817764736101 0.005177408368278575 0.5219150155403771
    outer loop
      vertex 22.826258003396816 -22.417906580189825 41.93801546218073
      vertex 25.90286129909573 25.648044338554733 36.43301270189222
      vertex 22.79473410512516 -18.8667768583248 41.95430865505141
    endloop
  endfacet
  facet normal 0.9888470450541101 -0.026319725742901003 0.14659056424126674
    outer loop
      vertex 24.180195571846195 -20.77936470442264 53.99999999999999
      vertex 24.215611051908475 -21.096872325384236 53.704092780198614
      vertex 25.255080401362044 19.604668846038095 54
    endloop
  endfacet
  facet normal 0.8529817764736389 0.005177408368270788 0.5219150155403304
    outer loop
      vertex 22.79473410512516 -18.8667768583248 41.95430865505141
      vertex 25.902464362381277 25.647616611886505 36.433665670841805
      vertex 22.791155057451693 -18.463601386189666 41.95615849334028
    endloop
  endfacet
  facet normal 0.8190014295647053 0.021741077135995813 -0.573379441500945
    outer loop
      vertex 27.46734795825597 -27.21734795825597 47.56698729810778
      vertex 24.401747258055863 0.060187413431792944 44.2224509988593
      vertex 25.867490162009055 25.617490162009055 47.285150316365105
    endloop
  endfacet
  facet normal 0.9888470450541109 -0.026319725742900986 0.14659056424126213
    outer loop
      vertex 24.215611051908475 -21.096872325384236 53.704092780198614
      vertex 25.005071716209176 -3.4025313109683033 51.555621328372645
      vertex 25.255080401362044 19.604668846038095 54
    endloop
  endfacet
  facet normal 0.86252033116797 0.022896322734447694 0.5055041411572565
    outer loop
      vertex 27.46734795825597 -27.21734795825597 48.43301270189222
      vertex 26.152481274999086 22.314590433676155 48.43301270189222
      vertex 25.083451509268098 -1.645789208747971 51.34231526335637
    endloop
  endfacet
  facet normal 0.7026517579044242 0.019582797441119786 0.7112643820396198
    outer loop
      vertex 20.85168118581887 -20.601681185818872 66.05566523832977
      vertex 26.706423112666528 -26.45642311266653 60.43301270189222
      vertex 25.271734697393917 25.021734697393917 60.43301270189222
    endloop
  endfacet
  facet normal 0.725812768635145 -0.012167921283355811 0.6877846803890211
    outer loop
      vertex 20.393381039379978 -15.918928301393986 77.75431100665676
      vertex 25.283081670726517 -25.03308167072652 72.43301270189222
      vertex 26.109820487583786 24.281634921179915 72.43301270189222
    endloop
  endfacet
  facet normal 0.010347832304431929 -0.5582235830657689 -0.8296260324241362
    outer loop
      vertex -26.316656854654024 -28.920768031728254 83.2137538590727
      vertex 20.010975178602536 -20.17148505908259 77.90453578881187
      vertex 28.27329201771501 -28.433801898195064 83.56698729810778
    endloop
  endfacet
  facet normal 0.034949652105751954 -0.6271689007014744 -0.778098767387914
    outer loop
      vertex -31.059880091629886 -31.37489846929741 95.56698729810778
      vertex 17.973387332679103 -21.614617379302267 89.90234765543327
      vertex 27.92726724733846 -28.087777127818512 95.56698729810778
    endloop
  endfacet
  facet normal -0.002301073515584257 -0.5982535270063679 -0.8013035769826045
    outer loop
      vertex -26.46091196051175 -27.3528179357966 107.56698729810778
      vertex 5.737879109384433 -27.45908226596863 107.5538602194992
      vertex 27.399472239105155 -27.55998211958521 107.56698729810778
    endloop
  endfacet
  facet normal 0.061585157697882684 -0.5291681873486997 0.8462790898098678
    outer loop
      vertex -22.41295515379429 -24.68861192279403 102.22181297375343
      vertex 24.479537442602634 -27.854973166501086 96.8294793498129
      vertex 14.846241797533729 -20.352346866043817 102.22181297375344
    endloop
  endfacet
  facet normal 0.010347832304429727 -0.558223583065761 -0.8296260324241415
    outer loop
      vertex -26.316656854654024 -28.920768031728254 83.2137538590727
      vertex 16.922022180466872 -20.202475368026967 77.88685981705038
      vertex 20.010975178602536 -20.17148505908259 77.90453578881187
    endloop
  endfacet
  facet normal 0.03809494015064413 -0.6428754240128371 -0.7650228524267976
    outer loop
      vertex -19.261927664792868 -28.48151535492256 118.2522275175922
      vertex 16.524378321838704 -21.329729217079677 114.02434027111154
      vertex 20.89135197540225 -21.051861855882308 114.00829565540077
    endloop
  endfacet
  facet normal 0.016223873005509305 -0.8752121462637817 -0.4834671498427227
    outer loop
      vertex -29.183871252842195 -29.49888963050972 83.56698729810778
      vertex 28.27329201771501 -28.433801898195064 83.56698729810778
      vertex 28.35054626630875 -28.671566027268852 84
    endloop
  endfacet
  facet normal 0.016223873005509305 -0.8752121462637817 0.4834671498427227
    outer loop
      vertex -29.183871252842195 -29.49888963050972 84.43301270189222
      vertex 28.35054626630875 -28.671566027268852 84
      vertex 28.27329201771501 -28.433801898195064 84.43301270189222
    endloop
  endfacet
  facet normal 0.048583882613353765 -0.8718341504009363 -0.4873856999798924
    outer loop
      vertex -31.059880091629886 -31.37489846929741 95.56698729810778
      vertex 27.92726724733846 -28.087777127818512 95.56698729810778
      vertex 28.0045214959322 -28.3255412568923 96
    endloop
  endfacet
  facet normal 0.048583882613353765 -0.8718341504009363 0.4873856999798924
    outer loop
      vertex -31.059880091629886 -31.37489846929741 96.43301270189222
      vertex 28.0045214959322 -28.3255412568923 96
      vertex 27.92726724733846 -28.087777127818512 96.43301270189222
    endloop
  endfacet
  facet normal -0.003372452871001894 -0.8768002460918132 -0.48084296294629153
    outer loop
      vertex -26.958334918055208 -27.58837167339026 108
      vertex 27.399472239105155 -27.55998211958521 107.56698729810778
      vertex 27.476726487698894 -27.797746248659 108
    endloop
  endfacet
  facet normal -0.003372452871001894 -0.8768002460918132 0.48084296294629153
    outer loop
      vertex -26.958334918055208 -27.58837167339026 108
      vertex 27.476726487698894 -27.797746248659 108
      vertex 27.399472239105155 -27.55998211958521 108.43301270189222
    endloop
  endfacet
  facet normal 0.04263570888378831 -0.6250595757432009 0.7794117801904885
    outer loop
      vertex -19.768312479866804 -23.805276604368366 114.02434027111154
      vertex 27.399472239105155 -27.55998211958521 108.43301270189222
      vertex 16.524378321838704 -21.329729217079677 114.02434027111154
    endloop
  endfacet
  facet normal -0.013704088990378583 -0.6381260443935043 0.7698099436949637
    outer loop
      vertex -15.591230790586188 -20.89379973249007 89.90234765543327
      vertex 28.27329201771501 -28.433801898195064 84.43301270189222
      vertex 17.973387332679103 -21.614617379302267 89.90234765543327
    endloop
  endfacet
  facet normal -0.0023010735155838467 -0.5982535270062107 -0.8013035769827218
    outer loop
      vertex 5.737879109384433 -27.45908226596863 107.5538602194992
      vertex 14.846241797533729 -20.352346866043817 102.22181297375344
      vertex 19.932674658112372 -20.09318453859242 102.01371577164548
    endloop
  endfacet
  facet normal -0.02901576433028008 -0.6441993392482327 -0.76430706966014
    outer loop
      vertex -26.783201776454156 -27.09822015412168 131.5669872981078
      vertex 18.549061283304788 -22.527280201404512 125.99338091935452
      vertex 29.121906431422605 -29.282416311902658 131.28559290634433
    endloop
  endfacet
  facet normal 0.05530646225683804 -0.8710141224363499 0.48813481104001216
    outer loop
      vertex -28.52836676911519 -28.843385146782715 144.4330127018922
      vertex 25.344301937938607 -25.665321698898705 144
      vertex 24.21477731710492 -25.49437319327714 144.4330127018922
    endloop
  endfacet
  facet normal -0.03612217324278081 -0.8786843773361546 -0.47603461389440255
    outer loop
      vertex -24.922745751406264 -25.23776412907379 155.5669872981078
      vertex 21.054605858736252 -24.06242066590487 149.90866388931042
      vertex 23.90819218234955 -24.22921194330965 150
    endloop
  endfacet
  facet normal -0.00504132162799863 -0.7628547125340043 0.6465502862429996
    outer loop
      vertex -18.005374350210754 -22.285710392723136 125.99338091935452
      vertex 22.455138145171972 -22.615648025652025 125.91957378878077
      vertex 18.549061283304788 -22.527280201404512 125.99338091935452
    endloop
  endfacet
  facet normal 0.05164057755534289 -0.8714663433221432 -0.4877290879232887
    outer loop
      vertex -30.390511059161216 -30.70552943682874 119.56698729810778
      vertex 27.136155508796126 -27.29666538927618 119.56698729810778
      vertex 27.213409757389865 -27.534429518349967 120
    endloop
  endfacet
  facet normal 0.05164057755534289 -0.8714663433221432 0.4877290879232887
    outer loop
      vertex -30.390511059161216 -30.70552943682874 120.43301270189222
      vertex 27.213409757389865 -27.534429518349967 120
      vertex 27.136155508796126 -27.29666538927618 120.43301270189222
    endloop
  endfacet
  facet normal -0.029015764330280372 -0.6441993392482411 -0.7643070696601328
    outer loop
      vertex -26.783201776454156 -27.09822015412168 131.5669872981078
      vertex 29.121906431422605 -29.282416311902658 131.28559290634433
      vertex 29.471512194249097 -29.63202207472915 131.5669872981078
    endloop
  endfacet
  facet normal -0.03958377601948307 -0.8788271805092568 -0.4754954379110167
    outer loop
      vertex -26.705947527860417 -27.33598428319547 132
      vertex 29.471512194249097 -29.63202207472915 131.5669872981078
      vertex 29.548766442842837 -29.86978620380294 132
    endloop
  endfacet
  facet normal -0.03958377601948307 -0.8788271805092568 0.4754954379110167
    outer loop
      vertex -26.705947527860417 -27.33598428319547 132
      vertex 29.548766442842837 -29.86978620380294 132
      vertex 29.471512194249097 -29.63202207472915 132.4330127018922
    endloop
  endfacet
  facet normal 0.038094940150645996 -0.6428754240128447 -0.7650228524267911
    outer loop
      vertex -19.261927664792868 -28.48151535492256 118.2522275175922
      vertex 20.89135197540225 -21.051861855882308 114.00829565540077
      vertex 27.136155508796126 -27.29666538927618 119.56698729810778
    endloop
  endfacet
  facet normal -0.00504132162799824 -0.7628547125339664 0.6465502862430443
    outer loop
      vertex -18.005374350210754 -22.285710392723136 125.99338091935452
      vertex 27.136155508796126 -27.29666538927618 120.43301270189222
      vertex 22.455138145171972 -22.615648025652025 125.91957378878077
    endloop
  endfacet
  facet normal -0.024915715252246232 -0.6935377294297781 0.7199893228311492
    outer loop
      vertex -17.258989196232882 -22.21622129100237 137.95922489010073
      vertex 29.471512194249097 -29.63202207472915 132.4330127018922
      vertex 19.64130775302626 -23.541884268656048 137.95922489010076
    endloop
  endfacet
  facet normal 0.03945125412033657 -0.8728829147714616 -0.48633220708524955
    outer loop
      vertex -10.904898310658503 -27.150032427669593 141.95732478109892
      vertex 19.64130775302626 -23.541884268656048 137.95922489010076
      vertex 22.283817896531232 -23.497319183044354 138.09359854746734
    endloop
  endfacet
  facet normal 0.058853732042013676 -0.9268796027599105 -0.37071611809086097
    outer loop
      vertex -10.904898310658503 -27.150032427669593 141.95732478109892
      vertex 22.283817896531232 -23.497319183044354 138.09359854746734
      vertex 23.14541498434809 -23.46643474530819 138.15316447318946
    endloop
  endfacet
  facet normal 0 -0.9791002734219484 -0.20337810743800816
    outer loop
      vertex -24.845491502812525 -25.475528258147577 156
      vertex 23.90819218234955 -24.22921194330965 150
      vertex 25.154508497187475 -25.475528258147577 156
    endloop
  endfacet
  facet normal 0 -0.8765515079563075 0.4813080654835563
    outer loop
      vertex -24.922745751406264 -25.23776412907379 156.4330127018922
      vertex 25.154508497187475 -25.475528258147577 156
      vertex 25.077254248593736 -25.23776412907379 156.4330127018922
    endloop
  endfacet
  facet normal 0 0 1
    outer loop
      vertex -24.922745751406264 -25.23776412907379 156.4330127018922
      vertex 25.077254248593736 -25.23776412907379 156.4330127018922
      vertex 25.25 -25 156.4330127018922
    endloop
  endfacet
  facet normal 0.058853732042007514 -0.9268796027598949 -0.3707161180909013
    outer loop
      vertex -10.904898310658503 -27.150032427669593 141.95732478109892
      vertex 23.14541498434809 -23.46643474530819 138.15316447318946
      vertex 25.344301937938607 -25.665321698898705 144
    endloop
  endfacet
  facet normal -0.06389557268238064 -0.9738973182892676 0.2178103974115186
    outer loop
      vertex -17.78210719136201 -21.514416913521337 149.90866388931042
      vertex 24.21477731710492 -25.49437319327714 144.4330127018922
      vertex 21.054605858736252 -24.06242066590487 149.90866388931042
    endloop
  endfacet
  facet normal 0 0 1
    outer loop
      vertex 25.25 -25 156.4330127018922
      vertex 0 -5.226251859505506 156.4330127018922
      vertex -3.6955181300451474 -3.6955181300451474 156.4330127018922
    endloop
  endfacet
  facet normal 0 0 1
    outer loop
      vertex 25.25 -25 156.4330127018922
      vertex 3.6955181300451474 -3.6955181300451474 156.4330127018922
      vertex 0 -5.226251859505506 156.4330127018922
    endloop
  endfacet
  facet normal 0 0 1
    outer loop
      vertex 25.25 -25 156.4330127018922
      vertex 5.226251859505506 0 156.4330127018922
      vertex 3.6955181300451474 -3.6955181300451474 156.4330127018922
    endloop
  endfacet
  facet normal 0 0 1
    outer loop
      vertex 25.25 -25 156.4330127018922
      vertex 3.6955181300451474 3.6955181300451474 156.4330127018922
      vertex 5.226251859505506 0 156.4330127018922
    endloop
  endfacet
  facet normal 0 0 1
    outer loop
      vertex 25.25 -25 156.4330127018922
      vertex 5.5 10.25 156.4330127018922
      vertex 3.6955181300451474 3.6955181300451474 156.4330127018922
    endloop
  endfacet
  facet normal 0.03798845184121523 -0.681699935338836 0.7306449723947566
    outer loop
      vertex -3.939721517182547 -29.656102403004365 96.62660922915974
      vertex 27.92726724733846 -28.087777127818512 96.43301270189222
      vertex 24.479537442602634 -27.854973166501086 96.8294793498129
    endloop
  endfacet
  facet normal -0.013704088990377788 -0.6381260443935036 0.7698099436949642
    outer loop
      vertex 17.973387332679103 -21.614617379302267 89.90234765543327
      vertex 28.27329201771501 -28.433801898195064 84.43301270189222
      vertex 21.39732383972204 -21.557833720202094 90.01037050320082
    endloop
  endfacet
  facet normal 0.0349496521057479 -0.6271689007014782 -0.7780987673879111
    outer loop
      vertex 17.973387332679103 -21.614617379302267 89.90234765543327
      vertex 21.39732383972204 -21.557833720202094 90.01037050320082
      vertex 27.92726724733846 -28.087777127818512 95.56698729810778
    endloop
  endfacet
  facet normal -0.0023010735155834564 -0.5982535270062113 -0.8013035769827217
    outer loop
      vertex 5.737879109384433 -27.45908226596863 107.5538602194992
      vertex 19.932674658112372 -20.09318453859242 102.01371577164548
      vertex 27.399472239105155 -27.55998211958521 107.56698729810778
    endloop
  endfacet
  facet normal 0.061585157697881185 -0.5291681873487009 0.8462790898098672
    outer loop
      vertex 14.846241797533729 -20.352346866043817 102.22181297375344
      vertex 24.479537442602634 -27.854973166501086 96.8294793498129
      vertex 27.294829386534015 -27.455339267014068 96.87449209835027
    endloop
  endfacet
  facet normal 0.3563577604670847 -0.2589090681640862 -0.8977612382907209
    outer loop
      vertex 20.010975178602536 -20.17148505908259 77.90453578881187
      vertex 20.1837209300088 -19.9337209300088 77.90453578881187
      vertex 28.446037769121276 -28.196037769121276 83.56698729810778
    endloop
  endfacet
  facet normal 0.42090453089846414 -0.3058050419278826 -0.8540038947221669
    outer loop
      vertex 21.39732383972204 -21.557833720202094 90.01037050320082
      vertex 21.570069591128306 -21.320069591128306 90.01037050320082
      vertex 28.100012998744724 -27.850012998744724 95.56698729810778
    endloop
  endfacet
  facet normal 0.06158515769788368 -0.5291681873486982 0.8462790898098688
    outer loop
      vertex 14.846241797533729 -20.352346866043817 102.22181297375344
      vertex 27.294829386534015 -27.455339267014068 96.87449209835027
      vertex 19.932674658112372 -20.09318453859242 102.01371577164548
    endloop
  endfacet
  facet normal 0.3616618884997442 -0.262762742753764 0.8945146278442393
    outer loop
      vertex 19.932674658112372 -20.09318453859242 102.01371577164548
      vertex 27.46757513794028 -27.21757513794028 96.87449209835027
      vertex 20.105420409518644 -19.85542040951864 102.01371577164547
    endloop
  endfacet
  facet normal 0.5514607432499593 -0.030472617135525615 0.8336440896804309
    outer loop
      vertex 20.105420409518644 -19.85542040951864 102.01371577164547
      vertex 27.46757513794028 -27.21757513794028 96.87449209835027
      vertex 20.1057141818451 -19.840300793410147 102.0140741144576
    endloop
  endfacet
  facet normal 0.3802232194577383 -0.27624833907123647 -0.8826761345734776
    outer loop
      vertex 19.932674658112372 -20.09318453859242 102.01371577164548
      vertex 20.105420409518644 -19.85542040951864 102.01371577164547
      vertex 27.57221799051142 -27.322217990511422 107.56698729810778
    endloop
  endfacet
  facet normal 0.6014161070835391 0.007248977997282869 -0.7989030720046556
    outer loop
      vertex 20.105420409518644 -19.85542040951864 102.01371577164547
      vertex 20.1057141818451 -19.840300793410147 102.0140741144576
      vertex 27.553564209687366 -27.22131813689484 107.5538602194992
    endloop
  endfacet
  facet normal 0.601416107083262 0.007248977996843961 -0.7989030720048681
    outer loop
      vertex 20.1057141818451 -19.840300793410147 102.0140741144576
      vertex 20.172191179558702 -16.418921054981606 102.09516260427357
      vertex 27.52555999683281 -27.06984101789555 107.53415303482815
    endloop
  endfacet
  facet normal 0.04263570888378918 -0.6250595757432 0.7794117801904893
    outer loop
      vertex 16.524378321838704 -21.329729217079677 114.02434027111154
      vertex 27.399472239105155 -27.55998211958521 108.43301270189222
      vertex 20.89135197540225 -21.051861855882308 114.00829565540077
    endloop
  endfacet
  facet normal 0.4229629249270901 -0.3073005527290826 0.8524486696743219
    outer loop
      vertex 20.89135197540225 -21.051861855882308 114.00829565540077
      vertex 27.57221799051142 -27.322217990511422 108.43301270189222
      vertex 21.06409772680852 -20.814097726808523 114.00829565540077
    endloop
  endfacet
  facet normal 0.64458959045149 -0.010296541428540206 0.7644594437353697
    outer loop
      vertex 21.06409772680852 -20.814097726808523 114.00829565540077
      vertex 27.57221799051142 -27.322217990511422 108.43301270189222
      vertex 21.066506083423505 -19.259860795244396 114.02719903015783
    endloop
  endfacet
  facet normal 0.4347781702750132 -0.31588483095316655 -0.843317684046766
    outer loop
      vertex 20.89135197540225 -21.051861855882308 114.00829565540077
      vertex 21.06409772680852 -20.814097726808523 114.00829565540077
      vertex 27.30890126020239 -27.05890126020239 119.56698729810778
    endloop
  endfacet
  facet normal 0.0615851576978809 -0.5291681873486986 0.8462790898098687
    outer loop
      vertex 24.479537442602634 -27.854973166501086 96.8294793498129
      vertex 27.92726724733846 -28.087777127818512 96.43301270189222
      vertex 27.294829386534015 -27.455339267014068 96.87449209835027
    endloop
  endfacet
  facet normal 0.35635776046708434 -0.2589090681640859 -0.8977612382907211
    outer loop
      vertex 20.010975178602536 -20.17148505908259 77.90453578881187
      vertex 28.446037769121276 -28.196037769121276 83.56698729810778
      vertex 28.27329201771501 -28.433801898195064 83.56698729810778
    endloop
  endfacet
  facet normal 0.40627038369816987 -0.29517271162577874 0.8647643873571729
    outer loop
      vertex 21.39732383972204 -21.557833720202094 90.01037050320082
      vertex 28.27329201771501 -28.433801898195064 84.43301270189222
      vertex 28.446037769121276 -28.196037769121276 84.43301270189222
    endloop
  endfacet
  facet normal 0.42090453089846436 -0.30580504192788244 -0.8540038947221668
    outer loop
      vertex 21.39732383972204 -21.557833720202094 90.01037050320082
      vertex 28.100012998744724 -27.850012998744724 95.56698729810778
      vertex 27.92726724733846 -28.087777127818512 95.56698729810778
    endloop
  endfacet
  facet normal 0.3616618884997242 -0.26276274275378425 0.8945146278442414
    outer loop
      vertex 27.294829386534015 -27.455339267014068 96.87449209835027
      vertex 28.100012998744724 -27.850012998744724 96.43301270189222
      vertex 27.46757513794028 -27.21757513794028 96.87449209835027
    endloop
  endfacet
  facet normal 0.732999678137138 -0.5325554391808754 -0.423197561488387
    outer loop
      vertex 28.35054626630875 -28.671566027268852 84
      vertex 28.27329201771501 -28.433801898195064 83.56698729810778
      vertex 28.446037769121276 -28.196037769121276 83.56698729810778
    endloop
  endfacet
  facet normal 0.7329996781371418 -0.5325554391808728 -0.4231975614883832
    outer loop
      vertex 28.35054626630875 -28.671566027268852 84
      vertex 28.446037769121276 -28.196037769121276 83.56698729810778
      vertex 28.696037769121276 -28.196037769121276 84
    endloop
  endfacet
  facet normal 0.732999678137138 -0.5325554391808754 0.423197561488387
    outer loop
      vertex 28.35054626630875 -28.671566027268852 84
      vertex 28.446037769121276 -28.196037769121276 84.43301270189222
      vertex 28.27329201771501 -28.433801898195064 84.43301270189222
    endloop
  endfacet
  facet normal 0.7329996781371418 -0.5325554391808728 0.4231975614883832
    outer loop
      vertex 28.35054626630875 -28.671566027268852 84
      vertex 28.696037769121276 -28.196037769121276 84
      vertex 28.446037769121276 -28.196037769121276 84.43301270189222
    endloop
  endfacet
  facet normal 0.732999678137138 -0.5325554391808754 -0.423197561488387
    outer loop
      vertex 28.0045214959322 -28.3255412568923 96
      vertex 27.92726724733846 -28.087777127818512 95.56698729810778
      vertex 28.100012998744724 -27.850012998744724 95.56698729810778
    endloop
  endfacet
  facet normal 0.732999678137138 -0.5325554391808754 0.423197561488387
    outer loop
      vertex 28.0045214959322 -28.3255412568923 96
      vertex 28.100012998744724 -27.850012998744724 96.43301270189222
      vertex 27.92726724733846 -28.087777127818512 96.43301270189222
    endloop
  endfacet
  facet normal 0.7329996781371418 -0.5325554391808728 -0.4231975614883832
    outer loop
      vertex 28.0045214959322 -28.3255412568923 96
      vertex 28.100012998744724 -27.850012998744724 95.56698729810778
      vertex 28.350012998744724 -27.850012998744724 96
    endloop
  endfacet
  facet normal 0.7329996781371418 -0.5325554391808728 0.4231975614883832
    outer loop
      vertex 28.0045214959322 -28.3255412568923 96
      vertex 28.350012998744724 -27.850012998744724 96
      vertex 28.100012998744724 -27.850012998744724 96.43301270189222
    endloop
  endfacet
  facet normal 0.3616618884997242 -0.2627627427537843 0.8945146278442414
    outer loop
      vertex 27.294829386534015 -27.455339267014068 96.87449209835027
      vertex 27.92726724733846 -28.087777127818512 96.43301270189222
      vertex 28.100012998744724 -27.850012998744724 96.43301270189222
    endloop
  endfacet
  facet normal 0.36166188849972614 -0.262762742753786 0.8945146278442401
    outer loop
      vertex 19.932674658112372 -20.09318453859242 102.01371577164548
      vertex 27.294829386534015 -27.455339267014068 96.87449209835027
      vertex 27.46757513794028 -27.21757513794028 96.87449209835027
    endloop
  endfacet
  facet normal 0.3802232194577775 -0.2762483390711937 -0.882676134573474
    outer loop
      vertex 19.932674658112372 -20.09318453859242 102.01371577164548
      vertex 27.57221799051142 -27.322217990511422 107.56698729810778
      vertex 27.399472239105155 -27.55998211958521 107.56698729810778
    endloop
  endfacet
  facet normal 0.6014161070832523 0.007248977996825776 -0.7989030720048755
    outer loop
      vertex 20.1057141818451 -19.840300793410147 102.0140741144576
      vertex 27.52555999683281 -27.06984101789555 107.53415303482815
      vertex 27.553564209687366 -27.22131813689484 107.5538602194992
    endloop
  endfacet
  facet normal 0.6014161070832186 0.007248977996772406 -0.7989030720049016
    outer loop
      vertex 20.105420409518644 -19.85542040951864 102.01371577164547
      vertex 27.553564209687366 -27.22131813689484 107.5538602194992
      vertex 27.57221799051142 -27.322217990511422 107.56698729810778
    endloop
  endfacet
  facet normal 0.42296292492709475 -0.30730055272907514 0.8524486696743222
    outer loop
      vertex 20.89135197540225 -21.051861855882308 114.00829565540077
      vertex 27.399472239105155 -27.55998211958521 108.43301270189222
      vertex 27.57221799051142 -27.322217990511422 108.43301270189222
    endloop
  endfacet
  facet normal 0.732999678137138 -0.5325554391808754 -0.423197561488387
    outer loop
      vertex 27.476726487698894 -27.797746248659 108
      vertex 27.399472239105155 -27.55998211958521 107.56698729810778
      vertex 27.57221799051142 -27.322217990511422 107.56698729810778
    endloop
  endfacet
  facet normal 0.7329996781371418 -0.5325554391808728 -0.4231975614883832
    outer loop
      vertex 27.476726487698894 -27.797746248659 108
      vertex 27.57221799051142 -27.322217990511422 107.56698729810778
      vertex 27.82221799051142 -27.322217990511422 108
    endloop
  endfacet
  facet normal 0.732999678137138 -0.5325554391808754 0.423197561488387
    outer loop
      vertex 27.476726487698894 -27.797746248659 108
      vertex 27.57221799051142 -27.322217990511422 108.43301270189222
      vertex 27.399472239105155 -27.55998211958521 108.43301270189222
    endloop
  endfacet
  facet normal 0.7329996781371418 -0.5325554391808728 0.4231975614883832
    outer loop
      vertex 27.476726487698894 -27.797746248659 108
      vertex 27.82221799051142 -27.322217990511422 108
      vertex 27.57221799051142 -27.322217990511422 108.43301270189222
    endloop
  endfacet
  facet normal 0.5436419171078859 -0.00868402407472127 -0.8392723358297546
    outer loop
      vertex 27.57221799051142 -27.322217990511422 107.56698729810778
      vertex 27.553564209687366 -27.22131813689484 107.5538602194992
      vertex 27.575562496876824 -27.112843415242683 107.56698729810778
    endloop
  endfacet
  facet normal 0.8659425493536387 -0.013832388028350271 -0.49995216397206865
    outer loop
      vertex 27.57221799051142 -27.322217990511422 107.56698729810778
      vertex 27.575562496876824 -27.112843415242683 107.56698729810778
      vertex 27.825562496876824 -27.112843415242683 108
    endloop
  endfacet
  facet normal 0.8659425493536387 -0.013832388028350271 0.49995216397206865
    outer loop
      vertex 27.57221799051142 -27.322217990511422 108.43301270189222
      vertex 27.82221799051142 -27.322217990511422 108
      vertex 27.575562496876824 -27.112843415242683 108.43301270189222
    endloop
  endfacet
  facet normal 0.543641917107798 -0.00868402407469655 -0.8392723358298118
    outer loop
      vertex 27.553564209687366 -27.22131813689484 107.5538602194992
      vertex 27.52555999683281 -27.06984101789555 107.53415303482815
      vertex 27.575562496876824 -27.112843415242683 107.56698729810778
    endloop
  endfacet
  facet normal 0.8659425493536387 -0.013832388028350299 -0.49995216397206865
    outer loop
      vertex 27.57221799051142 -27.322217990511422 107.56698729810778
      vertex 27.825562496876824 -27.112843415242683 108
      vertex 27.82221799051142 -27.322217990511422 108
    endloop
  endfacet
  facet normal 0.8659425493536387 -0.013832388028350299 0.49995216397206865
    outer loop
      vertex 27.575562496876824 -27.112843415242683 108.43301270189222
      vertex 27.82221799051142 -27.322217990511422 108
      vertex 27.825562496876824 -27.112843415242683 108
    endloop
  endfacet
  facet normal 0.40627038369817114 -0.29517271162577907 0.8647643873571722
    outer loop
      vertex 21.39732383972204 -21.557833720202094 90.01037050320082
      vertex 28.446037769121276 -28.196037769121276 84.43301270189222
      vertex 21.570069591128306 -21.320069591128306 90.01037050320082
    endloop
  endfacet
  facet normal 0.6275248408400255 -0.004015855526787832 0.7785861847175871
    outer loop
      vertex 21.570069591128306 -21.320069591128306 90.01037050320082
      vertex 28.446037769121276 -28.196037769121276 84.43301270189222
      vertex 21.572175202463917 -20.503650087357357 90.01288441803332
    endloop
  endfacet
  facet normal 0.6484550652600246 0.0006716277069807163 -0.761252636944425
    outer loop
      vertex 21.570069591128306 -21.320069591128306 90.01037050320082
      vertex 21.572175202463917 -20.503650087357357 90.01288441803332
      vertex 28.100012998744724 -27.850012998744724 95.56698729810778
    endloop
  endfacet
  facet normal 0.6275248408400188 -0.004015855526797618 0.7785861847175926
    outer loop
      vertex 21.572175202463917 -20.503650087357357 90.01288441803332
      vertex 28.446037769121276 -28.196037769121276 84.43301270189222
      vertex 21.58012567306281 -17.420973265063456 90.0223765810103
    endloop
  endfacet
  facet normal 0.5234118869732909 -0.05913964573753246 -0.8500249989718527
    outer loop
      vertex 20.1837209300088 -19.9337209300088 77.90453578881187
      vertex 26.35956708652658 0.6648283791390899 80.27425477828399
      vertex 28.446037769121276 -28.196037769121276 83.56698729810778
    endloop
  endfacet
  facet normal 0.6484550652600161 0.0006716277069674856 -0.7612526369444322
    outer loop
      vertex 21.572175202463917 -20.503650087357357 90.01288441803332
      vertex 23.967096977042555 0.4673801030259619 92.07144396120496
      vertex 28.100012998744724 -27.850012998744724 95.56698729810778
    endloop
  endfacet
  facet normal 0.6693115363521918 0.007998851242850588 -0.7429388169187712
    outer loop
      vertex 21.06409772680852 -20.814097726808523 114.00829565540077
      vertex 23.218985280132728 -0.494768417860978 116.16839599601047
      vertex 27.30890126020239 -27.05890126020239 119.56698729810778
    endloop
  endfacet
  facet normal 0.6445895904514924 -0.010296541428545941 0.7644594437353676
    outer loop
      vertex 27.57221799051142 -27.322217990511422 108.43301270189222
      vertex 27.575562496876824 -27.112843415242683 108.43301270189222
      vertex 24.009648666312643 0.845101043304832 111.81634597116954
    endloop
  endfacet
  facet normal -0.02901576433028095 -0.6441993392482335 -0.7643070696601393
    outer loop
      vertex 18.549061283304788 -22.527280201404512 125.99338091935452
      vertex 22.455138145171972 -22.615648025652025 125.91957378878077
      vertex 29.121906431422605 -29.282416311902658 131.28559290634433
    endloop
  endfacet
  facet normal -0.06389557268238451 -0.9738973182892678 0.21781039741151653
    outer loop
      vertex 21.054605858736252 -24.06242066590487 149.90866388931042
      vertex 24.21477731710492 -25.49437319327714 144.4330127018922
      vertex 25.344301937938607 -25.665321698898705 144
    endloop
  endfacet
  facet normal -0.0638955726823793 -0.9738973182892673 0.21781039741152014
    outer loop
      vertex 21.054605858736252 -24.06242066590487 149.90866388931042
      vertex 25.344301937938607 -25.665321698898705 144
      vertex 23.90819218234955 -24.22921194330965 150
    endloop
  endfacet
  facet normal 0.4347781702750184 -0.3158848309531594 -0.8433176840467659
    outer loop
      vertex 20.89135197540225 -21.051861855882308 114.00829565540077
      vertex 27.30890126020239 -27.05890126020239 119.56698729810778
      vertex 27.136155508796126 -27.29666538927618 119.56698729810778
    endloop
  endfacet
  facet normal 0.5200341889132843 -0.3778269542622774 0.7660360533252945
    outer loop
      vertex 22.455138145171972 -22.615648025652025 125.91957378878077
      vertex 27.136155508796126 -27.29666538927618 120.43301270189222
      vertex 22.627883896578236 -22.377883896578236 125.91957378878077
    endloop
  endfacet
  facet normal 0.7462964551816952 -0.03290692513701633 0.6647997708041595
    outer loop
      vertex 22.627883896578236 -22.377883896578236 125.91957378878077
      vertex 27.30890126020239 -27.05890126020239 120.43301270189222
      vertex 22.632713741106766 -22.230522022166497 125.92144612745064
    endloop
  endfacet
  facet normal 0.7462964551817369 -0.03290692513692752 0.664799770804117
    outer loop
      vertex 22.632713741106766 -22.230522022166497 125.92144612745064
      vertex 27.30890126020239 -27.05890126020239 120.43301270189222
      vertex 22.636617705295816 -22.111409392942473 125.92295953912958
    endloop
  endfacet
  facet normal 0.732999678137138 -0.5325554391808754 -0.423197561488387
    outer loop
      vertex 27.136155508796126 -27.29666538927618 119.56698729810778
      vertex 27.30890126020239 -27.05890126020239 119.56698729810778
      vertex 27.213409757389865 -27.534429518349967 120
    endloop
  endfacet
  facet normal 0.7329996781371418 -0.5325554391808728 -0.4231975614883832
    outer loop
      vertex 27.30890126020239 -27.05890126020239 119.56698729810778
      vertex 27.55890126020239 -27.05890126020239 120
      vertex 27.213409757389865 -27.534429518349967 120
    endloop
  endfacet
  facet normal 0.7329996781371418 -0.5325554391808728 0.4231975614883832
    outer loop
      vertex 27.213409757389865 -27.534429518349967 120
      vertex 27.55890126020239 -27.05890126020239 120
      vertex 27.30890126020239 -27.05890126020239 120.43301270189222
    endloop
  endfacet
  facet normal 0.732999678137138 -0.5325554391808754 0.423197561488387
    outer loop
      vertex 27.136155508796126 -27.29666538927618 120.43301270189222
      vertex 27.213409757389865 -27.534429518349967 120
      vertex 27.30890126020239 -27.05890126020239 120.43301270189222
    endloop
  endfacet
  facet normal 0.5200341889132838 -0.37782695426227847 0.7660360533252943
    outer loop
      vertex 22.627883896578236 -22.377883896578236 125.91957378878077
      vertex 27.136155508796126 -27.29666538927618 120.43301270189222
      vertex 27.30890126020239 -27.05890126020239 120.43301270189222
    endloop
  endfacet
  facet normal 0.40392363337613146 -0.29346769771420694 -0.8664423863122969
    outer loop
      vertex 22.455138145171972 -22.615648025652025 125.91957378878077
      vertex 22.627883896578236 -22.377883896578236 125.91957378878077
      vertex 29.29465218282887 -29.04465218282887 131.28559290634433
    endloop
  endfacet
  facet normal 0.6206613127707792 -0.010381011400872796 -0.7840100569711769
    outer loop
      vertex 22.627883896578236 -22.377883896578236 125.91957378878077
      vertex 22.632713741106766 -22.230522022166497 125.92144612745064
      vertex 29.47196871452345 -28.056620366256205 131.41288303597713
    endloop
  endfacet
  facet normal -0.024915715252242353 -0.693537729429775 0.7199893228311526
    outer loop
      vertex 19.64130775302626 -23.541884268656048 137.95922489010076
      vertex 29.471512194249097 -29.63202207472915 132.4330127018922
      vertex 22.283817896531232 -23.497319183044354 138.09359854746734
    endloop
  endfacet
  facet normal -0.024915715252269256 -0.6935377294297911 0.719989322831136
    outer loop
      vertex 22.283817896531232 -23.497319183044354 138.09359854746734
      vertex 29.471512194249097 -29.63202207472915 132.4330127018922
      vertex 23.14541498434809 -23.46643474530819 138.15316447318946
    endloop
  endfacet
  facet normal -0.0249157152521252 -0.6935377294297155 0.7199893228312139
    outer loop
      vertex 23.14541498434809 -23.46643474530819 138.15316447318946
      vertex 29.471512194249097 -29.63202207472915 132.4330127018922
      vertex 23.251948902252558 -23.41245878273261 138.20884409790114
    endloop
  endfacet
  facet normal 0.44791136530480413 -0.3254266556708872 0.8327502030078697
    outer loop
      vertex 23.251948902252558 -23.41245878273261 138.20884409790114
      vertex 29.64425794565536 -29.39425794565536 132.4330127018922
      vertex 23.424694653658822 -23.174694653658822 138.20884409790114
    endloop
  endfacet
  facet normal 0.7025373577518733 0.042862408856672106 0.71035489360602
    outer loop
      vertex 23.424694653658822 -23.174694653658822 138.20884409790114
      vertex 29.48966850968502 -26.860456025047892 132.4330127018922
      vertex 23.48508284374431 -22.98508284374431 138.13767941827732
    endloop
  endfacet
  facet normal 0.4039236333761324 -0.2934676977142072 -0.8664423863122963
    outer loop
      vertex 22.455138145171972 -22.615648025652025 125.91957378878077
      vertex 29.29465218282887 -29.04465218282887 131.28559290634433
      vertex 29.121906431422605 -29.282416311902658 131.28559290634433
    endloop
  endfacet
  facet normal 0.6206613127707904 -0.010381011400850591 -0.7840100569711683
    outer loop
      vertex 22.627883896578236 -22.377883896578236 125.91957378878077
      vertex 29.47196871452345 -28.056620366256205 131.41288303597713
      vertex 29.29465218282887 -29.04465218282887 131.28559290634433
    endloop
  endfacet
  facet normal 0.4479113653048055 -0.3254266556708866 0.8327502030078693
    outer loop
      vertex 23.251948902252558 -23.41245878273261 138.20884409790114
      vertex 29.471512194249097 -29.63202207472915 132.4330127018922
      vertex 29.64425794565536 -29.39425794565536 132.4330127018922
    endloop
  endfacet
  facet normal 0.7025373577518798 0.04286240885669498 0.710354893606012
    outer loop
      vertex 23.424694653658822 -23.174694653658822 138.20884409790114
      vertex 29.64425794565536 -29.39425794565536 132.4330127018922
      vertex 29.48966850968502 -26.860456025047892 132.4330127018922
    endloop
  endfacet
  facet normal 0.6206613127707908 -0.010381011400850714 -0.7840100569711679
    outer loop
      vertex 22.632713741106766 -22.230522022166497 125.92144612745064
      vertex 29.283849580666896 -26.596080893200668 131.24461970271386
      vertex 29.47196871452345 -28.056620366256205 131.41288303597713
    endloop
  endfacet
  facet normal 0.4039236333761384 -0.29346769771421205 -0.8664423863122918
    outer loop
      vertex 29.121906431422605 -29.282416311902658 131.28559290634433
      vertex 29.29465218282887 -29.04465218282887 131.28559290634433
      vertex 29.471512194249097 -29.63202207472915 131.5669872981078
    endloop
  endfacet
  facet normal 0.7329996781371335 -0.5325554391808722 -0.4231975614883984
    outer loop
      vertex 29.548766442842837 -29.86978620380294 132
      vertex 29.471512194249097 -29.63202207472915 131.5669872981078
      vertex 29.64425794565536 -29.39425794565536 131.5669872981078
    endloop
  endfacet
  facet normal 0.4039236333761384 -0.29346769771421205 -0.8664423863122918
    outer loop
      vertex 29.471512194249097 -29.63202207472915 131.5669872981078
      vertex 29.29465218282887 -29.04465218282887 131.28559290634433
      vertex 29.64425794565536 -29.39425794565536 131.5669872981078
    endloop
  endfacet
  facet normal 0.6206613127707982 -0.010381011400853069 -0.7840100569711622
    outer loop
      vertex 29.29465218282887 -29.04465218282887 131.28559290634433
      vertex 29.47196871452345 -28.056620366256205 131.41288303597713
      vertex 29.64425794565536 -29.39425794565536 131.5669872981078
    endloop
  endfacet
  facet normal 0.8606736805187687 0.052510442013563106 -0.5064419701622453
    outer loop
      vertex 29.47196871452345 -28.056620366256205 131.41288303597713
      vertex 29.48966850968502 -26.860456025047892 131.5669872981078
      vertex 29.64425794565536 -29.39425794565536 131.5669872981078
    endloop
  endfacet
  facet normal 0.7329996781371335 -0.5325554391808722 0.4231975614883984
    outer loop
      vertex 29.548766442842837 -29.86978620380294 132
      vertex 29.64425794565536 -29.39425794565536 132.4330127018922
      vertex 29.471512194249097 -29.63202207472915 132.4330127018922
    endloop
  endfacet
  facet normal 0.7329996781371376 -0.5325554391808697 -0.4231975614883947
    outer loop
      vertex 29.548766442842837 -29.86978620380294 132
      vertex 29.64425794565536 -29.39425794565536 131.5669872981078
      vertex 29.89425794565536 -29.39425794565536 132
    endloop
  endfacet
  facet normal 0.8648190684885095 0.052763355701451874 -0.4993035219921733
    outer loop
      vertex 29.64425794565536 -29.39425794565536 131.5669872981078
      vertex 29.48966850968502 -26.860456025047892 131.5669872981078
      vertex 29.89425794565536 -29.39425794565536 132
    endloop
  endfacet
  facet normal 0.8648190684885095 0.052763355701451874 -0.4993035219921733
    outer loop
      vertex 29.89425794565536 -29.39425794565536 132
      vertex 29.48966850968502 -26.860456025047892 131.5669872981078
      vertex 29.73966850968502 -26.860456025047892 132
    endloop
  endfacet
  facet normal 0.7329996781371376 -0.5325554391808697 0.4231975614883947
    outer loop
      vertex 29.548766442842837 -29.86978620380294 132
      vertex 29.89425794565536 -29.39425794565536 132
      vertex 29.64425794565536 -29.39425794565536 132.4330127018922
    endloop
  endfacet
  facet normal 0.8648190684885095 0.052763355701451874 0.4993035219921733
    outer loop
      vertex 29.64425794565536 -29.39425794565536 132.4330127018922
      vertex 29.89425794565536 -29.39425794565536 132
      vertex 29.48966850968502 -26.860456025047892 132.4330127018922
    endloop
  endfacet
  facet normal 0.8648190684885095 0.052763355701451874 0.4993035219921733
    outer loop
      vertex 29.89425794565536 -29.39425794565536 132
      vertex 29.73966850968502 -26.860456025047892 132
      vertex 29.48966850968502 -26.860456025047892 132.4330127018922
    endloop
  endfacet
  facet normal 0.8606736805187649 0.05251044201356398 -0.5064419701622516
    outer loop
      vertex 29.47196871452345 -28.056620366256205 131.41288303597713
      vertex 29.283849580666896 -26.596080893200668 131.24461970271386
      vertex 29.48966850968502 -26.860456025047892 131.5669872981078
    endloop
  endfacet
  facet normal 0.581765742003772 -0.664684914139056 -0.4687670917916024
    outer loop
      vertex 23.14541498434809 -23.46643474530819 138.15316447318946
      vertex 23.251948902252558 -23.41245878273261 138.20884409790114
      vertex 25.267047689344867 -25.427557569824916 143.5669872981078
    endloop
  endfacet
  facet normal 0.7162100944262121 -0.5203570925873816 -0.4650501014256459
    outer loop
      vertex 23.251948902252558 -23.41245878273261 138.20884409790114
      vertex 23.424694653658822 -23.174694653658822 138.20884409790114
      vertex 25.43979344075113 -25.189793440751128 143.5669872981078
    endloop
  endfacet
  facet normal 0.7857363926616735 -0.42050496825763106 -0.4536451178153129
    outer loop
      vertex 23.424694653658822 -23.174694653658822 138.20884409790114
      vertex 23.48508284374431 -22.98508284374431 138.13767941827732
      vertex 25.68979344075113 -25.189793440751128 144
    endloop
  endfacet
  facet normal 0.5817657420037937 -0.6646849141390356 -0.4687670917916039
    outer loop
      vertex 23.14541498434809 -23.46643474530819 138.15316447318946
      vertex 25.267047689344867 -25.427557569824916 143.5669872981078
      vertex 25.344301937938607 -25.665321698898705 144
    endloop
  endfacet
  facet normal 0.7162100944262125 -0.5203570925873812 -0.46505010142564585
    outer loop
      vertex 23.251948902252558 -23.41245878273261 138.20884409790114
      vertex 25.43979344075113 -25.189793440751128 143.5669872981078
      vertex 25.267047689344867 -25.427557569824916 143.5669872981078
    endloop
  endfacet
  facet normal 0.7329996781371335 -0.5325554391808722 -0.4231975614883984
    outer loop
      vertex 25.344301937938607 -25.665321698898705 144
      vertex 25.267047689344867 -25.427557569824916 143.5669872981078
      vertex 25.43979344075113 -25.189793440751128 143.5669872981078
    endloop
  endfacet
  facet normal 0.7329996781371376 -0.5325554391808697 -0.4231975614883947
    outer loop
      vertex 25.344301937938607 -25.665321698898705 144
      vertex 25.43979344075113 -25.189793440751128 143.5669872981078
      vertex 25.68979344075113 -25.189793440751128 144
    endloop
  endfacet
  facet normal 0.7672719055720326 -0.5574556699417929 0.31707569911554057
    outer loop
      vertex 25.344301937938607 -25.665321698898705 144
      vertex 25.68979344075113 -25.189793440751128 144
      vertex 23.90819218234955 -24.22921194330965 150
    endloop
  endfacet
  facet normal 0.7857363926616737 -0.4205049682576305 -0.4536451178153129
    outer loop
      vertex 23.424694653658822 -23.174694653658822 138.20884409790114
      vertex 25.68979344075113 -25.189793440751128 144
      vertex 25.43979344075113 -25.189793440751128 143.5669872981078
    endloop
  endfacet
  facet normal 0.9312836216493425 -0.033316448790860764 -0.3627682873235343
    outer loop
      vertex 23.48508284374431 -22.98508284374431 138.13767941827732
      vertex 25.576511778182613 -23.64143156114841 143.5669872981078
      vertex 25.68979344075113 -25.189793440751128 144
    endloop
  endfacet
  facet normal 0.7672719055720326 -0.5574556699417929 0.3170756991155406
    outer loop
      vertex 25.68979344075113 -25.189793440751128 144
      vertex 24.253683685162073 -23.753683685162073 150
      vertex 23.90819218234955 -24.22921194330965 150
    endloop
  endfacet
  facet normal 0.7769737866845989 -0.5645044991717243 -0.2786510456105919
    outer loop
      vertex 23.90819218234955 -24.22921194330965 150
      vertex 24.253683685162073 -23.753683685162073 150
      vertex 25.5 -25 156
    endloop
  endfacet
  facet normal 0.7329996781371335 -0.5325554391808722 0.4231975614883984
    outer loop
      vertex 25.154508497187475 -25.475528258147577 156
      vertex 25.25 -25 156.4330127018922
      vertex 25.077254248593736 -25.23776412907379 156.4330127018922
    endloop
  endfacet
  facet normal 0.7769737866845989 -0.5645044991717243 -0.2786510456105919
    outer loop
      vertex 23.90819218234955 -24.22921194330965 150
      vertex 25.5 -25 156
      vertex 25.154508497187475 -25.475528258147577 156
    endloop
  endfacet
  facet normal 0.7329996781371376 -0.5325554391808697 0.4231975614883947
    outer loop
      vertex 25.154508497187475 -25.475528258147577 156
      vertex 25.5 -25 156
      vertex 25.25 -25 156.4330127018922
    endloop
  endfacet
  facet normal 0.7025373577518804 0.04286240885669547 0.7103548936060116
    outer loop
      vertex 23.48508284374431 -22.98508284374431 138.13767941827732
      vertex 29.48966850968502 -26.860456025047892 132.4330127018922
      vertex 23.50273194752049 -20.992612143508076 138
    endloop
  endfacet
  facet normal 0.6206613127707913 -0.010381011400849807 -0.7840100569711677
    outer loop
      vertex 22.632713741106766 -22.230522022166497 125.92144612745064
      vertex 25.938333564005447 -0.6218054439021052 128.25221980745198
      vertex 29.283849580666896 -26.596080893200668 131.24461970271386
    endloop
  endfacet
  facet normal 0.7025373577518805 0.04286240885669589 0.7103548936060112
    outer loop
      vertex 23.50273194752049 -20.992612143508076 138
      vertex 29.48966850968502 -26.860456025047892 132.4330127018922
      vertex 24.707041295864073 -1.8567146625940396 135.6542950795914
    endloop
  endfacet
  facet normal 0.8651154293245593 -0.0458300330143023 0.4994746260006523
    outer loop
      vertex 24.253683685162073 -23.753683685162073 150
      vertex 24.321165798331386 -21.04795249992519 150.13138591797244
      vertex 24.25647783200814 -21.599253630067942 150.19284331173114
    endloop
  endfacet
  facet normal 0.8651154293245629 -0.04583003301430208 0.4994746260006459
    outer loop
      vertex 24.253683685162073 -23.753683685162073 150
      vertex 24.571165798331386 -21.04795249992519 149.69837321608023
      vertex 24.321165798331386 -21.04795249992519 150.13138591797244
    endloop
  endfacet
  facet normal 0.9641943451810872 -0.08513710494333326 0.25115918872834886
    outer loop
      vertex 25.68979344075113 -25.189793440751128 144
      vertex 24.571165798331386 -21.04795249992519 149.69837321608023
      vertex 24.253683685162073 -23.753683685162073 150
    endloop
  endfacet
  facet normal 0.6386104455251841 0.010843824269364305 0.7694537740120202
    outer loop
      vertex 24.25647783200814 -21.599253630067942 150.19284331173114
      vertex 24.321165798331386 -21.04795249992519 150.13138591797244
      vertex 24.246358036684317 -21.003282426566518 150.19284331173114
    endloop
  endfacet
  facet normal 0.9796472515351662 0.016634746136787688 -0.20003636614515763
    outer loop
      vertex 24.253683685162073 -23.753683685162073 150
      vertex 24.412700504168406 0.5682279455122278 152.80133670703873
      vertex 25.5 -25 156
    endloop
  endfacet
  facet normal 0.5234118869732778 -0.05913964573752758 -0.850024998971861
    outer loop
      vertex 20.1837209300088 -19.9337209300088 77.90453578881187
      vertex 20.299532527534694 -17.716038465520917 77.82155494872006
      vertex 26.35956708652658 0.6648283791390899 80.27425477828399
    endloop
  endfacet
  facet normal 0.6484550652600112 0.0006716277069684244 -0.7612526369444363
    outer loop
      vertex 21.572175202463917 -20.503650087357357 90.01288441803332
      vertex 21.58012567306281 -17.420973265063456 90.0223765810103
      vertex 23.967096977042555 0.4673801030259619 92.07144396120496
    endloop
  endfacet
  facet normal 0.523411886973303 -0.05913964573753808 -0.8500249989718449
    outer loop
      vertex 20.299532527534694 -17.716038465520917 77.82155494872006
      vertex 20.393381039379978 -15.918928301393986 77.75431100665676
      vertex 26.35956708652658 0.6648283791390899 80.27425477828399
    endloop
  endfacet
  facet normal 0.6484550652600171 0.0006716277069670653 -0.7612526369444313
    outer loop
      vertex 21.58012567306281 -17.420973265063456 90.0223765810103
      vertex 21.578878242885832 -16.21658218883418 90.0223765810103
      vertex 23.967096977042555 0.4673801030259619 92.07144396120496
    endloop
  endfacet
  facet normal 0.6693115363522064 0.007998851242847643 -0.7429388169187581
    outer loop
      vertex 21.06409772680852 -20.814097726808523 114.00829565540077
      vertex 21.066506083423505 -19.259860795244396 114.02719903015783
      vertex 23.218985280132728 -0.494768417860978 116.16839599601047
    endloop
  endfacet
  facet normal 0.6445895904514927 -0.010296541428549692 0.7644594437353673
    outer loop
      vertex 21.066506083423505 -19.259860795244396 114.02719903015783
      vertex 24.009648666312643 0.845101043304832 111.81634597116954
      vertex 21.069643254945063 -17.23528195625368 114.05182292870344
    endloop
  endfacet
  facet normal 0.6693115363521902 0.007998851242851154 -0.7429388169187725
    outer loop
      vertex 21.066506083423505 -19.259860795244396 114.02719903015783
      vertex 21.069643254945063 -17.23528195625368 114.05182292870344
      vertex 23.218985280132728 -0.494768417860978 116.16839599601047
    endloop
  endfacet
  facet normal 0.5514607432499667 -0.03047261713552101 0.8336440896804261
    outer loop
      vertex 20.1057141818451 -19.840300793410147 102.0140741144576
      vertex 24.238495530943162 0.8583380320069662 100.03682147305553
      vertex 20.172191179558702 -16.418921054981606 102.09516260427357
    endloop
  endfacet
  facet normal 0.6014161070832602 0.007248977996841998 -0.7989030720048695
    outer loop
      vertex 20.172191179558702 -16.418921054981606 102.09516260427357
      vertex 19.796670849367946 14.73636389861235 102.09516260427357
      vertex 27.52555999683281 -27.06984101789555 107.53415303482815
    endloop
  endfacet
  facet normal 0.43384806961004047 0.005229249887948495 0.9009708693632946
    outer loop
      vertex 20.172191179558702 -16.418921054981606 102.09516260427357
      vertex 24.238495530943162 0.8583380320069662 100.03682147305553
      vertex 19.796670849367946 14.73636389861235 102.09516260427357
    endloop
  endfacet
  facet normal 0.6693115363521899 0.007998851242851235 -0.742938816918773
    outer loop
      vertex 21.069643254945063 -17.23528195625368 114.05182292870344
      vertex 20.671869360186115 16.04882954161385 114.05182292870346
      vertex 23.218985280132728 -0.494768417860978 116.16839599601047
    endloop
  endfacet
  facet normal 0.5779896308884737 0.006907475557024069 0.8160148732509936
    outer loop
      vertex 21.069643254945063 -17.23528195625368 114.05182292870344
      vertex 24.009648666312643 0.845101043304832 111.81634597116954
      vertex 20.671869360186115 16.04882954161385 114.05182292870346
    endloop
  endfacet
  facet normal 0.8660121039507227 -0.005542058684510327 -0.4999923213374184
    outer loop
      vertex 28.446037769121276 -28.196037769121276 83.56698729810778
      vertex 28.788649015855377 25.341014707542442 83.56698729810778
      vertex 28.696037769121276 -28.196037769121276 84
    endloop
  endfacet
  facet normal 0.8660121039507227 -0.005542058684510327 0.4999923213374184
    outer loop
      vertex 28.446037769121276 -28.196037769121276 84.43301270189222
      vertex 28.696037769121276 -28.196037769121276 84
      vertex 29.038649015855377 25.341014707542442 84
    endloop
  endfacet
  facet normal 0.8650354679181181 -0.04780012892153647 0.49942846026109394
    outer loop
      vertex 28.100012998744724 -27.850012998744724 96.43301270189222
      vertex 28.350012998744724 -27.850012998744724 96
      vertex 31.237500524518502 28.928871309288233 96.43301270189222
    endloop
  endfacet
  facet normal 0.8650354679181181 -0.04780012892153647 -0.49942846026109394
    outer loop
      vertex 28.100012998744724 -27.850012998744724 95.56698729810778
      vertex 31.487500524518502 28.928871309288233 96
      vertex 28.350012998744724 -27.850012998744724 96
    endloop
  endfacet
  facet normal 0.551460743249962 -0.030472617135520342 0.8336440896804291
    outer loop
      vertex 27.46757513794028 -27.21757513794028 96.87449209835027
      vertex 28.100012998744724 -27.850012998744724 96.43301270189222
      vertex 31.237500524518502 28.928871309288233 96.43301270189222
    endloop
  endfacet
  facet normal 0.5514607432499632 -0.03047261713552008 0.8336440896804285
    outer loop
      vertex 20.1057141818451 -19.840300793410147 102.0140741144576
      vertex 27.46757513794028 -27.21757513794028 96.87449209835027
      vertex 24.238495530943162 0.8583380320069662 100.03682147305553
    endloop
  endfacet
  facet normal 0.6445895904514843 -0.010296541428547733 0.7644594437353741
    outer loop
      vertex 21.066506083423505 -19.259860795244396 114.02719903015783
      vertex 27.57221799051142 -27.322217990511422 108.43301270189222
      vertex 24.009648666312643 0.845101043304832 111.81634597116954
    endloop
  endfacet
  facet normal 0.5436419171077829 -0.008684024074721363 -0.8392723358298212
    outer loop
      vertex 27.52555999683281 -27.06984101789555 107.53415303482815
      vertex 28.45926649243799 28.20926649243799 107.56698729810778
      vertex 27.575562496876824 -27.112843415242683 107.56698729810778
    endloop
  endfacet
  facet normal 0.8659425493536387 -0.013832388028353038 -0.4999521639720686
    outer loop
      vertex 27.575562496876824 -27.112843415242683 107.56698729810778
      vertex 28.70926649243799 28.20926649243799 108
      vertex 27.825562496876824 -27.112843415242683 108
    endloop
  endfacet
  facet normal 0.8659425493536387 -0.013832388028353038 0.4999521639720686
    outer loop
      vertex 27.575562496876824 -27.112843415242683 108.43301270189222
      vertex 27.825562496876824 -27.112843415242683 108
      vertex 28.70926649243799 28.20926649243799 108
    endloop
  endfacet
  facet normal 0.6275248408400196 -0.004015855526796746 0.7785861847175918
    outer loop
      vertex 21.58012567306281 -17.420973265063456 90.0223765810103
      vertex 28.446037769121276 -28.196037769121276 84.43301270189222
      vertex 28.788649015855377 25.341014707542442 84.43301270189222
    endloop
  endfacet
  facet normal 0.6091538434266528 0.0006309220499137701 0.7930518248991701
    outer loop
      vertex 21.58012567306281 -17.420973265063456 90.0223765810103
      vertex 28.25145150307384 25.011449703210747 84.86428325980174
      vertex 21.578878242885832 -16.21658218883418 90.0223765810103
    endloop
  endfacet
  facet normal 0.8231644109985442 -0.005267854169638599 -0.5677786559724373
    outer loop
      vertex 28.446037769121276 -28.196037769121276 83.56698729810778
      vertex 26.35956708652658 0.6648283791390899 80.27425477828399
      vertex 28.788649015855377 25.341014707542442 83.56698729810778
    endloop
  endfacet
  facet normal 0.6206613127706777 -0.01038101140082272 -0.7840100569712578
    outer loop
      vertex 22.632713741106766 -22.230522022166497 125.92144612745064
      vertex 22.636617705295816 -22.111409392942473 125.92295953912958
      vertex 25.938333564005447 -0.6218054439021052 128.25221980745198
    endloop
  endfacet
  facet normal 0.6206613127707974 -0.010381011400851398 -0.7840100569711627
    outer loop
      vertex 22.636617705295816 -22.111409392942473 125.92295953912958
      vertex 22.754818497310925 -18.505022030904545 125.96878128606001
      vertex 25.938333564005447 -0.6218054439021052 128.25221980745198
    endloop
  endfacet
  facet normal 0.6206613127707591 -0.010381011400840698 -0.7840100569711931
    outer loop
      vertex 22.754818497310925 -18.505022030904545 125.96878128606001
      vertex 22.771056661863838 -18.009584475639677 125.97507617676314
      vertex 25.938333564005447 -0.6218054439021052 128.25221980745198
    endloop
  endfacet
  facet normal 0.7025373577518607 0.042862408856689446 0.7103548936060314
    outer loop
      vertex 29.48966850968502 -26.860456025047892 132.4330127018922
      vertex 24.81543434357159 -0.13440116280456305 135.44317149602438
      vertex 24.707041295864073 -1.8567146625940396 135.6542950795914
    endloop
  endfacet
  facet normal 0.8653946801522974 -0.038158399059831045 -0.49963585154119355
    outer loop
      vertex 27.30890126020239 -27.05890126020239 119.56698729810778
      vertex 30.043525643938807 29.289917789851756 120
      vertex 27.55890126020239 -27.05890126020239 120
    endloop
  endfacet
  facet normal 0.8653946801522974 -0.038158399059831045 0.49963585154119355
    outer loop
      vertex 27.30890126020239 -27.05890126020239 120.43301270189222
      vertex 27.55890126020239 -27.05890126020239 120
      vertex 30.043525643938807 29.289917789851756 120
    endloop
  endfacet
  facet normal 0.8648190684885095 0.05276335570145139 -0.4993035219921733
    outer loop
      vertex 29.48966850968502 -26.860456025047892 131.5669872981078
      vertex 26.304966785765448 25.338475253656114 131.5669872981078
      vertex 29.73966850968502 -26.860456025047892 132
    endloop
  endfacet
  facet normal 0.8606736805187645 0.052510442013562364 -0.5064419701622528
    outer loop
      vertex 29.48966850968502 -26.860456025047892 131.5669872981078
      vertex 29.283849580666896 -26.596080893200668 131.24461970271386
      vertex 26.304966785765448 25.338475253656114 131.5669872981078
    endloop
  endfacet
  facet normal 0.8648190684885095 0.05276335570145141 0.4993035219921733
    outer loop
      vertex 29.48966850968502 -26.860456025047892 132.4330127018922
      vertex 29.73966850968502 -26.860456025047892 132
      vertex 26.36088123428307 24.42200812151103 132.4330127018922
    endloop
  endfacet
  facet normal 0.9796472515351564 0.01663474613679324 -0.20003636614520526
    outer loop
      vertex 24.253683685162073 -23.753683685162073 150
      vertex 24.25647783200814 -21.599253630067942 150.19284331173114
      vertex 24.412700504168406 0.5682279455122278 152.80133670703873
    endloop
  endfacet
  facet normal 0.979647251535164 0.01663474613678883 -0.2000363661451682
    outer loop
      vertex 24.25647783200814 -21.599253630067942 150.19284331173114
      vertex 24.246358036684317 -21.003282426566518 150.19284331173114
      vertex 24.412700504168406 0.5682279455122278 152.80133670703873
    endloop
  endfacet
  facet normal 0.979647251535167 0.016634746136787035 -0.20003636614515355
    outer loop
      vertex 24.246358036684317 -21.003282426566518 150.19284331173114
      vertex 24.21838247291965 -19.35575598240908 150.19284331173114
      vertex 24.412700504168406 0.5682279455122278 152.80133670703873
    endloop
  endfacet
  facet normal 0.9312836216493424 -0.03331644879086021 -0.36276828732353433
    outer loop
      vertex 23.48508284374431 -22.98508284374431 138.13767941827732
      vertex 24.95892322746602 19.711818797339802 138
      vertex 25.576511778182613 -23.64143156114841 143.5669872981078
    endloop
  endfacet
  facet normal 0.931283621649345 -0.03331644879086028 -0.36276828732352806
    outer loop
      vertex 23.48508284374431 -22.98508284374431 138.13767941827732
      vertex 23.50273194752049 -20.992612143508076 138
      vertex 24.95892322746602 19.711818797339802 138
    endloop
  endfacet
  facet normal 0.8660254037844338 0 0.5000000000000082
    outer loop
      vertex 25.25 -25 156.4330127018922
      vertex 25.5 -25 156
      vertex 25.5 25 156
    endloop
  endfacet
  facet normal 0.746296455181685 -0.03290692513703506 0.6647997708041699
    outer loop
      vertex 22.636617705295816 -22.111409392942473 125.92295953912958
      vertex 27.30890126020239 -27.05890126020239 120.43301270189222
      vertex 29.793525643938807 29.289917789851756 120.43301270189222
    endloop
  endfacet
  facet normal 0.7462964551816942 -0.03290692513703744 0.6647997708041594
    outer loop
      vertex 22.636617705295816 -22.111409392942473 125.92295953912958
      vertex 29.793525643938807 29.289917789851756 120.43301270189222
      vertex 22.754818497310925 -18.505022030904545 125.96878128606001
    endloop
  endfacet
  facet normal 0.7462964551816725 -0.03290692513703118 0.6647997708041842
    outer loop
      vertex 22.754818497310925 -18.505022030904545 125.96878128606001
      vertex 29.760217279137738 29.250890273223156 120.46847245992197
      vertex 22.771056661863838 -18.009584475639677 125.97507617676314
    endloop
  endfacet
  facet normal 0.8606736805187575 0.05251044201356205 -0.5064419701622646
    outer loop
      vertex 29.283849580666896 -26.596080893200668 131.24461970271386
      vertex 25.938333564005447 -0.6218054439021052 128.25221980745198
      vertex 26.304966785765448 25.338475253656114 131.5669872981078
    endloop
  endfacet
  facet normal 0.702537357751878 0.04286240885669448 0.710354893606014
    outer loop
      vertex 29.48966850968502 -26.860456025047892 132.4330127018922
      vertex 26.36088123428307 24.42200812151103 132.4330127018922
      vertex 24.81543434357159 -0.13440116280456305 135.44317149602438
    endloop
  endfacet
  facet normal 0.8635044149046197 -0.07624631523529665 -0.4985445063916261
    outer loop
      vertex 25.68979344075113 -25.189793440751128 144
      vertex 25.576511778182613 -23.64143156114841 143.5669872981078
      vertex 30.569079997986307 30.069079997986307 144
    endloop
  endfacet
  facet normal 0.9641943451810867 -0.08513710494333487 0.2511591887283499
    outer loop
      vertex 25.68979344075113 -25.189793440751128 144
      vertex 30.569079997986307 30.069079997986307 144
      vertex 24.571165798331386 -21.04795249992519 149.69837321608023
    endloop
  endfacet
  facet normal 0.6386104455251824 0.010843824269359767 0.7694537740120215
    outer loop
      vertex 24.246358036684317 -21.003282426566518 150.19284331173114
      vertex 24.321165798331386 -21.04795249992519 150.13138591797244
      vertex 30.319079997986307 30.069079997986307 144.4330127018922
    endloop
  endfacet
  facet normal 0.8651154293245628 -0.04583003301430508 0.4994746260006459
    outer loop
      vertex 24.321165798331386 -21.04795249992519 150.13138591797244
      vertex 24.571165798331386 -21.04795249992519 149.69837321608023
      vertex 30.319079997986307 30.069079997986307 144.4330127018922
    endloop
  endfacet
  facet normal 0.9757276690683657 -0.03490642395575361 0.21618755140163584
    outer loop
      vertex 23.50273194752049 -20.992612143508076 138
      vertex 24.707041295864073 -1.8567146625940396 135.6542950795914
      vertex 24.95892322746602 19.711818797339802 138
    endloop
  endfacet
  facet normal 0.638610445525168 0.010843824269362826 0.7694537740120335
    outer loop
      vertex 24.246358036684317 -21.003282426566518 150.19284331173114
      vertex 30.319079997986307 30.069079997986307 144.4330127018922
      vertex 24.21838247291965 -19.35575598240908 150.19284331173114
    endloop
  endfacet
  facet normal 0 0 -1
    outer loop
      vertex 25.077254248593736 25.23776412907379 -0.4330127018922193
      vertex 3.6955181300451474 3.6955181300451474 -0.4330127018922193
      vertex 0 5.226251859505506 -0.4330127018922193
    endloop
  endfacet
  facet normal 0 0 -1
    outer loop
      vertex 25.25 25 -0.4330127018922193
      vertex 5.226251859505506 0 -0.4330127018922193
      vertex 3.6955181300451474 3.6955181300451474 -0.4330127018922193
    endloop
  endfacet
  facet normal 0 0 -1
    outer loop
      vertex 25.077254248593736 25.23776412907379 -0.4330127018922193
      vertex 0 5.226251859505506 -0.4330127018922193
      vertex 5.5 10.25 -0.4330127018922193
    endloop
  endfacet
  facet normal -0.09650479790120883 0.9627926483885474 -0.252422542953306
    outer loop
      vertex -14.019242268752114 20.680017885251765 30.44515592368331
      vertex 24.545702012936886 25.887641325592536 35.56418925106414
      vertex -0.6743369433817126 21.97673233528267 30.28914667258418
    endloop
  endfacet
  facet normal 0 0.880087571438193 0.4748114010847078
    outer loop
      vertex -24.845491502812525 25.475528258147577 0
      vertex 20.37344021582456 22.34538151882766 5.8018894149548395
      vertex 25.154508497187475 25.475528258147577 0
    endloop
  endfacet
  facet normal -0.013783258806681888 0.48570490039081593 0.8740141712312309
    outer loop
      vertex -28.192917300271333 28.507935677938853 12.433012701892219
      vertex 14.187943169555835 19.99130993991486 17.834198837590908
      vertex 29.99878083877167 30.15929071925172 12.433012701892219
    endloop
  endfacet
  facet normal 0.018379564223005306 0.7172715434079304 0.696551307971048
    outer loop
      vertex -31.06446799176993 31.37948636943745 24.43301270189222
      vertex 22.66190073437056 24.31582258969559 30.28914667258418
      vertex 24.10051006310537 24.421529824065473 30.14233508451461
    endloop
  endfacet
  facet normal 0.04076027691003944 0.4546308227239589 -0.8897468262688849
    outer loop
      vertex -20.11669312215975 23.066918553890225 17.834198837590908
      vertex 29.66288209041829 29.823391970898342 23.56698729810778
      vertex 14.187943169555835 19.99130993991486 17.834198837590908
    endloop
  endfacet
  facet normal -0.00007804477420692174 0.8362259258032715 0.548385079048906
    outer loop
      vertex -22.741077355064863 25.886072564070222 36.43301270189222
      vertex 20.521289713008414 22.29627052428002 41.91321639571939
      vertex 25.73008648621433 25.890596366694382 36.43301270189222
    endloop
  endfacet
  facet normal -0.00006544855899288521 0.7012613258543354 -0.7129043053436455
    outer loop
      vertex -25.570790089960997 25.88580846762852 35.56698729810778
      vertex 24.56678148662543 25.890487795705102 35.56698729810778
      vertex 24.545702012936886 25.887641325592536 35.56418925106414
    endloop
  endfacet
  facet normal 0.01837956422300672 0.717271543407936 0.6965513079710421
    outer loop
      vertex -31.06446799176993 31.37948636943745 24.43301270189222
      vertex 24.10051006310537 24.421529824065473 30.14233508451461
      vertex 29.66288209041829 29.823391970898342 24.43301270189222
    endloop
  endfacet
  facet normal 0 0 -1
    outer loop
      vertex 25.077254248593736 25.23776412907379 -0.4330127018922193
      vertex 5.5 13.75 -0.4330127018922193
      vertex -5.5 13.75 -0.4330127018922193
    endloop
  endfacet
  facet normal 0 0 -1
    outer loop
      vertex 25.077254248593736 25.23776412907379 -0.4330127018922193
      vertex 5.5 10.25 -0.4330127018922193
      vertex 5.5 13.75 -0.4330127018922193
    endloop
  endfacet
  facet normal 0 0.876551507956312 -0.4813080654835482
    outer loop
      vertex -24.922745751406264 25.23776412907379 -0.4330127018922193
      vertex 25.154508497187475 25.475528258147577 0
      vertex 25.077254248593736 25.23776412907379 -0.4330127018922193
    endloop
  endfacet
  facet normal 0.008293749120715475 0.5870423634169861 -0.8095137289010741
    outer loop
      vertex -20.261579059703156 22.919474082480136 5.80188941495484
      vertex 24.916333002646162 29.427183140359876 10.984006807707999
      vertex 20.37344021582456 22.34538151882766 5.8018894149548395
    endloop
  endfacet
  facet normal -0.01997805964590913 0.7040019785171567 -0.7099169609022687
    outer loop
      vertex -28.192917300271333 28.507935677938853 11.566987298107781
      vertex 29.99878083877167 30.15929071925172 11.566987298107781
      vertex 24.916333002646162 29.427183140359876 10.984006807707999
    endloop
  endfacet
  facet normal -0.02491995890736286 0.8781483630689874 -0.47773889111868767
    outer loop
      vertex -28.192917300271333 28.507935677938853 11.566987298107781
      vertex 30.07603508736541 30.39705484832551 12
      vertex 29.99878083877167 30.15929071925172 11.566987298107781
    endloop
  endfacet
  facet normal -0.02491995890736286 0.8781483630689874 0.47773889111868767
    outer loop
      vertex -28.192917300271333 28.507935677938853 12.433012701892219
      vertex 29.99878083877167 30.15929071925172 12.433012701892219
      vertex 30.07603508736541 30.39705484832551 12
    endloop
  endfacet
  facet normal -0.00008180892597913826 0.8765576627148741 -0.4812968494008005
    outer loop
      vertex -25.493535841367258 26.12357259670231 36
      vertex 25.80734073480807 26.12836049576817 36
      vertex 24.56678148662543 25.890487795705102 35.56698729810778
    endloop
  endfacet
  facet normal -0.00008180892597913817 0.8765576627148732 0.4812968494008017
    outer loop
      vertex -25.493535841367258 26.12357259670231 36
      vertex 25.73008648621433 25.890596366694382 36.43301270189222
      vertex 25.80734073480807 26.12836049576817 36
    endloop
  endfacet
  facet normal 0.02241199136321644 0.8746389980137296 -0.4842564669642257
    outer loop
      vertex -30.98721374317619 31.61725049851124 24
      vertex 29.74013633901203 30.06115609997213 24
      vertex 29.66288209041829 29.823391970898342 23.56698729810778
    endloop
  endfacet
  facet normal 0.02241199136321644 0.8746389980137296 0.4842564669642257
    outer loop
      vertex -30.98721374317619 31.61725049851124 24
      vertex 29.66288209041829 29.823391970898342 24.43301270189222
      vertex 29.74013633901203 30.06115609997213 24
    endloop
  endfacet
  facet normal -0.09650479790120875 0.9627926483885474 -0.25242254295330646
    outer loop
      vertex -0.6743369433817126 21.97673233528267 30.28914667258418
      vertex 24.545702012936886 25.887641325592536 35.56418925106414
      vertex 22.66190073437056 24.31582258969559 30.28914667258418
    endloop
  endfacet
  facet normal 0.025365893005956066 0.7597311026224345 0.6497424283361142
    outer loop
      vertex -18.611325775173423 26.00896252470822 61.263126699549716
      vertex 17.110971043025653 20.900055538955755 65.84227598811152
      vertex 20.52048953046307 20.680999410943123 65.9653066984836
    endloop
  endfacet
  facet normal 0.05590443370720433 0.8067106567581184 -0.5882963628688876
    outer loop
      vertex -21.945476920711773 25.23918508744534 41.91321639571939
      vertex 23.659244781848752 26.009820599580962 47.30367301151035
      vertex 20.521289713008414 22.29627052428002 41.91321639571939
    endloop
  endfacet
  facet normal -0.003594953740263888 0.8768162976877771 0.4808120801484762
    outer loop
      vertex -27.89208058421658 28.207098961884107 48.43301270189222
      vertex 23.65250819175576 25.210458511524834 54.28312278341803
      vertex 25.050423778640198 25.3714435396003 54
    endloop
  endfacet
  facet normal 0.03963180257200739 0.9869079394315439 0.15633950016511347
    outer loop
      vertex -27.81482633562284 28.444863090957895 48
      vertex 25.050423778640198 25.3714435396003 54
      vertex 25.96420915158627 26.285228912546373 48
    endloop
  endfacet
  facet normal 0.07004154194432148 0.6805241331022235 -0.7293703357468886
    outer loop
      vertex -22.261975136230042 24.95243476717572 65.84227598811152
      vertex 21.63721173733618 26.019337691898265 71.0533734791898
      vertex 17.110971043025653 20.900055538955755 65.84227598811152
    endloop
  endfacet
  facet normal 0.02918019070300162 0.8739727181030253 -0.4850981390215244
    outer loop
      vertex -26.5957902357738 27.225826991108853 60
      vertex 25.176243194581392 25.497262955541494 60
      vertex 23.650590554398246 25.30785793471566 59.56698729810778
    endloop
  endfacet
  facet normal 0.02918019070300151 0.873972718103022 0.4850981390215303
    outer loop
      vertex -26.5957902357738 27.225826991108853 60
      vertex 25.098988945987653 25.259498826467706 60.43301270189222
      vertex 25.176243194581392 25.497262955541494 60
    endloop
  endfacet
  facet normal 0.038459764780302795 0.8729922551453009 0.4862153524410408
    outer loop
      vertex -29.9837156290122 30.61375238434725 72
      vertex 21.723995299064445 24.921236142284496 78.13073235351894
      vertex 24.286091867111555 24.897260230668074 77.97111821173854
    endloop
  endfacet
  facet normal 0.07310925022167318 0.9634122501371581 0.25786018269147837
    outer loop
      vertex -29.9837156290122 30.61375238434725 72
      vertex 24.563744533016266 24.884764293976367 77.93908441864032
      vertex 26.041237660443468 26.36225742140357 72
    endloop
  endfacet
  facet normal 0.07310925022166398 0.9634122501371384 0.2578601826915546
    outer loop
      vertex -29.9837156290122 30.61375238434725 72
      vertex 24.286091867111555 24.897260230668074 77.97111821173854
      vertex 24.563744533016266 24.884764293976367 77.93908441864032
    endloop
  endfacet
  facet normal 0.06599226582617368 0.8696267178020641 -0.4892794626140941
    outer loop
      vertex -29.9837156290122 30.61375238434725 72
      vertex 26.041237660443468 26.36225742140357 72
      vertex 25.96398341184973 26.12449329232978 71.56698729810778
    endloop
  endfacet
  facet normal -0.11805127679972413 0.9928380465182725 -0.018344193406512818
    outer loop
      vertex -15.649387795829302 20.53735093042955 54.28312278341803
      vertex 23.650590554398246 25.30785793471566 59.56698729810778
      vertex 23.65250819175576 25.210458511524834 54.28312278341803
    endloop
  endfacet
  facet normal 0.04278649544627754 0.8725086124994409 -0.48672172431660166
    outer loop
      vertex -21.945476920711773 25.23918508744534 41.91321639571939
      vertex 23.73649903044249 26.24758472865475 47.736685713402565
      vertex 23.659244781848752 26.009820599580962 47.30367301151035
    endloop
  endfacet
  facet normal 0.03614105449934565 0.8999816135041314 -0.4344271164812063
    outer loop
      vertex -2.3143374164110746 27.35795267434969 47.86974839153082
      vertex 25.96420915158627 26.285228912546373 48
      vertex 23.73649903044249 26.24758472865475 47.736685713402565
    endloop
  endfacet
  facet normal 0.025365893005953773 0.7597311026224265 0.6497424283361236
    outer loop
      vertex -18.611325775173423 26.00896252470822 61.263126699549716
      vertex 20.52048953046307 20.680999410943123 65.9653066984836
      vertex 25.098988945987653 25.259498826467706 60.43301270189222
    endloop
  endfacet
  facet normal 0.057894087569754595 0.7629113006370326 -0.6439057555145602
    outer loop
      vertex -3.376590519811409 28.127272483636876 71.30188191994392
      vertex 25.96398341184973 26.12449329232978 71.56698729810778
      vertex 21.63721173733618 26.019337691898265 71.0533734791898
    endloop
  endfacet
  facet normal 0.4931785112877372 -0.008847064533607604 -0.8698831447114891
    outer loop
      vertex 28.2898910572735 -26.09595877841172 23.256939244269287
      vertex 19.962830564629503 14.413947420077644 18.123926748626037
      vertex 19.85165101230923 19.47729147337728 18.0093974600658
    endloop
  endfacet
  facet normal 0.87379436356648 0.02626418005051088 0.48558583488990337
    outer loop
      vertex 24.511398593679253 -0.18981471395940538 3.141409934433618
      vertex 22.355301735878538 21.28060026246167 5.859945653765414
      vertex 22.359670785893993 18.545846777456955 6
    endloop
  endfacet
  facet normal 0.4514380941581979 0.030084336961928897 0.8917951445328547
    outer loop
      vertex 22.179348739288134 -18.846574216186596 18.123926748626037
      vertex 29.839875733775123 27.897800054141374 12.66916817196899
      vertex 19.962830564629503 14.413947420077644 18.123926748626037
    endloop
  endfacet
  facet normal 0.6171839903839973 -0.03925898087384765 -0.7858388221731177
    outer loop
      vertex 26.608770193471532 -26.08798157181689 11.566987298107781
      vertex 22.359670785893993 18.545846777456955 6
      vertex 29.406876535721103 29.156876535721103 11.004645024444253
    endloop
  endfacet
  facet normal 0.9605306735339524 0.0062486889310520485 -0.27810389980554834
    outer loop
      vertex 26.466147887536202 -25.966147887536202 36
      vertex 24.485798721018195 17.23815573846562 30.130913424631643
      vertex 24.56494776340847 20.02395243809445 30.466876566691706
    endloop
  endfacet
  facet normal 0.4931785112877378 -0.008847064533607351 -0.8698831447114889
    outer loop
      vertex 28.2898910572735 -26.09595877841172 23.256939244269287
      vertex 19.85165101230923 19.47729147337728 18.0093974600658
      vertex 29.835627841824554 29.585627841824554 23.56698729810778
    endloop
  endfacet
  facet normal 0.9595994875369899 0.005824553998691096 -0.2813092570276756
    outer loop
      vertex 26.466147887536202 -25.966147887536202 36
      vertex 24.56494776340847 20.02395243809445 30.466876566691706
      vertex 26.1520106288877 25.6499197229668 35.99713703193979
    endloop
  endfacet
  facet normal 0.8061363946986698 -0.01446117489621868 0.5915530302203272
    outer loop
      vertex 28.832266019603473 -26.346652055785103 24.43301270189222
      vertex 29.835627841824554 29.585627841824554 24.43301270189222
      vertex 26.82408935196832 -0.5986319788081275 27.799086102933323
    endloop
  endfacet
  facet normal 0.8660254037844386 0 -0.5
    outer loop
      vertex 25.5 -25 0
      vertex 25.25 25 -0.4330127018922193
      vertex 25.5 25 0
    endloop
  endfacet
  facet normal 0.8737943635664788 0.02626418005051052 0.4855858348899056
    outer loop
      vertex 24.511398593679253 -0.18981471395940538 3.141409934433618
      vertex 25.5 25 0
      vertex 22.355301735878538 21.28060026246167 5.859945653765414
    endloop
  endfacet
  facet normal 0.7575767255921375 -0.048189341661292025 0.6509648932095696
    outer loop
      vertex 22.179348739288134 -18.846574216186596 18.123926748626037
      vertex 30.066484144176542 28.270171548865065 12.433012701892219
      vertex 29.839875733775123 27.897800054141374 12.66916817196899
    endloop
  endfacet
  facet normal 0.6171839903839981 -0.03925898087384769 -0.7858388221731171
    outer loop
      vertex 26.608770193471532 -26.08798157181689 11.566987298107781
      vertex 29.406876535721103 29.156876535721103 11.004645024444253
      vertex 30.066484144176542 28.270171548865065 11.566987298107781
    endloop
  endfacet
  facet normal 0.8647143407921657 -0.05500434926281849 -0.4992430574284878
    outer loop
      vertex 26.842575511246473 -26.342575511246473 12
      vertex 30.066484144176542 28.270171548865065 11.566987298107781
      vertex 30.316484144176542 28.270171548865065 12
    endloop
  endfacet
  facet normal 0.8647143407921657 -0.05500434926281849 0.4992430574284878
    outer loop
      vertex 26.842575511246473 -26.342575511246473 12
      vertex 30.316484144176542 28.270171548865065 12
      vertex 30.066484144176542 28.270171548865065 12.433012701892219
    endloop
  endfacet
  facet normal 0.8529817764728495 0.005177408368455545 0.5219150155416187
    outer loop
      vertex 22.79473410512516 -18.8667768583248 41.95430865505141
      vertex 25.90286129909573 25.648044338554733 36.43301270189222
      vertex 25.902464362381277 25.647616611886505 36.433665670841805
    endloop
  endfacet
  facet normal 0.8660134391829899 0.005256507642641992 0.4999930922341355
    outer loop
      vertex 26.466147887536202 -25.966147887536202 36
      vertex 26.15286129909573 25.648044338554733 36
      vertex 25.90286129909573 25.648044338554733 36.43301270189222
    endloop
  endfacet
  facet normal 0.9595994875370716 0.005824553998691608 -0.2813092570273967
    outer loop
      vertex 26.466147887536202 -25.966147887536202 36
      vertex 26.1520106288877 25.6499197229668 35.99713703193979
      vertex 26.15286129909573 25.648044338554733 36
    endloop
  endfacet
  facet normal 0.72390253200612 0.004709315239527068 0.68988618373258
    outer loop
      vertex 26.82408935196832 -0.5986319788081275 27.799086102933323
      vertex 24.469899263339 19.682175109878134 30.130913424631647
      vertex 24.485798721018195 17.23815573846562 30.130913424631643
    endloop
  endfacet
  facet normal 0.7239025320061229 0.00470931523952756 0.689886183732577
    outer loop
      vertex 26.82408935196832 -0.5986319788081275 27.799086102933323
      vertex 24.449509679460824 22.816403897977775 30.130913424631643
      vertex 24.469899263339 19.682175109878134 30.130913424631647
    endloop
  endfacet
  facet normal 0.7239025320061252 0.004709315239528271 0.6898861837325746
    outer loop
      vertex 26.82408935196832 -0.5986319788081275 27.799086102933323
      vertex 24.44255875095245 23.94255875095245 30.13051970249228
      vertex 24.449509679460824 22.816403897977775 30.130913424631643
    endloop
  endfacet
  facet normal 0.8659209141055845 -0.015533641536994698 0.4999396728557847
    outer loop
      vertex 28.832266019603473 -26.346652055785103 24.43301270189222
      vertex 30.085627841824554 29.585627841824554 24
      vertex 29.835627841824554 29.585627841824554 24.43301270189222
    endloop
  endfacet
  facet normal 0.8659209141055845 -0.015533641536994698 -0.4999396728557847
    outer loop
      vertex 29.082266019603473 -26.346652055785103 24
      vertex 29.835627841824554 29.585627841824554 23.56698729810778
      vertex 30.085627841824554 29.585627841824554 24
    endloop
  endfacet
  facet normal 0.7756028770363862 0.009780943692237818 -0.631145395509917
    outer loop
      vertex 22.791155057451693 -18.463601386189666 41.95615849334028
      vertex 22.324464409208186 18.543728463883753 41.95615849334028
      vertex 24.401747258055863 0.060187413431792944 44.2224509988593
    endloop
  endfacet
  facet normal 0.7804819227498621 0.0029578249151027015 -0.6251713521367162
    outer loop
      vertex 20.799776973297725 -17.00399111755181 66.00788799747492
      vertex 20.671885158277895 16.742850752965154 66.00788799747492
      vertex 22.422344801676612 0.8842588288069081 68.11818170392044
    endloop
  endfacet
  facet normal 0.7692013799568268 0.0029150745713002924 0.6389997960975865
    outer loop
      vertex 20.799776973297725 -17.00399111755181 66.00788799747492
      vertex 20.693235281869335 20.443235281869335 65.9653066984836
      vertex 20.671885158277895 16.742850752965154 66.00788799747492
    endloop
  endfacet
  facet normal 0.8329830360452278 0.01050455125086579 0.5531988033825568
    outer loop
      vertex 22.791155057451693 -18.463601386189666 41.95615849334028
      vertex 25.902464362381277 25.647616611886505 36.433665670841805
      vertex 22.324464409208186 18.543728463883753 41.95615849334028
    endloop
  endfacet
  facet normal 0.8190014295647052 0.02174107713599571 -0.5733794415009452
    outer loop
      vertex 24.401747258055863 0.060187413431792944 44.2224509988593
      vertex 22.324464409208186 18.543728463883753 41.95615849334028
      vertex 22.257296989038036 22.006940253998614 41.991534267320866
    endloop
  endfacet
  facet normal 0.8190014295773831 0.02174107713891795 -0.5733794414827256
    outer loop
      vertex 24.401747258055863 0.060187413431792944 44.2224509988593
      vertex 22.257296989038036 22.006940253998614 41.991534267320866
      vertex 22.257290201956295 22.007290201956295 41.99153784194483
    endloop
  endfacet
  facet normal 0.7692013799568138 0.0029150745713002733 0.638999796097602
    outer loop
      vertex 20.799776973297725 -17.00399111755181 66.00788799747492
      vertex 25.271734697393917 25.021734697393917 60.43301270189222
      vertex 20.693235281869335 20.443235281869335 65.9653066984836
    endloop
  endfacet
  facet normal 0.7229685818188797 -0.01212023978367512 -0.6907745865985401
    outer loop
      vertex 22.422344801676612 0.8842588288069081 68.11818170392044
      vertex 20.671885158277895 16.742850752965154 66.00788799747492
      vertex 20.693235281869335 20.443235281869335 65.9653066984836
    endloop
  endfacet
  facet normal 0.7229685818188768 -0.01212023978367567 -0.6907745865985431
    outer loop
      vertex 22.422344801676612 0.8842588288069081 68.11818170392044
      vertex 20.693235281869335 20.443235281869335 65.9653066984836
      vertex 25.58664740697909 25.33664740697909 71.0009202886674
    endloop
  endfacet
  facet normal 0.8657966424674243 0.0229832951548998 0.4998679245920443
    outer loop
      vertex 27.71734795825597 -27.21734795825597 48
      vertex 26.309700654398796 25.809700654398796 48
      vertex 26.152481274999086 22.314590433676155 48.43301270189222
    endloop
  endfacet
  facet normal 0.9888470450541104 -0.026319725742901406 0.14659056424126607
    outer loop
      vertex 25.005071716209176 -3.4025313109683033 51.555621328372645
      vertex 25.083451509268098 -1.645789208747971 51.34231526335637
      vertex 25.255080401362044 19.604668846038095 54
    endloop
  endfacet
  facet normal 0.8984817723010072 -0.02391451129902908 -0.4383589864393906
    outer loop
      vertex 24.106699781835918 -23.606699781835918 54.0036036879332
      vertex 25.255080401362044 19.604668846038095 54
      vertex 25.54136390134034 20.109571632272235 54.55923571921257
    endloop
  endfacet
  facet normal 0.9993799184401497 0.02785256606758293 -0.021540965206097835
    outer loop
      vertex 26.956423112666528 -26.45642311266653 60
      vertex 25.54136390134034 20.109571632272235 54.55923571921257
      vertex 25.521734697393917 25.021734697393917 60
    endloop
  endfacet
  facet normal 0.722968581818877 -0.012120239783675692 -0.6907745865985431
    outer loop
      vertex 25.283081670726517 -25.03308167072652 71.56698729810778
      vertex 22.422344801676612 0.8842588288069081 68.11818170392044
      vertex 26.136729163255993 25.886729163255993 71.56698729810778
    endloop
  endfacet
  facet normal 0.8657732639915394 0.024128968963583793 0.49985442702269894
    outer loop
      vertex 26.956423112666528 -26.45642311266653 60
      vertex 25.521734697393917 25.021734697393917 60
      vertex 25.271734697393917 25.021734697393917 60.43301270189222
    endloop
  endfacet
  facet normal 0.8190014295647091 0.02174107713599596 -0.5733794415009396
    outer loop
      vertex 27.46734795825597 -27.21734795825597 47.56698729810778
      vertex 25.867490162009055 25.617490162009055 47.285150316365105
      vertex 26.059700654398796 25.809700654398796 47.56698729810778
    endloop
  endfacet
  facet normal 0.8657966424674243 0.0229832951548998 -0.4998679245920443
    outer loop
      vertex 27.71734795825597 -27.21734795825597 48
      vertex 26.059700654398796 25.809700654398796 47.56698729810778
      vertex 26.309700654398796 25.809700654398796 48
    endloop
  endfacet
  facet normal 0.9888470450541107 -0.026319725742901073 0.14659056424126343
    outer loop
      vertex 25.083451509268098 -1.645789208747971 51.34231526335637
      vertex 26.152481274999086 22.314590433676155 48.43301270189222
      vertex 25.255080401362044 19.604668846038095 54
    endloop
  endfacet
  facet normal 0.9706177091340196 -0.10966886479536612 0.21418217201700843
    outer loop
      vertex 20.393381039379978 -15.918928301393986 77.75431100665676
      vertex 26.109820487583786 24.281634921179915 72.43301270189222
      vertex 24.76278120439587 22.75218575062941 77.75431100665678
    endloop
  endfacet
  facet normal 0.8659341445496342 -0.014516992484526823 0.49994731145621457
    outer loop
      vertex 25.533081670726517 -25.03308167072652 72
      vertex 26.386729163255993 25.886729163255993 72
      vertex 26.109820487583786 24.281634921179915 72.43301270189222
    endloop
  endfacet
  facet normal 0.8659341445496344 -0.014516992484526824 -0.49994731145621435
    outer loop
      vertex 25.533081670726517 -25.03308167072652 72
      vertex 26.136729163255993 25.886729163255993 71.56698729810778
      vertex 26.386729163255993 25.886729163255993 72
    endloop
  endfacet
  facet normal 0 0 -1
    outer loop
      vertex 25.077254248593736 25.23776412907379 -0.4330127018922193
      vertex 25.25 25 -0.4330127018922193
      vertex 3.6955181300451474 3.6955181300451474 -0.4330127018922193
    endloop
  endfacet
  facet normal -7.405727488688761e-16 0.8800875714381934 0.47481140108470743
    outer loop
      vertex 20.37344021582456 22.34538151882766 5.8018894149548395
      vertex 22.01782857155089 22.33884833251099 5.8139990148213485
      vertex 25.154508497187475 25.475528258147577 0
    endloop
  endfacet
  facet normal 0.8737943635664787 0.02626418005051092 0.48558583488990575
    outer loop
      vertex 22.355301735878538 21.28060026246167 5.859945653765414
      vertex 25.5 25 0
      vertex 22.35438505564638 21.85438505564638 5.830560535680925
    endloop
  endfacet
  facet normal 0.023221969742378692 0.8745614304852429 0.4843583842867693
    outer loop
      vertex 22.01782857155089 22.33884833251099 5.8139990148213485
      vertex 22.174730875812685 22.335240756292738 5.812990394840969
      vertex 25.154508497187475 25.475528258147577 0
    endloop
  endfacet
  facet normal 0.8644317246879931 0.060638748370398225 0.49907988894465904
    outer loop
      vertex 22.35438505564638 21.85438505564638 5.830560535680925
      vertex 25.25 25 0.4330127018922193
      vertex 22.34747662721895 22.09747662721895 5.812990394840969
    endloop
  endfacet
  facet normal 0.6461012040373241 0.46942000212858787 0.6018289588771187
    outer loop
      vertex 22.174730875812685 22.335240756292738 5.812990394840969
      vertex 22.34747662721895 22.09747662721895 5.812990394840969
      vertex 25.25 25 0.4330127018922193
    endloop
  endfacet
  facet normal -0.013783258806681726 0.48570490039081576 0.8740141712312312
    outer loop
      vertex 14.187943169555835 19.99130993991486 17.834198837590908
      vertex 19.67623327814301 19.83674315862306 18.006644972956824
      vertex 29.99878083877167 30.15929071925172 12.433012701892219
    endloop
  endfacet
  facet normal 0.45143809415819725 0.030084336961929487 0.891795144532855
    outer loop
      vertex 19.962830564629503 14.413947420077644 18.123926748626037
      vertex 29.839875733775123 27.897800054141374 12.66916817196899
      vertex 19.85165101230923 19.47729147337728 18.0093974600658
    endloop
  endfacet
  facet normal 0.45143809415820196 0.030084336961922614 0.8917951445328528
    outer loop
      vertex 19.85165101230923 19.47729147337728 18.0093974600658
      vertex 29.839875733775123 27.897800054141374 12.66916817196899
      vertex 19.848979029549273 19.598979029549273 18.006644972956824
    endloop
  endfacet
  facet normal 0.2916978228656853 0.21193087363849628 0.9327366643025474
    outer loop
      vertex 19.67623327814301 19.83674315862306 18.006644972956824
      vertex 19.848979029549273 19.598979029549273 18.006644972956824
      vertex 30.171526590177933 29.921526590177933 12.433012701892219
    endloop
  endfacet
  facet normal 0.040760276910039375 0.45463082272395894 -0.8897468262688849
    outer loop
      vertex 14.187943169555835 19.99130993991486 17.834198837590908
      vertex 29.66288209041829 29.823391970898342 23.56698729810778
      vertex 19.67623327814301 19.83674315862306 18.006644972956824
    endloop
  endfacet
  facet normal 0.4931785112877394 -0.008847064533609474 -0.8698831447114879
    outer loop
      vertex 19.85165101230923 19.47729147337728 18.0093974600658
      vertex 19.848979029549273 19.598979029549273 18.006644972956824
      vertex 29.835627841824554 29.585627841824554 23.56698729810778
    endloop
  endfacet
  facet normal 0.29955982183944035 0.21764295024806388 -0.9289216648064795
    outer loop
      vertex 19.67623327814301 19.83674315862306 18.006644972956824
      vertex 29.835627841824554 29.585627841824554 23.56698729810778
      vertex 19.848979029549273 19.598979029549273 18.006644972956824
    endloop
  endfacet
  facet normal 0.6171839903839967 -0.039258980873847174 -0.785838822173118
    outer loop
      vertex 22.359670785893993 18.545846777456955 6
      vertex 22.355301735878538 21.28060026246167 5.859945653765414
      vertex 29.406876535721103 29.156876535721103 11.004645024444253
    endloop
  endfacet
  facet normal 0.7239025320061221 0.004709315239527516 0.6898861837325778
    outer loop
      vertex 26.82408935196832 -0.5986319788081275 27.799086102933323
      vertex 29.835627841824554 29.585627841824554 24.43301270189222
      vertex 24.44255875095245 23.94255875095245 30.13051970249228
    endloop
  endfacet
  facet normal 0.9605306735339503 0.006248688931052999 -0.2781038998055557
    outer loop
      vertex 24.485798721018195 17.23815573846562 30.130913424631643
      vertex 24.469899263339 19.682175109878134 30.130913424631647
      vertex 24.56494776340847 20.02395243809445 30.466876566691706
    endloop
  endfacet
  facet normal 0.960530673533951 0.006248688931050643 -0.27810389980555356
    outer loop
      vertex 24.469899263339 19.682175109878134 30.130913424631647
      vertex 24.449509679460824 22.816403897977775 30.130913424631643
      vertex 24.56494776340847 20.02395243809445 30.466876566691706
    endloop
  endfacet
  facet normal 0.9595994875369976 0.005824553998693818 -0.28130925702764914
    outer loop
      vertex 24.56494776340847 20.02395243809445 30.466876566691706
      vertex 24.449509679460824 22.816403897977775 30.130913424631643
      vertex 24.44255875095245 23.94255875095245 30.13051970249228
    endloop
  endfacet
  facet normal 0.9595994875369898 0.005824553998691291 -0.2813092570276758
    outer loop
      vertex 24.56494776340847 20.02395243809445 30.466876566691706
      vertex 24.44255875095245 23.94255875095245 30.13051970249228
      vertex 26.1520106288877 25.6499197229668 35.99713703193979
    endloop
  endfacet
  facet normal 0.6461012040373241 0.4694200021285881 0.6018289588771185
    outer loop
      vertex 22.174730875812685 22.335240756292738 5.812990394840969
      vertex 25.25 25 0.4330127018922193
      vertex 25.077254248593736 25.23776412907379 0.4330127018922193
    endloop
  endfacet
  facet normal 0.02322196974238 0.8745614304852428 0.48435838428676925
    outer loop
      vertex 22.174730875812685 22.335240756292738 5.812990394840969
      vertex 25.077254248593736 25.23776412907379 0.4330127018922193
      vertex 25.154508497187475 25.475528258147577 0
    endloop
  endfacet
  facet normal 0.8644317246879898 0.06063874837040908 0.49907988894466354
    outer loop
      vertex 22.35438505564638 21.85438505564638 5.830560535680925
      vertex 25.5 25 0
      vertex 25.25 25 0.4330127018922193
    endloop
  endfacet
  facet normal 0.7329996781371365 0.5325554391808743 -0.4231975614883908
    outer loop
      vertex 25.077254248593736 25.23776412907379 -0.4330127018922193
      vertex 25.154508497187475 25.475528258147577 0
      vertex 25.25 25 -0.4330127018922193
    endloop
  endfacet
  facet normal 0.7329996781371365 0.5325554391808743 0.4231975614883908
    outer loop
      vertex 25.077254248593736 25.23776412907379 0.4330127018922193
      vertex 25.25 25 0.4330127018922193
      vertex 25.154508497187475 25.475528258147577 0
    endloop
  endfacet
  facet normal 0.7329996781371404 0.5325554391808718 -0.42319756148838705
    outer loop
      vertex 25.154508497187475 25.475528258147577 0
      vertex 25.5 25 0
      vertex 25.25 25 -0.4330127018922193
    endloop
  endfacet
  facet normal 0.7329996781371404 0.5325554391808718 0.42319756148838705
    outer loop
      vertex 25.154508497187475 25.475528258147577 0
      vertex 25.25 25 0.4330127018922193
      vertex 25.5 25 0
    endloop
  endfacet
  facet normal 0.008293749120714872 0.5870423634169867 -0.8095137289010739
    outer loop
      vertex 20.37344021582456 22.34538151882766 5.8018894149548395
      vertex 29.23413078431484 29.394640664794892 11.004645024444253
      vertex 22.01782857155089 22.33884833251099 5.8139990148213485
    endloop
  endfacet
  facet normal 0.008293749120716171 0.5870423634169857 -0.8095137289010744
    outer loop
      vertex 22.01782857155089 22.33884833251099 5.8139990148213485
      vertex 29.23413078431484 29.394640664794892 11.004645024444253
      vertex 22.174730875812685 22.335240756292738 5.812990394840969
    endloop
  endfacet
  facet normal 0.37690323844772644 0.27383623167522025 -0.8848489515558751
    outer loop
      vertex 22.174730875812685 22.335240756292738 5.812990394840969
      vertex 29.23413078431484 29.394640664794892 11.004645024444253
      vertex 22.34747662721895 22.09747662721895 5.812990394840969
    endloop
  endfacet
  facet normal 0.6171839903839973 -0.03925898087384789 -0.7858388221731176
    outer loop
      vertex 22.355301735878538 21.28060026246167 5.859945653765414
      vertex 22.35438505564638 21.85438505564638 5.830560535680925
      vertex 29.406876535721103 29.156876535721103 11.004645024444253
    endloop
  endfacet
  facet normal 0.6171839903840026 -0.03925898087385642 -0.7858388221731128
    outer loop
      vertex 22.35438505564638 21.85438505564638 5.830560535680925
      vertex 22.34747662721895 22.09747662721895 5.812990394840969
      vertex 29.406876535721103 29.156876535721103 11.004645024444253
    endloop
  endfacet
  facet normal 0.008293749120715437 0.5870423634169862 -0.8095137289010742
    outer loop
      vertex 20.37344021582456 22.34538151882766 5.8018894149548395
      vertex 24.916333002646162 29.427183140359876 10.984006807707999
      vertex 29.23413078431484 29.394640664794892 11.004645024444253
    endloop
  endfacet
  facet normal 0.3769032384477262 0.27383623167522064 -0.884848951555875
    outer loop
      vertex 22.34747662721895 22.09747662721895 5.812990394840969
      vertex 29.23413078431484 29.394640664794892 11.004645024444253
      vertex 29.406876535721103 29.156876535721103 11.004645024444253
    endloop
  endfacet
  facet normal 0.45143809415819813 0.03008433696192785 0.8917951445328545
    outer loop
      vertex 19.848979029549273 19.598979029549273 18.006644972956824
      vertex 29.839875733775123 27.897800054141374 12.66916817196899
      vertex 30.171526590177933 29.921526590177933 12.433012701892219
    endloop
  endfacet
  facet normal 0.291697822865685 0.21193087363849566 0.9327366643025475
    outer loop
      vertex 19.67623327814301 19.83674315862306 18.006644972956824
      vertex 30.171526590177933 29.921526590177933 12.433012701892219
      vertex 29.99878083877167 30.15929071925172 12.433012701892219
    endloop
  endfacet
  facet normal 0.3769032384477266 0.2738362316752203 -0.8848489515558748
    outer loop
      vertex 29.23413078431484 29.394640664794892 11.004645024444253
      vertex 30.171526590177933 29.921526590177933 11.566987298107781
      vertex 29.406876535721103 29.156876535721103 11.004645024444253
    endloop
  endfacet
  facet normal 0.008293749120715321 0.5870423634169865 -0.8095137289010739
    outer loop
      vertex 24.916333002646162 29.427183140359876 10.984006807707999
      vertex 29.99878083877167 30.15929071925172 11.566987298107781
      vertex 29.23413078431484 29.394640664794892 11.004645024444253
    endloop
  endfacet
  facet normal 0.6171839903839978 -0.03925898087384803 -0.7858388221731172
    outer loop
      vertex 29.406876535721103 29.156876535721103 11.004645024444253
      vertex 30.171526590177933 29.921526590177933 11.566987298107781
      vertex 30.066484144176542 28.270171548865065 11.566987298107781
    endloop
  endfacet
  facet normal 0.8647143407921659 -0.05500434926281899 -0.49924305742848746
    outer loop
      vertex 30.066484144176542 28.270171548865065 11.566987298107781
      vertex 30.171526590177933 29.921526590177933 11.566987298107781
      vertex 30.316484144176542 28.270171548865065 12
    endloop
  endfacet
  facet normal 0.7575767255921393 -0.04818934166129229 0.6509648932095677
    outer loop
      vertex 29.839875733775123 27.897800054141374 12.66916817196899
      vertex 30.066484144176542 28.270171548865065 12.433012701892219
      vertex 30.171526590177933 29.921526590177933 12.433012701892219
    endloop
  endfacet
  facet normal 0.8647143407921659 -0.05500434926281899 0.49924305742848746
    outer loop
      vertex 30.066484144176542 28.270171548865065 12.433012701892219
      vertex 30.316484144176542 28.270171548865065 12
      vertex 30.171526590177933 29.921526590177933 12.433012701892219
    endloop
  endfacet
  facet normal 0.8647143407921659 -0.05500434926281899 -0.49924305742848746
    outer loop
      vertex 30.316484144176542 28.270171548865065 12
      vertex 30.171526590177933 29.921526590177933 11.566987298107781
      vertex 30.421526590177933 29.921526590177933 12
    endloop
  endfacet
  facet normal 0.8647143407921659 -0.05500434926281899 0.49924305742848746
    outer loop
      vertex 30.316484144176542 28.270171548865065 12
      vertex 30.421526590177933 29.921526590177933 12
      vertex 30.171526590177933 29.921526590177933 12.433012701892219
    endloop
  endfacet
  facet normal 0.3769032384477267 0.2738362316752203 -0.8848489515558748
    outer loop
      vertex 29.23413078431484 29.394640664794892 11.004645024444253
      vertex 29.99878083877167 30.15929071925172 11.566987298107781
      vertex 30.171526590177933 29.921526590177933 11.566987298107781
    endloop
  endfacet
  facet normal 0.7329996781371363 0.5325554391808741 -0.42319756148839127
    outer loop
      vertex 29.99878083877167 30.15929071925172 11.566987298107781
      vertex 30.07603508736541 30.39705484832551 12
      vertex 30.171526590177933 29.921526590177933 11.566987298107781
    endloop
  endfacet
  facet normal 0.7329996781371363 0.5325554391808741 0.42319756148839127
    outer loop
      vertex 29.99878083877167 30.15929071925172 12.433012701892219
      vertex 30.171526590177933 29.921526590177933 12.433012701892219
      vertex 30.07603508736541 30.39705484832551 12
    endloop
  endfacet
  facet normal 0.7329996781371403 0.5325554391808717 -0.42319756148838755
    outer loop
      vertex 30.171526590177933 29.921526590177933 11.566987298107781
      vertex 30.07603508736541 30.39705484832551 12
      vertex 30.421526590177933 29.921526590177933 12
    endloop
  endfacet
  facet normal 0.7329996781371403 0.5325554391808717 0.42319756148838755
    outer loop
      vertex 30.07603508736541 30.39705484832551 12
      vertex 30.171526590177933 29.921526590177933 12.433012701892219
      vertex 30.421526590177933 29.921526590177933 12
    endloop
  endfacet
  facet normal 0.2995598218394395 0.21764295024806396 -0.9289216648064799
    outer loop
      vertex 19.67623327814301 19.83674315862306 18.006644972956824
      vertex 29.66288209041829 29.823391970898342 23.56698729810778
      vertex 29.835627841824554 29.585627841824554 23.56698729810778
    endloop
  endfacet
  facet normal 0.4879291464714207 0.3545012755648463 0.7976553100472458
    outer loop
      vertex 24.18898717380447 24.349497054284523 30.21417600225566
      vertex 24.361732925210735 24.111732925210735 30.21417600225566
      vertex 29.835627841824554 29.585627841824554 24.43301270189222
    endloop
  endfacet
  facet normal 0.018379564223022782 0.7172715434079279 0.6965513079710501
    outer loop
      vertex 24.10051006310537 24.421529824065473 30.14233508451461
      vertex 24.18898717380447 24.349497054284523 30.21417600225566
      vertex 29.66288209041829 29.823391970898342 24.43301270189222
    endloop
  endfacet
  facet normal 0.7239025320061261 0.004709315239519488 0.6898861837325737
    outer loop
      vertex 24.44255875095245 23.94255875095245 30.13051970249228
      vertex 29.835627841824554 29.585627841824554 24.43301270189222
      vertex 24.361732925210735 24.111732925210735 30.21417600225566
    endloop
  endfacet
  facet normal -0.09650479790120702 0.9627926483885474 -0.2524225429533072
    outer loop
      vertex 22.66190073437056 24.31582258969559 30.28914667258418
      vertex 24.56678148662543 25.890487795705102 35.56698729810778
      vertex 24.10051006310537 24.421529824065473 30.14233508451461
    endloop
  endfacet
  facet normal -0.09650479790122948 0.9627926483885482 -0.2524225429532957
    outer loop
      vertex 22.66190073437056 24.31582258969559 30.28914667258418
      vertex 24.545702012936886 25.887641325592536 35.56418925106414
      vertex 24.56678148662543 25.890487795705102 35.56698729810778
    endloop
  endfacet
  facet normal 0.7493295046014266 0.544419752582145 -0.37697801863262076
    outer loop
      vertex 24.10051006310537 24.421529824065473 30.14233508451461
      vertex 25.80734073480807 26.12836049576817 36
      vertex 24.18898717380447 24.349497054284523 30.21417600225566
    endloop
  endfacet
  facet normal 0.7493295046014506 0.5444197525821135 -0.37697801863261876
    outer loop
      vertex 24.44255875095245 23.94255875095245 30.13051970249228
      vertex 24.361732925210735 24.111732925210735 30.21417600225566
      vertex 26.152832237620594 25.652832237620594 36
    endloop
  endfacet
  facet normal 0.7493295046014347 0.5444197525821345 -0.37697801863261987
    outer loop
      vertex 24.18898717380447 24.349497054284523 30.21417600225566
      vertex 25.80734073480807 26.12836049576817 36
      vertex 24.361732925210735 24.111732925210735 30.21417600225566
    endloop
  endfacet
  facet normal 0.8329830360454062 0.010504551250293327 0.553198803382299
    outer loop
      vertex 25.902832237620594 25.652832237620594 36.43301270189222
      vertex 22.257290201956295 22.007290201956295 41.99153784194483
      vertex 25.902464362381277 25.647616611886505 36.433665670841805
    endloop
  endfacet
  facet normal 0.5965419784390645 0.4334131170764402 0.6754929591832104
    outer loop
      vertex 25.902832237620594 25.652832237620594 36.43301270189222
      vertex 25.73008648621433 25.890596366694382 36.43301270189222
      vertex 22.257290201956295 22.007290201956295 41.99153784194483
    endloop
  endfacet
  facet normal -0.0965047979012084 0.9627926483885473 -0.25242254295330696
    outer loop
      vertex 24.10051006310537 24.421529824065473 30.14233508451461
      vertex 24.56678148662543 25.890487795705102 35.56698729810778
      vertex 25.80734073480807 26.12836049576817 36
    endloop
  endfacet
  facet normal 0.95959948753704 0.0058245539980939075 -0.28130925702751663
    outer loop
      vertex 24.44255875095245 23.94255875095245 30.13051970249228
      vertex 26.152832237620594 25.652832237620594 36
      vertex 26.1520106288877 25.6499197229668 35.99713703193979
    endloop
  endfacet
  facet normal 0.7493295046014375 0.5444197525821309 -0.37697801863261937
    outer loop
      vertex 24.361732925210735 24.111732925210735 30.21417600225566
      vertex 25.80734073480807 26.12836049576817 36
      vertex 26.152832237620594 25.652832237620594 36
    endloop
  endfacet
  facet normal 0.8660134391829916 0.005256507642249704 0.49999309223413646
    outer loop
      vertex 26.15286129909573 25.648044338554733 36
      vertex 25.902832237620594 25.652832237620594 36.43301270189222
      vertex 25.90286129909573 25.648044338554733 36.43301270189222
    endloop
  endfacet
  facet normal 0.9595994875369956 0.005824553998253766 -0.2813092570276648
    outer loop
      vertex 26.152832237620594 25.652832237620594 36
      vertex 26.15286129909573 25.648044338554733 36
      vertex 26.1520106288877 25.6499197229668 35.99713703193979
    endloop
  endfacet
  facet normal 0.8660134391829916 0.005256507642247277 0.49999309223413646
    outer loop
      vertex 26.152832237620594 25.652832237620594 36
      vertex 25.902832237620594 25.652832237620594 36.43301270189222
      vertex 26.15286129909573 25.648044338554733 36
    endloop
  endfacet
  facet normal 0.8529817764731419 0.005177408367887126 0.5219150155411465
    outer loop
      vertex 25.902832237620594 25.652832237620594 36.43301270189222
      vertex 25.902464362381277 25.647616611886505 36.433665670841805
      vertex 25.90286129909573 25.648044338554733 36.43301270189222
    endloop
  endfacet
  facet normal 0.7329996781371357 0.5325554391808738 0.42319756148839266
    outer loop
      vertex 25.902832237620594 25.652832237620594 36.43301270189222
      vertex 25.80734073480807 26.12836049576817 36
      vertex 25.73008648621433 25.890596366694382 36.43301270189222
    endloop
  endfacet
  facet normal 0.7329996781371398 0.5325554391808713 0.423197561488389
    outer loop
      vertex 26.152832237620594 25.652832237620594 36
      vertex 25.80734073480807 26.12836049576817 36
      vertex 25.902832237620594 25.652832237620594 36.43301270189222
    endloop
  endfacet
  facet normal 0.4879291464714209 0.3545012755648457 0.7976553100472459
    outer loop
      vertex 24.18898717380447 24.349497054284523 30.21417600225566
      vertex 29.835627841824554 29.585627841824554 24.43301270189222
      vertex 29.66288209041829 29.823391970898342 24.43301270189222
    endloop
  endfacet
  facet normal 0.7329996781371368 0.5325554391808747 -0.42319756148838983
    outer loop
      vertex 29.835627841824554 29.585627841824554 23.56698729810778
      vertex 29.66288209041829 29.823391970898342 23.56698729810778
      vertex 29.74013633901203 30.06115609997213 24
    endloop
  endfacet
  facet normal 0.732999678137141 0.5325554391808721 -0.42319756148838616
    outer loop
      vertex 29.835627841824554 29.585627841824554 23.56698729810778
      vertex 29.74013633901203 30.06115609997213 24
      vertex 30.085627841824554 29.585627841824554 24
    endloop
  endfacet
  facet normal 0.7329996781371368 0.5325554391808747 0.42319756148838983
    outer loop
      vertex 29.835627841824554 29.585627841824554 24.43301270189222
      vertex 29.74013633901203 30.06115609997213 24
      vertex 29.66288209041829 29.823391970898342 24.43301270189222
    endloop
  endfacet
  facet normal 0.732999678137141 0.5325554391808721 0.42319756148838616
    outer loop
      vertex 30.085627841824554 29.585627841824554 24
      vertex 29.74013633901203 30.06115609997213 24
      vertex 29.835627841824554 29.585627841824554 24.43301270189222
    endloop
  endfacet
  facet normal 0.8329830360452273 0.010504551250866688 0.5531988033825578
    outer loop
      vertex 25.902464362381277 25.647616611886505 36.433665670841805
      vertex 22.257296989038036 22.006940253998614 41.991534267320866
      vertex 22.324464409208186 18.543728463883753 41.95615849334028
    endloop
  endfacet
  facet normal -0.0000780447742067687 0.8362259258032714 0.5483850790489061
    outer loop
      vertex 25.73008648621433 25.890596366694382 36.43301270189222
      vertex 20.521289713008414 22.29627052428002 41.91321639571939
      vertex 22.08454445055003 22.245054331030083 41.99153784194483
    endloop
  endfacet
  facet normal 0.5965419784390646 0.43341311707643976 0.6754929591832105
    outer loop
      vertex 25.73008648621433 25.890596366694382 36.43301270189222
      vertex 22.08454445055003 22.245054331030083 41.99153784194483
      vertex 22.257290201956295 22.007290201956295 41.99153784194483
    endloop
  endfacet
  facet normal 0.8329830360478657 0.010504551241415064 0.553198803378764
    outer loop
      vertex 25.902464362381277 25.647616611886505 36.433665670841805
      vertex 22.257290201956295 22.007290201956295 41.99153784194483
      vertex 22.257296989038036 22.006940253998614 41.991534267320866
    endloop
  endfacet
  facet normal 0.055904433707203084 0.8067106567581191 -0.588296362868887
    outer loop
      vertex 20.521289713008414 22.29627052428002 41.91321639571939
      vertex 25.69474441060279 25.855254291082844 47.285150316365105
      vertex 22.08454445055003 22.245054331030083 41.99153784194483
    endloop
  endfacet
  facet normal 0.5857735884663534 0.425589423803119 -0.6897412162559088
    outer loop
      vertex 22.08454445055003 22.245054331030083 41.99153784194483
      vertex 25.69474441060279 25.855254291082844 47.285150316365105
      vertex 22.257290201956295 22.007290201956295 41.99153784194483
    endloop
  endfacet
  facet normal 0.07004154194432118 0.6805241331022237 -0.7293703357468885
    outer loop
      vertex 17.110971043025653 20.900055538955755 65.84227598811152
      vertex 21.63721173733618 26.019337691898265 71.0533734791898
      vertex 20.52048953046307 20.680999410943123 65.9653066984836
    endloop
  endfacet
  facet normal 0.5292889807140643 0.38455095409338014 0.7562894542439011
    outer loop
      vertex 20.52048953046307 20.680999410943123 65.9653066984836
      vertex 25.271734697393917 25.021734697393917 60.43301270189222
      vertex 25.098988945987653 25.259498826467706 60.43301270189222
    endloop
  endfacet
  facet normal 0.5292889807140648 0.3845509540933798 0.7562894542439009
    outer loop
      vertex 20.693235281869335 20.443235281869335 65.9653066984836
      vertex 25.271734697393917 25.021734697393917 60.43301270189222
      vertex 20.52048953046307 20.680999410943123 65.9653066984836
    endloop
  endfacet
  facet normal 0.47985886023123203 0.34863786939817265 -0.8051006833179847
    outer loop
      vertex 20.693235281869335 20.443235281869335 65.9653066984836
      vertex 20.52048953046307 20.680999410943123 65.9653066984836
      vertex 25.58664740697909 25.33664740697909 71.0009202886674
    endloop
  endfacet
  facet normal 0.05590443370720447 0.8067106567581185 -0.5882963628688876
    outer loop
      vertex 20.521289713008414 22.29627052428002 41.91321639571939
      vertex 23.659244781848752 26.009820599580962 47.30367301151035
      vertex 25.69474441060279 25.855254291082844 47.285150316365105
    endloop
  endfacet
  facet normal 0.07004154194432166 0.6805241331022236 -0.7293703357468886
    outer loop
      vertex 20.52048953046307 20.680999410943123 65.9653066984836
      vertex 21.63721173733618 26.019337691898265 71.0533734791898
      vertex 25.413901655572825 25.574411536052878 71.0009202886674
    endloop
  endfacet
  facet normal 0.8190014295647056 0.021741077135995778 -0.5733794415009449
    outer loop
      vertex 24.401747258055863 0.060187413431792944 44.2224509988593
      vertex 22.257290201956295 22.007290201956295 41.99153784194483
      vertex 25.867490162009055 25.617490162009055 47.285150316365105
    endloop
  endfacet
  facet normal 0.8984817723010073 -0.023914511299029644 -0.4383589864393903
    outer loop
      vertex 25.255080401362044 19.604668846038095 54
      vertex 25.395915281452723 24.895915281452723 54
      vertex 25.54136390134034 20.109571632272235 54.55923571921257
    endloop
  endfacet
  facet normal 0.9888470450541107 -0.02631972574290152 0.1465905642412632
    outer loop
      vertex 25.255080401362044 19.604668846038095 54
      vertex 26.152481274999086 22.314590433676155 48.43301270189222
      vertex 25.395915281452723 24.895915281452723 54
    endloop
  endfacet
  facet normal 0.99937991844015 0.0278525660675826 -0.021540965206097464
    outer loop
      vertex 25.54136390134034 20.109571632272235 54.55923571921257
      vertex 25.395915281452723 24.895915281452723 54
      vertex 25.521734697393917 25.021734697393917 60
    endloop
  endfacet
  facet normal 0.7229685818188768 -0.012120239783675667 -0.6907745865985433
    outer loop
      vertex 22.422344801676612 0.8842588288069081 68.11818170392044
      vertex 25.58664740697909 25.33664740697909 71.0009202886674
      vertex 26.136729163255993 25.886729163255993 71.56698729810778
    endloop
  endfacet
  facet normal 0.5857735884663541 0.42558942380311865 -0.6897412162559087
    outer loop
      vertex 22.257290201956295 22.007290201956295 41.99153784194483
      vertex 25.69474441060279 25.855254291082844 47.285150316365105
      vertex 25.867490162009055 25.617490162009055 47.285150316365105
    endloop
  endfacet
  facet normal 0.04278649544627834 0.8725086124994407 -0.48672172431660227
    outer loop
      vertex 23.659244781848752 26.009820599580962 47.30367301151035
      vertex 23.73649903044249 26.24758472865475 47.736685713402565
      vertex 25.88695490299253 26.047464783472584 47.56698729810778
    endloop
  endfacet
  facet normal 0.055904433707204694 0.8067106567581225 -0.5882963628688822
    outer loop
      vertex 23.659244781848752 26.009820599580962 47.30367301151035
      vertex 25.88695490299253 26.047464783472584 47.56698729810778
      vertex 25.69474441060279 25.855254291082844 47.285150316365105
    endloop
  endfacet
  facet normal 0.042786495446278355 0.8725086124994408 -0.4867217243166023
    outer loop
      vertex 23.73649903044249 26.24758472865475 47.736685713402565
      vertex 25.96420915158627 26.285228912546373 48
      vertex 25.88695490299253 26.047464783472584 47.56698729810778
    endloop
  endfacet
  facet normal 0.5857735884663573 0.42558942380312176 -0.6897412162559038
    outer loop
      vertex 25.867490162009055 25.617490162009055 47.285150316365105
      vertex 25.69474441060279 25.855254291082844 47.285150316365105
      vertex 25.88695490299253 26.047464783472584 47.56698729810778
    endloop
  endfacet
  facet normal 0.5857735884663572 0.4255894238031218 -0.6897412162559038
    outer loop
      vertex 25.867490162009055 25.617490162009055 47.285150316365105
      vertex 25.88695490299253 26.047464783472584 47.56698729810778
      vertex 26.059700654398796 25.809700654398796 47.56698729810778
    endloop
  endfacet
  facet normal 0.7329996781371357 0.5325554391808738 -0.42319756148839266
    outer loop
      vertex 25.88695490299253 26.047464783472584 47.56698729810778
      vertex 25.96420915158627 26.285228912546373 48
      vertex 26.059700654398796 25.809700654398796 47.56698729810778
    endloop
  endfacet
  facet normal 0.7329996781371398 0.5325554391808713 -0.423197561488389
    outer loop
      vertex 26.059700654398796 25.809700654398796 47.56698729810778
      vertex 25.96420915158627 26.285228912546373 48
      vertex 26.309700654398796 25.809700654398796 48
    endloop
  endfacet
  facet normal 0.7913101782507133 0.5749204973426437 0.2080736012379068
    outer loop
      vertex 26.309700654398796 25.809700654398796 48
      vertex 25.050423778640198 25.3714435396003 54
      vertex 25.395915281452723 24.895915281452723 54
    endloop
  endfacet
  facet normal -0.1180512767997253 0.9928380465182723 -0.01834419340651293
    outer loop
      vertex 23.65250819175576 25.210458511524834 54.28312278341803
      vertex 23.650590554398246 25.30785793471566 59.56698729810778
      vertex 25.050423778640198 25.3714435396003 54
    endloop
  endfacet
  facet normal -0.11805127679972169 0.9928380465182728 -0.018344193406512017
    outer loop
      vertex 23.650590554398246 25.30785793471566 59.56698729810778
      vertex 25.176243194581392 25.497262955541494 60
      vertex 25.050423778640198 25.3714435396003 54
    endloop
  endfacet
  facet normal 0.8086701689038991 0.5875332688379586 -0.029278250178628028
    outer loop
      vertex 25.050423778640198 25.3714435396003 54
      vertex 25.521734697393917 25.021734697393917 60
      vertex 25.395915281452723 24.895915281452723 54
    endloop
  endfacet
  facet normal 0.8086701689038991 0.5875332688379586 -0.029278250178628028
    outer loop
      vertex 25.050423778640198 25.3714435396003 54
      vertex 25.176243194581392 25.497262955541494 60
      vertex 25.521734697393917 25.021734697393917 60
    endloop
  endfacet
  facet normal 0.9888470450541108 -0.026319725742900955 0.14659056424126296
    outer loop
      vertex 26.152481274999086 22.314590433676155 48.43301270189222
      vertex 26.309700654398796 25.809700654398796 48
      vertex 25.395915281452723 24.895915281452723 54
    endloop
  endfacet
  facet normal 0.7913101782507133 0.5749204973426437 0.2080736012379068
    outer loop
      vertex 25.96420915158627 26.285228912546373 48
      vertex 25.050423778640198 25.3714435396003 54
      vertex 26.309700654398796 25.809700654398796 48
    endloop
  endfacet
  facet normal 0.7329996781371357 0.5325554391808738 0.42319756148839266
    outer loop
      vertex 25.098988945987653 25.259498826467706 60.43301270189222
      vertex 25.271734697393917 25.021734697393917 60.43301270189222
      vertex 25.176243194581392 25.497262955541494 60
    endloop
  endfacet
  facet normal 0.7329996781371398 0.5325554391808713 0.423197561488389
    outer loop
      vertex 25.176243194581392 25.497262955541494 60
      vertex 25.271734697393917 25.021734697393917 60.43301270189222
      vertex 25.521734697393917 25.021734697393917 60
    endloop
  endfacet
  facet normal 0.4798588602312323 0.3486378693981729 -0.8051006833179843
    outer loop
      vertex 20.52048953046307 20.680999410943123 65.9653066984836
      vertex 25.413901655572825 25.574411536052878 71.0009202886674
      vertex 25.58664740697909 25.33664740697909 71.0009202886674
    endloop
  endfacet
  facet normal 0.4798588602312319 0.3486378693981726 -0.8051006833179846
    outer loop
      vertex 25.413901655572825 25.574411536052878 71.0009202886674
      vertex 25.96398341184973 26.12449329232978 71.56698729810778
      vertex 25.58664740697909 25.33664740697909 71.0009202886674
    endloop
  endfacet
  facet normal 0.9706177091340196 -0.10966886479536676 0.21418217201700826
    outer loop
      vertex 24.76278120439587 22.75218575062941 77.75431100665678
      vertex 26.109820487583786 24.281634921179915 72.43301270189222
      vertex 24.907004918567864 24.407004918567864 77.94805284868885
    endloop
  endfacet
  facet normal 0.7641938862399484 0.5552193579950364 0.32823645248671607
    outer loop
      vertex 24.657236473747183 24.817746354227236 77.83478061027824
      vertex 24.829982225153447 24.579982225153447 77.83478061027826
      vertex 26.041237660443468 26.36225742140357 72
    endloop
  endfacet
  facet normal 0.7641938862400018 0.5552193579949666 0.3282364524867102
    outer loop
      vertex 24.563744533016266 24.884764293976367 77.93908441864032
      vertex 24.657236473747183 24.817746354227236 77.83478061027824
      vertex 26.041237660443468 26.36225742140357 72
    endloop
  endfacet
  facet normal 0.764193886239969 0.5552193579950099 0.3282364524867135
    outer loop
      vertex 24.907004918567864 24.407004918567864 77.94805284868885
      vertex 26.386729163255993 25.886729163255993 72
      vertex 24.829982225153447 24.579982225153447 77.83478061027826
    endloop
  endfacet
  facet normal 0.07004154194432166 0.6805241331022237 -0.7293703357468885
    outer loop
      vertex 21.63721173733618 26.019337691898265 71.0533734791898
      vertex 25.96398341184973 26.12449329232978 71.56698729810778
      vertex 25.413901655572825 25.574411536052878 71.0009202886674
    endloop
  endfacet
  facet normal 0.9706177091340196 -0.10966886479536644 0.2141821720170083
    outer loop
      vertex 24.907004918567864 24.407004918567864 77.94805284868885
      vertex 26.109820487583786 24.281634921179915 72.43301270189222
      vertex 26.386729163255993 25.886729163255993 72
    endloop
  endfacet
  facet normal 0.7641938862399613 0.5552193579950203 0.3282364524867138
    outer loop
      vertex 24.829982225153447 24.579982225153447 77.83478061027826
      vertex 26.386729163255993 25.886729163255993 72
      vertex 26.041237660443468 26.36225742140357 72
    endloop
  endfacet
  facet normal 0.4798588602312319 0.34863786939817265 -0.8051006833179847
    outer loop
      vertex 25.58664740697909 25.33664740697909 71.0009202886674
      vertex 25.96398341184973 26.12449329232978 71.56698729810778
      vertex 26.136729163255993 25.886729163255993 71.56698729810778
    endloop
  endfacet
  facet normal 0.732999678137138 0.5325554391808754 -0.423197561488387
    outer loop
      vertex 26.136729163255993 25.886729163255993 71.56698729810778
      vertex 25.96398341184973 26.12449329232978 71.56698729810778
      vertex 26.041237660443468 26.36225742140357 72
    endloop
  endfacet
  facet normal 0.7329996781371418 0.5325554391808728 -0.4231975614883832
    outer loop
      vertex 26.136729163255993 25.886729163255993 71.56698729810778
      vertex 26.041237660443468 26.36225742140357 72
      vertex 26.386729163255993 25.886729163255993 72
    endloop
  endfacet
  facet normal 0 0 1
    outer loop
      vertex 5.5 10.25 156.4330127018922
      vertex 0 5.226251859505506 156.4330127018922
      vertex 3.6955181300451474 3.6955181300451474 156.4330127018922
    endloop
  endfacet
  facet normal -0.03776942815536466 0.6325782558467156 0.7735749611555068
    outer loop
      vertex -24.375240687333232 25.624387397859753 84.4390986015037
      vertex 16.399787918530745 21.568702732745965 89.74638962221029
      vertex 21.47544381331807 21.635953693798122 89.93921272598594
    endloop
  endfacet
  facet normal -0.01637676992239595 0.4512121015883606 0.8922664628837754
    outer loop
      vertex -28.851617060694497 29.16663543836202 96.43301270189222
      vertex 14.60327232934276 19.940498776879515 101.896173585871
      vertex 19.64335489637267 19.803864776852723 102.05777462422519
    endloop
  endfacet
  facet normal 0.041351951102777854 0.5073094816171424 -0.8607712274474209
    outer loop
      vertex -19.293081482178827 22.703467765569386 101.896173585871
      vertex 19.64335489637267 19.803864776852723 102.05777462422519
      vertex 14.60327232934276 19.940498776879515 101.896173585871
    endloop
  endfacet
  facet normal -0.016376769922396433 0.45121210158835795 0.8922664628837768
    outer loop
      vertex -28.851617060694497 29.16663543836202 96.43301270189222
      vertex 19.64335489637267 19.803864776852723 102.05777462422519
      vertex 30.74655049309304 30.907060373573092 96.64676576007064
    endloop
  endfacet
  facet normal 0.0024815259337206087 0.5809335384538241 0.8139472132322585
    outer loop
      vertex -28.374044512233286 28.68906288990081 108.43301270189222
      vertex 15.40061114406997 20.881473961155145 113.87201691242088
      vertex 28.286520741031726 28.44703062151178 108.43301270189222
    endloop
  endfacet
  facet normal 0.04135195110277949 0.5073094816171652 -0.8607712274474074
    outer loop
      vertex -19.293081482178827 22.703467765569386 101.896173585871
      vertex 28.286520741031726 28.44703062151178 107.56698729810778
      vertex 19.64335489637267 19.803864776852723 102.05777462422519
    endloop
  endfacet
  facet normal -0.03776942815536588 0.6325782558467089 0.7735749611555123
    outer loop
      vertex -24.375240687333232 25.624387397859753 84.4390986015037
      vertex 21.47544381331807 21.635953693798122 89.93921272598594
      vertex 28.16059153303458 28.321101413514633 84.79894180489978
    endloop
  endfacet
  facet normal -0.026956655999645116 0.8298369419431159 -0.5573544549779922
    outer loop
      vertex -17.950702852905135 23.63243211836613 78.13073235351894
      vertex 28.636498376487896 28.79700825696795 83.56698729810778
      vertex 21.723995299064445 24.921236142284496 78.13073235351894
    endloop
  endfacet
  facet normal -0.037769428155365194 0.6325782558466951 0.7735749611555236
    outer loop
      vertex -24.42199763542264 25.629038073624734 84.43301270189222
      vertex 28.16059153303458 28.321101413514633 84.79894180489978
      vertex 28.636498376487896 28.79700825696795 84.43301270189222
    endloop
  endfacet
  facet normal 0.026917833733997965 0.48099372460397 -0.8763107137988609
    outer loop
      vertex -21.51524479884618 23.690540283840356 89.7463896222103
      vertex 31.18516408141561 31.345673961895663 95.56698729810778
      vertex 16.399787918530745 21.568702732745965 89.74638962221029
    endloop
  endfacet
  facet normal -0.05249836766327066 0.8792647247563071 0.4734315844891506
    outer loop
      vertex -25.186506210354967 25.81654296569002 84
      vertex 28.636498376487896 28.79700825696795 84.43301270189222
      vertex 28.713752625081636 29.034772386041737 84
    endloop
  endfacet
  facet normal -0.01637676992239639 0.45121210158835645 0.8922664628837775
    outer loop
      vertex -28.851617060694497 29.16663543836202 96.43301270189222
      vertex 30.74655049309304 30.907060373573092 96.64676576007064
      vertex 31.18516408141561 31.345673961895663 96.43301270189222
    endloop
  endfacet
  facet normal -0.031885024537142544 0.8784949045980845 -0.47668652991821386
    outer loop
      vertex -28.774362812100758 29.40439956743581 96
      vertex 31.26241833000935 31.58343809096945 96
      vertex 31.18516408141561 31.345673961895663 95.56698729810778
    endloop
  endfacet
  facet normal -0.031885024537142544 0.8784949045980845 0.47668652991821386
    outer loop
      vertex -28.774362812100758 29.40439956743581 96
      vertex 31.18516408141561 31.345673961895663 96.43301270189222
      vertex 31.26241833000935 31.58343809096945 96
    endloop
  endfacet
  facet normal -0.04199428575011017 0.8789202519348727 -0.4751164811949573
    outer loop
      vertex -21.336738753180384 23.486261922305605 78.1596141417804
      vertex 28.713752625081636 29.034772386041737 84
      vertex 28.636498376487896 28.79700825696795 83.56698729810778
    endloop
  endfacet
  facet normal 0.03122113446577714 0.5023494065731529 -0.8641008705459514
    outer loop
      vertex -19.745736552946212 23.065827785547903 113.87201691242088
      vertex 29.632478206451008 29.79298808693106 119.56698729810778
      vertex 15.40061114406997 20.881473961155145 113.87201691242088
    endloop
  endfacet
  facet normal 0.003743062499066686 0.8762634767134551 -0.48181771331197043
    outer loop
      vertex -28.296790263639547 28.9268270189746 108
      vertex 28.363774989625465 28.684794750585567 108
      vertex 28.286520741031726 28.44703062151178 107.56698729810778
    endloop
  endfacet
  facet normal 0.003743062499066686 0.8762634767134551 0.48181771331197043
    outer loop
      vertex -28.296790263639547 28.9268270189746 108
      vertex 28.286520741031726 28.44703062151178 108.43301270189222
      vertex 28.363774989625465 28.684794750585567 108
    endloop
  endfacet
  facet normal 0.02355469945991157 0.8686755344533379 -0.49482117171313617
    outer loop
      vertex -19.523842859369744 24.36818199008619 126.0893246600491
      vertex 23.0870372411353 23.24754712161535 126.15039395724419
      vertex 19.786222736351036 23.30226411381112 126.0893246600491
    endloop
  endfacet
  facet normal 0 0 1
    outer loop
      vertex -24.922745751406264 25.23776412907379 156.4330127018922
      vertex 5.5 13.75 156.4330127018922
      vertex 25.077254248593736 25.23776412907379 156.4330127018922
    endloop
  endfacet
  facet normal -0.01282352950363923 0.9751597142977401 0.22113138334894783
    outer loop
      vertex -24.48446130915292 25.8041573118621 132.0839851222486
      vertex 24.250944167705654 25.11816044307292 137.93533195952725
      vertex 0.6967151112549783 26.144762232956083 132.04223329743232
    endloop
  endfacet
  facet normal -0.012823529503638832 0.9751597142977094 0.22113138334908278
    outer loop
      vertex -25.183966756468642 25.81400351180369 132
      vertex 0.6967151112549783 26.144762232956083 132.04223329743232
      vertex 26.168275172130034 26.489294933090136 132
    endloop
  endfacet
  facet normal -0.002973579907015012 0.6595426425322021 0.7516612671304651
    outer loop
      vertex -29.212663541258024 29.527681918925545 120.43301270189222
      vertex 19.786222736351036 23.30226411381112 126.0893246600491
      vertex 29.601825137405353 29.762335017885405 120.45978787002974
    endloop
  endfacet
  facet normal -0.044621228070843705 0.8790157221791531 0.47470022768828724
    outer loop
      vertex -24.56171555774666 25.56639318278831 132.51699782414082
      vertex 21.568075932700772 24.91707279218705 138.05550534040887
      vertex 24.250944167705654 25.11816044307292 137.93533195952725
    endloop
  endfacet
  facet normal -0.0015044994906257354 0.6458804247784917 0.7634371050513838
    outer loop
      vertex -29.852066808938886 30.167085186606407 144.4330127018922
      vertex 20.965640705016455 23.471246211606733 150.19794933828277
      vertex 23.17625351137567 23.49727327233577 150.18028645143977
    endloop
  endfacet
  facet normal -0.0015044994906328833 0.6458804247784578 0.7634371050514126
    outer loop
      vertex -29.852066808938886 30.167085186606407 144.4330127018922
      vertex 23.17625351137567 23.49727327233577 150.18028645143977
      vertex 30.146334246580043 30.306844127060096 144.4330127018922
    endloop
  endfacet
  facet normal 0 0 1
    outer loop
      vertex 25.077254248593736 25.23776412907379 156.4330127018922
      vertex 5.5 13.75 156.4330127018922
      vertex 5.5 10.25 156.4330127018922
    endloop
  endfacet
  facet normal 0.023554699459910573 0.8686755344532959 -0.4948211717132099
    outer loop
      vertex -19.523842859369744 24.36818199008619 126.0893246600491
      vertex 26.091020923536295 26.251530804016348 131.5669872981078
      vertex 23.0870372411353 23.24754712161535 126.15039395724419
    endloop
  endfacet
  facet normal 0.022032578614950237 0.8746751296753099 -0.4842086151722786
    outer loop
      vertex -19.523842859369744 24.36818199008619 126.0893246600491
      vertex 26.168275172130034 26.489294933090136 132
      vertex 26.091020923536295 26.251530804016348 131.5669872981078
    endloop
  endfacet
  facet normal -0.00395328481861401 0.8768420548578086 -0.4807622930013111
    outer loop
      vertex -29.212663541258024 29.527681918925545 119.56698729810778
      vertex 29.709732455044747 30.03075221600485 120
      vertex 29.632478206451008 29.79298808693106 119.56698729810778
    endloop
  endfacet
  facet normal -0.00395328481861401 0.8768420548578086 0.48076229300131107
    outer loop
      vertex -29.135409292664285 29.765446047999333 120
      vertex 29.632478206451008 29.79298808693106 120.43301270189222
      vertex 29.709732455044747 30.03075221600485 120
    endloop
  endfacet
  facet normal -0.002973579907014182 0.6595426425319707 0.7516612671306682
    outer loop
      vertex -29.212663541258024 29.527681918925545 120.43301270189222
      vertex 29.601825137405353 29.762335017885405 120.45978787002974
      vertex 29.632478206451008 29.79298808693106 120.43301270189222
    endloop
  endfacet
  facet normal -0.01370069096825222 0.9481159750034768 -0.3176293264328707
    outer loop
      vertex -20.591118274504673 22.870732848862822 150.19794933828277
      vertex 25.154508497187475 25.475528258147577 156
      vertex 20.965640705016455 23.471246211606733 150.19794933828277
    endloop
  endfacet
  facet normal 0 0.8765515079563075 0.4813080654835563
    outer loop
      vertex -24.922745751406264 25.23776412907379 156.4330127018922
      vertex 25.077254248593736 25.23776412907379 156.4330127018922
      vertex 25.154508497187475 25.475528258147577 156
    endloop
  endfacet
  facet normal -0.002042173276737957 0.8767033499598433 -0.48102709455652937
    outer loop
      vertex -29.774812560345147 30.404849315680195 144
      vertex 30.223588495173782 30.544608256133884 144
      vertex 30.146334246580043 30.306844127060096 143.5669872981078
    endloop
  endfacet
  facet normal -0.002042173276737957 0.8767033499598433 0.48102709455652937
    outer loop
      vertex -29.774812560345147 30.404849315680195 144
      vertex 30.146334246580043 30.306844127060096 144.4330127018922
      vertex 30.223588495173782 30.544608256133884 144
    endloop
  endfacet
  facet normal -0.08615109044387506 0.7760209677686285 -0.6247955243107721
    outer loop
      vertex -15.562209380519215 20.796864658962143 138.05782076236125
      vertex 30.146334246580043 30.306844127060096 143.5669872981078
      vertex 21.568075932700772 24.91707279218705 138.05550534040887
    endloop
  endfacet
  facet normal 0.6484550652600145 0.0006716277069677264 -0.7612526369444336
    outer loop
      vertex 21.578878242885832 -16.21658218883418 90.0223765810103
      vertex 21.544405398383034 17.066872915608194 90.0223765810103
      vertex 23.967096977042555 0.4673801030259619 92.07144396120496
    endloop
  endfacet
  facet normal 0.6091538434266447 0.0006309220499143854 0.7930518248991762
    outer loop
      vertex 21.578878242885832 -16.21658218883418 90.0223765810103
      vertex 21.641748652146013 21.12938524832959 89.94437392868932
      vertex 21.544405398383034 17.066872915608194 90.0223765810103
    endloop
  endfacet
  facet normal 0.5436419171076506 -0.00868402407472246 -0.8392723358299068
    outer loop
      vertex 27.52555999683281 -27.06984101789555 107.53415303482815
      vertex 19.796670849367946 14.73636389861235 102.09516260427357
      vertex 19.813220026419305 18.850053957703345 102.06331768811306
    endloop
  endfacet
  facet normal 0.5227155033145038 -0.028884212699222683 -0.8520177256673779
    outer loop
      vertex 23.967096977042555 0.4673801030259619 92.07144396120496
      vertex 21.544405398383034 17.066872915608194 90.0223765810103
      vertex 21.641748652146013 21.12938524832959 89.94437392868932
    endloop
  endfacet
  facet normal 0.5227155033143842 -0.028884212699243364 -0.8520177256674505
    outer loop
      vertex 23.967096977042555 0.4673801030259619 92.07144396120496
      vertex 21.641748652146013 21.12938524832959 89.94437392868932
      vertex 21.648189564724333 21.398189564724333 89.93921272598594
    endloop
  endfacet
  facet normal 0.43384806961004724 0.005229249887951164 0.9009708693632913
    outer loop
      vertex 19.796670849367946 14.73636389861235 102.09516260427357
      vertex 24.238495530943162 0.8583380320069662 100.03682147305553
      vertex 19.813220026419305 18.850053957703345 102.06331768811306
    endloop
  endfacet
  facet normal 0.5424509383691375 -0.023918634874235376 -0.8397469132829218
    outer loop
      vertex 23.218985280132728 -0.494768417860978 116.16839599601047
      vertex 20.671869360186115 16.04882954161385 114.05182292870346
      vertex 20.71365225655608 18.875530409000497 113.99830007093394
    endloop
  endfacet
  facet normal 0.5424509383691167 -0.02391863487423976 -0.8397469132829353
    outer loop
      vertex 23.218985280132728 -0.494768417860978 116.16839599601047
      vertex 20.71365225655608 18.875530409000497 113.99830007093394
      vertex 20.737479288903135 20.487479288903135 113.9677782312776
    endloop
  endfacet
  facet normal 0.5779896308884809 0.006907475557026438 0.8160148732509884
    outer loop
      vertex 24.009648666312643 0.845101043304832 111.81634597116954
      vertex 20.71365225655608 18.875530409000497 113.99830007093394
      vertex 20.671869360186115 16.04882954161385 114.05182292870346
    endloop
  endfacet
  facet normal 0.5234118869732898 -0.059139645737532026 -0.8500249989718532
    outer loop
      vertex 20.393381039379978 -15.918928301393986 77.75431100665676
      vertex 24.76278120439587 22.75218575062941 77.75431100665678
      vertex 26.35956708652658 0.6648283791390899 80.27425477828399
    endloop
  endfacet
  facet normal 0.5227155033145039 -0.028884212699223335 -0.8520177256673777
    outer loop
      vertex 28.100012998744724 -27.850012998744724 95.56698729810778
      vertex 23.967096977042555 0.4673801030259619 92.07144396120496
      vertex 31.237500524518502 28.928871309288233 95.56698729810778
    endloop
  endfacet
  facet normal 0.8660121039507227 -0.005542058684510327 -0.4999923213374184
    outer loop
      vertex 28.696037769121276 -28.196037769121276 84
      vertex 28.788649015855377 25.341014707542442 83.56698729810778
      vertex 29.038649015855377 25.341014707542442 84
    endloop
  endfacet
  facet normal 0.8660121039507227 -0.005542058684510327 0.4999923213374184
    outer loop
      vertex 28.446037769121276 -28.196037769121276 84.43301270189222
      vertex 29.038649015855377 25.341014707542442 84
      vertex 28.788649015855377 25.341014707542442 84.43301270189222
    endloop
  endfacet
  facet normal 0.5514607432499619 -0.030472617135520328 0.8336440896804294
    outer loop
      vertex 27.46757513794028 -27.21757513794028 96.87449209835027
      vertex 31.237500524518502 28.928871309288233 96.43301270189222
      vertex 24.238495530943162 0.8583380320069662 100.03682147305553
    endloop
  endfacet
  facet normal 0.6445895904514841 -0.010296541428547867 0.7644594437353746
    outer loop
      vertex 27.575562496876824 -27.112843415242683 108.43301270189222
      vertex 28.45926649243799 28.20926649243799 108.43301270189222
      vertex 24.009648666312643 0.845101043304832 111.81634597116954
    endloop
  endfacet
  facet normal 0.543641917107664 -0.008684024074719309 -0.8392723358298981
    outer loop
      vertex 27.52555999683281 -27.06984101789555 107.53415303482815
      vertex 19.813220026419305 18.850053957703345 102.06331768811306
      vertex 28.45926649243799 28.20926649243799 107.56698729810778
    endloop
  endfacet
  facet normal 0.6275248408400103 -0.004015855526794005 0.7785861847175992
    outer loop
      vertex 21.58012567306281 -17.420973265063456 90.0223765810103
      vertex 28.788649015855377 25.341014707542442 84.43301270189222
      vertex 28.25145150307384 25.011449703210747 84.86428325980174
    endloop
  endfacet
  facet normal 0.6091538434266505 0.0006309220499143664 0.7930518248991719
    outer loop
      vertex 21.578878242885832 -16.21658218883418 90.0223765810103
      vertex 28.25145150307384 25.011449703210747 84.86428325980174
      vertex 21.641748652146013 21.12938524832959 89.94437392868932
    endloop
  endfacet
  facet normal 0.8650354679181181 -0.04780012892153647 -0.49942846026109394
    outer loop
      vertex 28.100012998744724 -27.850012998744724 95.56698729810778
      vertex 31.237500524518502 28.928871309288233 95.56698729810778
      vertex 31.487500524518502 28.928871309288233 96
    endloop
  endfacet
  facet normal 0.8650354679181181 -0.04780012892153647 0.49942846026109394
    outer loop
      vertex 28.350012998744724 -27.850012998744724 96
      vertex 31.487500524518502 28.928871309288233 96
      vertex 31.237500524518502 28.928871309288233 96.43301270189222
    endloop
  endfacet
  facet normal 0.8659425493536387 -0.013832388028353038 -0.4999521639720686
    outer loop
      vertex 27.575562496876824 -27.112843415242683 107.56698729810778
      vertex 28.45926649243799 28.20926649243799 107.56698729810778
      vertex 28.70926649243799 28.20926649243799 108
    endloop
  endfacet
  facet normal 0.8659425493536387 -0.013832388028353038 0.4999521639720686
    outer loop
      vertex 27.575562496876824 -27.112843415242683 108.43301270189222
      vertex 28.70926649243799 28.20926649243799 108
      vertex 28.45926649243799 28.20926649243799 108.43301270189222
    endloop
  endfacet
  facet normal 0 0 1
    outer loop
      vertex 25.25 -25 156.4330127018922
      vertex 25.077254248593736 25.23776412907379 156.4330127018922
      vertex 5.5 10.25 156.4330127018922
    endloop
  endfacet
  facet normal 0.6206613127707917 -0.010381011400850045 -0.7840100569711672
    outer loop
      vertex 22.771056661863838 -18.009584475639677 125.97507617676314
      vertex 23.392477142619185 19.143987221302776 125.97507617676315
      vertex 25.938333564005447 -0.6218054439021052 128.25221980745198
    endloop
  endfacet
  facet normal 0.5424509383691377 -0.023918634874236372 -0.8397469132829217
    outer loop
      vertex 27.30890126020239 -27.05890126020239 119.56698729810778
      vertex 23.218985280132728 -0.494768417860978 116.16839599601047
      vertex 29.793525643938807 29.289917789851756 119.56698729810778
    endloop
  endfacet
  facet normal 0.9757276690683624 -0.034906423955755224 0.21618755140165102
    outer loop
      vertex 24.707041295864073 -1.8567146625940396 135.6542950795914
      vertex 24.81543434357159 -0.13440116280456305 135.44317149602438
      vertex 24.95892322746602 19.711818797339802 138
    endloop
  endfacet
  facet normal 0.8648190684885174 0.05276335570145202 0.49930352199215966
    outer loop
      vertex 29.73966850968502 -26.860456025047892 132
      vertex 26.448906193248032 25.338475253656114 132.183702334921
      vertex 26.36088123428307 24.42200812151103 132.4330127018922
    endloop
  endfacet
  facet normal 0.9796472515351661 0.016634746136787584 -0.2000363661451577
    outer loop
      vertex 24.21838247291965 -19.35575598240908 150.19284331173114
      vertex 23.526013380881896 21.418985783122313 150.19284331173114
      vertex 24.412700504168406 0.5682279455122278 152.80133670703873
    endloop
  endfacet
  facet normal 0.9467949365340891 0 -0.3218374561069769
    outer loop
      vertex 25.5 -25 156
      vertex 24.412700504168406 0.5682279455122278 152.80133670703873
      vertex 25.5 25 156
    endloop
  endfacet
  facet normal 0.9312836216493393 -0.03331644879086121 -0.36276828732354194
    outer loop
      vertex 25.576511778182613 -23.64143156114841 143.5669872981078
      vertex 24.95892322746602 19.711818797339802 138
      vertex 25.08831244142069 20.206739397429246 138.28670934748186
    endloop
  endfacet
  facet normal 0.6640973202775448 -0.011107510185062019 0.7475636243275035
    outer loop
      vertex 22.771056661863838 -18.009584475639677 125.97507617676314
      vertex 29.760217279137738 29.250890273223156 120.46847245992197
      vertex 23.392477142619185 19.143987221302776 125.97507617676315
    endloop
  endfacet
  facet normal 0.8648190684885099 0.0527633557014514 -0.49930352199217315
    outer loop
      vertex 29.73966850968502 -26.860456025047892 132
      vertex 26.304966785765448 25.338475253656114 131.5669872981078
      vertex 26.554966785765448 25.338475253656114 132
    endloop
  endfacet
  facet normal 0.864819068488497 0.05276335570145062 0.4993035219921952
    outer loop
      vertex 29.73966850968502 -26.860456025047892 132
      vertex 26.554966785765448 25.338475253656114 132
      vertex 26.448906193248032 25.338475253656114 132.183702334921
    endloop
  endfacet
  facet normal 0.7462964551815453 -0.03290692513699426 0.6647997708043287
    outer loop
      vertex 22.754818497310925 -18.505022030904545 125.96878128606001
      vertex 29.793525643938807 29.289917789851756 120.43301270189222
      vertex 29.760217279137738 29.250890273223156 120.46847245992197
    endloop
  endfacet
  facet normal 0.860673680518758 0.05251044201356189 -0.5064419701622638
    outer loop
      vertex 25.938333564005447 -0.6218054439021052 128.25221980745198
      vertex 23.392477142619185 19.143987221302776 125.97507617676315
      vertex 26.26376667494256 26.01376667494256 131.5669872981078
    endloop
  endfacet
  facet normal 0.9757276690683652 -0.03490642395575362 0.21618755140163845
    outer loop
      vertex 24.81543434357159 -0.13440116280456305 135.44317149602438
      vertex 26.36088123428307 24.42200812151103 132.4330127018922
      vertex 24.95892322746602 19.711818797339802 138
    endloop
  endfacet
  facet normal 0.8653946801522976 -0.03815839905983106 -0.49963585154119317
    outer loop
      vertex 27.30890126020239 -27.05890126020239 119.56698729810778
      vertex 29.793525643938807 29.289917789851756 119.56698729810778
      vertex 30.043525643938807 29.289917789851756 120
    endloop
  endfacet
  facet normal 0.8653946801522976 -0.03815839905983106 0.49963585154119317
    outer loop
      vertex 27.30890126020239 -27.05890126020239 120.43301270189222
      vertex 30.043525643938807 29.289917789851756 120
      vertex 29.793525643938807 29.289917789851756 120.43301270189222
    endloop
  endfacet
  facet normal 0.769326292948105 -0.0679305097211375 -0.6352342094281078
    outer loop
      vertex 25.576511778182613 -23.64143156114841 143.5669872981078
      vertex 25.08831244142069 20.206739397429246 138.28670934748186
      vertex 30.319079997986307 30.069079997986307 143.5669872981078
    endloop
  endfacet
  facet normal 0 0 1
    outer loop
      vertex 25.25 -25 156.4330127018922
      vertex 25.25 25 156.4330127018922
      vertex 25.077254248593736 25.23776412907379 156.4330127018922
    endloop
  endfacet
  facet normal 0.8660254037844338 0 0.5000000000000082
    outer loop
      vertex 25.25 -25 156.4330127018922
      vertex 25.5 25 156
      vertex 25.25 25 156.4330127018922
    endloop
  endfacet
  facet normal 0.6386104455251665 0.01084382426936317 0.769453774012035
    outer loop
      vertex 24.21838247291965 -19.35575598240908 150.19284331173114
      vertex 30.319079997986307 30.069079997986307 144.4330127018922
      vertex 23.526013380881896 21.418985783122313 150.19284331173114
    endloop
  endfacet
  facet normal 0.946794936534089 -9.671362388998094e-18 -0.32183745610697684
    outer loop
      vertex 24.412700504168406 0.5682279455122278 152.80133670703873
      vertex 23.526013380881896 21.418985783122313 150.19284331173114
      vertex 25.5 25 156
    endloop
  endfacet
  facet normal 0.8651154293245632 -0.04583003301430517 0.4994746260006452
    outer loop
      vertex 24.571165798331386 -21.04795249992519 149.69837321608023
      vertex 30.569079997986307 30.069079997986307 144
      vertex 30.319079997986307 30.069079997986307 144.4330127018922
    endloop
  endfacet
  facet normal 0.8635044149046214 -0.07624631523529683 -0.49854450639162323
    outer loop
      vertex 25.576511778182613 -23.64143156114841 143.5669872981078
      vertex 30.319079997986307 30.069079997986307 143.5669872981078
      vertex 30.569079997986307 30.069079997986307 144
    endloop
  endfacet
  facet normal 0.4338480696100448 0.005229249887939701 0.9009708693632926
    outer loop
      vertex 19.813220026419305 18.850053957703345 102.06331768811306
      vertex 30.715888475752458 28.380034994409534 96.75800041854615
      vertex 19.815545152353923 19.428019098427807 102.05884354174188
    endloop
  endfacet
  facet normal 0.2665073462524856 0.19362892107828217 0.944183072987182
    outer loop
      vertex 19.64335489637267 19.803864776852723 102.05777462422519
      vertex 19.816100647778935 19.566100647778935 102.05777462422519
      vertex 30.919296244499304 30.669296244499304 96.64676576007064
    endloop
  endfacet
  facet normal 0.43384806961004124 0.005229249887944584 0.9009708693632943
    outer loop
      vertex 19.815545152353923 19.428019098427807 102.05884354174188
      vertex 30.919296244499304 30.669296244499304 96.64676576007064
      vertex 19.816100647778935 19.566100647778935 102.05777462422519
    endloop
  endfacet
  facet normal 0.5436419171076615 -0.008684024074715947 -0.8392723358298999
    outer loop
      vertex 19.813220026419305 18.850053957703345 102.06331768811306
      vertex 19.815545152353923 19.428019098427807 102.05884354174188
      vertex 28.45926649243799 28.20926649243799 107.56698729810778
    endloop
  endfacet
  facet normal 0.5436419171076649 -0.00868402407472072 -0.8392723358298977
    outer loop
      vertex 19.815545152353923 19.428019098427807 102.05884354174188
      vertex 19.816100647778935 19.566100647778935 102.05777462422519
      vertex 28.45926649243799 28.20926649243799 107.56698729810778
    endloop
  endfacet
  facet normal 0.3358635392576681 0.2440191448770955 -0.9097529004794455
    outer loop
      vertex 19.64335489637267 19.803864776852723 102.05777462422519
      vertex 28.45926649243799 28.20926649243799 107.56698729810778
      vertex 19.816100647778935 19.566100647778935 102.05777462422519
    endloop
  endfacet
  facet normal 0.0024815259337222987 0.5809335384538221 0.8139472132322599
    outer loop
      vertex 15.40061114406997 20.881473961155145 113.87201691242088
      vertex 20.56473353749687 20.725243417976923 113.9677782312776
      vertex 28.286520741031726 28.44703062151178 108.43301270189222
    endloop
  endfacet
  facet normal 0.5779896308884684 0.0069074755570282835 0.8160148732509973
    outer loop
      vertex 20.71365225655608 18.875530409000497 113.99830007093394
      vertex 28.45926649243799 28.20926649243799 108.43301270189222
      vertex 20.737479288903135 20.487479288903135 113.9677782312776
    endloop
  endfacet
  facet normal 0.36935712723909053 0.2683536609610883 0.8896974908397053
    outer loop
      vertex 20.737479288903135 20.487479288903135 113.9677782312776
      vertex 28.45926649243799 28.20926649243799 108.43301270189222
      vertex 20.56473353749687 20.725243417976923 113.9677782312776
    endloop
  endfacet
  facet normal 0.3271060365195657 0.23765644669874067 -0.9146152492797117
    outer loop
      vertex 20.737479288903135 20.487479288903135 113.9677782312776
      vertex 20.56473353749687 20.725243417976923 113.9677782312776
      vertex 29.805223957857272 29.555223957857272 119.56698729810778
    endloop
  endfacet
  facet normal 0.02691783373399963 0.48099372460396805 -0.8763107137988619
    outer loop
      vertex 16.399787918530745 21.568702732745965 89.74638962221029
      vertex 31.18516408141561 31.345673961895663 95.56698729810778
      vertex 21.47544381331807 21.635953693798122 89.93921272598594
    endloop
  endfacet
  facet normal 0.031221134465776793 0.5023494065731532 -0.8641008705459512
    outer loop
      vertex 15.40061114406997 20.881473961155145 113.87201691242088
      vertex 29.632478206451008 29.79298808693106 119.56698729810778
      vertex 20.56473353749687 20.725243417976923 113.9677782312776
    endloop
  endfacet
  facet normal 0.8231644109985478 -0.005267854169637395 -0.567778655972432
    outer loop
      vertex 24.76278120439587 22.75218575062941 77.75431100665678
      vertex 24.907004918567864 24.407004918567864 77.94805284868885
      vertex 26.35956708652658 0.6648283791390899 80.27425477828399
    endloop
  endfacet
  facet normal 0.8231644109985431 -0.00526785416963835 -0.5677786559724389
    outer loop
      vertex 24.907004918567864 24.407004918567864 77.94805284868885
      vertex 28.80924412789416 28.55924412789416 83.56698729810778
      vertex 26.35956708652658 0.6648283791390899 80.27425477828399
    endloop
  endfacet
  facet normal 0.5227155033145029 -0.028884212699223068 -0.8520177256673782
    outer loop
      vertex 23.967096977042555 0.4673801030259619 92.07144396120496
      vertex 21.648189564724333 21.398189564724333 89.93921272598594
      vertex 31.357909832821875 31.107909832821875 95.56698729810778
    endloop
  endfacet
  facet normal 0.6091538434266459 0.000630922049926913 0.7930518248991755
    outer loop
      vertex 21.641748652146013 21.12938524832959 89.94437392868932
      vertex 28.25145150307384 25.011449703210747 84.86428325980174
      vertex 21.648189564724333 21.398189564724333 89.93921272598594
    endloop
  endfacet
  facet normal 0.39014060215070034 0.28345373936410534 0.8760389764125764
    outer loop
      vertex 21.47544381331807 21.635953693798122 89.93921272598594
      vertex 21.648189564724333 21.398189564724333 89.93921272598594
      vertex 28.333337284440844 28.083337284440844 84.79894180489978
    endloop
  endfacet
  facet normal 0.8231644109985458 -0.005267854169638969 -0.567778655972435
    outer loop
      vertex 26.35956708652658 0.6648283791390899 80.27425477828399
      vertex 28.80924412789416 28.55924412789416 83.56698729810778
      vertex 28.788649015855377 25.341014707542442 83.56698729810778
    endloop
  endfacet
  facet normal 0.5227155033145064 -0.028884212699224154 -0.8520177256673761
    outer loop
      vertex 23.967096977042555 0.4673801030259619 92.07144396120496
      vertex 31.357909832821875 31.107909832821875 95.56698729810778
      vertex 31.237500524518502 28.928871309288233 95.56698729810778
    endloop
  endfacet
  facet normal 0.4338480696100385 0.005229249887948533 0.9009708693632956
    outer loop
      vertex 24.238495530943162 0.8583380320069662 100.03682147305553
      vertex 30.715888475752458 28.380034994409534 96.75800041854615
      vertex 19.813220026419305 18.850053957703345 102.06331768811306
    endloop
  endfacet
  facet normal 0.5779896308884719 0.006907475557024008 0.8160148732509948
    outer loop
      vertex 24.009648666312643 0.845101043304832 111.81634597116954
      vertex 28.45926649243799 28.20926649243799 108.43301270189222
      vertex 20.71365225655608 18.875530409000497 113.99830007093394
    endloop
  endfacet
  facet normal 0.5424509383691362 -0.02391863487423596 -0.8397469132829228
    outer loop
      vertex 23.218985280132728 -0.494768417860978 116.16839599601047
      vertex 20.737479288903135 20.487479288903135 113.9677782312776
      vertex 29.805223957857272 29.555223957857272 119.56698729810778
    endloop
  endfacet
  facet normal 0.5514607432499435 -0.03047261713551453 0.8336440896804417
    outer loop
      vertex 24.238495530943162 0.8583380320069662 100.03682147305553
      vertex 31.237500524518502 28.928871309288233 96.43301270189222
      vertex 30.715888475752458 28.380034994409534 96.75800041854615
    endloop
  endfacet
  facet normal -0.026956655999646962 0.8298369419431169 -0.5573544549779906
    outer loop
      vertex 24.286091867111555 24.897260230668074 77.97111821173854
      vertex 21.723995299064445 24.921236142284496 78.13073235351894
      vertex 28.636498376487896 28.79700825696795 83.56698729810778
    endloop
  endfacet
  facet normal 0.6091538434266499 0.0006309220499146726 0.7930518248991723
    outer loop
      vertex 21.648189564724333 21.398189564724333 89.93921272598594
      vertex 28.25145150307384 25.011449703210747 84.86428325980174
      vertex 28.333337284440844 28.083337284440844 84.79894180489978
    endloop
  endfacet
  facet normal -0.0269566559996667 0.8298369419431227 -0.5573544549779808
    outer loop
      vertex 24.563744533016266 24.884764293976367 77.93908441864032
      vertex 28.636498376487896 28.79700825696795 83.56698729810778
      vertex 24.657236473747183 24.817746354227236 77.83478061027824
    endloop
  endfacet
  facet normal 0.5808068596238807 0.42198088407395007 -0.6961289573706967
    outer loop
      vertex 24.657236473747183 24.817746354227236 77.83478061027824
      vertex 28.80924412789416 28.55924412789416 83.56698729810778
      vertex 24.829982225153447 24.579982225153447 77.83478061027826
    endloop
  endfacet
  facet normal -0.026956655999641206 0.8298369419431149 -0.5573544549779937
    outer loop
      vertex 24.286091867111555 24.897260230668074 77.97111821173854
      vertex 28.636498376487896 28.79700825696795 83.56698729810778
      vertex 24.563744533016266 24.884764293976367 77.93908441864032
    endloop
  endfacet
  facet normal 0.8231644109985478 -0.005267854169652089 -0.5677786559724319
    outer loop
      vertex 24.907004918567864 24.407004918567864 77.94805284868885
      vertex 24.829982225153447 24.579982225153447 77.83478061027826
      vertex 28.80924412789416 28.55924412789416 83.56698729810778
    endloop
  endfacet
  facet normal 0.5808068596238597 0.4219808840739754 -0.6961289573706987
    outer loop
      vertex 24.657236473747183 24.817746354227236 77.83478061027824
      vertex 28.636498376487896 28.79700825696795 83.56698729810778
      vertex 28.80924412789416 28.55924412789416 83.56698729810778
    endloop
  endfacet
  facet normal 0.39014060215070145 0.28345373936410373 0.8760389764125764
    outer loop
      vertex 21.47544381331807 21.635953693798122 89.93921272598594
      vertex 28.333337284440844 28.083337284440844 84.79894180489978
      vertex 28.16059153303458 28.321101413514633 84.79894180489978
    endloop
  endfacet
  facet normal 0.3100666074703306 0.22527657684154137 -0.9236390869048349
    outer loop
      vertex 21.47544381331807 21.635953693798122 89.93921272598594
      vertex 31.357909832821875 31.107909832821875 95.56698729810778
      vertex 21.648189564724333 21.398189564724333 89.93921272598594
    endloop
  endfacet
  facet normal 0.6275248408400098 -0.0040158555267931426 0.7785861847175999
    outer loop
      vertex 28.25145150307384 25.011449703210747 84.86428325980174
      vertex 28.788649015855377 25.341014707542442 84.43301270189222
      vertex 28.544471417769124 26.87517893414493 84.63772798376175
    endloop
  endfacet
  facet normal 0.6091538434266525 0.000630922049914776 0.7930518248991704
    outer loop
      vertex 28.25145150307384 25.011449703210747 84.86428325980174
      vertex 28.544471417769124 26.87517893414493 84.63772798376175
      vertex 28.333337284440844 28.083337284440844 84.79894180489978
    endloop
  endfacet
  facet normal 0.8660121039507226 -0.00554205868451066 -0.4999923213374184
    outer loop
      vertex 28.788649015855377 25.341014707542442 83.56698729810778
      vertex 28.80924412789416 28.55924412789416 83.56698729810778
      vertex 29.038649015855377 25.341014707542442 84
    endloop
  endfacet
  facet normal 0.8660121039507226 -0.00554205868451066 0.4999923213374184
    outer loop
      vertex 29.038649015855377 25.341014707542442 84
      vertex 28.80924412789416 28.55924412789416 84.43301270189222
      vertex 28.788649015855377 25.341014707542442 84.43301270189222
    endloop
  endfacet
  facet normal 0.6275248408399957 -0.004015855526796838 0.778586184717611
    outer loop
      vertex 28.788649015855377 25.341014707542442 84.43301270189222
      vertex 28.80924412789416 28.55924412789416 84.43301270189222
      vertex 28.544471417769124 26.87517893414493 84.63772798376175
    endloop
  endfacet
  facet normal 0.8660121039507226 -0.00554205868451066 -0.4999923213374184
    outer loop
      vertex 29.038649015855377 25.341014707542442 84
      vertex 28.80924412789416 28.55924412789416 83.56698729810778
      vertex 29.05924412789416 28.55924412789416 84
    endloop
  endfacet
  facet normal 0.8660121039507226 -0.00554205868451066 0.4999923213374184
    outer loop
      vertex 29.038649015855377 25.341014707542442 84
      vertex 29.05924412789416 28.55924412789416 84
      vertex 28.80924412789416 28.55924412789416 84.43301270189222
    endloop
  endfacet
  facet normal 0.6091538434266385 0.0006309220499108917 0.7930518248991811
    outer loop
      vertex 28.544471417769124 26.87517893414493 84.63772798376175
      vertex 28.80924412789416 28.55924412789416 84.43301270189222
      vertex 28.333337284440844 28.083337284440844 84.79894180489978
    endloop
  endfacet
  facet normal 0.39014060215068935 0.28345373936409735 0.876038976412584
    outer loop
      vertex 28.333337284440844 28.083337284440844 84.79894180489978
      vertex 28.80924412789416 28.55924412789416 84.43301270189222
      vertex 28.16059153303458 28.321101413514633 84.79894180489978
    endloop
  endfacet
  facet normal 0.3901406021506894 0.2834537393640974 0.876038976412584
    outer loop
      vertex 28.16059153303458 28.321101413514633 84.79894180489978
      vertex 28.80924412789416 28.55924412789416 84.43301270189222
      vertex 28.636498376487896 28.79700825696795 84.43301270189222
    endloop
  endfacet
  facet normal 0.732999678137138 0.5325554391808754 -0.423197561488387
    outer loop
      vertex 28.636498376487896 28.79700825696795 83.56698729810778
      vertex 28.713752625081636 29.034772386041737 84
      vertex 28.80924412789416 28.55924412789416 83.56698729810778
    endloop
  endfacet
  facet normal 0.7329996781371418 0.5325554391808728 -0.4231975614883832
    outer loop
      vertex 28.80924412789416 28.55924412789416 83.56698729810778
      vertex 28.713752625081636 29.034772386041737 84
      vertex 29.05924412789416 28.55924412789416 84
    endloop
  endfacet
  facet normal 0.732999678137138 0.5325554391808754 0.423197561488387
    outer loop
      vertex 28.636498376487896 28.79700825696795 84.43301270189222
      vertex 28.80924412789416 28.55924412789416 84.43301270189222
      vertex 28.713752625081636 29.034772386041737 84
    endloop
  endfacet
  facet normal 0.7329996781371418 0.5325554391808728 0.4231975614883832
    outer loop
      vertex 29.05924412789416 28.55924412789416 84
      vertex 28.713752625081636 29.034772386041737 84
      vertex 28.80924412789416 28.55924412789416 84.43301270189222
    endloop
  endfacet
  facet normal 0.31006660747032927 0.22527657684154126 -0.9236390869048352
    outer loop
      vertex 21.47544381331807 21.635953693798122 89.93921272598594
      vertex 31.18516408141561 31.345673961895663 95.56698729810778
      vertex 31.357909832821875 31.107909832821875 95.56698729810778
    endloop
  endfacet
  facet normal 0.5514607432499449 -0.030472617135515086 0.8336440896804407
    outer loop
      vertex 30.715888475752458 28.380034994409534 96.75800041854615
      vertex 31.237500524518502 28.928871309288233 96.43301270189222
      vertex 31.09758418619696 30.001816128302412 96.56478812735355
    endloop
  endfacet
  facet normal 0.43384806961006445 0.005229249887940624 0.9009708693632831
    outer loop
      vertex 30.715888475752458 28.380034994409534 96.75800041854615
      vertex 31.09758418619696 30.001816128302412 96.56478812735355
      vertex 30.919296244499304 30.669296244499304 96.64676576007064
    endloop
  endfacet
  facet normal 0.865035467918118 -0.047800128921537524 -0.49942846026109383
    outer loop
      vertex 31.237500524518502 28.928871309288233 95.56698729810778
      vertex 31.357909832821875 31.107909832821875 95.56698729810778
      vertex 31.487500524518502 28.928871309288233 96
    endloop
  endfacet
  facet normal 0.865035467918118 -0.047800128921537524 0.49942846026109383
    outer loop
      vertex 31.487500524518502 28.928871309288233 96
      vertex 31.357909832821875 31.107909832821875 96.43301270189222
      vertex 31.237500524518502 28.928871309288233 96.43301270189222
    endloop
  endfacet
  facet normal 0.551460743249926 -0.030472617135519034 0.833644089680453
    outer loop
      vertex 31.237500524518502 28.928871309288233 96.43301270189222
      vertex 31.357909832821875 31.107909832821875 96.43301270189222
      vertex 31.09758418619696 30.001816128302412 96.56478812735355
    endloop
  endfacet
  facet normal 0.865035467918118 -0.047800128921537524 -0.49942846026109383
    outer loop
      vertex 31.487500524518502 28.928871309288233 96
      vertex 31.357909832821875 31.107909832821875 95.56698729810778
      vertex 31.607909832821875 31.107909832821875 96
    endloop
  endfacet
  facet normal 0.865035467918118 -0.047800128921537524 0.49942846026109383
    outer loop
      vertex 31.487500524518502 28.928871309288233 96
      vertex 31.607909832821875 31.107909832821875 96
      vertex 31.357909832821875 31.107909832821875 96.43301270189222
    endloop
  endfacet
  facet normal 0.4338480696100471 0.005229249887934999 0.9009708693632914
    outer loop
      vertex 31.09758418619696 30.001816128302412 96.56478812735355
      vertex 31.357909832821875 31.107909832821875 96.43301270189222
      vertex 30.919296244499304 30.669296244499304 96.64676576007064
    endloop
  endfacet
  facet normal 0.26650734625248435 0.19362892107828125 0.9441830729871825
    outer loop
      vertex 30.74655049309304 30.907060373573092 96.64676576007064
      vertex 30.919296244499304 30.669296244499304 96.64676576007064
      vertex 31.18516408141561 31.345673961895663 96.43301270189222
    endloop
  endfacet
  facet normal 0.26650734625248423 0.19362892107828122 0.9441830729871825
    outer loop
      vertex 30.919296244499304 30.669296244499304 96.64676576007064
      vertex 31.357909832821875 31.107909832821875 96.43301270189222
      vertex 31.18516408141561 31.345673961895663 96.43301270189222
    endloop
  endfacet
  facet normal 0.732999678137138 0.5325554391808754 -0.423197561488387
    outer loop
      vertex 31.357909832821875 31.107909832821875 95.56698729810778
      vertex 31.18516408141561 31.345673961895663 95.56698729810778
      vertex 31.26241833000935 31.58343809096945 96
    endloop
  endfacet
  facet normal 0.732999678137138 0.5325554391808754 0.423197561488387
    outer loop
      vertex 31.357909832821875 31.107909832821875 96.43301270189222
      vertex 31.26241833000935 31.58343809096945 96
      vertex 31.18516408141561 31.345673961895663 96.43301270189222
    endloop
  endfacet
  facet normal 0.7329996781371418 0.5325554391808728 -0.4231975614883832
    outer loop
      vertex 31.357909832821875 31.107909832821875 95.56698729810778
      vertex 31.26241833000935 31.58343809096945 96
      vertex 31.607909832821875 31.107909832821875 96
    endloop
  endfacet
  facet normal 0.7329996781371418 0.5325554391808728 0.4231975614883832
    outer loop
      vertex 31.607909832821875 31.107909832821875 96
      vertex 31.26241833000935 31.58343809096945 96
      vertex 31.357909832821875 31.107909832821875 96.43301270189222
    endloop
  endfacet
  facet normal 0.33586353925766704 0.24401914487709675 -0.9097529004794456
    outer loop
      vertex 19.64335489637267 19.803864776852723 102.05777462422519
      vertex 28.286520741031726 28.44703062151178 107.56698729810778
      vertex 28.45926649243799 28.20926649243799 107.56698729810778
    endloop
  endfacet
  facet normal 0.4338480696100425 0.005229249887942827 0.9009708693632937
    outer loop
      vertex 19.815545152353923 19.428019098427807 102.05884354174188
      vertex 30.715888475752458 28.380034994409534 96.75800041854615
      vertex 30.919296244499304 30.669296244499304 96.64676576007064
    endloop
  endfacet
  facet normal 0.26650734625248595 0.19362892107828092 0.9441830729871821
    outer loop
      vertex 19.64335489637267 19.803864776852723 102.05777462422519
      vertex 30.919296244499304 30.669296244499304 96.64676576007064
      vertex 30.74655049309304 30.907060373573092 96.64676576007064
    endloop
  endfacet
  facet normal 0.36935712723908914 0.26835366096108854 0.8896974908397058
    outer loop
      vertex 20.56473353749687 20.725243417976923 113.9677782312776
      vertex 28.45926649243799 28.20926649243799 108.43301270189222
      vertex 28.286520741031726 28.44703062151178 108.43301270189222
    endloop
  endfacet
  facet normal 0.732999678137138 0.5325554391808754 -0.423197561488387
    outer loop
      vertex 28.286520741031726 28.44703062151178 107.56698729810778
      vertex 28.363774989625465 28.684794750585567 108
      vertex 28.45926649243799 28.20926649243799 107.56698729810778
    endloop
  endfacet
  facet normal 0.732999678137138 0.5325554391808754 0.423197561488387
    outer loop
      vertex 28.286520741031726 28.44703062151178 108.43301270189222
      vertex 28.45926649243799 28.20926649243799 108.43301270189222
      vertex 28.363774989625465 28.684794750585567 108
    endloop
  endfacet
  facet normal 0.7329996781371418 0.5325554391808728 -0.4231975614883832
    outer loop
      vertex 28.45926649243799 28.20926649243799 107.56698729810778
      vertex 28.363774989625465 28.684794750585567 108
      vertex 28.70926649243799 28.20926649243799 108
    endloop
  endfacet
  facet normal 0.7329996781371418 0.5325554391808728 0.4231975614883832
    outer loop
      vertex 28.45926649243799 28.20926649243799 108.43301270189222
      vertex 28.70926649243799 28.20926649243799 108
      vertex 28.363774989625465 28.684794750585567 108
    endloop
  endfacet
  facet normal -0.012823529503631506 0.9751597142977471 0.22113138334891733
    outer loop
      vertex 0.6967151112549783 26.144762232956083 132.04223329743232
      vertex 24.250944167705654 25.11816044307292 137.93533195952725
      vertex 24.816749736347038 25.13776949730714 137.88167003627515
    endloop
  endfacet
  facet normal -0.012823529503639462 0.9751597142977396 0.22113138334894977
    outer loop
      vertex 0.6967151112549783 26.144762232956083 132.04223329743232
      vertex 24.816749736347038 25.13776949730714 137.88167003627515
      vertex 26.168275172130034 26.489294933090136 132
    endloop
  endfacet
  facet normal -0.013700690968252454 0.9481159750034768 -0.3176293264328705
    outer loop
      vertex 20.965640705016455 23.471246211606733 150.19794933828277
      vertex 25.154508497187475 25.475528258147577 156
      vertex 23.17625351137567 23.49727327233577 150.18028645143977
    endloop
  endfacet
  facet normal 0.5424509383691513 -0.023918634874243692 -0.8397469132829128
    outer loop
      vertex 23.218985280132728 -0.494768417860978 116.16839599601047
      vertex 29.805223957857272 29.555223957857272 119.56698729810778
      vertex 29.793525643938807 29.289917789851756 119.56698729810778
    endloop
  endfacet
  facet normal 0.8606736805187665 0.052510442013560095 -0.5064419701622498
    outer loop
      vertex 25.938333564005447 -0.6218054439021052 128.25221980745198
      vertex 26.26376667494256 26.01376667494256 131.5669872981078
      vertex 26.304966785765448 25.338475253656114 131.5669872981078
    endloop
  endfacet
  facet normal 0.8606736805187584 0.052510442013561254 -0.5064419701622633
    outer loop
      vertex 23.392477142619185 19.143987221302776 125.97507617676315
      vertex 23.260191552886045 22.99788035138457 126.14985416032965
      vertex 26.26376667494256 26.01376667494256 131.5669872981078
    endloop
  endfacet
  facet normal 0.9757276690683652 -0.034906423955754176 0.21618755140163803
    outer loop
      vertex 24.95892322746602 19.711818797339802 138
      vertex 26.36088123428307 24.42200812151103 132.4330127018922
      vertex 25.061804118451164 22.587614154660084 138
    endloop
  endfacet
  facet normal 0.9312836216493393 -0.03331644879086096 -0.3627682873235421
    outer loop
      vertex 24.95892322746602 19.711818797339802 138
      vertex 25.08142245145282 20.82557157368428 138.21218843078267
      vertex 25.08831244142069 20.206739397429246 138.28670934748186
    endloop
  endfacet
  facet normal 0.9312836216493388 -0.03331644879086062 -0.3627682873235437
    outer loop
      vertex 24.95892322746602 19.711818797339802 138
      vertex 25.061804118451164 22.587614154660084 138
      vertex 25.08142245145282 20.82557157368428 138.21218843078267
    endloop
  endfacet
  facet normal 0.7693262929480916 -0.06793050972112104 -0.6352342094281256
    outer loop
      vertex 25.08831244142069 20.206739397429246 138.28670934748186
      vertex 25.08142245145282 20.82557157368428 138.21218843078267
      vertex 30.319079997986307 30.069079997986307 143.5669872981078
    endloop
  endfacet
  facet normal 0.946794936534088 5.923166027194531e-15 -0.3218374561069801
    outer loop
      vertex 23.526013380881896 21.418985783122313 150.19284331173114
      vertex 23.522392283657616 22.388129808017112 150.18219061593211
      vertex 25.5 25 156
    endloop
  endfacet
  facet normal 0.9467949365340885 1.5777765208316726e-15 -0.32183745610697834
    outer loop
      vertex 23.522392283657616 22.388129808017112 150.18219061593211
      vertex 23.520031255247176 23.020031255247176 150.17524484345722
      vertex 25.5 25 156
    endloop
  endfacet
  facet normal -0.0029735799070170887 0.6595426425322037 0.7516612671304637
    outer loop
      vertex 19.786222736351036 23.30226411381112 126.0893246600491
      vertex 23.0870372411353 23.24754712161535 126.15039395724419
      vertex 29.601825137405353 29.762335017885405 120.45978787002974
    endloop
  endfacet
  facet normal 0.6640973202775423 -0.011107510185059226 0.7475636243275059
    outer loop
      vertex 23.392477142619185 19.143987221302776 125.97507617676315
      vertex 29.760217279137738 29.250890273223156 120.46847245992197
      vertex 23.260191552886045 22.99788035138457 126.14985416032965
    endloop
  endfacet
  facet normal 0.664097320277983 -0.011107510185866292 0.7475636243271023
    outer loop
      vertex 23.260191552886045 22.99788035138457 126.14985416032965
      vertex 29.785811494537928 29.42395751790029 120.44830734863466
      vertex 23.259782992541563 23.009782992541563 126.15039395724419
    endloop
  endfacet
  facet normal 0.428950892813953 0.311651066055208 0.8478648150387921
    outer loop
      vertex 23.0870372411353 23.24754712161535 126.15039395724419
      vertex 23.259782992541563 23.009782992541563 126.15039395724419
      vertex 29.601825137405353 29.762335017885405 120.45978787002974
    endloop
  endfacet
  facet normal 0.3271060365195645 0.23765644669874195 -0.9146152492797117
    outer loop
      vertex 20.56473353749687 20.725243417976923 113.9677782312776
      vertex 29.632478206451008 29.79298808693106 119.56698729810778
      vertex 29.805223957857272 29.555223957857272 119.56698729810778
    endloop
  endfacet
  facet normal 0.6640973202775821 -0.011107510185130712 0.7475636243274695
    outer loop
      vertex 23.260191552886045 22.99788035138457 126.14985416032965
      vertex 29.760217279137738 29.250890273223156 120.46847245992197
      vertex 29.785811494537928 29.42395751790029 120.44830734863466
    endloop
  endfacet
  facet normal 0.664097320277491 -0.011107510184972672 0.7475636243275527
    outer loop
      vertex 23.259782992541563 23.009782992541563 126.15039395724419
      vertex 29.785811494537928 29.42395751790029 120.44830734863466
      vertex 29.774570888811617 29.524570888811617 120.45978787002974
    endloop
  endfacet
  facet normal 0.42895089281395304 0.31165106605520676 0.8478648150387923
    outer loop
      vertex 23.259782992541563 23.009782992541563 126.15039395724419
      vertex 29.774570888811617 29.524570888811617 120.45978787002974
      vertex 29.601825137405353 29.762335017885405 120.45978787002974
    endloop
  endfacet
  facet normal 0.639567171584361 0.464672749672143 -0.6123994356167471
    outer loop
      vertex 23.0870372411353 23.24754712161535 126.15039395724419
      vertex 26.091020923536295 26.251530804016348 131.5669872981078
      vertex 23.259782992541563 23.009782992541563 126.15039395724419
    endloop
  endfacet
  facet normal 0.860673680518686 0.052510442013808334 -0.5064419701623608
    outer loop
      vertex 23.260191552886045 22.99788035138457 126.14985416032965
      vertex 23.259782992541563 23.009782992541563 126.15039395724419
      vertex 26.26376667494256 26.01376667494256 131.5669872981078
    endloop
  endfacet
  facet normal 0.6395671715843613 0.46467274967214345 -0.6123994356167465
    outer loop
      vertex 23.259782992541563 23.009782992541563 126.15039395724419
      vertex 26.091020923536295 26.251530804016348 131.5669872981078
      vertex 26.26376667494256 26.01376667494256 131.5669872981078
    endloop
  endfacet
  facet normal 0.9757276690683648 -0.03490642395575467 0.21618755140163928
    outer loop
      vertex 25.061804118451164 22.587614154660084 138
      vertex 26.51376667494256 26.01376667494256 132
      vertex 25.158921515526334 24.658921515526334 137.89611705925034
    endloop
  endfacet
  facet normal 0.7703111143159814 0.5596637843457675 0.3056096131554853
    outer loop
      vertex 26.51376667494256 26.01376667494256 132
      vertex 25.07990958928295 24.82990958928295 137.7821413661163
      vertex 25.158921515526334 24.658921515526334 137.89611705925034
    endloop
  endfacet
  facet normal 0.770311114315963 0.5596637843457912 0.30560961315548807
    outer loop
      vertex 26.168275172130034 26.489294933090136 132
      vertex 24.816749736347038 25.13776949730714 137.88167003627515
      vertex 24.907163837876684 25.067673718356737 137.7821413661163
    endloop
  endfacet
  facet normal 0.7703111143159834 0.5596637843457648 0.305609613155485
    outer loop
      vertex 26.51376667494256 26.01376667494256 132
      vertex 24.907163837876684 25.067673718356737 137.7821413661163
      vertex 25.07990958928295 24.82990958928295 137.7821413661163
    endloop
  endfacet
  facet normal 0.8648190684885098 0.0527633557014491 -0.49930352199217337
    outer loop
      vertex 26.304966785765448 25.338475253656114 131.5669872981078
      vertex 26.51376667494256 26.01376667494256 132
      vertex 26.554966785765448 25.338475253656114 132
    endloop
  endfacet
  facet normal 0.9757276690683654 -0.03490642395575671 0.21618755140163726
    outer loop
      vertex 25.061804118451164 22.587614154660084 138
      vertex 26.36088123428307 24.42200812151103 132.4330127018922
      vertex 26.448906193248032 25.338475253656114 132.183702334921
    endloop
  endfacet
  facet normal 0.9757276690683658 -0.034906423955766853 0.21618755140163254
    outer loop
      vertex 25.061804118451164 22.587614154660084 138
      vertex 26.448906193248032 25.338475253656114 132.183702334921
      vertex 26.51376667494256 26.01376667494256 132
    endloop
  endfacet
  facet normal 0.8648190684884965 0.0527633557014483 0.49930352199219624
    outer loop
      vertex 26.448906193248032 25.338475253656114 132.183702334921
      vertex 26.554966785765448 25.338475253656114 132
      vertex 26.51376667494256 26.01376667494256 132
    endloop
  endfacet
  facet normal 0.7329996781371335 0.5325554391808722 -0.4231975614883984
    outer loop
      vertex 26.091020923536295 26.251530804016348 131.5669872981078
      vertex 26.168275172130034 26.489294933090136 132
      vertex 26.26376667494256 26.01376667494256 131.5669872981078
    endloop
  endfacet
  facet normal 0.8648190684885098 0.052763355701449105 -0.49930352199217337
    outer loop
      vertex 26.304966785765448 25.338475253656114 131.5669872981078
      vertex 26.26376667494256 26.01376667494256 131.5669872981078
      vertex 26.51376667494256 26.01376667494256 132
    endloop
  endfacet
  facet normal 0.7329996781371376 0.5325554391808698 -0.4231975614883947
    outer loop
      vertex 26.26376667494256 26.01376667494256 131.5669872981078
      vertex 26.168275172130034 26.489294933090136 132
      vertex 26.51376667494256 26.01376667494256 132
    endloop
  endfacet
  facet normal 0.7703111143159861 0.5596637843457609 0.30560961315548535
    outer loop
      vertex 26.168275172130034 26.489294933090136 132
      vertex 24.907163837876684 25.067673718356737 137.7821413661163
      vertex 26.51376667494256 26.01376667494256 132
    endloop
  endfacet
  facet normal 0.8653946801522971 -0.03815839905984046 -0.49963585154119333
    outer loop
      vertex 29.793525643938807 29.289917789851756 119.56698729810778
      vertex 29.805223957857272 29.555223957857272 119.56698729810778
      vertex 30.043525643938807 29.289917789851756 120
    endloop
  endfacet
  facet normal 0.7462964551815764 -0.032906925137057716 0.6647997708042906
    outer loop
      vertex 29.760217279137738 29.250890273223156 120.46847245992197
      vertex 29.793525643938807 29.289917789851756 120.43301270189222
      vertex 29.785811494537928 29.42395751790029 120.44830734863466
    endloop
  endfacet
  facet normal 0.4289508928137608 0.31165106605506837 0.8478648150389405
    outer loop
      vertex 29.601825137405353 29.762335017885405 120.45978787002974
      vertex 29.774570888811617 29.524570888811617 120.45978787002974
      vertex 29.805223957857272 29.555223957857272 120.43301270189222
    endloop
  endfacet
  facet normal 0.746296455181661 -0.03290692513704213 0.6647997708041966
    outer loop
      vertex 29.793525643938807 29.289917789851756 120.43301270189222
      vertex 29.805223957857272 29.555223957857272 120.43301270189222
      vertex 29.785811494537928 29.42395751790029 120.44830734863466
    endloop
  endfacet
  facet normal 0.6640973202772881 -0.011107510185012302 0.7475636243277325
    outer loop
      vertex 29.785811494537928 29.42395751790029 120.44830734863466
      vertex 29.805223957857272 29.555223957857272 120.43301270189222
      vertex 29.774570888811617 29.524570888811617 120.45978787002974
    endloop
  endfacet
  facet normal 0.8653946801522971 -0.03815839905984046 0.49963585154119333
    outer loop
      vertex 29.793525643938807 29.289917789851756 120.43301270189222
      vertex 30.043525643938807 29.289917789851756 120
      vertex 30.055223957857272 29.555223957857272 120
    endloop
  endfacet
  facet normal 0.8653946801522971 -0.03815839905984046 -0.49963585154119333
    outer loop
      vertex 29.805223957857272 29.555223957857272 119.56698729810778
      vertex 30.055223957857272 29.555223957857272 120
      vertex 30.043525643938807 29.289917789851756 120
    endloop
  endfacet
  facet normal 0.8653946801522971 -0.03815839905984046 0.49963585154119333
    outer loop
      vertex 29.793525643938807 29.289917789851756 120.43301270189222
      vertex 30.055223957857272 29.555223957857272 120
      vertex 29.805223957857272 29.555223957857272 120.43301270189222
    endloop
  endfacet
  facet normal 0.732999678137138 0.5325554391808754 -0.423197561488387
    outer loop
      vertex 29.632478206451008 29.79298808693106 119.56698729810778
      vertex 29.709732455044747 30.03075221600485 120
      vertex 29.805223957857272 29.555223957857272 119.56698729810778
    endloop
  endfacet
  facet normal 0.7329996781371418 0.5325554391808728 -0.4231975614883832
    outer loop
      vertex 29.805223957857272 29.555223957857272 119.56698729810778
      vertex 29.709732455044747 30.03075221600485 120
      vertex 30.055223957857272 29.555223957857272 120
    endloop
  endfacet
  facet normal 0.7329996781371418 0.5325554391808728 0.4231975614883832
    outer loop
      vertex 29.805223957857272 29.555223957857272 120.43301270189222
      vertex 30.055223957857272 29.555223957857272 120
      vertex 29.709732455044747 30.03075221600485 120
    endloop
  endfacet
  facet normal 0.4289508928137608 0.31165106605506837 0.8478648150389405
    outer loop
      vertex 29.601825137405353 29.762335017885405 120.45978787002974
      vertex 29.805223957857272 29.555223957857272 120.43301270189222
      vertex 29.632478206451008 29.79298808693106 120.43301270189222
    endloop
  endfacet
  facet normal 0.732999678137138 0.5325554391808754 0.423197561488387
    outer loop
      vertex 29.632478206451008 29.79298808693106 120.43301270189222
      vertex 29.805223957857272 29.555223957857272 120.43301270189222
      vertex 29.709732455044747 30.03075221600485 120
    endloop
  endfacet
  facet normal -0.08615109044387546 0.7760209677686287 -0.6247955243107719
    outer loop
      vertex 21.568075932700772 24.91707279218705 138.05550534040887
      vertex 30.146334246580043 30.306844127060096 143.5669872981078
      vertex 24.250944167705654 25.11816044307292 137.93533195952725
    endloop
  endfacet
  facet normal 0.769326292948105 -0.06793050972113893 -0.6352342094281076
    outer loop
      vertex 25.08142245145282 20.82557157368428 138.21218843078267
      vertex 25.061804118451164 22.587614154660084 138
      vertex 30.319079997986307 30.069079997986307 143.5669872981078
    endloop
  endfacet
  facet normal -0.08615109044389332 0.776020967768636 -0.62479552431076
    outer loop
      vertex 24.250944167705654 25.11816044307292 137.93533195952725
      vertex 30.146334246580043 30.306844127060096 143.5669872981078
      vertex 24.816749736347038 25.13776949730714 137.88167003627515
    endloop
  endfacet
  facet normal -0.08615109044381525 0.7760209677686072 -0.6247955243108069
    outer loop
      vertex 24.816749736347038 25.13776949730714 137.88167003627515
      vertex 30.146334246580043 30.306844127060096 143.5669872981078
      vertex 24.907163837876684 25.067673718356737 137.7821413661163
    endloop
  endfacet
  facet normal 0.7693262929481031 -0.06793050972113569 -0.6352342094281102
    outer loop
      vertex 25.061804118451164 22.587614154660084 138
      vertex 25.158921515526334 24.658921515526334 137.89611705925034
      vertex 30.319079997986307 30.069079997986307 143.5669872981078
    endloop
  endfacet
  facet normal 0.5016985782142205 0.3645053533124573 -0.7844962613195746
    outer loop
      vertex 24.907163837876684 25.067673718356737 137.7821413661163
      vertex 30.319079997986307 30.069079997986307 143.5669872981078
      vertex 25.07990958928295 24.82990958928295 137.7821413661163
    endloop
  endfacet
  facet normal 0.7693262929480963 -0.06793050972111861 -0.6352342094281204
    outer loop
      vertex 25.158921515526334 24.658921515526334 137.89611705925034
      vertex 25.07990958928295 24.82990958928295 137.7821413661163
      vertex 30.319079997986307 30.069079997986307 143.5669872981078
    endloop
  endfacet
  facet normal 0.41840781560195467 0.30399107208464693 0.8558763508451601
    outer loop
      vertex 23.439212428477127 23.189212428477127 150.23993641784344
      vertex 30.319079997986307 30.069079997986307 144.4330127018922
      vertex 23.266466677070863 23.426976557550915 150.23993641784344
    endloop
  endfacet
  facet normal 0.7144477909255184 0.5516666516436456 -0.43038152784004946
    outer loop
      vertex 23.17625351137567 23.49727327233577 150.18028645143977
      vertex 25.077254248593736 25.23776412907379 155.5669872981078
      vertex 23.266466677070863 23.426976557550915 150.23993641784344
    endloop
  endfacet
  facet normal 0.7410054315480015 0.5175724753324973 -0.427819685375219
    outer loop
      vertex 23.439212428477127 23.189212428477127 150.23993641784344
      vertex 25.25 25 155.5669872981078
      vertex 23.520031255247176 23.020031255247176 150.17524484345722
    endloop
  endfacet
  facet normal 0.7308219800426532 0.530973248902076 -0.428913327418151
    outer loop
      vertex 23.439212428477127 23.189212428477127 150.23993641784344
      vertex 23.266466677070863 23.426976557550915 150.23993641784344
      vertex 25.25 25 155.5669872981078
    endloop
  endfacet
  facet normal 0.730821980042653 0.5309732489020762 -0.42891332741815086
    outer loop
      vertex 23.266466677070863 23.426976557550915 150.23993641784344
      vertex 25.077254248593736 25.23776412907379 155.5669872981078
      vertex 25.25 25 155.5669872981078
    endloop
  endfacet
  facet normal 0.7144477909254937 0.5516666516436765 -0.4303815278400508
    outer loop
      vertex 23.17625351137567 23.49727327233577 150.18028645143977
      vertex 25.154508497187475 25.475528258147577 156
      vertex 25.077254248593736 25.23776412907379 155.5669872981078
    endloop
  endfacet
  facet normal 0.7410054315479958 0.5175724753325048 -0.42781968537521997
    outer loop
      vertex 23.520031255247176 23.020031255247176 150.17524484345722
      vertex 25.25 25 155.5669872981078
      vertex 25.5 25 156
    endloop
  endfacet
  facet normal 0.7329996781371335 0.5325554391808722 -0.4231975614883984
    outer loop
      vertex 25.077254248593736 25.23776412907379 155.5669872981078
      vertex 25.154508497187475 25.475528258147577 156
      vertex 25.25 25 155.5669872981078
    endloop
  endfacet
  facet normal 0.7329996781371335 0.5325554391808722 0.4231975614883984
    outer loop
      vertex 25.077254248593736 25.23776412907379 156.4330127018922
      vertex 25.25 25 156.4330127018922
      vertex 25.154508497187475 25.475528258147577 156
    endloop
  endfacet
  facet normal 0.7329996781371376 0.5325554391808697 -0.4231975614883947
    outer loop
      vertex 25.154508497187475 25.475528258147577 156
      vertex 25.5 25 156
      vertex 25.25 25 155.5669872981078
    endloop
  endfacet
  facet normal 0.7329996781371376 0.5325554391808697 0.4231975614883947
    outer loop
      vertex 25.154508497187475 25.475528258147577 156
      vertex 25.25 25 156.4330127018922
      vertex 25.5 25 156
    endloop
  endfacet
  facet normal -0.0015044994907618997 0.6458804247785347 0.7634371050513474
    outer loop
      vertex 23.17625351137567 23.49727327233577 150.18028645143977
      vertex 23.266466677070863 23.426976557550915 150.23993641784344
      vertex 30.146334246580043 30.306844127060096 144.4330127018922
    endloop
  endfacet
  facet normal 0.6386104455251777 0.010843824269348198 0.7694537740120256
    outer loop
      vertex 23.526013380881896 21.418985783122313 150.19284331173114
      vertex 30.319079997986307 30.069079997986307 144.4330127018922
      vertex 23.522392283657616 22.388129808017112 150.18219061593211
    endloop
  endfacet
  facet normal 0.638610445525162 0.01084382426937161 0.7694537740120383
    outer loop
      vertex 23.522392283657616 22.388129808017112 150.18219061593211
      vertex 30.319079997986307 30.069079997986307 144.4330127018922
      vertex 23.520031255247176 23.020031255247176 150.17524484345722
    endloop
  endfacet
  facet normal 0.6386104455251742 0.010843824269352022 0.7694537740120286
    outer loop
      vertex 23.439212428477127 23.189212428477127 150.23993641784344
      vertex 23.520031255247176 23.020031255247176 150.17524484345722
      vertex 30.319079997986307 30.069079997986307 144.4330127018922
    endloop
  endfacet
  facet normal 0.5016985782142207 0.3645053533124572 -0.7844962613195746
    outer loop
      vertex 24.907163837876684 25.067673718356737 137.7821413661163
      vertex 30.146334246580043 30.306844127060096 143.5669872981078
      vertex 30.319079997986307 30.069079997986307 143.5669872981078
    endloop
  endfacet
  facet normal 0.41840781560195395 0.3039910720846466 0.8558763508451607
    outer loop
      vertex 23.266466677070863 23.426976557550915 150.23993641784344
      vertex 30.319079997986307 30.069079997986307 144.4330127018922
      vertex 30.146334246580043 30.306844127060096 144.4330127018922
    endloop
  endfacet
  facet normal 0.7329996781371335 0.5325554391808722 -0.4231975614883984
    outer loop
      vertex 30.319079997986307 30.069079997986307 143.5669872981078
      vertex 30.146334246580043 30.306844127060096 143.5669872981078
      vertex 30.223588495173782 30.544608256133884 144
    endloop
  endfacet
  facet normal 0.7329996781371376 0.5325554391808698 -0.4231975614883947
    outer loop
      vertex 30.319079997986307 30.069079997986307 143.5669872981078
      vertex 30.223588495173782 30.544608256133884 144
      vertex 30.569079997986307 30.069079997986307 144
    endloop
  endfacet
  facet normal 0.7329996781371376 0.5325554391808697 0.4231975614883947
    outer loop
      vertex 30.569079997986307 30.069079997986307 144
      vertex 30.223588495173782 30.544608256133884 144
      vertex 30.319079997986307 30.069079997986307 144.4330127018922
    endloop
  endfacet
  facet normal 0.7329996781371335 0.5325554391808722 0.4231975614883984
    outer loop
      vertex 30.223588495173782 30.544608256133884 144
      vertex 30.146334246580043 30.306844127060096 144.4330127018922
      vertex 30.319079997986307 30.069079997986307 144.4330127018922
    endloop
  endfacet
  facet normal 1 0 0
    outer loop
      vertex -5.5 10.25 -0.4330127018922193
      vertex -5.5 13.75 -0.4330127018922193
      vertex -5.5 13.75 156.4330127018922
    endloop
  endfacet
  facet normal 1 0 0
    outer loop
      vertex -5.5 10.25 -0.4330127018922193
      vertex -5.5 13.75 156.4330127018922
      vertex -5.5 10.25 156.4330127018922
    endloop
  endfacet
  facet normal 0 1 0
    outer loop
      vertex -5.5 10.25 156.4330127018922
      vertex 5.5 10.25 156.4330127018922
      vertex -5.5 10.25 -0.4330127018922193
    endloop
  endfacet
  facet normal 0 -1 0
    outer loop
      vertex 5.5 13.75 156.4330127018922
      vertex -5.5 13.75 156.4330127018922
      vertex -5.5 13.75 -0.4330127018922193
    endloop
  endfacet
  facet normal 0 1 0
    outer loop
      vertex -5.5 10.25 -0.4330127018922193
      vertex 5.5 10.25 156.4330127018922
      vertex 5.5 10.25 -0.4330127018922193
    endloop
  endfacet
  facet normal 0 -1 0
    outer loop
      vertex -5.5 13.75 -0.4330127018922193
      vertex 5.5 13.75 -0.4330127018922193
      vertex 5.5 13.75 156.4330127018922
    endloop
  endfacet
  facet normal -1 0 0
    outer loop
      vertex 5.5 10.25 -0.4330127018922193
      vertex 5.5 10.25 156.4330127018922
      vertex 5.5 13.75 -0.4330127018922193
    endloop
  endfacet
  facet normal -1 0 0
    outer loop
      vertex 5.5 13.75 -0.4330127018922193
      vertex 5.5 10.25 156.4330127018922
      vertex 5.5 13.75 156.4330127018922
    endloop
  endfacet
  facet normal 0.9238795325112867 0.38268343236508967 0
    outer loop
      vertex -3.6955181300451474 -3.6955181300451474 7
      vertex -3.6955181300451474 -3.6955181300451474 -0.4330127018922193
      vertex -5.226251859505506 0 7
    endloop
  endfacet
  facet normal 0.9238795325112867 0.38268343236508967 0
    outer loop
      vertex -5.226251859505506 0 7
      vertex -3.6955181300451474 -3.6955181300451474 -0.4330127018922193
      vertex -5.226251859505506 0 -0.4330127018922193
    endloop
  endfacet
  facet normal 0.38268343236508967 0.9238795325112867 0
    outer loop
      vertex -3.6955181300451474 -3.6955181300451474 7
      vertex 0 -5.226251859505506 -0.4330127018922193
      vertex -3.6955181300451474 -3.6955181300451474 -0.4330127018922193
    endloop
  endfacet
  facet normal 0.38268343236508967 0.9238795325112867 0
    outer loop
      vertex -3.6955181300451474 -3.6955181300451474 7
      vertex 0 -5.226251859505506 7
      vertex 0 -5.226251859505506 -0.4330127018922193
    endloop
  endfacet
  facet normal 0.7339635123329723 0.30401764109530954 -0.60734737709707
    outer loop
      vertex -3.6955181300451474 -3.6955181300451474 7
      vertex -5.226251859505506 0 7
      vertex -0.2613125929752753 0 13
    endloop
  endfacet
  facet normal 0.30401764109530954 0.7339635123329723 -0.60734737709707
    outer loop
      vertex -3.6955181300451474 -3.6955181300451474 7
      vertex 0 -0.2613125929752753 13
      vertex 0 -5.226251859505506 7
    endloop
  endfacet
  facet normal 0.7339635123329717 0.3040176410953096 -0.6073473770970705
    outer loop
      vertex -3.6955181300451474 -3.6955181300451474 7
      vertex -0.2613125929752753 0 13
      vertex -0.18477590650225736 -0.18477590650225736 13
    endloop
  endfacet
  facet normal 0.3040176410953096 0.7339635123329717 -0.6073473770970705
    outer loop
      vertex -3.6955181300451474 -3.6955181300451474 7
      vertex -0.18477590650225736 -0.18477590650225736 13
      vertex 0 -0.2613125929752753 13
    endloop
  endfacet
  facet normal 0 0 -1
    outer loop
      vertex -0.2613125929752753 0 13
      vertex -0.18477590650225736 0.18477590650225736 13
      vertex -0.18477590650225736 -0.18477590650225736 13
    endloop
  endfacet
  facet normal 0 0 -1
    outer loop
      vertex -0.18477590650225736 -0.18477590650225736 13
      vertex -0.18477590650225736 0.18477590650225736 13
      vertex 0 -0.2613125929752753 13
    endloop
  endfacet
  facet normal 0 0 -1
    outer loop
      vertex -0.18477590650225736 0.18477590650225736 13
      vertex 0.18477590650225736 -0.18477590650225736 13
      vertex 0 -0.2613125929752753 13
    endloop
  endfacet
  facet normal 0.9238795325112867 -0.38268343236508967 0
    outer loop
      vertex -5.226251859505506 0 7
      vertex -5.226251859505506 0 -0.4330127018922193
      vertex -3.6955181300451474 3.6955181300451474 7
    endloop
  endfacet
  facet normal 0.9238795325112867 -0.38268343236508967 0
    outer loop
      vertex -3.6955181300451474 3.6955181300451474 7
      vertex -5.226251859505506 0 -0.4330127018922193
      vertex -3.6955181300451474 3.6955181300451474 -0.4330127018922193
    endloop
  endfacet
  facet normal 0.7339635123329723 -0.30401764109530954 -0.60734737709707
    outer loop
      vertex -5.226251859505506 0 7
      vertex -3.6955181300451474 3.6955181300451474 7
      vertex -0.2613125929752753 0 13
    endloop
  endfacet
  facet normal 0.30401764109530954 -0.7339635123329723 -0.60734737709707
    outer loop
      vertex -3.6955181300451474 3.6955181300451474 7
      vertex 0 5.226251859505506 7
      vertex 0 0.2613125929752753 13
    endloop
  endfacet
  facet normal 0.7339635123329717 -0.3040176410953096 -0.6073473770970705
    outer loop
      vertex -3.6955181300451474 3.6955181300451474 7
      vertex -0.18477590650225736 0.18477590650225736 13
      vertex -0.2613125929752753 0 13
    endloop
  endfacet
  facet normal 0.3040176410953096 -0.7339635123329717 -0.6073473770970705
    outer loop
      vertex -3.6955181300451474 3.6955181300451474 7
      vertex 0 0.2613125929752753 13
      vertex -0.18477590650225736 0.18477590650225736 13
    endloop
  endfacet
  facet normal 0 0 -1
    outer loop
      vertex -0.18477590650225736 0.18477590650225736 13
      vertex 0 0.2613125929752753 13
      vertex 0.18477590650225736 0.18477590650225736 13
    endloop
  endfacet
  facet normal 0.38268343236508967 -0.9238795325112867 0
    outer loop
      vertex -3.6955181300451474 3.6955181300451474 7
      vertex -3.6955181300451474 3.6955181300451474 -0.4330127018922193
      vertex 0 5.226251859505506 7
    endloop
  endfacet
  facet normal 0.38268343236508967 -0.9238795325112867 0
    outer loop
      vertex 0 5.226251859505506 7
      vertex -3.6955181300451474 3.6955181300451474 -0.4330127018922193
      vertex 0 5.226251859505506 -0.4330127018922193
    endloop
  endfacet
  facet normal -0.38268343236508967 0.9238795325112867 0
    outer loop
      vertex 0 -5.226251859505506 7
      vertex 3.6955181300451474 -3.6955181300451474 -0.4330127018922193
      vertex 0 -5.226251859505506 -0.4330127018922193
    endloop
  endfacet
  facet normal -0.38268343236508967 0.9238795325112867 0
    outer loop
      vertex 0 -5.226251859505506 7
      vertex 3.6955181300451474 -3.6955181300451474 7
      vertex 3.6955181300451474 -3.6955181300451474 -0.4330127018922193
    endloop
  endfacet
  facet normal -0.30401764109530954 0.7339635123329723 -0.60734737709707
    outer loop
      vertex 0 -5.226251859505506 7
      vertex 0 -0.2613125929752753 13
      vertex 3.6955181300451474 -3.6955181300451474 7
    endloop
  endfacet
  facet normal -0.7339635123329723 0.30401764109530954 -0.60734737709707
    outer loop
      vertex 0.2613125929752753 0 13
      vertex 5.226251859505506 0 7
      vertex 3.6955181300451474 -3.6955181300451474 7
    endloop
  endfacet
  facet normal 0 0 -1
    outer loop
      vertex -0.18477590650225736 0.18477590650225736 13
      vertex 0.2613125929752753 0 13
      vertex 0.18477590650225736 -0.18477590650225736 13
    endloop
  endfacet
  facet normal -0.30401764109530954 0.7339635123329723 -0.60734737709707
    outer loop
      vertex 0 -0.2613125929752753 13
      vertex 0.18477590650225736 -0.18477590650225736 13
      vertex 3.6955181300451474 -3.6955181300451474 7
    endloop
  endfacet
  facet normal -0.7339635123329722 0.3040176410953095 -0.60734737709707
    outer loop
      vertex 0.18477590650225736 -0.18477590650225736 13
      vertex 0.2613125929752753 0 13
      vertex 3.6955181300451474 -3.6955181300451474 7
    endloop
  endfacet
  facet normal -0.9238795325112867 0.38268343236508967 0
    outer loop
      vertex 3.6955181300451474 -3.6955181300451474 7
      vertex 5.226251859505506 0 -0.4330127018922193
      vertex 3.6955181300451474 -3.6955181300451474 -0.4330127018922193
    endloop
  endfacet
  facet normal -0.9238795325112867 0.38268343236508967 0
    outer loop
      vertex 3.6955181300451474 -3.6955181300451474 7
      vertex 5.226251859505506 0 7
      vertex 5.226251859505506 0 -0.4330127018922193
    endloop
  endfacet
  facet normal -0.30401764109530954 -0.7339635123329723 -0.60734737709707
    outer loop
      vertex 0 0.2613125929752753 13
      vertex 0 5.226251859505506 7
      vertex 3.6955181300451474 3.6955181300451474 7
    endloop
  endfacet
  facet normal -0.7339635123329723 -0.30401764109530954 -0.60734737709707
    outer loop
      vertex 0.2613125929752753 0 13
      vertex 3.6955181300451474 3.6955181300451474 7
      vertex 5.226251859505506 0 7
    endloop
  endfacet
  facet normal 0 0 -1
    outer loop
      vertex -0.18477590650225736 0.18477590650225736 13
      vertex 0.18477590650225736 0.18477590650225736 13
      vertex 0.2613125929752753 0 13
    endloop
  endfacet
  facet normal -0.7339635123329723 -0.30401764109530954 -0.60734737709707
    outer loop
      vertex 0.2613125929752753 0 13
      vertex 0.18477590650225736 0.18477590650225736 13
      vertex 3.6955181300451474 3.6955181300451474 7
    endloop
  endfacet
  facet normal -0.30401764109530954 -0.7339635123329723 -0.60734737709707
    outer loop
      vertex 0 0.2613125929752753 13
      vertex 3.6955181300451474 3.6955181300451474 7
      vertex 0.18477590650225736 0.18477590650225736 13
    endloop
  endfacet
  facet normal -0.38268343236508967 -0.9238795325112867 0
    outer loop
      vertex 3.6955181300451474 3.6955181300451474 7
      vertex 0 5.226251859505506 7
      vertex 0 5.226251859505506 -0.4330127018922193
    endloop
  endfacet
  facet normal -0.38268343236508967 -0.9238795325112867 0
    outer loop
      vertex 3.6955181300451474 3.6955181300451474 7
      vertex 0 5.226251859505506 -0.4330127018922193
      vertex 3.6955181300451474 3.6955181300451474 -0.4330127018922193
    endloop
  endfacet
  facet normal -0.9238795325112867 -0.38268343236508967 0
    outer loop
      vertex 5.226251859505506 0 7
      vertex 3.6955181300451474 3.6955181300451474 -0.4330127018922193
      vertex 5.226251859505506 0 -0.4330127018922193
    endloop
  endfacet
  facet normal -0.9238795325112867 -0.38268343236508967 0
    outer loop
      vertex 3.6955181300451474 3.6955181300451474 7
      vertex 3.6955181300451474 3.6955181300451474 -0.4330127018922193
      vertex 5.226251859505506 0 7
    endloop
  endfacet
  facet normal 0.9238795325112867 0.3826834323650897 0
    outer loop
      vertex -3.6955181300451474 -3.6955181300451474 149
      vertex -5.226251859505506 0 156.4330127018922
      vertex -3.6955181300451474 -3.6955181300451474 156.4330127018922
    endloop
  endfacet
  facet normal 0.9238795325112867 0.3826834323650897 0
    outer loop
      vertex -3.6955181300451474 -3.6955181300451474 149
      vertex -5.226251859505506 0 149
      vertex -5.226251859505506 0 156.4330127018922
    endloop
  endfacet
  facet normal 0.3826834323650897 0.9238795325112867 0
    outer loop
      vertex -3.6955181300451474 -3.6955181300451474 149
      vertex -3.6955181300451474 -3.6955181300451474 156.4330127018922
      vertex 0 -5.226251859505506 149
    endloop
  endfacet
  facet normal 0.3826834323650897 0.9238795325112867 0
    outer loop
      vertex 0 -5.226251859505506 149
      vertex -3.6955181300451474 -3.6955181300451474 156.4330127018922
      vertex 0 -5.226251859505506 156.4330127018922
    endloop
  endfacet
  facet normal 0.7339635123329717 0.3040176410953096 0.6073473770970705
    outer loop
      vertex -3.6955181300451474 -3.6955181300451474 149
      vertex -0.18477590650225736 -0.18477590650225736 143
      vertex -0.2613125929752753 0 143
    endloop
  endfacet
  facet normal 0.3040176410953096 0.7339635123329717 0.6073473770970705
    outer loop
      vertex -3.6955181300451474 -3.6955181300451474 149
      vertex 0 -0.2613125929752753 143
      vertex -0.18477590650225736 -0.18477590650225736 143
    endloop
  endfacet
  facet normal 0 0 1
    outer loop
      vertex -0.2613125929752753 0 143
      vertex -0.18477590650225736 -0.18477590650225736 143
      vertex -0.18477590650225736 0.18477590650225736 143
    endloop
  endfacet
  facet normal 0 0 1
    outer loop
      vertex -0.18477590650225736 -0.18477590650225736 143
      vertex 0 -0.2613125929752753 143
      vertex 0.18477590650225736 -0.18477590650225736 143
    endloop
  endfacet
  facet normal 0.7339635123329723 0.30401764109530954 0.60734737709707
    outer loop
      vertex -3.6955181300451474 -3.6955181300451474 149
      vertex -0.2613125929752753 0 143
      vertex -5.226251859505506 0 149
    endloop
  endfacet
  facet normal 0.30401764109530954 0.7339635123329723 0.60734737709707
    outer loop
      vertex -3.6955181300451474 -3.6955181300451474 149
      vertex 0 -5.226251859505506 149
      vertex 0 -0.2613125929752753 143
    endloop
  endfacet
  facet normal 0.9238795325112867 -0.3826834323650897 0
    outer loop
      vertex -5.226251859505506 0 149
      vertex -3.6955181300451474 3.6955181300451474 156.4330127018922
      vertex -5.226251859505506 0 156.4330127018922
    endloop
  endfacet
  facet normal 0.9238795325112867 -0.3826834323650897 0
    outer loop
      vertex -5.226251859505506 0 149
      vertex -3.6955181300451474 3.6955181300451474 149
      vertex -3.6955181300451474 3.6955181300451474 156.4330127018922
    endloop
  endfacet
  facet normal 0.7339635123329717 -0.3040176410953096 0.6073473770970705
    outer loop
      vertex -3.6955181300451474 3.6955181300451474 149
      vertex -0.2613125929752753 0 143
      vertex -0.18477590650225736 0.18477590650225736 143
    endloop
  endfacet
  facet normal 0.3040176410953096 -0.7339635123329717 0.6073473770970705
    outer loop
      vertex -3.6955181300451474 3.6955181300451474 149
      vertex -0.18477590650225736 0.18477590650225736 143
      vertex 0 0.2613125929752753 143
    endloop
  endfacet
  facet normal 0 0 1
    outer loop
      vertex -0.18477590650225736 -0.18477590650225736 143
      vertex 0 0.2613125929752753 143
      vertex -0.18477590650225736 0.18477590650225736 143
    endloop
  endfacet
  facet normal 0 0 1
    outer loop
      vertex -0.18477590650225736 -0.18477590650225736 143
      vertex 0.18477590650225736 0.18477590650225736 143
      vertex 0 0.2613125929752753 143
    endloop
  endfacet
  facet normal 0.7339635123329723 -0.30401764109530954 0.60734737709707
    outer loop
      vertex -5.226251859505506 0 149
      vertex -0.2613125929752753 0 143
      vertex -3.6955181300451474 3.6955181300451474 149
    endloop
  endfacet
  facet normal 0.30401764109530954 -0.7339635123329723 0.60734737709707
    outer loop
      vertex -3.6955181300451474 3.6955181300451474 149
      vertex 0 0.2613125929752753 143
      vertex 0 5.226251859505506 149
    endloop
  endfacet
  facet normal 0.3826834323650897 -0.9238795325112867 0
    outer loop
      vertex -3.6955181300451474 3.6955181300451474 149
      vertex 0 5.226251859505506 156.4330127018922
      vertex -3.6955181300451474 3.6955181300451474 156.4330127018922
    endloop
  endfacet
  facet normal 0.3826834323650897 -0.9238795325112867 0
    outer loop
      vertex -3.6955181300451474 3.6955181300451474 149
      vertex 0 5.226251859505506 149
      vertex 0 5.226251859505506 156.4330127018922
    endloop
  endfacet
  facet normal -0.3826834323650897 0.9238795325112867 0
    outer loop
      vertex 0 -5.226251859505506 149
      vertex 0 -5.226251859505506 156.4330127018922
      vertex 3.6955181300451474 -3.6955181300451474 149
    endloop
  endfacet
  facet normal -0.3826834323650897 0.9238795325112867 0
    outer loop
      vertex 3.6955181300451474 -3.6955181300451474 149
      vertex 0 -5.226251859505506 156.4330127018922
      vertex 3.6955181300451474 -3.6955181300451474 156.4330127018922
    endloop
  endfacet
  facet normal 0 0 1
    outer loop
      vertex -0.18477590650225736 -0.18477590650225736 143
      vertex 0.18477590650225736 -0.18477590650225736 143
      vertex 0.2613125929752753 0 143
    endloop
  endfacet
  facet normal 0 0 1
    outer loop
      vertex -0.18477590650225736 -0.18477590650225736 143
      vertex 0.2613125929752753 0 143
      vertex 0.18477590650225736 0.18477590650225736 143
    endloop
  endfacet
  facet normal -0.30401764109530954 0.7339635123329723 0.60734737709707
    outer loop
      vertex 0 -0.2613125929752753 143
      vertex 3.6955181300451474 -3.6955181300451474 149
      vertex 0.18477590650225736 -0.18477590650225736 143
    endloop
  endfacet
  facet normal -0.7339635123329722 0.3040176410953095 0.60734737709707
    outer loop
      vertex 0.18477590650225736 -0.18477590650225736 143
      vertex 3.6955181300451474 -3.6955181300451474 149
      vertex 0.2613125929752753 0 143
    endloop
  endfacet
  facet normal -0.30401764109530954 0.7339635123329723 0.60734737709707
    outer loop
      vertex 0 -5.226251859505506 149
      vertex 3.6955181300451474 -3.6955181300451474 149
      vertex 0 -0.2613125929752753 143
    endloop
  endfacet
  facet normal -0.7339635123329723 0.30401764109530954 0.60734737709707
    outer loop
      vertex 0.2613125929752753 0 143
      vertex 3.6955181300451474 -3.6955181300451474 149
      vertex 5.226251859505506 0 149
    endloop
  endfacet
  facet normal -0.9238795325112867 0.3826834323650897 0
    outer loop
      vertex 3.6955181300451474 -3.6955181300451474 149
      vertex 3.6955181300451474 -3.6955181300451474 156.4330127018922
      vertex 5.226251859505506 0 149
    endloop
  endfacet
  facet normal -0.9238795325112867 0.3826834323650897 0
    outer loop
      vertex 5.226251859505506 0 149
      vertex 3.6955181300451474 -3.6955181300451474 156.4330127018922
      vertex 5.226251859505506 0 156.4330127018922
    endloop
  endfacet
  facet normal -0.7339635123329723 -0.30401764109530954 0.60734737709707
    outer loop
      vertex 0.2613125929752753 0 143
      vertex 3.6955181300451474 3.6955181300451474 149
      vertex 0.18477590650225736 0.18477590650225736 143
    endloop
  endfacet
  facet normal -0.30401764109530954 -0.7339635123329723 0.60734737709707
    outer loop
      vertex 0 0.2613125929752753 143
      vertex 0.18477590650225736 0.18477590650225736 143
      vertex 3.6955181300451474 3.6955181300451474 149
    endloop
  endfacet
  facet normal -0.30401764109530954 -0.7339635123329723 0.60734737709707
    outer loop
      vertex 0 0.2613125929752753 143
      vertex 3.6955181300451474 3.6955181300451474 149
      vertex 0 5.226251859505506 149
    endloop
  endfacet
  facet normal -0.7339635123329723 -0.30401764109530954 0.60734737709707
    outer loop
      vertex 0.2613125929752753 0 143
      vertex 5.226251859505506 0 149
      vertex 3.6955181300451474 3.6955181300451474 149
    endloop
  endfacet
  facet normal -0.3826834323650897 -0.9238795325112867 0
    outer loop
      vertex 0 5.226251859505506 149
      vertex 3.6955181300451474 3.6955181300451474 156.4330127018922
      vertex 0 5.226251859505506 156.4330127018922
    endloop
  endfacet
  facet normal -0.3826834323650897 -0.9238795325112867 0
    outer loop
      vertex 3.6955181300451474 3.6955181300451474 149
      vertex 3.6955181300451474 3.6955181300451474 156.4330127018922
      vertex 0 5.226251859505506 149
    endloop
  endfacet
  facet normal -0.9238795325112867 -0.3826834323650897 0
    outer loop
      vertex 3.6955181300451474 3.6955181300451474 149
      vertex 5.226251859505506 0 149
      vertex 5.226251859505506 0 156.4330127018922
    endloop
  endfacet
  facet normal -0.9238795325112867 -0.3826834323650897 0
    outer loop
      vertex 3.6955181300451474 3.6955181300451474 149
      vertex 5.226251859505506 0 156.4330127018922
      vertex 3.6955181300451474 3.6955181300451474 156.4330127018922
    endloop
  endfacet
endsolid OpenSCAD_Model
