solid OpenSCAD_Model
  facet normal -0.21234253957313562 -0.6535231382862258 -0.7265109452803544
    outer loop
      vertex -29.382707934063344 -29.327399998542727 11.566987298107781
      vertex -24.538284969594724 -24.482977034074107 5.793337773325452
      vertex -29.103199436875872 -29.418217814543397 11.566987298107781
    endloop
  endfacet
  facet normal -0.27998096330565564 -0.8616928014882811 -0.4231975614883845
    outer loop
      vertex -29.382707934063344 -29.327399998542727 11.566987298107781
      vertex -29.025945188282133 -29.655981943617185 12
      vertex -29.584962182657083 -29.474346311615843 12
    endloop
  endfacet
  facet normal -0.27998096330565364 -0.8616928014882809 -0.42319756148838594
    outer loop
      vertex -29.382707934063344 -29.327399998542727 11.566987298107781
      vertex -29.103199436875872 -29.418217814543397 11.566987298107781
      vertex -29.025945188282133 -29.655981943617185 12
    endloop
  endfacet
  facet normal -0.27998096330565564 -0.8616928014882811 0.4231975614883845
    outer loop
      vertex -29.584962182657083 -29.474346311615843 12
      vertex -29.025945188282133 -29.655981943617185 12
      vertex -29.382707934063344 -29.327399998542727 12.433012701892219
    endloop
  endfacet
  facet normal -0.27998096330565364 -0.8616928014882809 0.42319756148838594
    outer loop
      vertex -29.382707934063344 -29.327399998542727 12.433012701892219
      vertex -29.025945188282133 -29.655981943617185 12
      vertex -29.103199436875872 -29.418217814543397 12.433012701892219
    endloop
  endfacet
  facet normal -0.7599574891012189 -0.014496271072180156 -0.6498111055406585
    outer loop
      vertex -29.382707934063344 -29.327399998542727 11.566987298107781
      vertex -24.574125850620536 -24.463509979579296 5.834819591692023
      vertex -24.538284969594724 -24.482977034074107 5.793337773325452
    endloop
  endfacet
  facet normal -0.21234253957314156 -0.6535231382862222 -0.7265109452803558
    outer loop
      vertex -29.103199436875872 -29.418217814543397 11.566987298107781
      vertex -24.538284969594724 -24.482977034074107 5.793337773325452
      vertex -24.258776472407256 -24.57379485007478 5.793337773325454
    endloop
  endfacet
  facet normal -0.003516939345413067 -0.7646006750256161 -0.6444947159504202
    outer loop
      vertex -29.103199436875872 -29.418217814543397 11.566987298107781
      vertex -24.258776472407256 -24.57379485007478 5.793337773325454
      vertex -24.01001837889754 -24.640055134232593 5.870588664039861
    endloop
  endfacet
  facet normal -0.003516939345417399 -0.7646006750256146 -0.644494715950422
    outer loop
      vertex -29.103199436875872 -29.418217814543397 11.566987298107781
      vertex -24.01001837889754 -24.640055134232593 5.870588664039861
      vertex -22.888710605751825 -24.640800153397862 5.865353664922682
    endloop
  endfacet
  facet normal -0.2799809633056557 -0.8616928014882813 -0.42319756148838406
    outer loop
      vertex -25.404508497187475 -25.293892626146235 0
      vertex -25.202254248593736 -25.14694631307312 -0.4330127018922193
      vertex -24.845491502812525 -25.475528258147577 0
    endloop
  endfacet
  facet normal -0.9060374296629691 0 -0.4231975614883909
    outer loop
      vertex -25.404508497187475 -25.293892626146235 0
      vertex -25.404508497187475 -24.706107373853765 0
      vertex -25.202254248593736 -25.14694631307312 -0.4330127018922193
    endloop
  endfacet
  facet normal -0.2799809633056537 -0.8616928014882811 -0.42319756148838555
    outer loop
      vertex -25.202254248593736 -25.14694631307312 -0.4330127018922193
      vertex -24.922745751406264 -25.23776412907379 -0.4330127018922193
      vertex -24.845491502812525 -25.475528258147577 0
    endloop
  endfacet
  facet normal -0.3041649757445845 -0.9361235384344135 0.17651172289490974
    outer loop
      vertex -25.404508497187475 -25.293892626146235 0
      vertex -24.845491502812525 -25.475528258147577 0
      vertex -24.574125850620536 -24.463509979579296 5.834819591692023
    endloop
  endfacet
  facet normal -0.9900244897633679 0 0.14089538554822573
    outer loop
      vertex -25.404508497187475 -25.293892626146235 0
      vertex -24.574125850620536 -24.463509979579296 5.834819591692023
      vertex -25.404508497187475 -24.706107373853765 0
    endloop
  endfacet
  facet normal -0.3041649757445978 -0.9361235384344092 0.17651172289490963
    outer loop
      vertex -24.845491502812525 -25.475528258147577 0
      vertex -24.258776472407256 -24.57379485007478 5.793337773325454
      vertex -24.538284969594724 -24.482977034074107 5.793337773325452
    endloop
  endfacet
  facet normal -0.3041649757445858 -0.9361235384344131 0.17651172289490966
    outer loop
      vertex -24.845491502812525 -25.475528258147577 0
      vertex -24.538284969594724 -24.482977034074107 5.793337773325452
      vertex -24.574125850620536 -24.463509979579296 5.834819591692023
    endloop
  endfacet
  facet normal -0.9900244897633679 7.706488742296894e-16 0.1408953855482257
    outer loop
      vertex -25.404508497187475 -24.706107373853765 0
      vertex -24.574125850620536 -24.463509979579296 5.834819591692023
      vertex -24.575721349465613 -23.877320226131904 5.82360855788939
    endloop
  endfacet
  facet normal -0.30416497574457335 -0.9361235384344173 0.17651172289490843
    outer loop
      vertex -24.845491502812525 -25.475528258147577 0
      vertex -24.01001837889754 -24.640055134232593 5.870588664039861
      vertex -24.258776472407256 -24.57379485007478 5.793337773325454
    endloop
  endfacet
  facet normal 4.0047228586724174e-16 -0.9900244897633678 0.1408953855482255
    outer loop
      vertex -24.845491502812525 -25.475528258147577 0
      vertex -22.888710605751825 -24.640800153397862 5.865353664922682
      vertex -24.01001837889754 -24.640055134232593 5.870588664039861
    endloop
  endfacet
  facet normal -0.16004546866053232 -0.4925693040960194 0.8554302593570056
    outer loop
      vertex -29.382707934063344 -29.327399998542727 12.433012701892219
      vertex -29.103199436875872 -29.418217814543397 12.433012701892219
      vertex -22.06279634550028 -22.007488409979665 18.017433390445934
    endloop
  endfacet
  facet normal -0.606547866035893 3.48723847623235e-15 0.7950469710698258
    outer loop
      vertex -29.382707934063344 -29.327399998542727 12.433012701892219
      vertex -22.06279634550028 -21.713595783833426 18.017433390445934
      vertex -29.361947992250197 -29.012747430583342 12.448850632057336
    endloop
  endfacet
  facet normal -0.606547866035891 0 0.7950469710698274
    outer loop
      vertex -29.382707934063344 -29.327399998542727 12.433012701892219
      vertex -22.06279634550028 -22.007488409979665 18.017433390445934
      vertex -22.06279634550028 -21.713595783833426 18.017433390445934
    endloop
  endfacet
  facet normal -0.6190084393801112 0.02002711380029205 0.7851289490835434
    outer loop
      vertex -29.361947992250197 -29.012747430583342 12.448850632057336
      vertex -22.06279634550028 -21.713595783833426 18.017433390445934
      vertex -22.050914047222815 -21.0163805623835 18.009016982315774
    endloop
  endfacet
  facet normal -0.16004546866053226 -0.49256930409601846 0.855430259357006
    outer loop
      vertex -29.103199436875872 -29.418217814543397 12.433012701892219
      vertex -21.78328784831281 -22.098306225980334 18.017433390445934
      vertex -22.06279634550028 -22.007488409979665 18.017433390445934
    endloop
  endfacet
  facet normal -0.6372609474922397 0 -0.7706480940100305
    outer loop
      vertex -28.773945300061943 -28.424744738395088 23.56698729810778
      vertex -22.06279634550028 -21.713595783833426 18.017433390445934
      vertex -22.06279634550028 -22.007488409979665 18.017433390445934
    endloop
  endfacet
  facet normal -0.16954307245176498 -0.5217999229269131 -0.8360502299605467
    outer loop
      vertex -28.49443680287447 -28.809455180541995 23.56698729810778
      vertex -22.06279634550028 -22.007488409979665 18.017433390445934
      vertex -21.78328784831281 -22.098306225980334 18.017433390445934
    endloop
  endfacet
  facet normal -0.2799809633056558 -0.8616928014882818 -0.42319756148838306
    outer loop
      vertex -28.976199548655682 -28.865583677614442 24
      vertex -28.773945300061943 -28.718637364541326 23.56698729810778
      vertex -28.417182554280732 -29.047219309615784 24
    endloop
  endfacet
  facet normal -0.2799809633056558 -0.8616928014882818 0.42319756148838306
    outer loop
      vertex -28.976199548655682 -28.865583677614442 24
      vertex -28.417182554280732 -29.047219309615784 24
      vertex -28.773945300061943 -28.718637364541326 24.43301270189222
    endloop
  endfacet
  facet normal -0.2799809633056538 -0.8616928014882814 -0.42319756148838455
    outer loop
      vertex -28.417182554280732 -29.047219309615784 24
      vertex -28.773945300061943 -28.718637364541326 23.56698729810778
      vertex -28.49443680287447 -28.809455180541995 23.56698729810778
    endloop
  endfacet
  facet normal -0.2799809633056538 -0.8616928014882814 0.42319756148838455
    outer loop
      vertex -28.417182554280732 -29.047219309615784 24
      vertex -28.49443680287447 -28.809455180541995 24.43301270189222
      vertex -28.773945300061943 -28.718637364541326 24.43301270189222
    endloop
  endfacet
  facet normal -0.9060374296629695 -2.964137264270489e-16 -0.42319756148839
    outer loop
      vertex -28.976199548655682 -28.865583677614442 24
      vertex -28.841363382926524 -28.571691051468207 23.71132486540519
      vertex -28.773945300061943 -28.718637364541326 23.56698729810778
    endloop
  endfacet
  facet normal -0.9060374296629695 0 -0.4231975614883896
    outer loop
      vertex -28.976199548655682 -28.865583677614442 24
      vertex -28.976199548655682 -28.277798425321972 24
      vertex -28.841363382926524 -28.571691051468207 23.71132486540519
    endloop
  endfacet
  facet normal -0.9060374296629695 0 0.4231975614883899
    outer loop
      vertex -28.976199548655682 -28.865583677614442 24
      vertex -28.773945300061943 -28.424744738395088 24.43301270189222
      vertex -28.976199548655682 -28.277798425321972 24
    endloop
  endfacet
  facet normal -0.9060374296629695 2.964137264270489e-16 -0.42319756148839
    outer loop
      vertex -28.976199548655682 -28.277798425321972 24
      vertex -28.773945300061943 -28.424744738395088 23.56698729810778
      vertex -28.841363382926524 -28.571691051468207 23.71132486540519
    endloop
  endfacet
  facet normal -0.9057425796525213 0.0022467326233686323 0.42382228775385944
    outer loop
      vertex -28.976199548655682 -28.277798425321972 24
      vertex -28.773945300061943 -28.424744738395088 24.43301270189222
      vertex -28.973867751428482 -27.337763098544283 24
    endloop
  endfacet
  facet normal -0.9060374296629693 0 -0.4231975614883903
    outer loop
      vertex -28.773945300061943 -28.718637364541326 23.56698729810778
      vertex -28.841363382926524 -28.571691051468207 23.71132486540519
      vertex -28.773945300061943 -28.424744738395088 23.56698729810778
    endloop
  endfacet
  facet normal -0.9060374296629696 0 0.4231975614883899
    outer loop
      vertex -28.976199548655682 -28.865583677614442 24
      vertex -28.773945300061943 -28.718637364541326 24.43301270189222
      vertex -28.773945300061943 -28.424744738395088 24.43301270189222
    endloop
  endfacet
  facet normal -0.9057425796525213 0.00224673262336864 -0.4238222877538595
    outer loop
      vertex -28.976199548655682 -28.277798425321972 24
      vertex -28.771613502834743 -27.4847094116174 23.56698729810778
      vertex -28.773945300061943 -28.424744738395088 23.56698729810778
    endloop
  endfacet
  facet normal -0.9057425796525213 0.0022467326233686323 0.4238222877538595
    outer loop
      vertex -28.773945300061943 -28.424744738395088 24.43301270189222
      vertex -28.771613502834743 -27.4847094116174 24.43301270189222
      vertex -28.973867751428482 -27.337763098544283 24
    endloop
  endfacet
  facet normal -0.6024287531782687 0.0014943498996593057 0.7981712624884799
    outer loop
      vertex -28.773945300061943 -28.424744738395088 24.43301270189222
      vertex -28.603934248990306 -27.391101384288646 24.559395253384515
      vertex -28.771613502834743 -27.4847094116174 24.43301270189222
    endloop
  endfacet
  facet normal -0.6381998644994538 0.001583081648154877 -0.7698690971882001
    outer loop
      vertex -28.773945300061943 -28.424744738395088 23.56698729810778
      vertex -28.771613502834743 -27.4847094116174 23.56698729810778
      vertex -28.225581899616916 -27.82048222368831 23.113651981444903
    endloop
  endfacet
  facet normal -0.9057425796525213 0.0022467326233686323 -0.4238222877538595
    outer loop
      vertex -28.976199548655682 -28.277798425321972 24
      vertex -28.973867751428482 -27.337763098544283 24
      vertex -28.771613502834743 -27.4847094116174 23.56698729810778
    endloop
  endfacet
  facet normal -0.6372609474922397 0 -0.7706480940100305
    outer loop
      vertex -28.773945300061943 -28.718637364541326 23.56698729810778
      vertex -28.773945300061943 -28.424744738395088 23.56698729810778
      vertex -22.06279634550028 -22.007488409979665 18.017433390445934
    endloop
  endfacet
  facet normal -0.16954307245176578 -0.521799922926912 -0.8360502299605473
    outer loop
      vertex -28.49443680287447 -28.809455180541995 23.56698729810778
      vertex -28.773945300061943 -28.718637364541326 23.56698729810778
      vertex -22.06279634550028 -22.007488409979665 18.017433390445934
    endloop
  endfacet
  facet normal -0.6381998644994263 0.0015830816481123544 -0.7698690971882227
    outer loop
      vertex -28.773945300061943 -28.424744738395088 23.56698729810778
      vertex -28.225581899616916 -27.82048222368831 23.113651981444903
      vertex -22.06279634550028 -21.713595783833426 18.017433390445934
    endloop
  endfacet
  facet normal -0.20471759081695887 -0.6300559590275355 0.7490795662037462
    outer loop
      vertex -28.49443680287447 -28.809455180541995 24.43301270189222
      vertex -23.608743639055984 -23.553435703535367 30.189108476967522
      vertex -28.773945300061943 -28.718637364541326 24.43301270189222
    endloop
  endfacet
  facet normal -0.7442760471638039 0 0.6678721177128321
    outer loop
      vertex -28.773945300061943 -28.718637364541326 24.43301270189222
      vertex -23.64010110495537 -23.290900543288515 30.154163747056366
      vertex -28.773945300061943 -28.424744738395088 24.43301270189222
    endloop
  endfacet
  facet normal -0.764049120474419 0.046995593054172294 0.6434441356759367
    outer loop
      vertex -28.773945300061943 -28.424744738395088 24.43301270189222
      vertex -23.64010110495537 -23.290900543288515 30.154163747056366
      vertex -28.603934248990306 -27.391101384288646 24.559395253384515
    endloop
  endfacet
  facet normal 0.011401674317312581 -0.6439663596970636 -0.7649688421114117
    outer loop
      vertex -28.49443680287447 -28.809455180541995 23.56698729810778
      vertex -21.78328784831281 -22.098306225980334 18.017433390445934
      vertex -24.781180447444203 -28.205192665835217 23.113651981444903
    endloop
  endfacet
  facet normal -0.20471759081696847 -0.6300559590275288 0.7490795662037493
    outer loop
      vertex -28.49443680287447 -28.809455180541995 24.43301270189222
      vertex -23.329235141868516 -23.64425351953604 30.189108476967522
      vertex -23.608743639055984 -23.553435703535367 30.189108476967522
    endloop
  endfacet
  facet normal 0.012540615633242436 -0.749785193326208 0.6615624663086022
    outer loop
      vertex -28.49443680287447 -28.809455180541995 24.43301270189222
      vertex -23.0703311982874 -23.70036795362245 30.12060309922877
      vertex -23.329235141868516 -23.64425351953604 30.189108476967522
    endloop
  endfacet
  facet normal -0.7442760471637917 -2.491724634695311e-14 0.6678721177128456
    outer loop
      vertex -28.773945300061943 -28.718637364541326 24.43301270189222
      vertex -23.608743639055984 -23.553435703535367 30.189108476967522
      vertex -23.639806021356446 -23.529190150315205 30.154492587935877
    endloop
  endfacet
  facet normal -0.7442760471638028 -1.937035214404674e-15 0.6678721177128334
    outer loop
      vertex -28.773945300061943 -28.718637364541326 24.43301270189222
      vertex -23.639806021356446 -23.529190150315205 30.154492587935877
      vertex -23.64010110495537 -23.290900543288515 30.154163747056366
    endloop
  endfacet
  facet normal -0.7640491204744255 0.04699559305419016 0.6434441356759278
    outer loop
      vertex -28.603934248990306 -27.391101384288646 24.559395253384515
      vertex -23.64010110495537 -23.290900543288515 30.154163747056366
      vertex -23.639458927853592 -23.24891884865502 30.151860050892655
    endloop
  endfacet
  facet normal -0.2799809633056554 -0.8616928014882804 0.42319756148838594
    outer loop
      vertex -25.443648967285295 -25.333033096244055 36
      vertex -24.884631972910345 -25.514668728245397 36
      vertex -25.241394718691556 -25.18608678317094 36.43301270189222
    endloop
  endfacet
  facet normal -0.2799809633056535 -0.8616928014882802 0.4231975614883875
    outer loop
      vertex -24.884631972910345 -25.514668728245397 36
      vertex -24.961886221504084 -25.27690459917161 36.43301270189222
      vertex -25.241394718691556 -25.18608678317094 36.43301270189222
    endloop
  endfacet
  facet normal -0.2880099118252747 -0.8864033641679402 -0.3624077354060693
    outer loop
      vertex -25.443648967285295 -25.333033096244055 36
      vertex -23.639806021356446 -23.529190150315205 30.154492587935877
      vertex -24.884631972910345 -25.514668728245397 36
    endloop
  endfacet
  facet normal -0.015990676620111527 -0.9540154814439024 -0.2993305187023036
    outer loop
      vertex -24.884631972910345 -25.514668728245397 36
      vertex -23.0703311982874 -23.70036795362245 30.12060309922877
      vertex -23.874880389353343 -25.39573218284359 35.56698729810778
    endloop
  endfacet
  facet normal -0.015990676620080864 -0.9540154814439041 -0.29933051870229965
    outer loop
      vertex -23.874880389353343 -25.39573218284359 35.56698729810778
      vertex -23.0703311982874 -23.70036795362245 30.12060309922877
      vertex -23.745137279968365 -25.3929239727004 35.55110600381738
    endloop
  endfacet
  facet normal -0.2880099118252473 -0.8864033641679496 -0.36240773540606774
    outer loop
      vertex -24.884631972910345 -25.514668728245397 36
      vertex -23.639806021356446 -23.529190150315205 30.154492587935877
      vertex -23.608743639055984 -23.553435703535367 30.189108476967522
    endloop
  endfacet
  facet normal -0.2880099118252865 -0.8864033641679359 -0.3624077354060705
    outer loop
      vertex -24.884631972910345 -25.514668728245397 36
      vertex -23.608743639055984 -23.553435703535367 30.189108476967522
      vertex -23.329235141868516 -23.64425351953604 30.189108476967522
    endloop
  endfacet
  facet normal -0.2880099118252725 -0.8864033641679412 -0.3624077354060685
    outer loop
      vertex -24.884631972910345 -25.514668728245397 36
      vertex -23.329235141868516 -23.64425351953604 30.189108476967522
      vertex -23.0703311982874 -23.70036795362245 30.12060309922877
    endloop
  endfacet
  facet normal -0.9901738810038807 0.010140586299709767 0.13947348811588098
    outer loop
      vertex -25.404508497187475 -24.706107373853765 0
      vertex -24.575721349465613 -23.877320226131904 5.82360855788939
      vertex -24.566517452421284 -22.367215729012404 5.779156478848211
    endloop
  endfacet
  facet normal -0.9901738810038808 0.010140586299710473 0.1394734881158805
    outer loop
      vertex -25.404508497187475 -24.706107373853765 0
      vertex -24.566517452421284 -22.367215729012404 5.779156478848211
      vertex -24.56406526649414 -22.09497078784392 5.7767715606200305
    endloop
  endfacet
  facet normal -0.61900843938011 0.020027113800290652 0.7851289490835445
    outer loop
      vertex -29.361947992250197 -29.012747430583342 12.448850632057336
      vertex -22.050914047222815 -21.0163805623835 18.009016982315774
      vertex -21.996500086796008 -17.823543572178664 17.970474766976952
    endloop
  endfacet
  facet normal -0.6381998644994478 0.0015830816481498197 -0.7698690971882051
    outer loop
      vertex -28.225581899616916 -27.82048222368831 23.113651981444903
      vertex -22.050914047222815 -21.0163805623835 18.009016982315774
      vertex -22.06279634550028 -21.713595783833426 18.017433390445934
    endloop
  endfacet
  facet normal -0.6024287531782669 0.0014943498996545434 0.7981712624884814
    outer loop
      vertex -28.771613502834743 -27.4847094116174 24.43301270189222
      vertex -28.603934248990306 -27.391101384288646 24.559395253384515
      vertex -24.28615498250492 -1.1396088185453306 27.769139308487393
    endloop
  endfacet
  facet normal -0.7640491204744175 0.046995593054167624 0.6434441356759389
    outer loop
      vertex -28.603934248990306 -27.391101384288646 24.559395253384515
      vertex -23.639458927853592 -23.24891884865502 30.151860050892655
      vertex -24.28615498250492 -1.1396088185453306 27.769139308487393
    endloop
  endfacet
  facet normal 0.01140167431731252 -0.6439663596970637 -0.7649688421114118
    outer loop
      vertex -24.781180447444203 -28.205192665835217 23.113651981444903
      vertex -21.78328784831281 -22.098306225980334 18.017433390445934
      vertex -18.069899622383172 -22.085381968629772 18.061900634515737
    endloop
  endfacet
  facet normal -0.01599067662010819 -0.9540154814439027 -0.2993305187023026
    outer loop
      vertex -23.745137279968365 -25.3929239727004 35.55110600381738
      vertex -23.0703311982874 -23.70036795362245 30.12060309922877
      vertex -19.65423399301762 -23.727618661269364 30.024962638439877
    endloop
  endfacet
  facet normal 0 0 -1
    outer loop
      vertex -25.202254248593736 -25.14694631307312 -0.4330127018922193
      vertex 0 -5.226251859505506 -0.4330127018922193
      vertex -24.922745751406264 -25.23776412907379 -0.4330127018922193
    endloop
  endfacet
  facet normal -0.1919474933384436 -0.5907536402497859 0.783687626757444
    outer loop
      vertex -25.241394718691556 -25.18608678317094 36.43301270189222
      vertex -24.961886221504084 -25.27690459917161 36.43301270189222
      vertex -19.683938883217525 -19.62863094769691 41.98347290283953
    endloop
  endfacet
  facet normal -0.7066613135318517 6.0248488337004324e-15 0.7075519683793112
    outer loop
      vertex -25.241394718691556 -25.18608678317094 36.43301270189222
      vertex -19.6944159661595 -19.345215404492645 41.97300900827823
      vertex -25.231636377849924 -24.88243581618307 36.44275875909397
    endloop
  endfacet
  facet normal -0.7066613135318514 6.156215772219852e-15 0.7075519683793118
    outer loop
      vertex -25.241394718691556 -25.18608678317094 36.43301270189222
      vertex -19.683938883217525 -19.62863094769691 41.98347290283953
      vertex -19.6944159661595 -19.345215404492645 41.97300900827823
    endloop
  endfacet
  facet normal -0.7088861616723514 0.00446521531145184 0.7053087775163891
    outer loop
      vertex -25.231636377849924 -24.88243581618307 36.44275875909397
      vertex -19.6944159661595 -19.345215404492645 41.97300900827823
      vertex -19.782217165761153 -16.719666473846214 41.8681404754884
    endloop
  endfacet
  facet normal -0.19194749333844474 -0.5907536402497858 0.7836876267574436
    outer loop
      vertex -24.961886221504084 -25.27690459917161 36.43301270189222
      vertex -19.404430386030054 -19.719448763697578 41.98347290283953
      vertex -19.683938883217525 -19.62863094769691 41.98347290283953
    endloop
  endfacet
  facet normal -0.7088861616723509 0.00446521531145051 0.7053087775163897
    outer loop
      vertex -25.231636377849924 -24.88243581618307 36.44275875909397
      vertex -19.782217165761153 -16.719666473846214 41.8681404754884
      vertex -19.781041525559946 -16.43104520663006 41.86749485608544
    endloop
  endfacet
  facet normal -0.7088861616723497 0.004465215311449501 0.7053087775163908
    outer loop
      vertex -25.231636377849924 -24.88243581618307 36.44275875909397
      vertex -19.781041525559946 -16.43104520663006 41.86749485608544
      vertex -19.776260659875113 -15.672047199053189 41.86749485608544
    endloop
  endfacet
  facet normal -0.2799809633056535 -0.8616928014882803 -0.4231975614883875
    outer loop
      vertex -31.100320716459024 -31.045012780938407 59.56698729810778
      vertex -30.820812219271552 -31.135830596939076 59.56698729810778
      vertex -30.743557970677813 -31.373594726012865 60
    endloop
  endfacet
  facet normal -0.2799809633056554 -0.8616928014882804 -0.42319756148838594
    outer loop
      vertex -31.302574965052763 -31.191959094011523 60
      vertex -31.100320716459024 -31.045012780938407 59.56698729810778
      vertex -30.743557970677813 -31.373594726012865 60
    endloop
  endfacet
  facet normal -0.2799809633056554 -0.8616928014882804 0.42319756148838594
    outer loop
      vertex -31.302574965052763 -31.191959094011523 60
      vertex -30.743557970677813 -31.373594726012865 60
      vertex -31.100320716459024 -31.045012780938407 60.43301270189222
    endloop
  endfacet
  facet normal -0.2799809633056535 -0.8616928014882803 0.4231975614883875
    outer loop
      vertex -31.100320716459024 -31.045012780938407 60.43301270189222
      vertex -30.743557970677813 -31.373594726012865 60
      vertex -30.820812219271552 -31.135830596939076 60.43301270189222
    endloop
  endfacet
  facet normal -0.9060374296629683 0 -0.4231975614883927
    outer loop
      vertex -31.302574965052763 -31.191959094011523 60
      vertex -31.302574965052763 -30.604173841719053 60
      vertex -31.100320716459024 -31.045012780938407 59.56698729810778
    endloop
  endfacet
  facet normal -0.9060374296629683 0 0.4231975614883927
    outer loop
      vertex -31.302574965052763 -31.191959094011523 60
      vertex -31.100320716459024 -31.045012780938407 60.43301270189222
      vertex -31.302574965052763 -30.604173841719053 60
    endloop
  endfacet
  facet normal -0.9060374296629682 0 -0.4231975614883927
    outer loop
      vertex -31.100320716459024 -31.045012780938407 59.56698729810778
      vertex -31.302574965052763 -30.604173841719053 60
      vertex -31.100320716459024 -30.75112015479217 59.56698729810778
    endloop
  endfacet
  facet normal -0.9060374296629682 0 0.4231975614883927
    outer loop
      vertex -31.100320716459024 -31.045012780938407 60.43301270189222
      vertex -31.100320716459024 -30.75112015479217 60.43301270189222
      vertex -31.302574965052763 -30.604173841719053 60
    endloop
  endfacet
  facet normal -0.6662034608034292 0 -0.7457700374871156
    outer loop
      vertex -24.59797261188289 -24.542664676362275 53.7583779508972
      vertex -31.100320716459024 -31.045012780938407 59.56698729810778
      vertex -31.100320716459024 -30.75112015479217 59.56698729810778
    endloop
  endfacet
  facet normal -0.17871807293419076 -0.5500376708652461 -0.815793117791407
    outer loop
      vertex -24.59797261188289 -24.542664676362275 53.7583779508972
      vertex -30.820812219271552 -31.135830596939076 59.56698729810778
      vertex -31.100320716459024 -31.045012780938407 59.56698729810778
    endloop
  endfacet
  facet normal -0.12854333079970123 -0.3956156930159141 0.9093760693719933
    outer loop
      vertex -31.100320716459024 -31.045012780938407 60.43301270189222
      vertex -30.820812219271552 -31.135830596939076 60.43301270189222
      vertex -21.233199225566946 -21.17789129004633 66.12036356005562
    endloop
  endfacet
  facet normal -0.2799809633056554 -0.8616928014882804 -0.42319756148838594
    outer loop
      vertex -25.92043646436765 -25.80982059332641 48
      vertex -25.71818221577391 -25.662874280253295 47.56698729810778
      vertex -25.3614194699927 -25.991456225327752 48
    endloop
  endfacet
  facet normal -0.2799809633056535 -0.8616928014882803 -0.4231975614883875
    outer loop
      vertex -25.71818221577391 -25.662874280253295 47.56698729810778
      vertex -25.43867371858644 -25.753692096253964 47.56698729810778
      vertex -25.3614194699927 -25.991456225327752 48
    endloop
  endfacet
  facet normal -0.18290217596378525 -0.5629150158772745 -0.8060232496197614
    outer loop
      vertex -25.71818221577391 -25.662874280253295 47.56698729810778
      vertex -25.172067208762368 -25.11675927324175 47.0616644539544
      vertex -25.43867371858644 -25.753692096253964 47.56698729810778
    endloop
  endfacet
  facet normal -0.976148277012865 7.390374879647315e-17 0.21710490847701971
    outer loop
      vertex -25.92043646436765 -25.80982059332641 48
      vertex -24.63076848232714 -23.93236735899343 53.798612235064944
      vertex -25.87923596804282 -25.18083484470911 48.18524589693381
    endloop
  endfacet
  facet normal -0.9771253642573156 0.031473175379796534 0.2103222806944646
    outer loop
      vertex -25.87923596804282 -25.18083484470911 48.18524589693381
      vertex -24.566825149874486 -21.96404700411698 53.801138644917444
      vertex -25.806072612166933 -24.565107609454635 48.43301270189222
    endloop
  endfacet
  facet normal -0.18290217596378533 -0.5629150158772747 -0.8060232496197615
    outer loop
      vertex -25.43867371858644 -25.753692096253964 47.56698729810778
      vertex -25.172067208762368 -25.11675927324175 47.0616644539544
      vertex -24.892558711574896 -25.20757708924242 47.0616644539544
    endloop
  endfacet
  facet normal -0.29755271950591355 -0.9157731062650719 0.2698555112578884
    outer loop
      vertex -25.92043646436765 -25.80982059332641 48
      vertex -25.3614194699927 -25.991456225327752 48
      vertex -24.318464114695423 -24.633482492362948 53.7583779508972
    endloop
  endfacet
  facet normal -0.29755271950587464 -0.915773106265086 0.26985551125788315
    outer loop
      vertex -25.92043646436765 -25.80982059332641 48
      vertex -24.59797261188289 -24.542664676362275 53.7583779508972
      vertex -24.63279787115533 -24.52218200011409 53.78948768591532
    endloop
  endfacet
  facet normal -0.2975527195059254 -0.9157731062650674 0.26985551125789103
    outer loop
      vertex -25.92043646436765 -25.80982059332641 48
      vertex -24.318464114695423 -24.633482492362948 53.7583779508972
      vertex -24.59797261188289 -24.542664676362275 53.7583779508972
    endloop
  endfacet
  facet normal -0.9761482770128652 6.904400682608871e-15 0.2171049084770181
    outer loop
      vertex -25.92043646436765 -25.80982059332641 48
      vertex -24.63279787115533 -24.52218200011409 53.78948768591532
      vertex -24.63279787115533 -24.283597309488474 53.78948768591531
    endloop
  endfacet
  facet normal -0.29755271950590867 -0.9157731062650736 0.26985551125788804
    outer loop
      vertex -25.3614194699927 -25.991456225327752 48
      vertex -24.062667362483147 -24.6927041178182 53.83945632968714
      vertex -24.318464114695423 -24.633482492362948 53.7583779508972
    endloop
  endfacet
  facet normal -0.9761482770128649 -1.2879235958104378e-15 0.21710490847702002
    outer loop
      vertex -25.92043646436765 -25.80982059332641 48
      vertex -24.63279787115533 -24.283597309488474 53.78948768591531
      vertex -24.63076848232714 -23.93236735899343 53.798612235064944
    endloop
  endfacet
  facet normal -0.02166318016958257 -0.6672464940451686 -0.7445218753061397
    outer loop
      vertex -25.43867371858644 -25.753692096253964 47.56698729810778
      vertex -24.892558711574896 -25.20757708924242 47.0616644539544
      vertex -21.69511254613557 -25.328308251399157 47.07682934390741
    endloop
  endfacet
  facet normal -0.17871807293419809 -0.5500376708652404 -0.8157931177914094
    outer loop
      vertex -24.59797261188289 -24.542664676362275 53.7583779508972
      vertex -24.318464114695423 -24.633482492362948 53.7583779508972
      vertex -30.820812219271552 -31.135830596939076 59.56698729810778
    endloop
  endfacet
  facet normal 0.06366182701385777 -0.6995062840761905 -0.7117851714662068
    outer loop
      vertex -24.318464114695423 -24.633482492362948 53.7583779508972
      vertex -24.062667362483147 -24.6927041178182 53.83945632968714
      vertex -30.820812219271552 -31.135830596939076 59.56698729810778
    endloop
  endfacet
  facet normal -0.6662034608034568 5.035649185100037e-14 -0.7457700374870909
    outer loop
      vertex -24.63279787115533 -24.52218200011409 53.78948768591532
      vertex -24.59797261188289 -24.542664676362275 53.7583779508972
      vertex -31.100320716459024 -30.75112015479217 59.56698729810778
    endloop
  endfacet
  facet normal -0.666203460803418 -2.221020474090401e-14 -0.7457700374871257
    outer loop
      vertex -24.63279787115533 -24.52218200011409 53.78948768591532
      vertex -31.100320716459024 -30.75112015479217 59.56698729810778
      vertex -24.63279787115533 -24.283597309488474 53.78948768591531
    endloop
  endfacet
  facet normal -0.67871643749692 0.02299111410293428 -0.7340404662849286
    outer loop
      vertex -24.63279787115533 -24.283597309488474 53.78948768591531
      vertex -31.100320716459024 -30.75112015479217 59.56698729810778
      vertex -24.63076848232714 -23.93236735899343 53.798612235064944
    endloop
  endfacet
  facet normal 0.06366182701385997 -0.6995062840761915 -0.7117851714662055
    outer loop
      vertex -24.062667362483147 -24.6927041178182 53.83945632968714
      vertex -23.366101842883356 -24.716793732683538 53.9254309650758
      vertex -30.820812219271552 -31.135830596939076 59.56698729810778
    endloop
  endfacet
  facet normal -0.6787164374969232 0.022991114102939983 -0.7340404662849256
    outer loop
      vertex -24.63076848232714 -23.93236735899343 53.798612235064944
      vertex -31.100320716459024 -30.75112015479217 59.56698729810778
      vertex -24.566825149874486 -21.96404700411698 53.801138644917444
    endloop
  endfacet
  facet normal -0.6787164374969196 0.022991114102934442 -0.7340404662849288
    outer loop
      vertex -31.100320716459024 -30.75112015479217 59.56698729810778
      vertex -24.68038318017699 -20.67995508892513 53.94635734935265
      vertex -24.566825149874486 -21.96404700411698 53.801138644917444
    endloop
  endfacet
  facet normal 0.06366182701386264 -0.6995062840761932 -0.7117851714662036
    outer loop
      vertex -30.820812219271552 -31.135830596939076 59.56698729810778
      vertex -23.366101842883356 -24.716793732683538 53.9254309650758
      vertex -21.13020292907846 -24.688329193145464 54.09743551153006
    endloop
  endfacet
  facet normal -0.27998096330565625 -0.861692801488283 -0.4231975614883802
    outer loop
      vertex -28.298309565935455 -28.187693694894215 84
      vertex -28.096055317341715 -28.0407473818211 83.56698729810778
      vertex -27.739292571560505 -28.369329326895556 84
    endloop
  endfacet
  facet normal -0.27998096330565625 -0.861692801488283 0.4231975614883802
    outer loop
      vertex -28.298309565935455 -28.187693694894215 84
      vertex -27.739292571560505 -28.369329326895556 84
      vertex -28.096055317341715 -28.0407473818211 84.43301270189222
    endloop
  endfacet
  facet normal -0.2799809633056543 -0.8616928014882829 -0.4231975614883818
    outer loop
      vertex -28.096055317341715 -28.0407473818211 83.56698729810778
      vertex -27.816546820154244 -28.131565197821768 83.56698729810778
      vertex -27.739292571560505 -28.369329326895556 84
    endloop
  endfacet
  facet normal -0.9021396033208079 -0.027146614038700976 -0.4305893606052166
    outer loop
      vertex -28.298309565935455 -28.187693694894215 84
      vertex -28.342686800818626 -26.71294398883863 84
      vertex -28.096055317341715 -28.0407473818211 83.56698729810778
    endloop
  endfacet
  facet normal -0.9021396033208079 -0.027146614038700976 0.43058936060521663
    outer loop
      vertex -28.298309565935455 -28.187693694894215 84
      vertex -28.140432552224887 -26.565997675765516 84.43301270189222
      vertex -28.342686800818626 -26.71294398883863 84
    endloop
  endfacet
  facet normal -0.9021396033208079 -0.027146614038700976 -0.43058936060521663
    outer loop
      vertex -28.096055317341715 -28.0407473818211 83.56698729810778
      vertex -28.342686800818626 -26.71294398883863 84
      vertex -28.140432552224887 -26.565997675765516 83.56698729810778
    endloop
  endfacet
  facet normal -0.7733242021847246 -0.02327038250645311 -0.6335835916541419
    outer loop
      vertex -28.096055317341715 -28.0407473818211 83.56698729810778
      vertex -28.140432552224887 -26.565997675765516 83.56698729810778
      vertex -27.27252861068865 -26.992619486892302 82.52333105583575
    endloop
  endfacet
  facet normal -0.27998096330565625 -0.8616928014882831 -0.4231975614883802
    outer loop
      vertex -26.572010200220696 -26.51670226470008 71.56698729810778
      vertex -26.215247454439485 -26.845284209774537 72
      vertex -26.774264448814435 -26.663648577773195 72
    endloop
  endfacet
  facet normal -0.27998096330565625 -0.861692801488283 0.4231975614883802
    outer loop
      vertex -26.774264448814435 -26.663648577773195 72
      vertex -26.215247454439485 -26.845284209774537 72
      vertex -26.572010200220696 -26.51670226470008 72.43301270189222
    endloop
  endfacet
  facet normal -0.2799809633056543 -0.8616928014882829 -0.4231975614883818
    outer loop
      vertex -26.572010200220696 -26.51670226470008 71.56698729810778
      vertex -26.292501703033224 -26.60752008070075 71.56698729810778
      vertex -26.215247454439485 -26.845284209774537 72
    endloop
  endfacet
  facet normal -0.2799809633056543 -0.8616928014882829 0.4231975614883818
    outer loop
      vertex -26.572010200220696 -26.51670226470008 72.43301270189222
      vertex -26.215247454439485 -26.845284209774537 72
      vertex -26.292501703033224 -26.60752008070075 72.43301270189222
    endloop
  endfacet
  facet normal -0.4850980174161793 -0.018818734972216998 0.8742572668916957
    outer loop
      vertex -31.100320716459024 -31.045012780938407 60.43301270189222
      vertex -21.233199225566946 -21.17789129004633 66.12036356005562
      vertex -21.256992242799534 -20.579362842688365 66.1200451214515
    endloop
  endfacet
  facet normal -0.12854333079970062 -0.39561569301591476 0.9093760693719933
    outer loop
      vertex -30.820812219271552 -31.135830596939076 60.43301270189222
      vertex -20.953690728379474 -21.268709106046998 66.12036356005562
      vertex -21.233199225566946 -21.17789129004633 66.12036356005562
    endloop
  endfacet
  facet normal -0.19444844838530873 -0.598450788424738 -0.7772042554916663
    outer loop
      vertex -26.572010200220696 -26.51670226470008 71.56698729810778
      vertex -21.233199225566946 -21.17789129004633 66.12036356005562
      vertex -26.292501703033224 -26.60752008070075 71.56698729810778
    endloop
  endfacet
  facet normal -0.2182657570825212 -0.671752927301973 -0.7078898671025204
    outer loop
      vertex -23.60282309929669 -23.547515163776072 77.91771780975205
      vertex -27.816546820154244 -28.131565197821768 83.56698729810778
      vertex -28.096055317341715 -28.0407473818211 83.56698729810778
    endloop
  endfacet
  facet normal -0.7733242021847162 -0.02327038250646914 -0.6335835916541518
    outer loop
      vertex -23.60282309929669 -23.547515163776072 77.91771780975205
      vertex -28.096055317341715 -28.0407473818211 83.56698729810778
      vertex -27.27252861068865 -26.992619486892302 82.52333105583575
    endloop
  endfacet
  facet normal -0.2552788050569521 -0.7856673757135542 0.5635241844216374
    outer loop
      vertex -26.572010200220696 -26.51670226470008 72.43301270189222
      vertex -26.292501703033224 -26.60752008070075 72.43301270189222
      vertex -23.60282309929669 -23.547515163776072 77.91771780975205
    endloop
  endfacet
  facet normal 0.0220365765647096 -0.7909102063621921 -0.6115353095001321
    outer loop
      vertex -23.323314602109217 -23.63833297977674 77.91771780975205
      vertex -19.160828179718827 -27.08343730289297 82.52333105583575
      vertex -27.816546820154244 -28.131565197821768 83.56698729810778
    endloop
  endfacet
  facet normal -0.8764703060091639 -0.012575330484961388 0.4812916618303258
    outer loop
      vertex -26.572010200220696 -26.51670226470008 72.43301270189222
      vertex -23.60282309929669 -23.547515163776072 77.91771780975205
      vertex -23.627498333599696 -22.353476784643004 77.9039804370622
    endloop
  endfacet
  facet normal -0.25527880505695083 -0.7856673757135547 0.5635241844216373
    outer loop
      vertex -26.292501703033224 -26.60752008070075 72.43301270189222
      vertex -23.323314602109217 -23.63833297977674 77.91771780975205
      vertex -23.60282309929669 -23.547515163776072 77.91771780975205
    endloop
  endfacet
  facet normal -0.21826575708252205 -0.6717529273019727 -0.7078898671025204
    outer loop
      vertex -23.60282309929669 -23.547515163776072 77.91771780975205
      vertex -23.323314602109217 -23.63833297977674 77.91771780975205
      vertex -27.816546820154244 -28.131565197821768 83.56698729810778
    endloop
  endfacet
  facet normal -0.7733242021847205 -0.02327038250645871 -0.6335835916541468
    outer loop
      vertex -23.60282309929669 -23.547515163776072 77.91771780975205
      vertex -27.27252861068865 -26.992619486892302 82.52333105583575
      vertex -23.627498333599696 -22.353476784643004 77.9039804370622
    endloop
  endfacet
  facet normal -0.5652762566483989 0 0.8249016630299478
    outer loop
      vertex -31.100320716459024 -31.045012780938407 60.43301270189222
      vertex -25.992283439682616 -0.10160550072664648 63.9333719811192
      vertex -31.100320716459024 -30.75112015479217 60.43301270189222
    endloop
  endfacet
  facet normal -0.9771253642573079 0.03147317537971045 0.21032228069451214
    outer loop
      vertex -25.87923596804282 -25.18083484470911 48.18524589693381
      vertex -24.63076848232714 -23.93236735899343 53.798612235064944
      vertex -24.566825149874486 -21.96404700411698 53.801138644917444
    endloop
  endfacet
  facet normal -0.9771253642573206 0.03147317537987332 0.21032228069442852
    outer loop
      vertex -25.806072612166933 -24.565107609454635 48.43301270189222
      vertex -24.566825149874486 -21.96404700411698 53.801138644917444
      vertex -24.517083366088762 -20.419749105547158 53.80113864491733
    endloop
  endfacet
  facet normal -0.9771253642573093 0.03147317537978332 0.21032228069449527
    outer loop
      vertex -25.806072612166933 -24.565107609454635 48.43301270189222
      vertex -24.517083366088762 -20.419749105547158 53.80113864491733
      vertex -24.447085849521823 -18.246585830877606 53.80113864491732
    endloop
  endfacet
  facet normal -0.6837314658725414 0.022022967702242897 -0.7294013103013812
    outer loop
      vertex -24.566825149874486 -21.96404700411698 53.801138644917444
      vertex -24.68038318017699 -20.67995508892513 53.94635734935265
      vertex -24.517083366088762 -20.419749105547158 53.80113864491733
    endloop
  endfacet
  facet normal -0.6837314658725405 0.02202296770224186 -0.7294013103013821
    outer loop
      vertex -24.68038318017699 -20.67995508892513 53.94635734935265
      vertex -24.447085849521823 -18.246585830877606 53.80113864491732
      vertex -24.517083366088762 -20.419749105547158 53.80113864491733
    endloop
  endfacet
  facet normal -0.7733242021847221 -0.023270382506455647 -0.633583591654145
    outer loop
      vertex -23.627498333599696 -22.353476784643004 77.9039804370622
      vertex -27.27252861068865 -26.992619486892302 82.52333105583575
      vertex -23.665923104691778 -20.494096207747553 77.88258832404183
    endloop
  endfacet
  facet normal -0.4850980174161746 -0.01881873497222188 0.8742572668916981
    outer loop
      vertex -31.100320716459024 -31.045012780938407 60.43301270189222
      vertex -21.256992242799534 -20.579362842688365 66.1200451214515
      vertex -25.992283439682616 -0.10160550072664648 63.9333719811192
    endloop
  endfacet
  facet normal -0.7733242021847249 -0.023270382506454575 -0.6335835916541416
    outer loop
      vertex -28.140432552224887 -26.565997675765516 83.56698729810778
      vertex -26.170679835194594 -0.17786156563711636 80.19360532062684
      vertex -27.27252861068865 -26.992619486892302 82.52333105583575
    endloop
  endfacet
  facet normal -0.8764703060091644 -0.012575330484959993 0.48129166183032474
    outer loop
      vertex -26.572010200220696 -26.51670226470008 72.43301270189222
      vertex -23.627498333599696 -22.353476784643004 77.9039804370622
      vertex -25.18375763072713 0.5283049175884129 75.6677707107195
    endloop
  endfacet
  facet normal 0.022036576564713136 -0.7909102063621904 -0.611535309500134
    outer loop
      vertex -23.323314602109217 -23.63833297977674 77.91771780975205
      vertex -20.26372908768606 -23.70747787861712 78.11739589008305
      vertex -19.160828179718827 -27.08343730289297 82.52333105583575
    endloop
  endfacet
  facet normal -0.18290217596378502 -0.5629150158772739 -0.806023249619762
    outer loop
      vertex -25.172067208762368 -25.11675927324175 47.0616644539544
      vertex -19.683938883217525 -19.62863094769691 41.98347290283953
      vertex -24.892558711574896 -25.20757708924242 47.0616644539544
    endloop
  endfacet
  facet normal -0.02166318016958255 -0.6672464940451682 -0.74452187530614
    outer loop
      vertex -24.892558711574896 -25.20757708924242 47.0616644539544
      vertex -16.136061938012503 -19.951435764022825 42.09628256077813
      vertex -21.69511254613557 -25.328308251399157 47.07682934390741
    endloop
  endfacet
  facet normal -0.1829021759637859 -0.5629150158772738 -0.8060232496197618
    outer loop
      vertex -24.892558711574896 -25.20757708924242 47.0616644539544
      vertex -19.683938883217525 -19.62863094769691 41.98347290283953
      vertex -19.404430386030054 -19.719448763697578 41.98347290283953
    endloop
  endfacet
  facet normal -0.021663180169583716 -0.6672464940451671 -0.7445218753061409
    outer loop
      vertex -24.892558711574896 -25.20757708924242 47.0616644539544
      vertex -19.404430386030054 -19.719448763697578 41.98347290283953
      vertex -16.136061938012503 -19.951435764022825 42.09628256077813
    endloop
  endfacet
  facet normal -0.19444844838530817 -0.5984507884247385 -0.7772042554916662
    outer loop
      vertex -26.292501703033224 -26.60752008070075 71.56698729810778
      vertex -21.233199225566946 -21.17789129004633 66.12036356005562
      vertex -20.953690728379474 -21.268709106046998 66.12036356005562
    endloop
  endfacet
  facet normal -0.6998968511458269 -0.028202374310447035 -0.713686922844611
    outer loop
      vertex -26.572010200220696 -26.51670226470008 71.56698729810778
      vertex -21.256992242799534 -20.579362842688365 66.1200451214515
      vertex -21.233199225566946 -21.17789129004633 66.12036356005562
    endloop
  endfacet
  facet normal 0.01176487003504906 -0.7198306435912398 -0.694050021525884
    outer loop
      vertex -26.292501703033224 -26.60752008070075 71.56698729810778
      vertex -20.953690728379474 -21.268709106046998 66.12036356005562
      vertex -17.789292378138907 -21.21764258146702 66.12104000420341
    endloop
  endfacet
  facet normal -0.7599574891012171 -0.014496271072187376 -0.6498111055406603
    outer loop
      vertex -29.382707934063344 -29.327399998542727 11.566987298107781
      vertex -30.423408924867683 25.23066586118153 11.566987298107781
      vertex -24.574125850620536 -24.463509979579296 5.834819591692023
    endloop
  endfacet
  facet normal -0.9036471745829054 -0.017237167320849088 -0.42793067654829947
    outer loop
      vertex -29.382707934063344 -29.327399998542727 11.566987298107781
      vertex -29.584962182657083 -29.474346311615843 12
      vertex -30.625663173461422 25.083719548108416 12
    endloop
  endfacet
  facet normal -0.9036471745829054 -0.017237167320849088 0.4279306765482994
    outer loop
      vertex -29.584962182657083 -29.474346311615843 12
      vertex -29.382707934063344 -29.327399998542727 12.433012701892219
      vertex -30.625663173461422 25.083719548108416 12
    endloop
  endfacet
  facet normal -0.509278074879729 -0.0097145342081036 0.8605471923560709
    outer loop
      vertex -29.382707934063344 -29.327399998542727 12.433012701892219
      vertex -29.361947992250197 -29.012747430583342 12.448850632057336
      vertex -30.423408924867683 25.23066586118153 12.433012701892219
    endloop
  endfacet
  facet normal -0.6190084393801105 0.020027113800291436 0.785128949083544
    outer loop
      vertex -29.361947992250197 -29.012747430583342 12.448850632057336
      vertex -21.996500086796008 -17.823543572178664 17.970474766976952
      vertex -24.12641952206915 -1.038824254186841 15.863066052201484
    endloop
  endfacet
  facet normal -0.9060374296629691 0 -0.4231975614883909
    outer loop
      vertex -25.404508497187475 -24.706107373853765 0
      vertex -25.404508497187475 24.706107373853765 0
      vertex -25.202254248593736 -25.14694631307312 -0.4330127018922193
    endloop
  endfacet
  facet normal -0.9901738810038808 0.010140586299710265 0.1394734881158808
    outer loop
      vertex -25.404508497187475 -24.706107373853765 0
      vertex -24.56406526649414 -22.09497078784392 5.7767715606200305
      vertex -24.11156249468999 22.089498677706533 5.776771560620029
    endloop
  endfacet
  facet normal -0.6381998644994543 0.0015830816481529702 -0.7698690971881994
    outer loop
      vertex -28.225581899616916 -27.82048222368831 23.113651981444903
      vertex -28.771613502834743 -27.4847094116174 23.56698729810778
      vertex -28.415617386517397 27.060402451484055 23.384037614682956
    endloop
  endfacet
  facet normal -0.9057425796525215 0.002246732623365955 -0.42382228775385866
    outer loop
      vertex -28.973867751428482 -27.337763098544283 24
      vertex -28.8380253742755 27.425417810959335 24
      vertex -28.771613502834743 -27.4847094116174 23.56698729810778
    endloop
  endfacet
  facet normal -0.9057425796525215 0.002246732623365955 0.42382228775385866
    outer loop
      vertex -28.973867751428482 -27.337763098544283 24
      vertex -28.771613502834743 -27.4847094116174 24.43301270189222
      vertex -28.8380253742755 27.425417810959335 24
    endloop
  endfacet
  facet normal -0.7640491204743806 0.0469955930541734 0.6434441356759826
    outer loop
      vertex -23.639458927853592 -23.24891884865502 30.151860050892655
      vertex -23.628954403548697 -22.562195933091648 30.114176937813752
      vertex -24.28615498250492 -1.1396088185453306 27.769139308487393
    endloop
  endfacet
  facet normal -0.7640491204744434 0.04699559305416334 0.6434441356759084
    outer loop
      vertex -23.628954403548697 -22.562195933091648 30.114176937813752
      vertex -23.621930022052243 -22.149782403733305 30.092396265468683
      vertex -24.28615498250492 -1.1396088185453306 27.769139308487393
    endloop
  endfacet
  facet normal -0.7640491204744193 0.046995593054167256 0.6434441356759368
    outer loop
      vertex -23.621930022052243 -22.149782403733305 30.092396265468683
      vertex -23.56433879809941 -20.462647636836945 30.03755797731283
      vertex -24.28615498250492 -1.1396088185453306 27.769139308487393
    endloop
  endfacet
  facet normal -0.7640491204744235 0.046995593054166535 0.643444135675932
    outer loop
      vertex -23.56433879809941 -20.462647636836945 30.03755797731283
      vertex -23.53157876356784 -19.502942504190386 30.006363915260792
      vertex -24.28615498250492 -1.1396088185453306 27.769139308487393
    endloop
  endfacet
  facet normal -0.9058400621354419 -0.0015081328839794625 0.4236171707634889
    outer loop
      vertex -25.443648967285295 -25.333033096244055 36
      vertex -25.241394718691556 -25.18608678317094 36.43301270189222
      vertex -25.3249090786474 24.975708516980543 36.43301270189222
    endloop
  endfacet
  facet normal -0.688576766794551 -0.0011464112800432177 0.7251625486550858
    outer loop
      vertex -25.241394718691556 -25.18608678317094 36.43301270189222
      vertex -25.231636377849924 -24.88243581618307 36.44275875909397
      vertex -25.3249090786474 24.975708516980543 36.43301270189222
    endloop
  endfacet
  facet normal -0.5092780748797375 -0.009714534208103767 0.860547192356066
    outer loop
      vertex -29.361947992250197 -29.012747430583342 12.448850632057336
      vertex -24.12641952206915 -1.038824254186841 15.863066052201484
      vertex -30.423408924867683 25.23066586118153 12.433012701892219
    endloop
  endfacet
  facet normal -0.7599574891012132 -0.014496271072186392 -0.649811105540665
    outer loop
      vertex -24.574125850620536 -24.463509979579296 5.834819591692023
      vertex -30.423408924867683 25.23066586118153 11.566987298107781
      vertex -24.575721349465613 -23.877320226131904 5.82360855788939
    endloop
  endfacet
  facet normal -0.7599574891012185 -0.014496271072187764 -0.6498111055406586
    outer loop
      vertex -24.575721349465613 -23.877320226131904 5.82360855788939
      vertex -30.423408924867683 25.23066586118153 11.566987298107781
      vertex -24.566517452421284 -22.367215729012404 5.779156478848211
    endloop
  endfacet
  facet normal -0.697205911828837 1.7575992338819922e-15 -0.7168709203970544
    outer loop
      vertex -24.566517452421284 -22.367215729012404 5.779156478848211
      vertex -29.94001265651091 25.069534527155913 11.005247420576229
      vertex -24.56406526649414 -22.09497078784392 5.7767715606200305
    endloop
  endfacet
  facet normal -0.6381998644994538 0.0015830816481521674 -0.7698690971882002
    outer loop
      vertex -22.050914047222815 -21.0163805623835 18.009016982315774
      vertex -28.415617386517397 27.060402451484055 23.384037614682956
      vertex -21.996500086796008 -17.823543572178664 17.970474766976952
    endloop
  endfacet
  facet normal -0.63819986449945 0.0015830816481530038 -0.7698690971882032
    outer loop
      vertex -28.225581899616916 -27.82048222368831 23.113651981444903
      vertex -28.415617386517397 27.060402451484055 23.384037614682956
      vertex -22.050914047222815 -21.0163805623835 18.009016982315774
    endloop
  endfacet
  facet normal -0.9553989899992568 -0.0015906435300972644 -0.29531379879978564
    outer loop
      vertex -25.443648967285295 -25.333033096244055 36
      vertex -25.52716332724114 24.828762203907427 36
      vertex -23.639806021356446 -23.529190150315205 30.154492587935877
    endloop
  endfacet
  facet normal -0.9553989899992633 -0.0015906435301001045 -0.29531379879976427
    outer loop
      vertex -23.639806021356446 -23.529190150315205 30.154492587935877
      vertex -25.52716332724114 24.828762203907427 36
      vertex -23.64010110495537 -23.290900543288515 30.154163747056366
    endloop
  endfacet
  facet normal -0.9553989899990906 -0.0015906435300253893 -0.2953137988003235
    outer loop
      vertex -23.64010110495537 -23.290900543288515 30.154163747056366
      vertex -25.52716332724114 24.828762203907427 36
      vertex -23.639458927853592 -23.24891884865502 30.151860050892655
    endloop
  endfacet
  facet normal -0.9553989899992619 -0.0015906435300995063 -0.2953137987997695
    outer loop
      vertex -23.639458927853592 -23.24891884865502 30.151860050892655
      vertex -25.52716332724114 24.828762203907427 36
      vertex -23.628954403548697 -22.562195933091648 30.114176937813752
    endloop
  endfacet
  facet normal -0.95172957690922 -3.560055444615528e-15 -0.3069377989694282
    outer loop
      vertex -23.628954403548697 -22.562195933091648 30.114176937813752
      vertex -25.52716332724114 24.828762203907427 36
      vertex -23.621930022052243 -22.149782403733305 30.092396265468683
    endloop
  endfacet
  facet normal -0.903690705058673 0.016941184412679992 -0.4278505648719585
    outer loop
      vertex -23.621930022052243 -22.149782403733305 30.092396265468683
      vertex -25.52716332724114 25.416547456199897 36
      vertex -23.56433879809941 -20.462647636836945 30.03755797731283
    endloop
  endfacet
  facet normal -0.9036907050586603 0.016941184412684017 -0.4278505648719853
    outer loop
      vertex -23.56433879809941 -20.462647636836945 30.03755797731283
      vertex -25.52716332724114 25.416547456199897 36
      vertex -23.53157876356784 -19.502942504190386 30.006363915260792
    endloop
  endfacet
  facet normal -0.602428753178278 0.0014943498996575482 0.7981712624884728
    outer loop
      vertex -28.771613502834743 -27.4847094116174 24.43301270189222
      vertex -24.28615498250492 -1.1396088185453306 27.769139308487393
      vertex -28.63577112568176 27.27847149788622 24.43301270189222
    endloop
  endfacet
  facet normal -0.619008439380106 0.020027113800292456 0.7851289490835476
    outer loop
      vertex -21.996500086796008 -17.823543572178664 17.970474766976952
      vertex -21.966127870495363 -16.88478332942703 17.970474766976952
      vertex -24.12641952206915 -1.038824254186841 15.863066052201484
    endloop
  endfacet
  facet normal -0.7088861616723512 0.0044652153114513315 0.7053087775163893
    outer loop
      vertex -25.231636377849924 -24.88243581618307 36.44275875909397
      vertex -19.776260659875113 -15.672047199053189 41.86749485608544
      vertex -21.681882248431076 0.029347121698198822 39.852804375630534
    endloop
  endfacet
  facet normal -0.6190084393800864 0.020027113800296807 0.7851289490835629
    outer loop
      vertex -21.966127870495363 -16.88478332942703 17.970474766976952
      vertex -24.09798968026141 -0.8869209238590401 15.881605843331467
      vertex -24.12641952206915 -1.038824254186841 15.863066052201484
    endloop
  endfacet
  facet normal -0.5665802715137852 0.01833087701675017 -0.8238026310222384
    outer loop
      vertex -21.996500086796008 -17.823543572178664 17.970474766976952
      vertex -20.85813625328349 20.50893569161663 18.040507892735693
      vertex -21.966127870495363 -16.88478332942703 17.970474766976952
    endloop
  endfacet
  facet normal -0.6190084393801112 0.020027113800291287 0.7851289490835434
    outer loop
      vertex -21.966127870495363 -16.88478332942703 17.970474766976952
      vertex -20.894813730760067 16.227950753790903 17.970474766976956
      vertex -24.09798968026141 -0.8869209238590401 15.881605843331467
    endloop
  endfacet
  facet normal -0.7088861616723503 0.004465215311451233 0.7053087775163902
    outer loop
      vertex -19.776260659875113 -15.672047199053189 41.86749485608544
      vertex -21.661814122461067 0.17018301621596685 39.8720826756201
      vertex -21.681882248431076 0.029347121698198822 39.852804375630534
    endloop
  endfacet
  facet normal -0.7640491204744174 0.04699559305416766 0.6434441356759392
    outer loop
      vertex -23.53157876356784 -19.502942504190386 30.006363915260792
      vertex -21.276618441346816 17.157951399453886 30.006363915260792
      vertex -24.28615498250492 -1.1396088185453306 27.769139308487393
    endloop
  endfacet
  facet normal -0.9016007543516172 0.030541187266716542 -0.4314896471909079
    outer loop
      vertex -31.100320716459024 -30.75112015479217 59.56698729810778
      vertex -31.302574965052763 -30.604173841719053 60
      vertex -29.109348183392548 28.0240126529073 59.56698729810778
    endloop
  endfacet
  facet normal -0.9016007543516172 0.030541187266716546 0.4314896471909079
    outer loop
      vertex -31.100320716459024 -30.75112015479217 60.43301270189222
      vertex -29.311602431986287 28.170958965980414 60
      vertex -31.302574965052763 -30.604173841719053 60
    endloop
  endfacet
  facet normal -0.5652762566484024 0 0.8249016630299453
    outer loop
      vertex -31.100320716459024 -30.75112015479217 60.43301270189222
      vertex -25.992283439682616 -0.10160550072664648 63.9333719811192
      vertex -25.992283439682616 0.1922871254195901 63.9333719811192
    endloop
  endfacet
  facet normal -0.9771253642573089 0.03147317537978185 0.21032228069449696
    outer loop
      vertex -25.806072612166933 -24.565107609454635 48.43301270189222
      vertex -24.447085849521823 -18.246585830877606 53.80113864491732
      vertex -24.34433876121403 0.20558855735634585 51.517254441189955
    endloop
  endfacet
  facet normal -0.9006617254773039 -0.03629220372602763 -0.43300269307355854
    outer loop
      vertex -26.572010200220696 -26.51670226470008 71.56698729810778
      vertex -26.774264448814435 -26.663648577773195 72
      vertex -28.926665794628555 26.75238326959362 72
    endloop
  endfacet
  facet normal -0.7733242021847226 -0.02327038250645491 -0.6335835916541444
    outer loop
      vertex -23.665923104691778 -20.494096207747553 77.88258832404183
      vertex -27.27252861068865 -26.992619486892302 82.52333105583575
      vertex -26.170679835194594 -0.17786156563711636 80.19360532062684
    endloop
  endfacet
  facet normal -0.8764703060091584 -0.012575330484958536 0.4812916618303355
    outer loop
      vertex -23.627498333599696 -22.353476784643004 77.9039804370622
      vertex -23.665923104691778 -20.494096207747553 77.88258832404183
      vertex -25.18375763072713 0.5283049175884129 75.6677707107195
    endloop
  endfacet
  facet normal -0.7221771766134135 -0.010361579396751135 -0.6916305106421226
    outer loop
      vertex -23.665923104691778 -20.494096207747553 77.88258832404183
      vertex -26.170679835194594 -0.17786156563711636 80.19360532062684
      vertex -23.708483156863426 -17.5277628779583 77.88258832404183
    endloop
  endfacet
  facet normal -0.8764703060091624 -0.012575330484959582 0.4812916618303284
    outer loop
      vertex -23.665923104691778 -20.494096207747553 77.88258832404183
      vertex -23.708483156863426 -17.5277628779583 77.88258832404183
      vertex -25.18375763072713 0.5283049175884129 75.6677707107195
    endloop
  endfacet
  facet normal -0.9006617254773039 -0.036292203726027636 0.4330026930735585
    outer loop
      vertex -26.774264448814435 -26.663648577773195 72
      vertex -26.572010200220696 -26.51670226470008 72.43301270189222
      vertex -28.724411546034816 26.899329582666734 72.43301270189222
    endloop
  endfacet
  facet normal -0.6787164374969215 0.022991114102937058 -0.7340404662849273
    outer loop
      vertex -31.100320716459024 -30.75112015479217 59.56698729810778
      vertex -28.977910937131306 27.915645180965647 59.44206215751792
      vertex -24.68038318017699 -20.67995508892513 53.94635734935265
    endloop
  endfacet
  facet normal -0.6528324186723671 0.022114308418912976 0.7571794968787391
    outer loop
      vertex -31.100320716459024 -30.75112015479217 60.43301270189222
      vertex -25.992283439682616 0.1922871254195901 63.9333719811192
      vertex -29.109348183392548 28.0240126529073 60.43301270189222
    endloop
  endfacet
  facet normal -0.8941771322854772 -0.07159042508092302 -0.441952562086083
    outer loop
      vertex -25.92043646436765 -25.80982059332641 48
      vertex -30.029134515619212 28.181686085715892 47.56698729810778
      vertex -25.71818221577391 -25.662874280253295 47.56698729810778
    endloop
  endfacet
  facet normal -0.8941771322854786 -0.0715904250809231 0.44195256208607997
    outer loop
      vertex -25.92043646436765 -25.80982059332641 48
      vertex -25.87923596804282 -25.18083484470911 48.18524589693381
      vertex -30.029134515619212 28.181686085715892 48.43301270189222
    endloop
  endfacet
  facet normal -0.894177132285476 -0.07159042508092292 0.4419525620860853
    outer loop
      vertex -25.87923596804282 -25.18083484470911 48.18524589693381
      vertex -25.806072612166933 -24.565107609454635 48.43301270189222
      vertex -30.029134515619212 28.181686085715892 48.43301270189222
    endloop
  endfacet
  facet normal -0.6497226798372939 -0.05201868975935549 -0.7583894086950089
    outer loop
      vertex -25.71818221577391 -25.662874280253295 47.56698729810778
      vertex -29.70851574206626 27.788068621651817 47.31930738346448
      vertex -25.172067208762368 -25.11675927324175 47.0616644539544
    endloop
  endfacet
  facet normal -0.9771253642573092 0.03147317537978173 0.21032228069449604
    outer loop
      vertex -24.447085849521823 -18.246585830877606 53.80113864491732
      vertex -24.254391738875064 1.729840294439275 51.70704163154785
      vertex -24.34433876121403 0.20558855735634585 51.517254441189955
    endloop
  endfacet
  facet normal -0.6837314658725566 0.02202296770224431 -0.7294013103013669
    outer loop
      vertex -24.68038318017699 -20.67995508892513 53.94635734935265
      vertex -23.261923329988768 18.548314735360535 53.80113864491733
      vertex -24.447085849521823 -18.246585830877606 53.80113864491732
    endloop
  endfacet
  facet normal -0.9021396033208076 -0.02714661403870318 -0.43058936060521724
    outer loop
      vertex -28.342686800818626 -26.71294398883863 84
      vertex -29.82686290314177 29.477662341474915 83.56698729810778
      vertex -28.140432552224887 -26.565997675765516 83.56698729810778
    endloop
  endfacet
  facet normal -0.6998968511458361 -0.02820237431043145 -0.7136869228446023
    outer loop
      vertex -26.572010200220696 -26.51670226470008 71.56698729810778
      vertex -28.50450962460251 26.72858585153342 71.35808157350719
      vertex -21.256992242799534 -20.579362842688365 66.1200451214515
    endloop
  endfacet
  facet normal -0.6998968511458276 -0.028202374310429167 -0.713686922844611
    outer loop
      vertex -21.256992242799534 -20.579362842688365 66.1200451214515
      vertex -28.50450962460251 26.72858585153342 71.35808157350719
      vertex -21.38040082911814 -17.474941539669604 66.11839345795799
    endloop
  endfacet
  facet normal -0.699896851145849 -0.028202374310435162 -0.7136869228445897
    outer loop
      vertex -21.38040082911814 -17.474941539669604 66.11839345795799
      vertex -28.50450962460251 26.72858585153342 71.35808157350719
      vertex -21.433806499366206 -16.131488013737023 66.11767869249047
    endloop
  endfacet
  facet normal -0.649722679837293 -0.05201868975935551 -0.7583894086950095
    outer loop
      vertex -25.172067208762368 -25.11675927324175 47.0616644539544
      vertex -23.50289604188191 -0.03681248544246489 43.91140377336361
      vertex -19.683938883217525 -19.62863094769691 41.98347290283953
    endloop
  endfacet
  facet normal -0.6497226798373587 -0.052018689759373946 -0.7583894086949522
    outer loop
      vertex -19.683938883217525 -19.62863094769691 41.98347290283953
      vertex -23.50289604188191 -0.03681248544246489 43.91140377336361
      vertex -19.6944159661595 -19.345215404492645 41.97300900827823
    endloop
  endfacet
  facet normal -0.6497226798372981 -0.052018689759356675 -0.7583894086950052
    outer loop
      vertex -19.6944159661595 -19.345215404492645 41.97300900827823
      vertex -23.50289604188191 -0.03681248544246489 43.91140377336361
      vertex -19.782217165761153 -16.719666473846214 41.8681404754884
    endloop
  endfacet
  facet normal -0.4813561322846264 2.2845890336441704e-14 -0.8765251131097073
    outer loop
      vertex -19.782217165761153 -16.719666473846214 41.8681404754884
      vertex -23.50289604188191 -0.03681248544246489 43.91140377336361
      vertex -19.781041525559946 -16.43104520663006 41.86749485608544
    endloop
  endfacet
  facet normal -0.4710988304592141 0.0029674125758216425 -0.8820754425799221
    outer loop
      vertex -19.781041525559946 -16.43104520663006 41.86749485608544
      vertex -23.50289604188191 0.25708014070377166 43.91140377336361
      vertex -19.776260659875113 -15.672047199053189 41.86749485608544
    endloop
  endfacet
  facet normal -0.48509801741617925 -0.018818734972223212 0.8742572668916956
    outer loop
      vertex -21.256992242799534 -20.579362842688365 66.1200451214515
      vertex -21.38040082911814 -17.474941539669604 66.11839345795799
      vertex -25.992283439682616 -0.10160550072664648 63.9333719811192
    endloop
  endfacet
  facet normal -0.4850980174161568 -0.01881873497221568 0.8742572668917082
    outer loop
      vertex -21.38040082911814 -17.474941539669604 66.11839345795799
      vertex -21.433806499366206 -16.131488013737023 66.11767869249047
      vertex -25.992283439682616 -0.10160550072664648 63.9333719811192
    endloop
  endfacet
  facet normal -0.4813561322847042 0 -0.8765251131096646
    outer loop
      vertex -19.781041525559946 -16.43104520663006 41.86749485608544
      vertex -23.50289604188191 -0.03681248544246489 43.91140377336361
      vertex -23.50289604188191 0.25708014070377166 43.91140377336361
    endloop
  endfacet
  facet normal -0.01088809573512139 -0.8773178254777203 -0.4797862883308641
    outer loop
      vertex -29.103199436875872 -29.418217814543397 11.566987298107781
      vertex 29.991107452604925 -30.15161733308498 11.566987298107781
      vertex -29.025945188282133 -29.655981943617185 12
    endloop
  endfacet
  facet normal -0.01088809573512139 -0.8773178254777203 0.4797862883308641
    outer loop
      vertex -29.103199436875872 -29.418217814543397 12.433012701892219
      vertex -29.025945188282133 -29.655981943617185 12
      vertex 29.991107452604925 -30.15161733308498 12.433012701892219
    endloop
  endfacet
  facet normal -0.003516939345417814 -0.7646006750256142 -0.6444947159504225
    outer loop
      vertex -29.103199436875872 -29.418217814543397 11.566987298107781
      vertex -22.888710605751825 -24.640800153397862 5.865353664922682
      vertex 21.783614579405718 -24.84627977593379 5.865353664922682
    endloop
  endfacet
  facet normal 0 -0.876551507956312 -0.48130806548354826
    outer loop
      vertex -24.922745751406264 -25.23776412907379 -0.4330127018922193
      vertex 25.154508497187475 -25.475528258147577 0
      vertex -24.845491502812525 -25.475528258147577 0
    endloop
  endfacet
  facet normal 0.011401674317313142 -0.6439663596970641 -0.7649688421114115
    outer loop
      vertex -24.781180447444203 -28.205192665835217 23.113651981444903
      vertex -18.069899622383172 -22.085381968629772 18.061900634515737
      vertex 16.597567480522788 -21.47158100936935 18.061900634515737
    endloop
  endfacet
  facet normal 0.014640818024053197 -0.8753532437053795 -0.483262190929579
    outer loop
      vertex -28.417182554280732 -29.047219309615784 24
      vertex -28.49443680287447 -28.809455180541995 23.56698729810778
      vertex 27.786164221877993 -28.107183982838094 24
    endloop
  endfacet
  facet normal 0.014640818024053197 -0.8753532437053795 0.483262190929579
    outer loop
      vertex -28.417182554280732 -29.047219309615784 24
      vertex 27.786164221877993 -28.107183982838094 24
      vertex -28.49443680287447 -28.809455180541995 24.43301270189222
    endloop
  endfacet
  facet normal 0.010728333243362274 -0.6414314615959945 -0.7671053271491768
    outer loop
      vertex -28.49443680287447 -28.809455180541995 23.56698729810778
      vertex -24.781180447444203 -28.205192665835217 23.113651981444903
      vertex 27.708909973284253 -27.869419853764306 23.56698729810778
    endloop
  endfacet
  facet normal 0.012540615633239528 -0.7497851933262069 0.6615624663086035
    outer loop
      vertex -28.49443680287447 -28.809455180541995 24.43301270189222
      vertex 26.63846494979719 -27.77581182643559 24.5593952533845
      vertex -23.0703311982874 -23.70036795362245 30.12060309922877
    endloop
  endfacet
  facet normal 0 -0.9900244897633679 0.14089538554822564
    outer loop
      vertex -24.845491502812525 -25.475528258147577 0
      vertex 25.154508497187475 -25.475528258147577 0
      vertex -22.888710605751825 -24.640800153397862 5.865353664922682
    endloop
  endfacet
  facet normal -0.00746872789045032 -0.6017992743027276 0.7986124539176739
    outer loop
      vertex -29.103199436875872 -29.418217814543397 12.433012701892219
      vertex 29.991107452604925 -30.15161733308498 12.433012701892219
      vertex -21.78328784831281 -22.098306225980334 18.017433390445934
    endloop
  endfacet
  facet normal -0.007468727890450682 -0.6017992743027291 0.7986124539176727
    outer loop
      vertex -21.78328784831281 -22.098306225980334 18.017433390445934
      vertex 29.991107452604925 -30.15161733308498 12.433012701892219
      vertex -18.069899622383172 -22.085381968629772 18.061900634515737
    endloop
  endfacet
  facet normal 0.01254061563324019 -0.7497851933262036 0.6615624663086072
    outer loop
      vertex -23.0703311982874 -23.70036795362245 30.12060309922877
      vertex 26.63846494979719 -27.77581182643559 24.5593952533845
      vertex -19.65423399301762 -23.727618661269364 30.024962638439877
    endloop
  endfacet
  facet normal -0.0961577694791305 -0.8796278860551143 0.4658416742231304
    outer loop
      vertex -24.884631972910345 -25.514668728245397 36
      vertex 31.33991503752596 -31.66093479848606 36
      vertex -24.961886221504084 -25.27690459917161 36.43301270189222
    endloop
  endfacet
  facet normal -0.09615776947913073 -0.8796278860551167 -0.4658416742231259
    outer loop
      vertex -24.884631972910345 -25.514668728245397 36
      vertex -23.874880389353343 -25.39573218284359 35.56698729810778
      vertex 31.26266078893222 -31.423170669412272 35.56698729810778
    endloop
  endfacet
  facet normal -0.07443870076970258 -0.680947128385178 -0.7285395584123752
    outer loop
      vertex -23.874880389353343 -25.39573218284359 35.56698729810778
      vertex -23.745137279968365 -25.3929239727004 35.55110600381738
      vertex 30.394758224998295 -30.555268105478348 34.844459312774475
    endloop
  endfacet
  facet normal -0.015990676620108765 -0.9540154814439026 -0.2993305187023031
    outer loop
      vertex -23.745137279968365 -25.3929239727004 35.55110600381738
      vertex -19.65423399301762 -23.727618661269364 30.024962638439877
      vertex 21.400995649780764 -24.415763574587412 30.02496263843987
    endloop
  endfacet
  facet normal -0.07294837482850679 -0.6673139891777756 0.7411953686158079
    outer loop
      vertex -24.961886221504084 -25.27690459917161 36.43301270189222
      vertex 31.26266078893222 -31.423170669412272 36.43301270189222
      vertex -19.404430386030054 -19.719448763697578 41.98347290283953
    endloop
  endfacet
  facet normal 0 0 -1
    outer loop
      vertex -24.922745751406264 -25.23776412907379 -0.4330127018922193
      vertex 0 -5.226251859505506 -0.4330127018922193
      vertex 24.797745751406264 -24.85305368692688 -0.4330127018922193
    endloop
  endfacet
  facet normal -0.07294837482850683 -0.6673139891777757 0.7411953686158078
    outer loop
      vertex -16.136061938012503 -19.951435764022825 42.09628256077813
      vertex -19.404430386030054 -19.719448763697578 41.98347290283953
      vertex 31.26266078893222 -31.423170669412272 36.43301270189222
    endloop
  endfacet
  facet normal -0.03784900907104856 -0.5933779491712546 -0.8040336199125355
    outer loop
      vertex -25.43867371858644 -25.753692096253964 47.56698729810778
      vertex -21.69511254613557 -25.328308251399157 47.07682934390741
      vertex 6.553611657693594 -27.499754887205246 47.34958203412081
    endloop
  endfacet
  facet normal 0.06366182701386208 -0.6995062840761928 -0.711785171466204
    outer loop
      vertex -30.820812219271552 -31.135830596939076 59.56698729810778
      vertex -21.13020292907846 -24.688329193145464 54.09743551153006
      vertex 15.711586017094646 -21.335370616268666 54.09743551153006
    endloop
  endfacet
  facet normal 0.01380793760687353 -0.875426574437512 -0.4831538612364057
    outer loop
      vertex -30.820812219271552 -31.135830596939076 59.56698729810778
      vertex 30.015757028404554 -30.176266908884603 59.56698729810778
      vertex -30.743557970677813 -31.373594726012865 60
    endloop
  endfacet
  facet normal 0.01380793760687353 -0.875426574437512 0.4831538612364057
    outer loop
      vertex -30.820812219271552 -31.135830596939076 60.43301270189222
      vertex -30.743557970677813 -31.373594726012865 60
      vertex 30.015757028404554 -30.176266908884603 60.43301270189222
    endloop
  endfacet
  facet normal 0.023745481170887366 -0.8745109827466163 -0.4844240840209232
    outer loop
      vertex -27.739292571560505 -28.369329326895556 84
      vertex -27.816546820154244 -28.131565197821768 83.56698729810778
      vertex 26.573559859879875 -26.894579620839973 84
    endloop
  endfacet
  facet normal 0.023745481170887366 -0.8745109827466163 0.4844240840209232
    outer loop
      vertex -27.739292571560505 -28.369329326895556 84
      vertex 26.573559859879875 -26.894579620839973 84
      vertex -27.816546820154244 -28.131565197821768 84.43301270189222
    endloop
  endfacet
  facet normal 0.011764870035049974 -0.7198306435912404 -0.6940500215258832
    outer loop
      vertex -26.292501703033224 -26.60752008070075 71.56698729810778
      vertex -17.789292378138907 -21.21764258146702 66.12104000420341
      vertex 15.640677017212994 -20.67126511238646 66.12104000420341
    endloop
  endfacet
  facet normal -0.056090546393061096 -0.8793597032919 -0.4728428521524984
    outer loop
      vertex -25.43867371858644 -25.753692096253964 47.56698729810778
      vertex 29.147312354620365 -29.468332115580463 48
      vertex -25.3614194699927 -25.991456225327752 48
    endloop
  endfacet
  facet normal -0.06195276107434188 -0.9712645909112909 0.2297976280060092
    outer loop
      vertex -25.3614194699927 -25.991456225327752 48
      vertex 29.147312354620365 -29.468332115580463 48
      vertex -24.062667362483147 -24.6927041178182 53.83945632968714
    endloop
  endfacet
  facet normal -0.06195276107434106 -0.9712645909112895 0.2297976280060156
    outer loop
      vertex -24.062667362483147 -24.6927041178182 53.83945632968714
      vertex 29.147312354620365 -29.468332115580463 48
      vertex -23.366101842883356 -24.716793732683538 53.9254309650758
    endloop
  endfacet
  facet normal -0.025564496520978627 -0.878182262796492 0.4776425125836916
    outer loop
      vertex -23.366101842883356 -24.716793732683538 53.9254309650758
      vertex 29.070058106026625 -29.230567986506674 48.43301270189222
      vertex -21.13020292907846 -24.688329193145464 54.09743551153006
    endloop
  endfacet
  facet normal 0.007970532128907111 -0.5053336592844869 0.8628872251990594
    outer loop
      vertex -30.820812219271552 -31.135830596939076 60.43301270189222
      vertex 30.015757028404554 -30.176266908884603 60.43301270189222
      vertex -20.953690728379474 -21.268709106046998 66.12036356005562
    endloop
  endfacet
  facet normal -0.05280193064074595 -0.8792732013072906 -0.473382079913719
    outer loop
      vertex -26.215247454439485 -26.845284209774537 72
      vertex -26.292501703033224 -26.60752008070075 71.56698729810778
      vertex 29.81645345660458 -29.976963337084634 71.56698729810778
    endloop
  endfacet
  facet normal -0.05280193064074595 -0.8792732013072906 0.473382079913719
    outer loop
      vertex -26.215247454439485 -26.845284209774537 72
      vertex 29.81645345660458 -29.976963337084634 72.43301270189222
      vertex -26.292501703033224 -26.60752008070075 72.43301270189222
    endloop
  endfacet
  facet normal -0.05201424975159397 -0.8661565086294135 0.49705876954509476
    outer loop
      vertex -26.292501703033224 -26.60752008070075 72.43301270189222
      vertex 29.81645345660458 -29.976963337084634 72.43301270189222
      vertex -23.323314602109217 -23.63833297977674 77.91771780975205
    endloop
  endfacet
  facet normal 0.021414654414888004 -0.7886700775936745 -0.6144435867389929
    outer loop
      vertex -27.816546820154244 -28.131565197821768 83.56698729810778
      vertex -19.160828179718827 -27.08343730289297 82.52333105583575
      vertex 26.496305611286136 -26.656815491766185 83.56698729810778
    endloop
  endfacet
  facet normal 0.02203657656470986 -0.7909102063621909 -0.6115353095001336
    outer loop
      vertex -19.160828179718827 -27.08343730289297 82.52333105583575
      vertex -20.26372908768606 -23.70747787861712 78.11739589008305
      vertex 17.38045198331044 -22.658624454152736 78.11739589008305
    endloop
  endfacet
  facet normal -0.052014249751594584 -0.8661565086294155 0.49705876954509104
    outer loop
      vertex -23.323314602109217 -23.63833297977674 77.91771780975205
      vertex 29.81645345660458 -29.976963337084634 72.43301270189222
      vertex -20.26372908768606 -23.70747787861712 78.11739589008305
    endloop
  endfacet
  facet normal 0.007970532128907923 -0.5053336592844835 0.8628872251990614
    outer loop
      vertex -20.953690728379474 -21.268709106046998 66.12036356005562
      vertex 30.015757028404554 -30.176266908884603 60.43301270189222
      vertex -17.789292378138907 -21.21764258146702 66.12104000420341
    endloop
  endfacet
  facet normal -0.021663180169582897 -0.667246494045168 -0.7445218753061402
    outer loop
      vertex -21.69511254613557 -25.328308251399157 47.07682934390741
      vertex -16.136061938012503 -19.951435764022825 42.09628256077813
      vertex 16.343608227690908 -21.005938040059707 42.09628256077813
    endloop
  endfacet
  facet normal 0 0 -1
    outer loop
      vertex -25.202254248593736 -25.14694631307312 -0.4330127018922193
      vertex -5.226251859505506 0 -0.4330127018922193
      vertex -3.6955181300451474 -3.6955181300451474 -0.4330127018922193
    endloop
  endfacet
  facet normal 0 0 -1
    outer loop
      vertex -25.202254248593736 -25.14694631307312 -0.4330127018922193
      vertex -3.6955181300451474 -3.6955181300451474 -0.4330127018922193
      vertex 0 -5.226251859505506 -0.4330127018922193
    endloop
  endfacet
  facet normal 0 0 -1
    outer loop
      vertex -25.202254248593736 -25.14694631307312 -0.4330127018922193
      vertex -3.6955181300451474 3.6955181300451474 -0.4330127018922193
      vertex -5.226251859505506 0 -0.4330127018922193
    endloop
  endfacet
  facet normal 0 0 -1
    outer loop
      vertex -25.202254248593736 -25.14694631307312 -0.4330127018922193
      vertex -5.5 10.25 -0.4330127018922193
      vertex -3.6955181300451474 3.6955181300451474 -0.4330127018922193
    endloop
  endfacet
  facet normal -0.2799809633056543 -0.8616928014882829 0.4231975614883818
    outer loop
      vertex -28.096055317341715 -28.0407473818211 84.43301270189222
      vertex -27.739292571560505 -28.369329326895556 84
      vertex -27.816546820154244 -28.131565197821768 84.43301270189222
    endloop
  endfacet
  facet normal -0.9021396033208079 -0.027146614038700966 0.43058936060521663
    outer loop
      vertex -28.298309565935455 -28.187693694894215 84
      vertex -28.096055317341715 -28.0407473818211 84.43301270189222
      vertex -28.140432552224887 -26.565997675765516 84.43301270189222
    endloop
  endfacet
  facet normal -0.7205071470022761 -0.021681045106320344 0.6931084932402272
    outer loop
      vertex -28.096055317341715 -28.0407473818211 84.43301270189222
      vertex -28.07593510273686 -27.726734541070005 84.46375086942889
      vertex -28.140432552224887 -26.565997675765516 84.43301270189222
    endloop
  endfacet
  facet normal -0.7205071470022978 -0.02168104510632215 0.6931084932402046
    outer loop
      vertex -28.07593510273686 -27.726734541070005 84.46375086942889
      vertex -27.975121308190385 -26.494841249527852 84.60708455308183
      vertex -28.140432552224887 -26.565997675765516 84.43301270189222
    endloop
  endfacet
  facet normal -0.7205071470023018 -0.02168104510630478 0.6931084932402012
    outer loop
      vertex -28.140432552224887 -26.565997675765516 84.43301270189222
      vertex -27.975121308190385 -26.494841249527852 84.60708455308183
      vertex -27.949869128054658 -26.18627245250995 84.64298725881177
    endloop
  endfacet
  facet normal -0.23839044061411893 -0.7336903344980304 0.6362927713623457
    outer loop
      vertex -28.096055317341715 -28.0407473818211 84.43301270189222
      vertex -27.816546820154244 -28.131565197821768 84.43301270189222
      vertex -24.08206441648607 -24.397082794153594 90.13827718545362
    endloop
  endfacet
  facet normal -0.8366929508378167 1.0365649412035955e-14 0.5476722615016273
    outer loop
      vertex -28.096055317341715 -28.0407473818211 84.43301270189222
      vertex -24.392309687687927 -24.281693816646687 90.09131982800263
      vertex -28.07593510273686 -27.726734541070005 84.46375086942889
    endloop
  endfacet
  facet normal -0.8382232276447144 0.005149946751467465 0.5453029421205559
    outer loop
      vertex -28.07593510273686 -27.726734541070005 84.46375086942889
      vertex -24.406957781146275 -24.05775721947942 90.06894156019294
      vertex -27.975121308190385 -26.494841249527852 84.60708455308183
    endloop
  endfacet
  facet normal -0.8382232276447171 0.005149946751481387 0.5453029421205514
    outer loop
      vertex -27.975121308190385 -26.494841249527852 84.60708455308183
      vertex -24.406957781146275 -24.05775721947942 90.06894156019294
      vertex -27.949869128054658 -26.18627245250995 84.64298725881177
    endloop
  endfacet
  facet normal -0.8366929508377613 -1.6956475755643608e-13 0.547672261501712
    outer loop
      vertex -28.096055317341715 -28.0407473818211 84.43301270189222
      vertex -24.361572913673537 -24.30626497815292 90.13827718545362
      vertex -24.392309687687927 -24.281693816646687 90.09131982800263
    endloop
  endfacet
  facet normal -0.23839044061412926 -0.733690334498024 0.6362927713623492
    outer loop
      vertex -28.096055317341715 -28.0407473818211 84.43301270189222
      vertex -24.08206441648607 -24.397082794153594 90.13827718545362
      vertex -24.361572913673537 -24.30626497815292 90.13827718545362
    endloop
  endfacet
  facet normal -0.8366929508378209 2.6673167948997295e-14 0.5476722615016211
    outer loop
      vertex -28.07593510273686 -27.726734541070005 84.46375086942889
      vertex -24.392309687687927 -24.281693816646687 90.09131982800263
      vertex -24.406957781146275 -24.05775721947942 90.06894156019294
    endloop
  endfacet
  facet normal -0.8382232276447148 0.005149946751470503 0.5453029421205552
    outer loop
      vertex -27.949869128054658 -26.18627245250995 84.64298725881177
      vertex -24.412407210141737 -23.97202674690269 90.05975520717114
      vertex -24.42058536438324 -23.843367940904376 90.0459689165356
    endloop
  endfacet
  facet normal -0.8382232276447077 0.005149946751430252 0.5453029421205667
    outer loop
      vertex -27.949869128054658 -26.18627245250995 84.64298725881177
      vertex -24.42058536438324 -23.843367940904376 90.0459689165356
      vertex -24.424512860605 -23.72982871621296 90.03885940139921
    endloop
  endfacet
  facet normal -0.8382232276447196 0.005149946751494036 0.5453029421205478
    outer loop
      vertex -27.949869128054658 -26.18627245250995 84.64298725881177
      vertex -24.406957781146275 -24.05775721947942 90.06894156019294
      vertex -24.412407210141737 -23.97202674690269 90.05975520717114
    endloop
  endfacet
  facet normal 0.02289735432831527 -0.8432757244140227 0.5369932623215758
    outer loop
      vertex -27.816546820154244 -28.131565197821768 84.43301270189222
      vertex -23.821610604342048 -24.4516473596771 90.04148513909296
      vertex -24.08206441648607 -24.397082794153594 90.13827718545362
    endloop
  endfacet
  facet normal 0.022897354328298185 -0.8432757244140177 0.5369932623215845
    outer loop
      vertex -27.816546820154244 -28.131565197821768 84.43301270189222
      vertex -21.52646792509885 -24.415745158173223 90
      vertex -23.821610604342048 -24.4516473596771 90.04148513909296
    endloop
  endfacet
  facet normal -0.2963585775973548 -0.9120979153721183 -0.2832825202131411
    outer loop
      vertex -25.77740366500096 -25.66678779395972 96
      vertex -24.08206441648607 -24.397082794153594 90.13827718545362
      vertex -23.821610604342048 -24.4516473596771 90.04148513909296
    endloop
  endfacet
  facet normal -0.2963585775973746 -0.9120979153721105 -0.28328252021314587
    outer loop
      vertex -25.77740366500096 -25.66678779395972 96
      vertex -23.821610604342048 -24.4516473596771 90.04148513909296
      vertex -25.21838667062601 -25.848423425961062 96
    endloop
  endfacet
  facet normal -0.29635857759747164 -0.9120979153720744 -0.2832825202131599
    outer loop
      vertex -25.77740366500096 -25.66678779395972 96
      vertex -24.392309687687927 -24.281693816646687 90.09131982800263
      vertex -24.361572913673537 -24.30626497815292 90.13827718545362
    endloop
  endfacet
  facet normal -0.9650788502957651 -0.0877916242356696 -0.24681054156147236
    outer loop
      vertex -25.77740366500096 -25.66678779395972 96
      vertex -24.406957781146275 -24.05775721947942 90.06894156019294
      vertex -24.392309687687927 -24.281693816646687 90.09131982800263
    endloop
  endfacet
  facet normal -0.9650788502957791 -0.08779162423557717 -0.24681054156145055
    outer loop
      vertex -25.77740366500096 -25.66678779395972 96
      vertex -24.412407210141737 -23.97202674690269 90.05975520717114
      vertex -24.406957781146275 -24.05775721947942 90.06894156019294
    endloop
  endfacet
  facet normal -0.2963585775973864 -0.9120979153721059 -0.28328252021314776
    outer loop
      vertex -25.77740366500096 -25.66678779395972 96
      vertex -24.361572913673537 -24.30626497815292 90.13827718545362
      vertex -24.08206441648607 -24.397082794153594 90.13827718545362
    endloop
  endfacet
  facet normal -0.9650788502957682 -0.08779162423564746 -0.2468105415614682
    outer loop
      vertex -25.77740366500096 -25.66678779395972 96
      vertex -24.42058536438324 -23.843367940904376 90.0459689165356
      vertex -24.412407210141737 -23.97202674690269 90.05975520717114
    endloop
  endfacet
  facet normal -0.9650788502957707 -0.08779162423563099 -0.2468105415614642
    outer loop
      vertex -25.77740366500096 -25.66678779395972 96
      vertex -24.433350249341782 -23.73624945496675 90.05777965450238
      vertex -24.42058536438324 -23.843367940904376 90.0459689165356
    endloop
  endfacet
  facet normal 0.011157714262483867 -0.9741246949300706 -0.22573565101647894
    outer loop
      vertex -25.21838667062601 -25.848423425961062 96
      vertex -23.821610604342048 -24.4516473596771 90.04148513909296
      vertex -24.052109282343306 -25.73472197214744 95.56698729810778
    endloop
  endfacet
  facet normal 0.011157714262469217 -0.9741246949300707 -0.2257356510164796
    outer loop
      vertex -23.821610604342048 -24.4516473596771 90.04148513909296
      vertex -23.925052748636404 -25.729646348230244 95.55136446633195
      vertex -24.052109282343306 -25.73472197214744 95.56698729810778
    endloop
  endfacet
  facet normal -0.1892025764569331 -0.5823056547526466 -0.7906468930598222
    outer loop
      vertex -28.526697245928066 -28.47138931040745 106.12522854413255
      vertex -24.07779654743137 -24.022488611910752 101.7840194167041
      vertex -28.247188748740594 -28.56220712640812 106.12522854413255
    endloop
  endfacet
  facet normal -0.6983912878265656 0 -0.7157161511995878
    outer loop
      vertex -28.526697245928066 -28.47138931040745 106.12522854413255
      vertex -28.526697245928066 -28.17749668426121 106.12522854413255
      vertex -24.07779654743137 -24.022488611910752 101.7840194167041
    endloop
  endfacet
  facet normal -0.6983912878265669 0 -0.7157161511995865
    outer loop
      vertex -28.526697245928066 -28.17749668426121 106.12522854413255
      vertex -24.110417237188383 -23.761216675521528 101.81585047918747
      vertex -24.110417237188383 -23.999801366147143 101.81585047918747
    endloop
  endfacet
  facet normal -0.6983912878266065 8.602215337221971e-14 -0.7157161511995477
    outer loop
      vertex -28.526697245928066 -28.17749668426121 106.12522854413255
      vertex -24.110417237188383 -23.999801366147143 101.81585047918747
      vertex -24.07779654743137 -24.022488611910752 101.7840194167041
    endloop
  endfacet
  facet normal -0.2906414360312547 -0.894502362894363 0.33969556729237915
    outer loop
      vertex -25.77740366500096 -25.66678779395972 96
      vertex -25.21838667062601 -25.848423425961062 96
      vertex -23.7982880502439 -24.113306427911425 101.7840194167041
    endloop
  endfacet
  facet normal -0.9612915522141297 -3.452156943553647e-15 0.275533213318738
    outer loop
      vertex -25.77740366500096 -25.66678779395972 96
      vertex -24.104197416489683 -23.405796293155973 101.83755044421866
      vertex -25.69467455013517 -24.99627342680146 96.28862872205045
    endloop
  endfacet
  facet normal -0.9612915522141299 0 0.2755332133187369
    outer loop
      vertex -25.77740366500096 -25.66678779395972 96
      vertex -24.110417237188383 -23.999801366147143 101.81585047918747
      vertex -24.110417237188383 -23.761216675521528 101.81585047918747
    endloop
  endfacet
  facet normal -0.2906414360311592 -0.8945023628944 0.33969556729236366
    outer loop
      vertex -25.77740366500096 -25.66678779395972 96
      vertex -24.07779654743137 -24.022488611910752 101.7840194167041
      vertex -24.110417237188383 -23.999801366147143 101.81585047918747
    endloop
  endfacet
  facet normal -0.2906414360312659 -0.8945023628943585 0.33969556729238176
    outer loop
      vertex -25.77740366500096 -25.66678779395972 96
      vertex -23.7982880502439 -24.113306427911425 101.7840194167041
      vertex -24.07779654743137 -24.022488611910752 101.7840194167041
    endloop
  endfacet
  facet normal -0.9612915522141298 -2.5288727000852056e-15 0.2755332133187377
    outer loop
      vertex -25.77740366500096 -25.66678779395972 96
      vertex -24.110417237188383 -23.761216675521528 101.81585047918747
      vertex -24.104197416489683 -23.405796293155973 101.83755044421866
    endloop
  endfacet
  facet normal -0.290641436031255 -0.8945023628943629 0.33969556729237943
    outer loop
      vertex -25.21838667062601 -25.848423425961062 96
      vertex -23.54374001332692 -24.173776768661973 101.84257580135358
      vertex -23.7982880502439 -24.113306427911425 101.7840194167041
    endloop
  endfacet
  facet normal -0.09472311650931128 -0.9494490738318123 0.2992891367869493
    outer loop
      vertex -25.21838667062601 -25.848423425961062 96
      vertex -22.65673815489314 -24.241781995802846 101.90757007633664
      vertex -23.54374001332692 -24.173776768661973 101.84257580135358
    endloop
  endfacet
  facet normal -0.18920257645694075 -0.5823056547526414 -0.7906468930598242
    outer loop
      vertex -28.247188748740594 -28.56220712640812 106.12522854413255
      vertex -24.07779654743137 -24.022488611910752 101.7840194167041
      vertex -23.7982880502439 -24.113306427911425 101.7840194167041
    endloop
  endfacet
  facet normal -0.001023556080789888 -0.6978664183815215 -0.7162272086623747
    outer loop
      vertex -28.247188748740594 -28.56220712640812 106.12522854413255
      vertex -23.7982880502439 -24.113306427911425 101.7840194167041
      vertex -23.54374001332692 -24.173776768661973 101.84257580135358
    endloop
  endfacet
  facet normal -0.001023556080785464 -0.6978664183815233 -0.7162272086623729
    outer loop
      vertex -28.247188748740594 -28.56220712640812 106.12522854413255
      vertex -23.54374001332692 -24.173776768661973 101.84257580135358
      vertex -22.65673815489314 -24.241781995802846 101.90757007633664
    endloop
  endfacet
  facet normal -0.0010235560807952346 -0.6978664183815166 -0.7162272086623792
    outer loop
      vertex -28.247188748740594 -28.56220712640812 106.12522854413255
      vertex -22.65673815489314 -24.241781995802846 101.90757007633664
      vertex -19.956740234193834 -24.37721064759372 102.03566840571038
    endloop
  endfacet
  facet normal -0.9060374296629709 0 -0.42319756148838705
    outer loop
      vertex -30.206475690971548 -30.095859819930308 108
      vertex -30.206475690971548 -29.508074567637838 108
      vertex -30.00422144237781 -29.948913506857192 107.56698729810778
    endloop
  endfacet
  facet normal -0.27998096330565625 -0.861692801488283 -0.4231975614883802
    outer loop
      vertex -30.206475690971548 -30.095859819930308 108
      vertex -30.00422144237781 -29.948913506857192 107.56698729810778
      vertex -29.647458696596598 -30.27749545193165 108
    endloop
  endfacet
  facet normal -0.9060374296629709 0 -0.423197561488387
    outer loop
      vertex -30.00422144237781 -29.948913506857192 107.56698729810778
      vertex -30.206475690971548 -29.508074567637838 108
      vertex -30.00422144237781 -29.655020880710953 107.56698729810778
    endloop
  endfacet
  facet normal -0.2799809633056543 -0.8616928014882829 -0.4231975614883818
    outer loop
      vertex -30.00422144237781 -29.948913506857192 107.56698729810778
      vertex -29.724712945190337 -30.03973132285786 107.56698729810778
      vertex -29.647458696596598 -30.27749545193165 108
    endloop
  endfacet
  facet normal -0.9060374296629709 0 0.42319756148838705
    outer loop
      vertex -30.206475690971548 -30.095859819930308 108
      vertex -30.00422144237781 -29.655020880710953 108.43301270189222
      vertex -30.206475690971548 -29.508074567637838 108
    endloop
  endfacet
  facet normal -0.27998096330565625 -0.861692801488283 0.4231975614883802
    outer loop
      vertex -30.206475690971548 -30.095859819930308 108
      vertex -29.647458696596598 -30.27749545193165 108
      vertex -30.00422144237781 -29.948913506857192 108.43301270189222
    endloop
  endfacet
  facet normal -0.9060374296629709 0 0.423197561488387
    outer loop
      vertex -30.206475690971548 -30.095859819930308 108
      vertex -30.00422144237781 -29.948913506857192 108.43301270189222
      vertex -30.00422144237781 -29.655020880710953 108.43301270189222
    endloop
  endfacet
  facet normal -0.2799809633056543 -0.8616928014882829 0.4231975614883818
    outer loop
      vertex -30.00422144237781 -29.948913506857192 108.43301270189222
      vertex -29.647458696596598 -30.27749545193165 108
      vertex -29.724712945190337 -30.03973132285786 108.43301270189222
    endloop
  endfacet
  facet normal -0.6983912878265697 0 -0.7157161511995839
    outer loop
      vertex -28.526697245928066 -28.17749668426121 106.12522854413255
      vertex -30.00422144237781 -29.948913506857192 107.56698729810778
      vertex -30.00422144237781 -29.655020880710953 107.56698729810778
    endloop
  endfacet
  facet normal -0.8950036546917827 0.0674421113208762 -0.44093085592747383
    outer loop
      vertex -30.206475690971548 -29.508074567637838 108
      vertex -29.757913517978974 -26.38634366703857 107.56698729810778
      vertex -30.00422144237781 -29.655020880710953 107.56698729810778
    endloop
  endfacet
  facet normal -0.7247913131502666 0.054615929409492614 -0.6868003004051829
    outer loop
      vertex -28.526697245928066 -28.17749668426121 106.12522854413255
      vertex -30.00422144237781 -29.655020880710953 107.56698729810778
      vertex -29.757913517978974 -26.38634366703857 107.56698729810778
    endloop
  endfacet
  facet normal -0.745732655357637 0 0.6662453052241704
    outer loop
      vertex -30.00422144237781 -29.948913506857192 108.43301270189222
      vertex -29.629743317740072 -26.15950276107281 108.85216847540343
      vertex -30.00422144237781 -29.655020880710953 108.43301270189222
    endloop
  endfacet
  facet normal -0.8998855788191963 0.04090038417351254 0.43420398847511676
    outer loop
      vertex -30.206475690971548 -29.508074567637838 108
      vertex -30.00422144237781 -29.655020880710953 108.43301270189222
      vertex -29.83199756633381 -25.718663821853458 108.4191557735112
    endloop
  endfacet
  facet normal -0.18920257645693458 -0.5823056547526506 -0.7906468930598188
    outer loop
      vertex -28.247188748740594 -28.56220712640812 106.12522854413255
      vertex -29.724712945190337 -30.03973132285786 107.56698729810778
      vertex -30.00422144237781 -29.948913506857192 107.56698729810778
    endloop
  endfacet
  facet normal -0.1892025764569345 -0.5823056547526508 -0.7906468930598186
    outer loop
      vertex -28.526697245928066 -28.47138931040745 106.12522854413255
      vertex -28.247188748740594 -28.56220712640812 106.12522854413255
      vertex -30.00422144237781 -29.948913506857192 107.56698729810778
    endloop
  endfacet
  facet normal -0.6983912878265698 0 -0.7157161511995838
    outer loop
      vertex -28.526697245928066 -28.47138931040745 106.12522854413255
      vertex -30.00422144237781 -29.948913506857192 107.56698729810778
      vertex -28.526697245928066 -28.17749668426121 106.12522854413255
    endloop
  endfacet
  facet normal -0.8950036546917827 0.0674421113208762 -0.44093085592747383
    outer loop
      vertex -30.206475690971548 -29.508074567637838 108
      vertex -29.960167766572713 -26.239397353965455 108
      vertex -29.757913517978974 -26.38634366703857 107.56698729810778
    endloop
  endfacet
  facet normal -0.9755782413396635 0.07351372925657206 0.2069850879541823
    outer loop
      vertex -30.206475690971548 -29.508074567637838 108
      vertex -29.83199756633381 -25.718663821853458 108.4191557735112
      vertex -29.960167766572713 -26.239397353965455 108
    endloop
  endfacet
  facet normal -0.7457326553576377 0 0.6662453052241695
    outer loop
      vertex -30.00422144237781 -29.655020880710953 108.43301270189222
      vertex -29.629743317740072 -26.15950276107281 108.85216847540343
      vertex -29.629743317740072 -25.865610134926573 108.85216847540343
    endloop
  endfacet
  facet normal -0.8998855788191963 0.04090038417351254 0.4342039884751166
    outer loop
      vertex -30.00422144237781 -29.655020880710953 108.43301270189222
      vertex -29.629743317740072 -25.865610134926573 108.85216847540343
      vertex -29.83199756633381 -25.718663821853458 108.4191557735112
    endloop
  endfacet
  facet normal 0.0444951752203246 -0.8723129731674252 -0.486919147524432
    outer loop
      vertex -29.647458696596598 -30.27749545193165 108
      vertex -29.724712945190337 -30.03973132285786 107.56698729810778
      vertex -16.71983386598561 -28.809167731979425 106.55083869561813
    endloop
  endfacet
  facet normal -0.0010235560807934005 -0.6978664183815227 -0.7162272086623732
    outer loop
      vertex -28.247188748740594 -28.56220712640812 106.12522854413255
      vertex -16.79708811457935 -28.571403602905637 106.1178259937259
      vertex -29.724712945190337 -30.03973132285786 107.56698729810778
    endloop
  endfacet
  facet normal -0.12541521548710108 -0.38598834401593873 0.9139387408399742
    outer loop
      vertex -30.00422144237781 -29.948913506857192 108.43301270189222
      vertex -29.724712945190337 -30.03973132285786 108.43301270189222
      vertex -19.93172065110118 -19.876412715580564 114.06918121907513
    endloop
  endfacet
  facet normal -0.44523752539959954 -0.05485828217952098 0.8937304486546004
    outer loop
      vertex -30.00422144237781 -29.948913506857192 108.43301270189222
      vertex -19.93172065110118 -19.876412715580564 114.06918121907513
      vertex -29.629743317740072 -26.15950276107281 108.85216847540343
    endloop
  endfacet
  facet normal -0.27998096330565625 -0.8616928014882831 -0.4231975614883802
    outer loop
      vertex -27.04994354095746 -26.994635605436844 119.56698729810778
      vertex -26.69318079517625 -27.323217550511302 120
      vertex -27.2521977895512 -27.14158191850996 120
    endloop
  endfacet
  facet normal -0.27998096330565625 -0.861692801488283 0.4231975614883802
    outer loop
      vertex -27.2521977895512 -27.14158191850996 120
      vertex -26.69318079517625 -27.323217550511302 120
      vertex -27.04994354095746 -26.994635605436844 120.43301270189222
    endloop
  endfacet
  facet normal -0.2799809633056543 -0.8616928014882829 -0.4231975614883818
    outer loop
      vertex -27.04994354095746 -26.994635605436844 119.56698729810778
      vertex -26.77043504376999 -27.085453421437514 119.56698729810778
      vertex -26.69318079517625 -27.323217550511302 120
    endloop
  endfacet
  facet normal -0.2799809633056543 -0.8616928014882829 0.4231975614883818
    outer loop
      vertex -27.04994354095746 -26.994635605436844 120.43301270189222
      vertex -26.69318079517625 -27.323217550511302 120
      vertex -26.77043504376999 -27.085453421437514 120.43301270189222
    endloop
  endfacet
  facet normal -0.8985347013819075 -0.04863879488557477 -0.4361991036724001
    outer loop
      vertex -27.04994354095746 -26.994635605436844 119.56698729810778
      vertex -27.2521977895512 -27.14158191850996 120
      vertex -27.129016599197662 -25.533869833168804 119.56698729810778
    endloop
  endfacet
  facet normal -0.8985347013819056 -0.04863879488557599 0.4361991036724041
    outer loop
      vertex -27.2521977895512 -27.14158191850996 120
      vertex -27.07688153350175 -26.496993319201007 120.43301270189222
      vertex -27.129016599197662 -25.533869833168804 120.43301270189222
    endloop
  endfacet
  facet normal -0.8985347013819075 -0.04863879488557477 -0.4361991036724002
    outer loop
      vertex -27.2521977895512 -27.14158191850996 120
      vertex -27.3312708477914 -25.68081614624192 120
      vertex -27.129016599197662 -25.533869833168804 119.56698729810778
    endloop
  endfacet
  facet normal -0.8985347013819075 -0.04863879488557477 0.4361991036724002
    outer loop
      vertex -27.2521977895512 -27.14158191850996 120
      vertex -27.129016599197662 -25.533869833168804 120.43301270189222
      vertex -27.3312708477914 -25.68081614624192 120
    endloop
  endfacet
  facet normal -0.7296202848434684 -0.039495248568895865 0.6827110408404254
    outer loop
      vertex -27.07688153350175 -26.496993319201007 120.43301270189222
      vertex -27.071777780978405 -26.373376657644695 120.44561843349821
      vertex -27.129016599197662 -25.533869833168804 120.43301270189222
    endloop
  endfacet
  facet normal -0.7296202848433001 -0.03949524856888168 0.6827110408406061
    outer loop
      vertex -27.071777780978405 -26.373376657644695 120.44561843349821
      vertex -27.051006679027402 -26.00453305328521 120.48915454963107
      vertex -27.129016599197662 -25.533869833168804 120.43301270189222
    endloop
  endfacet
  facet normal -0.9269101734798476 1.3188551115834105e-15 0.3752832667460125
    outer loop
      vertex -27.2521977895512 -27.14158191850996 120
      vertex -24.82865950644174 -24.718043635400498 125.98588450241876
      vertex -27.07688153350175 -26.496993319201007 120.43301270189222
    endloop
  endfacet
  facet normal -0.6293643953579469 -0.5975977253087327 0.4967669640400362
    outer loop
      vertex -27.2521977895512 -27.14158191850996 120
      vertex -27.04994354095746 -26.994635605436844 120.43301270189222
      vertex -24.82865950644174 -24.718043635400498 125.98588450241876
    endloop
  endfacet
  facet normal -0.27526402400915384 -0.8471755550695884 0.4544483424756028
    outer loop
      vertex -27.04994354095746 -26.994635605436844 120.43301270189222
      vertex -26.77043504376999 -27.085453421437514 120.43301270189222
      vertex -24.533857053735332 -24.848875431402856 125.95712495640232
    endloop
  endfacet
  facet normal -0.21551839635642037 -0.8716644377369773 0.4401737484410401
    outer loop
      vertex -26.69318079517625 -27.323217550511302 120
      vertex -24.263927492213085 -24.893964247548137 126
      vertex -26.77043504376999 -27.085453421437514 120.43301270189222
    endloop
  endfacet
  facet normal -0.9269101734798432 -3.918594993838042e-14 0.37528326674602364
    outer loop
      vertex -27.07688153350175 -26.496993319201007 120.43301270189222
      vertex -24.82865950644174 -24.718043635400498 125.98588450241876
      vertex -27.071777780978405 -26.373376657644695 120.44561843349821
    endloop
  endfacet
  facet normal -0.9280438411445818 0.008308639373749599 0.37237829612554885
    outer loop
      vertex -27.071777780978405 -26.373376657644695 120.44561843349821
      vertex -24.833880984998796 -24.135479861665086 125.97298799989917
      vertex -27.051006679027402 -26.00453305328521 120.48915454963107
    endloop
  endfacet
  facet normal -0.2752640240091547 -0.8471755550695881 0.4544483424756028
    outer loop
      vertex -27.04994354095746 -26.994635605436844 120.43301270189222
      vertex -24.533857053735332 -24.848875431402856 125.95712495640232
      vertex -24.813365550922803 -24.758057615402187 125.95712495640232
    endloop
  endfacet
  facet normal -0.6293643953579501 -0.5975977253087292 0.496766964040036
    outer loop
      vertex -27.04994354095746 -26.994635605436844 120.43301270189222
      vertex -24.813365550922803 -24.758057615402187 125.95712495640232
      vertex -24.82865950644174 -24.718043635400498 125.98588450241876
    endloop
  endfacet
  facet normal -0.9269101734798478 5.067930763400767e-15 0.37528326674601215
    outer loop
      vertex -27.071777780978405 -26.373376657644695 120.44561843349821
      vertex -24.82865950644174 -24.718043635400498 125.98588450241876
      vertex -24.833880984998796 -24.135479861665086 125.97298799989917
    endloop
  endfacet
  facet normal -0.9280438411445812 0.008308639373742805 0.37237829612555085
    outer loop
      vertex -27.051006679027402 -26.00453305328521 120.48915454963107
      vertex -24.833880984998796 -24.135479861665086 125.97298799989917
      vertex -24.843542934205956 -21.6798585949191 125.8941177104526
    endloop
  endfacet
  facet normal -0.1614886774925997 -0.4970110441591785 -0.8525851447365796
    outer loop
      vertex -19.93172065110118 -19.876412715580564 114.06918121907513
      vertex -26.77043504376999 -27.085453421437514 119.56698729810778
      vertex -27.04994354095746 -26.994635605436844 119.56698729810778
    endloop
  endfacet
  facet normal -0.21551839635641246 -0.8716644377369804 0.44017374844103774
    outer loop
      vertex -26.77043504376999 -27.085453421437514 120.43301270189222
      vertex -24.263927492213085 -24.893964247548137 126
      vertex -24.533857053735332 -24.848875431402856 125.95712495640232
    endloop
  endfacet
  facet normal -0.8382232276447146 0.005149946751466449 0.5453029421205555
    outer loop
      vertex -27.949869128054658 -26.18627245250995 84.64298725881177
      vertex -24.424512860605 -23.72982871621296 90.03885940139921
      vertex -24.51047082951846 -21.244886504833154 89.88325912922106
    endloop
  endfacet
  facet normal -0.838223227644719 0.005149946751478275 0.5453029421205488
    outer loop
      vertex -27.949869128054658 -26.18627245250995 84.64298725881177
      vertex -24.51047082951846 -21.244886504833154 89.88325912922106
      vertex -24.509378801785747 -20.96015779655302 89.88224872815239
    endloop
  endfacet
  facet normal -0.8967288588397783 -0.058489325394290026 -0.43869847565136316
    outer loop
      vertex -24.42058536438324 -23.843367940904376 90.0459689165356
      vertex -24.433350249341782 -23.73624945496675 90.05777965450238
      vertex -24.424512860605 -23.72982871621296 90.03885940139921
    endloop
  endfacet
  facet normal -0.896728858839775 -0.05848932539430814 -0.43869847565136777
    outer loop
      vertex -24.433350249341782 -23.73624945496675 90.05777965450238
      vertex -24.51047082951846 -21.244886504833154 89.88325912922106
      vertex -24.424512860605 -23.72982871621296 90.03885940139921
    endloop
  endfacet
  facet normal -0.9640738224298825 0.07297048340556052 0.2554152960513416
    outer loop
      vertex -25.69467455013517 -24.99627342680146 96.28862872205045
      vertex -23.94412083429888 -21.288839626619417 101.83696430535423
      vertex -25.641142199205316 -24.794393700359628 96.43301270189222
    endloop
  endfacet
  facet normal -0.9640738224298819 0.07297048340555574 0.2554152960513446
    outer loop
      vertex -25.69467455013517 -24.99627342680146 96.28862872205045
      vertex -24.104197416489683 -23.405796293155973 101.83755044421866
      vertex -23.94412083429888 -21.288839626619417 101.83696430535423
    endloop
  endfacet
  facet normal -0.7247913131502618 0.05461592940949149 -0.6868003004051882
    outer loop
      vertex -28.526697245928066 -28.17749668426121 106.12522854413255
      vertex -24.751743908984476 -1.108880513990879 104.29401828482688
      vertex -24.110417237188383 -23.761216675521528 101.81585047918747
    endloop
  endfacet
  facet normal -0.7247913131502329 0.05461592940949559 -0.6868003004052183
    outer loop
      vertex -24.110417237188383 -23.761216675521528 101.81585047918747
      vertex -24.751743908984476 -1.108880513990879 104.29401828482688
      vertex -24.104197416489683 -23.405796293155973 101.83755044421866
    endloop
  endfacet
  facet normal -0.7247913131502666 0.05461592940949253 -0.6868003004051829
    outer loop
      vertex -28.526697245928066 -28.17749668426121 106.12522854413255
      vertex -29.757913517978974 -26.38634366703857 107.56698729810778
      vertex -24.751743908984476 -1.108880513990879 104.29401828482688
    endloop
  endfacet
  facet normal -0.9280438411445747 0.008308639373718011 0.3723782961255676
    outer loop
      vertex -27.051006679027402 -26.00453305328521 120.48915454963107
      vertex -24.843542934205956 -21.6798585949191 125.8941177104526
      vertex -24.84199965611625 -21.4059485204355 125.89185229833765
    endloop
  endfacet
  facet normal -0.9280438411445818 0.00830863937374353 0.3723782961255492
    outer loop
      vertex -27.051006679027402 -26.00453305328521 120.48915454963107
      vertex -24.84199965611625 -21.4059485204355 125.89185229833765
      vertex -24.825441682369952 -19.55648498424613 125.89185229833765
    endloop
  endfacet
  facet normal -0.8264515967318359 6.0697581361532734e-15 -0.5630077781517757
    outer loop
      vertex -24.843542934205956 -21.6798585949191 125.8941177104526
      vertex -24.965840873870324 -20.096330056626563 126.07364156684486
      vertex -24.84199965611625 -21.4059485204355 125.89185229833765
    endloop
  endfacet
  facet normal -0.8264515967318562 0 -0.5630077781517456
    outer loop
      vertex -24.84199965611625 -21.4059485204355 125.89185229833765
      vertex -24.965840873870324 -20.096330056626563 126.07364156684486
      vertex -24.965840873870324 -19.802437430480325 126.07364156684486
    endloop
  endfacet
  facet normal -0.7960631285029219 0.0071270355561083645 -0.6051716292113521
    outer loop
      vertex -24.84199965611625 -21.4059485204355 125.89185229833765
      vertex -24.965840873870324 -19.802437430480325 126.07364156684486
      vertex -24.825441682369952 -19.55648498424613 125.89185229833765
    endloop
  endfacet
  facet normal -0.590726458945362 -0.03197675395945916 -0.8062380156678856
    outer loop
      vertex -27.04994354095746 -26.994635605436844 119.56698729810778
      vertex -27.129016599197662 -25.533869833168804 119.56698729810778
      vertex -24.084557792887324 2.4821892300324024 116.22516398380718
    endloop
  endfacet
  facet normal 0.011157714262482606 -0.9741246949300706 -0.22573565101647933
    outer loop
      vertex -23.821610604342048 -24.4516473596771 90.04148513909296
      vertex -21.52646792509885 -24.415745158173223 90
      vertex -23.925052748636404 -25.729646348230244 95.55136446633195
    endloop
  endfacet
  facet normal -0.0010235560807933999 -0.6978664183815184 -0.7162272086623775
    outer loop
      vertex -28.247188748740594 -28.56220712640812 106.12522854413255
      vertex -19.956740234193834 -24.37721064759372 102.03566840571038
      vertex -16.79708811457935 -28.571403602905637 106.1178259937259
    endloop
  endfacet
  facet normal 0.0444951752203246 -0.8723129731674251 -0.486919147524432
    outer loop
      vertex -29.724712945190337 -30.03973132285786 107.56698729810778
      vertex -16.79708811457935 -28.571403602905637 106.1178259937259
      vertex -16.71983386598561 -28.809167731979425 106.55083869561813
    endloop
  endfacet
  facet normal 0.026013933650671856 -0.9302160399487436 0.3660893255451403
    outer loop
      vertex -26.69318079517625 -27.323217550511302 120
      vertex -1.6580918860931806 -26.588992686800278 120.08666355755217
      vertex -24.263927492213085 -24.893964247548137 126
    endloop
  endfacet
  facet normal -0.12541521548710094 -0.3859883440159391 0.9139387408399741
    outer loop
      vertex -29.724712945190337 -30.03973132285786 108.43301270189222
      vertex -19.65221215391371 -19.967230531581233 114.06918121907513
      vertex -19.93172065110118 -19.876412715580564 114.06918121907513
    endloop
  endfacet
  facet normal -0.44523752539960787 -0.054858282179502144 0.8937304486545972
    outer loop
      vertex -29.629743317740072 -26.15950276107281 108.85216847540343
      vertex -19.93172065110118 -19.876412715580564 114.06918121907513
      vertex -19.94841653223425 -19.673028647797583 114.07334765179185
    endloop
  endfacet
  facet normal -0.1614886774925999 -0.4970110441591798 -0.8525851447365788
    outer loop
      vertex -19.65221215391371 -19.967230531581233 114.06918121907513
      vertex -26.77043504376999 -27.085453421437514 119.56698729810778
      vertex -19.93172065110118 -19.876412715580564 114.06918121907513
    endloop
  endfacet
  facet normal -0.4452375253995793 -0.05485828217955666 0.893730448654608
    outer loop
      vertex -29.629743317740072 -26.15950276107281 108.85216847540343
      vertex -19.94841653223425 -19.673028647797583 114.07334765179185
      vertex -20.40013386178092 -14.170347642885066 114.18607305068116
    endloop
  endfacet
  facet normal -0.059173672448606426 -0.5724569831875694 -0.8177967222291441
    outer loop
      vertex -19.65221215391371 -19.967230531581233 114.06918121907513
      vertex -14.341105216840992 -20.12274725558182 113.79374471822528
      vertex -26.77043504376999 -27.085453421437514 119.56698729810778
    endloop
  endfacet
  facet normal -0.2799809633056546 -0.8616928014882779 -0.4231975614883916
    outer loop
      vertex -29.187705579374416 -29.077089708333176 144
      vertex -28.985451330780677 -28.93014339526006 143.5669872981078
      vertex -28.628688584999466 -29.258725340334518 144
    endloop
  endfacet
  facet normal -0.2799809633056546 -0.8616928014882779 0.4231975614883916
    outer loop
      vertex -29.187705579374416 -29.077089708333176 144
      vertex -28.628688584999466 -29.258725340334518 144
      vertex -28.985451330780677 -28.93014339526006 144.4330127018922
    endloop
  endfacet
  facet normal -0.27998096330565264 -0.8616928014882778 -0.42319756148839316
    outer loop
      vertex -28.985451330780677 -28.93014339526006 143.5669872981078
      vertex -28.705942833593205 -29.02096121126073 143.5669872981078
      vertex -28.628688584999466 -29.258725340334518 144
    endloop
  endfacet
  facet normal -0.2799809633056527 -0.8616928014882778 0.42319756148839316
    outer loop
      vertex -28.628688584999466 -29.258725340334518 144
      vertex -28.705942833593205 -29.02096121126073 144.4330127018922
      vertex -28.985451330780677 -28.93014339526006 144.4330127018922
    endloop
  endfacet
  facet normal -0.9021292236072086 -0.02721269077131751 -0.43060693605054684
    outer loop
      vertex -29.187705579374416 -29.077089708333176 144
      vertex -29.282734707437147 -25.92677450283869 144
      vertex -28.985451330780677 -28.93014339526006 143.5669872981078
    endloop
  endfacet
  facet normal -0.9021292236072085 -0.027212690771317508 0.43060693605054684
    outer loop
      vertex -29.187705579374416 -29.077089708333176 144
      vertex -28.985451330780677 -28.93014339526006 144.4330127018922
      vertex -29.080480458843407 -25.779828189765574 144.4330127018922
    endloop
  endfacet
  facet normal -0.6523687129599158 -0.019678675282988275 0.7576462314894263
    outer loop
      vertex -28.985451330780677 -28.93014339526006 144.4330127018922
      vertex -28.97119491817161 -28.621994356504754 144.45329182660643
      vertex -29.080480458843407 -25.779828189765574 144.4330127018922
    endloop
  endfacet
  facet normal -0.9035087038727384 -0.018174789177886484 -0.4281841882467679
    outer loop
      vertex -27.583879904494633 -27.528571968974017 131.5669872981078
      vertex -27.786134153088373 -27.675518282047133 132
      vertex -27.80021299165549 -26.975628282702033 132
    endloop
  endfacet
  facet normal -0.2799809633056546 -0.8616928014882779 -0.4231975614883916
    outer loop
      vertex -27.583879904494633 -27.528571968974017 131.5669872981078
      vertex -27.227117158713423 -27.857153914048475 132
      vertex -27.786134153088373 -27.675518282047133 132
    endloop
  endfacet
  facet normal -0.27998096330565264 -0.8616928014882778 -0.42319756148839316
    outer loop
      vertex -27.583879904494633 -27.528571968974017 131.5669872981078
      vertex -27.304371407307162 -27.619389784974686 131.5669872981078
      vertex -27.227117158713423 -27.857153914048475 132
    endloop
  endfacet
  facet normal -0.9035087038727384 -0.01817478917788649 -0.4281841882467679
    outer loop
      vertex -27.583879904494633 -27.528571968974017 131.5669872981078
      vertex -27.80021299165549 -26.975628282702033 132
      vertex -27.59795874306175 -26.828681969628917 131.5669872981078
    endloop
  endfacet
  facet normal -0.8929217413287964 -0.0179618240880699 -0.4498534614046882
    outer loop
      vertex -27.583879904494633 -27.528571968974017 131.5669872981078
      vertex -27.59795874306175 -26.828681969628917 131.5669872981078
      vertex -27.436132048026785 -27.109136735788063 131.25697279979934
    endloop
  endfacet
  facet normal -0.9035087038727384 -0.018174789177886484 0.4281841882467679
    outer loop
      vertex -27.786134153088373 -27.675518282047133 132
      vertex -27.583879904494633 -27.528571968974017 132.4330127018922
      vertex -27.59795874306175 -26.828681969628917 132.4330127018922
    endloop
  endfacet
  facet normal -0.2799809633056546 -0.8616928014882779 0.4231975614883916
    outer loop
      vertex -27.786134153088373 -27.675518282047133 132
      vertex -27.227117158713423 -27.857153914048475 132
      vertex -27.583879904494633 -27.528571968974017 132.4330127018922
    endloop
  endfacet
  facet normal -0.27998096330565264 -0.8616928014882778 0.42319756148839316
    outer loop
      vertex -27.583879904494633 -27.528571968974017 132.4330127018922
      vertex -27.227117158713423 -27.857153914048475 132
      vertex -27.304371407307162 -27.619389784974686 132.4330127018922
    endloop
  endfacet
  facet normal -0.9035087038727384 -0.01817478917788649 0.4281841882467679
    outer loop
      vertex -27.786134153088373 -27.675518282047133 132
      vertex -27.59795874306175 -26.828681969628917 132.4330127018922
      vertex -27.80021299165549 -26.975628282702033 132
    endloop
  endfacet
  facet normal -0.8057397944887864 -0.016208090563264728 0.5920478708495295
    outer loop
      vertex -27.583879904494633 -27.528571968974017 132.4330127018922
      vertex -27.532484770785526 -26.746025154778064 132.5243814860234
      vertex -27.59795874306175 -26.828681969628917 132.4330127018922
    endloop
  endfacet
  facet normal -0.9021292236072086 -0.02721269077131751 -0.43060693605054684
    outer loop
      vertex -28.985451330780677 -28.93014339526006 143.5669872981078
      vertex -29.282734707437147 -25.92677450283869 144
      vertex -29.080480458843407 -25.779828189765574 143.5669872981078
    endloop
  endfacet
  facet normal -0.9021292236072086 -0.02721269077131751 0.43060693605054684
    outer loop
      vertex -29.187705579374416 -29.077089708333176 144
      vertex -29.080480458843407 -25.779828189765574 144.4330127018922
      vertex -29.282734707437147 -25.92677450283869 144
    endloop
  endfacet
  facet normal -0.6523687129598488 -0.019678675282985288 0.7576462314894844
    outer loop
      vertex -28.97119491817161 -28.621994356504754 144.45329182660643
      vertex -28.82759033106003 -27.233149818463733 144.61301513191987
      vertex -29.080480458843407 -25.779828189765574 144.4330127018922
    endloop
  endfacet
  facet normal -0.8180737029071838 1.8950492920676385e-14 0.5751133945681747
    outer loop
      vertex -28.985451330780677 -28.93014339526006 144.4330127018922
      vertex -24.9413546059152 -24.886046670394585 150.18556378811675
      vertex -28.97119491817161 -28.621994356504754 144.45329182660643
    endloop
  endfacet
  facet normal -0.23131165043066101 -0.7119040584872841 0.6630893845360346
    outer loop
      vertex -28.985451330780677 -28.93014339526006 144.4330127018922
      vertex -28.705942833593205 -29.02096121126073 144.4330127018922
      vertex -24.9413546059152 -24.886046670394585 150.18556378811675
    endloop
  endfacet
  facet normal -0.8245415845172646 0.020228372949326535 0.5654396416325812
    outer loop
      vertex -28.97119491817161 -28.621994356504754 144.45329182660643
      vertex -24.97919757079283 -24.629997009125976 150.1317338222373
      vertex -28.82759033106003 -27.233149818463733 144.61301513191987
    endloop
  endfacet
  facet normal -0.26236304407039684 -0.8074704214986476 -0.5283532450084049
    outer loop
      vertex -27.583879904494633 -27.528571968974017 131.5669872981078
      vertex -24.813365550922803 -24.758057615402187 125.95712495640232
      vertex -27.304371407307162 -27.619389784974686 131.5669872981078
    endloop
  endfacet
  facet normal -0.8929217413287848 -0.017961824088090297 -0.44985346140471033
    outer loop
      vertex -27.583879904494633 -27.528571968974017 131.5669872981078
      vertex -27.436132048026785 -27.109136735788063 131.25697279979934
      vertex -24.813365550922803 -24.758057615402187 125.95712495640232
    endloop
  endfacet
  facet normal -0.07226308810705984 -0.8796429826469312 -0.47011303872286087
    outer loop
      vertex -27.227117158713423 -27.857153914048475 132
      vertex -27.304371407307162 -27.619389784974686 131.5669872981078
      vertex -24.263927492213085 -24.893964247548137 126
    endloop
  endfacet
  facet normal 0.10755513232620333 -0.9114813705715319 -0.39703098696617434
    outer loop
      vertex -27.227117158713423 -27.857153914048475 132
      vertex -24.263927492213085 -24.893964247548137 126
      vertex -26.74975787414726 -27.612209904628056 131.5669872981078
    endloop
  endfacet
  facet normal -0.8929217413287912 -0.017961824088056872 -0.4498534614046989
    outer loop
      vertex -27.436132048026785 -27.109136735788063 131.25697279979934
      vertex -24.82865950644174 -24.718043635400498 125.98588450241876
      vertex -24.813365550922803 -24.758057615402187 125.95712495640232
    endloop
  endfacet
  facet normal -0.8929217413287855 -0.017961824088085943 -0.44985346140470905
    outer loop
      vertex -27.436132048026785 -27.109136735788063 131.25697279979934
      vertex -24.833880984998796 -24.135479861665086 125.97298799989917
      vertex -24.82865950644174 -24.718043635400498 125.98588450241876
    endloop
  endfacet
  facet normal -0.26236304407039684 -0.8074704214986476 -0.5283532450084049
    outer loop
      vertex -24.533857053735332 -24.848875431402856 125.95712495640232
      vertex -27.304371407307162 -27.619389784974686 131.5669872981078
      vertex -24.813365550922803 -24.758057615402187 125.95712495640232
    endloop
  endfacet
  facet normal -0.8929217413287891 -0.017961824088071354 -0.4498534614047026
    outer loop
      vertex -27.436132048026785 -27.109136735788063 131.25697279979934
      vertex -24.843542934205956 -21.6798585949191 125.8941177104526
      vertex -24.833880984998796 -24.135479861665086 125.97298799989917
    endloop
  endfacet
  facet normal -0.6776760945875664 -0.04121685818888638 0.7342045228855383
    outer loop
      vertex -27.583879904494633 -27.528571968974017 132.4330127018922
      vertex -21.94370694483132 -21.888399009310703 137.95556189187369
      vertex -27.532484770785526 -26.746025154778064 132.5243814860234
    endloop
  endfacet
  facet normal -0.1896080474256213 -0.5835535660777807 0.7896290419363694
    outer loop
      vertex -27.583879904494633 -27.528571968974017 132.4330127018922
      vertex -27.304371407307162 -27.619389784974686 132.4330127018922
      vertex -21.664198447643848 -21.979216825311372 137.95556189187369
    endloop
  endfacet
  facet normal -0.07226308810703863 -0.8796429826469375 -0.4701130387228523
    outer loop
      vertex -24.533857053735332 -24.848875431402856 125.95712495640232
      vertex -24.263927492213085 -24.893964247548137 126
      vertex -27.304371407307162 -27.619389784974686 131.5669872981078
    endloop
  endfacet
  facet normal 0.10755513232621162 -0.9114813705715323 -0.3970309869661709
    outer loop
      vertex -24.263927492213085 -24.893964247548137 126
      vertex -24.36435066610828 -27.197077483012855 131.26015310957038
      vertex -26.74975787414726 -27.612209904628056 131.5669872981078
    endloop
  endfacet
  facet normal 0.10755513232620943 -0.9114813705715328 -0.397030986966171
    outer loop
      vertex -24.263927492213085 -24.893964247548137 126
      vertex -22.048142958414836 -24.70078928498209 126.15677269820891
      vertex -24.36435066610828 -27.197077483012855 131.26015310957038
    endloop
  endfacet
  facet normal -0.16516758283041416 -0.508333550552197 -0.8451725687485103
    outer loop
      vertex -28.985451330780677 -28.93014339526006 143.5669872981078
      vertex -21.664198447643848 -21.979216825311372 137.95556189187369
      vertex -28.705942833593205 -29.02096121126073 143.5669872981078
    endloop
  endfacet
  facet normal -0.16516758283041288 -0.5083335505521983 -0.8451725687485099
    outer loop
      vertex -28.985451330780677 -28.93014339526006 143.5669872981078
      vertex -21.94370694483132 -21.888399009310703 137.95556189187369
      vertex -21.664198447643848 -21.979216825311372 137.95556189187369
    endloop
  endfacet
  facet normal -0.23131165043060434 -0.7119040584873156 0.6630893845360206
    outer loop
      vertex -28.705942833593205 -29.02096121126073 144.4330127018922
      vertex -24.66184610872773 -24.976864486395254 150.18556378811672
      vertex -24.9413546059152 -24.886046670394585 150.18556378811675
    endloop
  endfacet
  facet normal 0.04821067717738473 -0.832753500782857 0.551540875674681
    outer loop
      vertex -28.705942833593205 -29.02096121126073 144.4330127018922
      vertex -24.41505264944457 -25.04508940477962 150.06098078357306
      vertex -24.66184610872773 -24.976864486395254 150.18556378811672
    endloop
  endfacet
  facet normal -0.8180737029071549 -7.718963199760498e-14 0.5751133945682155
    outer loop
      vertex -28.97119491817161 -28.621994356504754 144.45329182660643
      vertex -24.9413546059152 -24.886046670394585 150.18556378811675
      vertex -24.97919757079283 -24.86858169975159 150.1317338222373
    endloop
  endfacet
  facet normal -0.8180737029071786 0 0.5751133945681818
    outer loop
      vertex -28.97119491817161 -28.621994356504754 144.45329182660643
      vertex -24.97919757079283 -24.86858169975159 150.1317338222373
      vertex -24.97919757079283 -24.629997009125976 150.1317338222373
    endloop
  endfacet
  facet normal -0.30773634187710325 -0.947115073185743 -0.09094713867111676
    outer loop
      vertex -25.404508497187475 -25.293892626146235 156
      vertex -24.97919757079283 -24.86858169975159 150.1317338222373
      vertex -24.9413546059152 -24.886046670394585 150.18556378811675
    endloop
  endfacet
  facet normal -0.9973838862483787 0 -0.07228681381885019
    outer loop
      vertex -25.404508497187475 -25.293892626146235 156
      vertex -24.97919757079283 -24.629997009125976 150.1317338222373
      vertex -24.97919757079283 -24.86858169975159 150.1317338222373
    endloop
  endfacet
  facet normal -0.3077363418771247 -0.947115073185736 -0.09094713867111733
    outer loop
      vertex -24.9413546059152 -24.886046670394585 150.18556378811675
      vertex -24.66184610872773 -24.976864486395254 150.18556378811672
      vertex -24.845491502812525 -25.475528258147577 156
    endloop
  endfacet
  facet normal -0.30773634187711124 -0.9471150731857404 -0.09094713867111727
    outer loop
      vertex -24.66184610872773 -24.976864486395254 150.18556378811672
      vertex -24.41505264944457 -25.04508940477962 150.06098078357306
      vertex -24.845491502812525 -25.475528258147577 156
    endloop
  endfacet
  facet normal -0.30773634187711824 -0.9471150731857382 -0.09094713867111766
    outer loop
      vertex -25.404508497187475 -25.293892626146235 156
      vertex -24.9413546059152 -24.886046670394585 150.18556378811675
      vertex -24.845491502812525 -25.475528258147577 156
    endloop
  endfacet
  facet normal -0.2799809633056546 -0.8616928014882779 0.4231975614883916
    outer loop
      vertex -25.404508497187475 -25.293892626146235 156
      vertex -24.845491502812525 -25.475528258147577 156
      vertex -25.202254248593736 -25.14694631307312 156.4330127018922
    endloop
  endfacet
  facet normal -0.9060374296629654 0 0.42319756148839843
    outer loop
      vertex -25.404508497187475 -25.293892626146235 156
      vertex -25.202254248593736 -25.14694631307312 156.4330127018922
      vertex -25.404508497187475 -24.706107373853765 156
    endloop
  endfacet
  facet normal -0.27998096330565264 -0.8616928014882778 0.42319756148839316
    outer loop
      vertex -25.202254248593736 -25.14694631307312 156.4330127018922
      vertex -24.845491502812525 -25.475528258147577 156
      vertex -24.922745751406264 -25.23776412907379 156.4330127018922
    endloop
  endfacet
  facet normal 0.10212137156511715 -0.9926758141281077 -0.06454419814946707
    outer loop
      vertex -24.41505264944457 -25.04508940477962 150.06098078357306
      vertex -22.80797242548659 -25.23776412907379 155.5669872981078
      vertex -24.845491502812525 -25.475528258147577 156
    endloop
  endfacet
  facet normal -0.611748730129497 -0.018453375178552573 -0.7908368758027582
    outer loop
      vertex -28.985451330780677 -28.93014339526006 143.5669872981078
      vertex -29.080480458843407 -25.779828189765574 143.5669872981078
      vertex -25.551727704147716 1.3749789131662196 140.2037047535277
    endloop
  endfacet
  facet normal -0.652368712959902 -0.019678675283000283 0.7576462314894381
    outer loop
      vertex -28.82759033106003 -27.233149818463733 144.61301513191987
      vertex -25.988803756914063 0.22163632357878887 147.77043777295134
      vertex -29.080480458843407 -25.779828189765574 144.4330127018922
    endloop
  endfacet
  facet normal -0.8929217413287882 -0.01796182408807345 -0.4498534614047044
    outer loop
      vertex -27.436132048026785 -27.109136735788063 131.25697279979934
      vertex -24.965840873870324 -20.096330056626563 126.07364156684486
      vertex -24.843542934205956 -21.6798585949191 125.8941177104526
    endloop
  endfacet
  facet normal -0.18960804742562173 -0.5835535660777803 0.7896290419363696
    outer loop
      vertex -27.583879904494633 -27.528571968974017 132.4330127018922
      vertex -21.664198447643848 -21.979216825311372 137.95556189187369
      vertex -21.94370694483132 -21.888399009310703 137.95556189187369
    endloop
  endfacet
  facet normal -0.6776760945875996 -0.04121685818880996 0.7342045228855121
    outer loop
      vertex -27.532484770785526 -26.746025154778064 132.5243814860234
      vertex -21.94370694483132 -21.888399009310703 137.95556189187369
      vertex -21.94634663494274 -21.83204747278745 137.95628890783087
    endloop
  endfacet
  facet normal -0.8929217413287966 -0.01796182408807083 -0.44985346140468757
    outer loop
      vertex -27.436132048026785 -27.109136735788063 131.25697279979934
      vertex -27.59795874306175 -26.828681969628917 131.5669872981078
      vertex -26.444976273857574 -0.9443057109456483 128.2448972058258
    endloop
  endfacet
  facet normal -0.8929217413287884 -0.017961824088073015 -0.4498534614047039
    outer loop
      vertex -27.436132048026785 -27.109136735788063 131.25697279979934
      vertex -26.444976273857574 -0.9443057109456483 128.2448972058258
      vertex -24.965840873870324 -20.096330056626563 126.07364156684486
    endloop
  endfacet
  facet normal -0.6117487301294949 -0.01845337517855299 -0.7908368758027599
    outer loop
      vertex -28.985451330780677 -28.93014339526006 143.5669872981078
      vertex -25.551727704147716 1.3749789131662196 140.2037047535277
      vertex -21.94370694483132 -21.888399009310703 137.95556189187369
    endloop
  endfacet
  facet normal -0.8245415845172643 0.02022837294932577 0.5654396416325814
    outer loop
      vertex -28.82759033106003 -27.233149818463733 144.61301513191987
      vertex -24.97919757079283 -24.629997009125976 150.1317338222373
      vertex -25.988803756914063 0.22163632357878887 147.77043777295134
    endloop
  endfacet
  facet normal -0.9973838862483788 2.658641219769024e-16 -0.07228681381885016
    outer loop
      vertex -25.404508497187475 -25.293892626146235 156
      vertex -25.006161022657388 -20.697507643660376 150.50376450095467
      vertex -24.97919757079283 -24.629997009125976 150.1317338222373
    endloop
  endfacet
  facet normal -0.9973838862483794 -4.754679445210939e-16 -0.07228681381884174
    outer loop
      vertex -24.97919757079283 -24.629997009125976 150.1317338222373
      vertex -25.006161022657388 -20.109722391367907 150.50376450095467
      vertex -24.976520070340175 -23.48819589455986 150.09479076629358
    endloop
  endfacet
  facet normal -0.9973838862483787 -6.855175139385025e-16 -0.07228681381885088
    outer loop
      vertex -25.404508497187475 -25.293892626146235 156
      vertex -25.010789467442013 -20.163128313234022 150.56762588870575
      vertex -25.006161022657388 -20.697507643660376 150.50376450095467
    endloop
  endfacet
  facet normal -0.9973838862483787 0 -0.0722868138188503
    outer loop
      vertex -25.404508497187475 -25.293892626146235 156
      vertex -25.404508497187475 -24.706107373853765 156
      vertex -25.010789467442013 -20.163128313234022 150.56762588870575
    endloop
  endfacet
  facet normal -0.997383886248379 0 -0.07228681381884752
    outer loop
      vertex -24.97919757079283 -24.629997009125976 150.1317338222373
      vertex -25.006161022657388 -20.697507643660376 150.50376450095467
      vertex -25.006161022657388 -20.109722391367907 150.50376450095467
    endloop
  endfacet
  facet normal -0.9639015127150039 0.023647272195536976 -0.2652068632283812
    outer loop
      vertex -24.976520070340175 -23.48819589455986 150.09479076629358
      vertex -25.006161022657388 -20.109722391367907 150.50376450095467
      vertex -24.88524577737003 -19.767706345557276 150.09479076629358
    endloop
  endfacet
  facet normal -0.9973838862483783 0 -0.07228681381885634
    outer loop
      vertex -25.006161022657388 -20.697507643660376 150.50376450095467
      vertex -25.010789467442013 -20.163128313234022 150.56762588870575
      vertex -25.006161022657388 -20.109722391367907 150.50376450095467
    endloop
  endfacet
  facet normal -0.9639015127150034 0.0236472721955344 -0.26520686322838327
    outer loop
      vertex -25.006161022657388 -20.109722391367907 150.50376450095467
      vertex -24.823485170414312 -17.250242936731254 150.09479076629356
      vertex -24.88524577737003 -19.767706345557276 150.09479076629358
    endloop
  endfacet
  facet normal 0.04821067717737408 -0.8327535007828542 0.5515408756746866
    outer loop
      vertex -28.705942833593205 -29.02096121126073 144.4330127018922
      vertex -2.6388517694304228 -27.387433118726097 144.6208757053569
      vertex -24.41505264944457 -25.04508940477962 150.06098078357306
    endloop
  endfacet
  facet normal 0.10212137156511834 -0.9926758141281077 -0.06454419814946742
    outer loop
      vertex -24.41505264944457 -25.04508940477962 150.06098078357306
      vertex -22.411838333804297 -24.84706434309421 150.18486959705268
      vertex -22.80797242548659 -25.23776412907379 155.5669872981078
    endloop
  endfacet
  facet normal -0.724791313150277 0.054615929409489235 -0.6868003004051723
    outer loop
      vertex -24.104197416489683 -23.405796293155973 101.83755044421866
      vertex -24.751743908984476 -1.108880513990879 104.29401828482688
      vertex -23.94412083429888 -21.288839626619417 101.83696430535423
    endloop
  endfacet
  facet normal -0.7205071470022845 -0.02168104510632298 0.6931084932402184
    outer loop
      vertex -28.140432552224887 -26.565997675765516 84.43301270189222
      vertex -27.949869128054658 -26.18627245250995 84.64298725881177
      vertex -24.32458029054941 23.275095985414332 89.9587793944252
    endloop
  endfacet
  facet normal -0.8382232276447155 0.005149946751468938 0.5453029421205543
    outer loop
      vertex -27.949869128054658 -26.18627245250995 84.64298725881177
      vertex -24.509378801785747 -20.96015779655302 89.88224872815239
      vertex -24.26483281360183 18.842996957351943 89.88224872815239
    endloop
  endfacet
  facet normal -0.8922042939110669 -0.08116234656728746 0.4442793844264508
    outer loop
      vertex -25.77740366500096 -25.66678779395972 96
      vertex -25.69467455013517 -24.99627342680146 96.28862872205045
      vertex -30.490479250517847 26.143275034120474 96
    endloop
  endfacet
  facet normal -0.9640738224298818 0.07297048340555505 0.255415296051345
    outer loop
      vertex -25.641142199205316 -24.794393700359628 96.43301270189222
      vertex -23.94412083429888 -21.288839626619417 101.83696430535423
      vertex -21.094238079336037 16.363334688630765 101.83696430535423
    endloop
  endfacet
  facet normal -0.8950036546917829 0.06744211132087534 -0.4409308559274736
    outer loop
      vertex -29.960167766572713 -26.239397353965455 108
      vertex -25.82755474584038 25.77224681031976 107.56698729810778
      vertex -29.757913517978974 -26.38634366703857 107.56698729810778
    endloop
  endfacet
  facet normal -0.8998855788191965 0.04090038417351141 0.4342039884751163
    outer loop
      vertex -29.629743317740072 -25.865610134926573 108.85216847540343
      vertex -24.875898672832054 22.23938931899557 114.17317736268136
      vertex -29.83199756633381 -25.718663821853458 108.4191557735112
    endloop
  endfacet
  facet normal -0.7457326553576438 0 0.6662453052241627
    outer loop
      vertex -29.629743317740072 -26.15950276107281 108.85216847540343
      vertex -24.864377531139162 22.06208117472523 114.186073050681
      vertex -29.629743317740072 -25.865610134926573 108.85216847540343
    endloop
  endfacet
  facet normal -0.9755782413396633 0.07351372925657083 0.2069850879541838
    outer loop
      vertex -29.960167766572713 -26.239397353965455 108
      vertex -29.83199756633381 -25.718663821853458 108.4191557735112
      vertex -24.909253453827212 24.095459384209057 113.92921492121599
    endloop
  endfacet
  facet normal -0.5907264589453589 -0.03197675395945974 -0.8062380156678879
    outer loop
      vertex -19.93172065110118 -19.876412715580564 114.06918121907513
      vertex -27.04994354095746 -26.994635605436844 119.56698729810778
      vertex -24.084557792887324 2.4821892300324024 116.22516398380718
    endloop
  endfacet
  facet normal -0.7296202848433356 -0.03949524856889218 0.6827110408405676
    outer loop
      vertex -27.051006679027402 -26.00453305328521 120.48915454963107
      vertex -24.473376984032072 19.767820750995167 125.89185229833765
      vertex -27.129016599197662 -25.533869833168804 120.43301270189222
    endloop
  endfacet
  facet normal -0.9280438411445813 0.008308639373741987 0.37237829612555085
    outer loop
      vertex -27.051006679027402 -26.00453305328521 120.48915454963107
      vertex -24.825441682369952 -19.55648498424613 125.89185229833765
      vertex -24.4920370911083 17.68355680978712 125.89185229833765
    endloop
  endfacet
  facet normal -0.9021396033208076 -0.02714661403870318 0.43058936060521724
    outer loop
      vertex -28.342686800818626 -26.71294398883863 84
      vertex -28.140432552224887 -26.565997675765516 84.43301270189222
      vertex -29.82686290314177 29.477662341474915 84.43301270189222
    endloop
  endfacet
  facet normal -0.9650788502957695 -0.08779162423563967 -0.24681054156146612
    outer loop
      vertex -25.77740366500096 -25.66678779395972 96
      vertex -30.351705049363357 25.928530719625872 95.53375048890534
      vertex -24.433350249341782 -23.73624945496675 90.05777965450238
    endloop
  endfacet
  facet normal -0.8967288588397841 -0.05848932539430712 -0.4386984756513493
    outer loop
      vertex -24.433350249341782 -23.73624945496675 90.05777965450238
      vertex -30.351705049363357 25.928530719625872 95.53375048890534
      vertex -24.51047082951846 -21.244886504833154 89.88325912922106
    endloop
  endfacet
  facet normal -0.6791417374123473 -1.557381656101911e-15 -0.734007152897394
    outer loop
      vertex -24.51047082951846 -21.244886504833154 89.88325912922106
      vertex -30.149450800769618 26.075477032698988 95.10073778701312
      vertex -24.509378801785747 -20.96015779655302 89.88224872815239
    endloop
  endfacet
  facet normal -0.8922042939110556 -0.08116234656728628 0.4442793844264737
    outer loop
      vertex -25.69467455013517 -24.99627342680146 96.28862872205045
      vertex -25.641142199205316 -24.794393700359628 96.43301270189222
      vertex -30.490479250517847 26.143275034120474 96
    endloop
  endfacet
  facet normal -0.8985347013819073 -0.048638794885575425 -0.43619910367240033
    outer loop
      vertex -27.129016599197662 -25.533869833168804 119.56698729810778
      vertex -27.3312708477914 -25.68081614624192 120
      vertex -30.12288280954676 29.7736822478799 119.56698729810778
    endloop
  endfacet
  facet normal -0.8985347013819073 -0.048638794885575425 0.43619910367240033
    outer loop
      vertex -27.3312708477914 -25.68081614624192 120
      vertex -27.129016599197662 -25.533869833168804 120.43301270189222
      vertex -30.3251370581405 29.626735934806785 120
    endloop
  endfacet
  facet normal -0.44523752539961786 -0.054858282179519484 0.8937304486545912
    outer loop
      vertex -29.629743317740072 -26.15950276107281 108.85216847540343
      vertex -20.40013386178092 -14.170347642885066 114.18607305068116
      vertex -24.55816741670102 19.57683686542282 114.186073050681
    endloop
  endfacet
  facet normal -0.7960631285029212 0.007127035556107051 -0.6051716292113534
    outer loop
      vertex -24.965840873870324 -19.802437430480325 126.07364156684486
      vertex -24.4920370911083 17.68355680978712 125.89185229833765
      vertex -24.825441682369952 -19.55648498424613 125.89185229833765
    endloop
  endfacet
  facet normal -0.7247913131502642 0.05461592940949175 -0.6868003004051855
    outer loop
      vertex -29.757913517978974 -26.38634366703857 107.56698729810778
      vertex -25.82755474584038 25.77224681031976 107.56698729810778
      vertex -24.751743908984476 -1.108880513990879 104.29401828482688
    endloop
  endfacet
  facet normal -0.590726458945441 -0.03197675395948087 -0.8062380156678269
    outer loop
      vertex -19.93172065110118 -19.876412715580564 114.06918121907513
      vertex -24.084557792887324 2.4821892300324024 116.22516398380718
      vertex -19.94841653223425 -19.673028647797583 114.07334765179185
    endloop
  endfacet
  facet normal -0.590726458945346 -0.03197675395945629 -0.8062380156678973
    outer loop
      vertex -19.94841653223425 -19.673028647797583 114.07334765179185
      vertex -24.084557792887324 2.4821892300324024 116.22516398380718
      vertex -20.40013386178092 -14.170347642885066 114.18607305068116
    endloop
  endfacet
  facet normal -0.723787495578571 0.05478327717907273 -0.687844789022655
    outer loop
      vertex -23.94412083429888 -21.288839626619417 101.83696430535423
      vertex -24.751743908984476 -1.108880513990879 104.29401828482688
      vertex -21.094238079336037 16.363334688630765 101.83696430535423
    endloop
  endfacet
  facet normal -0.903508703872738 -0.01817478917788968 -0.42818418824676885
    outer loop
      vertex -27.59795874306175 -26.828681969628917 131.5669872981078
      vertex -27.80021299165549 -26.975628282702033 132
      vertex -28.910354665561165 28.21195354222746 132
    endloop
  endfacet
  facet normal -0.903508703872738 -0.01817478917788968 0.42818418824676885
    outer loop
      vertex -27.80021299165549 -26.975628282702033 132
      vertex -27.59795874306175 -26.828681969628917 132.4330127018922
      vertex -28.910354665561165 28.21195354222746 132
    endloop
  endfacet
  facet normal -0.9021292236072086 -0.02721269077131784 -0.430606936050547
    outer loop
      vertex -29.282734707437147 -25.92677450283869 144
      vertex -30.63429164910526 25.730641483470503 143.5669872981078
      vertex -29.080480458843407 -25.779828189765574 143.5669872981078
    endloop
  endfacet
  facet normal -0.9021292236072086 -0.02721269077131784 0.430606936050547
    outer loop
      vertex -29.282734707437147 -25.92677450283869 144
      vertex -29.080480458843407 -25.779828189765574 144.4330127018922
      vertex -30.63429164910526 25.730641483470503 144.4330127018922
    endloop
  endfacet
  facet normal -0.826451596731863 0 -0.563007778151736
    outer loop
      vertex -24.965840873870324 -20.096330056626563 126.07364156684486
      vertex -26.444976273857574 -0.9443057109456483 128.2448972058258
      vertex -24.965840873870324 -19.802437430480325 126.07364156684486
    endloop
  endfacet
  facet normal -0.8057397944887843 -0.01620809056326941 0.5920478708495324
    outer loop
      vertex -27.59795874306175 -26.828681969628917 132.4330127018922
      vertex -27.532484770785526 -26.746025154778064 132.5243814860234
      vertex -24.44603860523434 20.248474902559384 138.01137632543634
    endloop
  endfacet
  facet normal -0.6776760945875635 -0.04121685818889177 0.7342045228855408
    outer loop
      vertex -27.532484770785526 -26.746025154778064 132.5243814860234
      vertex -21.94634663494274 -21.83204747278745 137.95628890783087
      vertex -24.37470450552997 19.07561951709935 138.01137632543637
    endloop
  endfacet
  facet normal -0.8245415845172488 0.020228372949328544 0.5654396416326041
    outer loop
      vertex -24.97919757079283 -24.629997009125976 150.1317338222373
      vertex -24.976520070340175 -23.48819589455986 150.09479076629358
      vertex -25.988803756914063 0.22163632357878887 147.77043777295134
    endloop
  endfacet
  facet normal -0.8245415845172602 0.020228372949326428 0.5654396416325874
    outer loop
      vertex -24.976520070340175 -23.48819589455986 150.09479076629358
      vertex -24.88524577737003 -19.767706345557276 150.09479076629358
      vertex -25.988803756914063 0.22163632357878887 147.77043777295134
    endloop
  endfacet
  facet normal -0.824541584517233 0.020228372949332513 0.5654396416326268
    outer loop
      vertex -24.88524577737003 -19.767706345557276 150.09479076629358
      vertex -24.823485170414312 -17.250242936731254 150.09479076629356
      vertex -25.988803756914063 0.22163632357878887 147.77043777295134
    endloop
  endfacet
  facet normal -0.9060374296629656 0 0.4231975614883985
    outer loop
      vertex -25.404508497187475 -24.706107373853765 156
      vertex -25.202254248593736 -25.14694631307312 156.4330127018922
      vertex -25.404508497187475 25.293892626146235 156
    endloop
  endfacet
  facet normal -0.8264515967318616 0 -0.5630077781517379
    outer loop
      vertex -24.965840873870324 -19.802437430480325 126.07364156684486
      vertex -26.444976273857574 -0.9443057109456483 128.2448972058258
      vertex -26.444976273857574 -0.6504130847994118 128.2448972058258
    endloop
  endfacet
  facet normal -0.7960631285029353 0.00712703555610732 -0.6051716292113347
    outer loop
      vertex -24.965840873870324 -19.802437430480325 126.07364156684486
      vertex -26.444976273857574 -0.6504130847994118 128.2448972058258
      vertex -24.4920370911083 17.68355680978712 125.89185229833765
    endloop
  endfacet
  facet normal -0.824541584517293 0.02022837294931719 0.56543964163254
    outer loop
      vertex -24.823485170414312 -17.250242936731254 150.09479076629356
      vertex -25.97263141370871 0.3780440747505169 147.78842536069752
      vertex -25.988803756914063 0.22163632357878887 147.77043777295134
    endloop
  endfacet
  facet normal -0.9973838862483787 0 -0.07228681381885031
    outer loop
      vertex -25.404508497187475 -24.706107373853765 156
      vertex -25.404508497187475 25.293892626146235 156
      vertex -25.010789467442013 -20.163128313234022 150.56762588870575
    endloop
  endfacet
  facet normal -0.9639015127150053 0.023647272195535557 -0.26520686322837606
    outer loop
      vertex -25.006161022657388 -20.109722391367907 150.50376450095467
      vertex -23.89901635077816 20.43261901608972 150.09479076629358
      vertex -24.823485170414312 -17.250242936731254 150.09479076629356
    endloop
  endfacet
  facet normal -0.9973838862483784 6.588974428543917e-16 -0.0722868138188558
    outer loop
      vertex -25.010789467442013 -20.163128313234022 150.56762588870575
      vertex -25.404508497187475 25.293892626146235 156
      vertex -25.006161022657388 -20.109722391367907 150.50376450095467
    endloop
  endfacet
  facet normal -0.6117487301303225 -0.018453375178743615 -0.7908368758021154
    outer loop
      vertex -21.94370694483132 -21.888399009310703 137.95556189187369
      vertex -25.551727704147716 1.3749789131662196 140.2037047535277
      vertex -21.94634663494274 -21.83204747278745 137.95628890783087
    endloop
  endfacet
  facet normal -0.6117487301295019 -0.018453375178554256 -0.7908368758027546
    outer loop
      vertex -21.94634663494274 -21.83204747278745 137.95628890783087
      vertex -25.551727704147716 1.3749789131662196 140.2037047535277
      vertex -22.146361105159734 -17.562181599189167 138.01137632543634
    endloop
  endfacet
  facet normal -0.6776760945874757 -0.041216858188886665 0.734204522885622
    outer loop
      vertex -21.94634663494274 -21.83204747278745 137.95628890783087
      vertex -22.146361105159734 -17.562181599189167 138.01137632543634
      vertex -24.37470450552997 19.07561951709935 138.01137632543637
    endloop
  endfacet
  facet normal 0.02289735432830045 -0.8432757244140189 0.5369932623215826
    outer loop
      vertex -27.816546820154244 -28.131565197821768 84.43301270189222
      vertex 23.745295956893866 -26.619479005568245 84.60894748895899
      vertex -21.52646792509885 -24.415745158173223 90
    endloop
  endfacet
  facet normal 0.011157714262482216 -0.9741246949300706 -0.22573565101647947
    outer loop
      vertex -23.925052748636404 -25.729646348230244 95.55136446633195
      vertex -21.52646792509885 -24.415745158173223 90
      vertex 21.222788344258625 -23.92609122693667 90
    endloop
  endfacet
  facet normal 0.05057162930056891 -0.871595925848437 0.4876095285720857
    outer loop
      vertex -29.647458696596598 -30.27749545193165 108
      vertex 26.41166777672368 -26.782593293695136 108.43301270189222
      vertex -29.724712945190337 -30.03973132285786 108.43301270189222
    endloop
  endfacet
  facet normal 0.0012753234042586364 -0.87645478400759 -0.4814824868470538
    outer loop
      vertex -26.77043504376999 -27.085453421437514 119.56698729810778
      vertex 23.632854674715684 -23.953874435675782 114
      vertex -26.69318079517625 -27.323217550511302 120
    endloop
  endfacet
  facet normal -0.08776373153819282 -0.8796922725485917 -0.46737461745882836
    outer loop
      vertex -25.21838667062601 -25.848423425961062 96
      vertex -24.052109282343306 -25.73472197214744 95.56698729810778
      vertex 31.073939555385056 -31.23444943586511 95.56698729810778
    endloop
  endfacet
  facet normal -0.06576915068441473 -0.6592314685707028 -0.7490582685374784
    outer loop
      vertex -24.052109282343306 -25.73472197214744 95.56698729810778
      vertex -23.925052748636404 -25.729646348230244 95.55136446633195
      vertex 30.274443568340846 -30.4349534488209 94.93356429012447
    endloop
  endfacet
  facet normal -0.09472311650931121 -0.9494490738318123 0.2992891367869494
    outer loop
      vertex -25.21838667062601 -25.848423425961062 96
      vertex 31.151193803978796 -31.472213564938897 96
      vertex -22.65673815489314 -24.241781995802846 101.90757007633664
    endloop
  endfacet
  facet normal -0.06646919268545926 -0.8795686720742517 0.4711059302633335
    outer loop
      vertex -22.65673815489314 -24.241781995802846 101.90757007633664
      vertex 31.151193803978796 -31.472213564938897 96
      vertex -19.956740234193834 -24.37721064759372 102.03566840571038
    endloop
  endfacet
  facet normal -0.0010235560807935785 -0.6978664183815185 -0.7162272086623775
    outer loop
      vertex -19.956740234193834 -24.37721064759372 102.03566840571038
      vertex 19.618873060844557 -24.435255939031038 102.03566840571038
      vertex -16.79708811457935 -28.571403602905637 106.1178259937259
    endloop
  endfacet
  facet normal 0.044495175220325096 -0.8723129731674251 -0.4869191475244321
    outer loop
      vertex -16.71983386598561 -28.809167731979425 106.55083869561813
      vertex -16.79708811457935 -28.571403602905637 106.1178259937259
      vertex 19.618873060844557 -24.435255939031038 102.03566840571038
    endloop
  endfacet
  facet normal 0.05191686095714817 -0.8947808310494972 -0.4434770613399607
    outer loop
      vertex -29.647458696596598 -30.27749545193165 108
      vertex -16.71983386598561 -28.809167731979425 106.55083869561813
      vertex 26.687798477299165 -27.008818238259266 108
    endloop
  endfacet
  facet normal 0.029619612295218378 -0.5104904421466245 0.8593731360965532
    outer loop
      vertex -29.724712945190337 -30.03973132285786 108.43301270189222
      vertex 26.41166777672368 -26.782593293695136 108.43301270189222
      vertex -19.65221215391371 -19.967230531581233 114.06918121907513
    endloop
  endfacet
  facet normal 0.04165012501564062 -0.8726372681756446 0.4865896271779019
    outer loop
      vertex -24.263927492213085 -24.893964247548137 126
      vertex 24.005138301356755 -25.596315973012125 120.60878167314775
      vertex -22.048142958414836 -24.70078928498209 126.15677269820891
    endloop
  endfacet
  facet normal 0.02601393365067125 -0.9302160399487278 0.36608932554518087
    outer loop
      vertex -26.69318079517625 -27.323217550511302 120
      vertex 25.54143201728316 -25.862451778243262 120
      vertex -1.6580918860931806 -26.588992686800278 120.08666355755217
    endloop
  endfacet
  facet normal 0.026013933650671665 -0.9302160399487439 0.3660893255451396
    outer loop
      vertex -24.263927492213085 -24.893964247548137 126
      vertex -1.6580918860931806 -26.588992686800278 120.08666355755217
      vertex 24.082392549950494 -25.834080102085913 120.17576897125552
    endloop
  endfacet
  facet normal -0.05917367244860603 -0.5724569831875701 -0.8177967222291438
    outer loop
      vertex -26.77043504376999 -27.085453421437514 119.56698729810778
      vertex -14.341105216840992 -20.12274725558182 113.79374471822528
      vertex 21.653633431472766 -23.843447565303794 113.79374471822528
    endloop
  endfacet
  facet normal 0.029619612295219106 -0.5104904421466212 0.8593731360965551
    outer loop
      vertex -19.65221215391371 -19.967230531581233 114.06918121907513
      vertex 26.41166777672368 -26.782593293695136 108.43301270189222
      vertex -14.341105216840992 -20.12274725558182 113.79374471822528
    endloop
  endfacet
  facet normal 0.04491276707177539 -0.8722647601396677 -0.48696717709969384
    outer loop
      vertex -28.628688584999466 -29.258725340334518 144
      vertex -28.705942833593205 -29.02096121126073 143.5669872981078
      vertex 20.42965293323427 -23.298920268677673 137.84931425232648
    endloop
  endfacet
  facet normal 0.0504601641991668 -0.871609378817343 0.48759702889439216
    outer loop
      vertex -28.628688584999466 -29.258725340334518 144
      vertex 25.710136125286187 -25.870646005766243 144.4330127018922
      vertex -28.705942833593205 -29.02096121126073 144.4330127018922
    endloop
  endfacet
  facet normal 0.10755513232620963 -0.9114813705715327 -0.39703098696617095
    outer loop
      vertex -24.36435066610828 -27.197077483012855 131.26015310957038
      vertex -22.048142958414836 -24.70078928498209 126.15677269820891
      vertex 15.310629741571477 -20.292440556173403 126.15677269820891
    endloop
  endfacet
  facet normal 0.011335811498733589 -0.8756405626589786 -0.4828303060123012
    outer loop
      vertex -27.227117158713423 -27.857153914048475 132
      vertex -26.74975787414726 -27.612209904628056 131.5669872981078
      vertex 26.758989905149537 -26.919499785629586 131.5669872981078
    endloop
  endfacet
  facet normal 0.00807776712864265 -0.6239712573151959 -0.7814055411389844
    outer loop
      vertex -26.74975787414726 -27.612209904628056 131.5669872981078
      vertex -24.36435066610828 -27.197077483012855 131.26015310957038
      vertex 26.758989905149537 -26.919499785629586 131.5669872981078
    endloop
  endfacet
  facet normal 0.011335811498733589 -0.8756405626589786 0.48283030601230115
    outer loop
      vertex -27.227117158713423 -27.857153914048475 132
      vertex 26.758989905149537 -26.919499785629586 132.4330127018922
      vertex -27.304371407307162 -27.619389784974686 132.4330127018922
    endloop
  endfacet
  facet normal -0.021125550632729945 -0.6100612610781817 -0.7920725780142642
    outer loop
      vertex -28.705942833593205 -29.02096121126073 143.5669872981078
      vertex -21.664198447643848 -21.979216825311372 137.95556189187369
      vertex 20.42965293323427 -23.298920268677673 137.84931425232648
    endloop
  endfacet
  facet normal 0.04821067717737094 -0.8327535007828675 0.5515408756746666
    outer loop
      vertex -24.41505264944457 -25.04508940477962 150.06098078357306
      vertex 22.615679265028263 -25.80482515502824 144.80288266729818
      vertex -22.411838333804297 -24.84706434309421 150.18486959705268
    endloop
  endfacet
  facet normal 0 -0.8765515079563075 0.4813080654835563
    outer loop
      vertex -24.922745751406264 -25.23776412907379 156.4330127018922
      vertex -24.845491502812525 -25.475528258147577 156
      vertex 25.154508497187475 -25.475528258147577 156
    endloop
  endfacet
  facet normal 0 0 1
    outer loop
      vertex -25.202254248593736 -25.14694631307312 156.4330127018922
      vertex -24.922745751406264 -25.23776412907379 156.4330127018922
      vertex 25.25 -25 156.4330127018922
    endloop
  endfacet
  facet normal 0.10212137156511697 -0.9926758141281078 -0.06454419814946753
    outer loop
      vertex -22.411838333804297 -24.84706434309421 150.18486959705268
      vertex 17.542057724224772 -20.736813436659318 150.18486959705268
      vertex -22.80797242548659 -25.23776412907379 155.5669872981078
    endloop
  endfacet
  facet normal 0.0091167436109701 -0.7042275276030611 0.7099158220183656
    outer loop
      vertex -27.304371407307162 -27.619389784974686 132.4330127018922
      vertex 26.758989905149537 -26.919499785629586 132.4330127018922
      vertex -21.664198447643848 -21.979216825311372 137.95556189187369
    endloop
  endfacet
  facet normal 0.048210677177370403 -0.8327535007828043 0.5515408756747621
    outer loop
      vertex -28.705942833593205 -29.02096121126073 144.4330127018922
      vertex 25.710136125286187 -25.870646005766243 144.4330127018922
      vertex -2.6388517694304228 -27.387433118726097 144.6208757053569
    endloop
  endfacet
  facet normal 0.04821067717737296 -0.8327535007828565 0.5515408756746832
    outer loop
      vertex -24.41505264944457 -25.04508940477962 150.06098078357306
      vertex -2.6388517694304228 -27.387433118726097 144.6208757053569
      vertex 22.615679265028263 -25.80482515502824 144.80288266729818
    endloop
  endfacet
  facet normal 0 -0.8765515079563075 -0.4813080654835563
    outer loop
      vertex -24.845491502812525 -25.475528258147577 156
      vertex -22.80797242548659 -25.23776412907379 155.5669872981078
      vertex 25.154508497187475 -25.475528258147577 156
    endloop
  endfacet
  facet normal 0.009116743610969634 -0.7042275276030632 0.7099158220183635
    outer loop
      vertex -21.664198447643848 -21.979216825311372 137.95556189187369
      vertex 26.758989905149537 -26.919499785629586 132.4330127018922
      vertex -16.513259006921956 -22.019639962740925 137.84931425232648
    endloop
  endfacet
  facet normal -0.021125550632729848 -0.6100612610781786 -0.7920725780142666
    outer loop
      vertex -21.664198447643848 -21.979216825311372 137.95556189187369
      vertex -16.513259006921956 -22.019639962740925 137.84931425232648
      vertex 20.42965293323427 -23.298920268677673 137.84931425232648
    endloop
  endfacet
  facet normal 0 0 1
    outer loop
      vertex -25.202254248593736 -25.14694631307312 156.4330127018922
      vertex 25.25 -25 156.4330127018922
      vertex -3.6955181300451474 -3.6955181300451474 156.4330127018922
    endloop
  endfacet
  facet normal 0 0 1
    outer loop
      vertex -25.202254248593736 -25.14694631307312 156.4330127018922
      vertex -3.6955181300451474 -3.6955181300451474 156.4330127018922
      vertex -5.226251859505506 0 156.4330127018922
    endloop
  endfacet
  facet normal 0 0 1
    outer loop
      vertex -25.202254248593736 -25.14694631307312 156.4330127018922
      vertex -5.226251859505506 0 156.4330127018922
      vertex -3.6955181300451474 3.6955181300451474 156.4330127018922
    endloop
  endfacet
  facet normal -0.9036471745829053 -0.017237167320849088 -0.4279306765482997
    outer loop
      vertex -29.382707934063344 -29.327399998542727 11.566987298107781
      vertex -30.625663173461422 25.083719548108416 12
      vertex -30.423408924867683 25.23066586118153 11.566987298107781
    endloop
  endfacet
  facet normal -0.9036471745829053 -0.017237167320849088 0.4279306765482997
    outer loop
      vertex -29.382707934063344 -29.327399998542727 12.433012701892219
      vertex -30.423408924867683 25.23066586118153 12.433012701892219
      vertex -30.625663173461422 25.083719548108416 12
    endloop
  endfacet
  facet normal -0.9901738810038707 0.01014058629970291 0.13947348811595212
    outer loop
      vertex -25.404508497187475 -24.706107373853765 0
      vertex -24.11156249468999 22.089498677706533 5.776771560620029
      vertex -24.12754357678806 21.54259062302619 5.703079550073523
    endloop
  endfacet
  facet normal -0.9758374468526437 0 0.21849777417656566
    outer loop
      vertex -25.404508497187475 -24.706107373853765 0
      vertex -24.12754357678806 21.54259062302619 5.703079550073523
      vertex -25.404508497187475 24.706107373853765 0
    endloop
  endfacet
  facet normal -0.6885767667946897 -0.0011464112800434263 0.725162548654954
    outer loop
      vertex -25.231636377849924 -24.88243581618307 36.44275875909397
      vertex -21.681882248431076 0.029347121698198822 39.852804375630534
      vertex -24.986965365244497 24.636765245243033 36.75337069828136
    endloop
  endfacet
  facet normal -0.7599574891012164 -0.014496271072187228 -0.649811105540661
    outer loop
      vertex -24.566517452421284 -22.367215729012404 5.779156478848211
      vertex -30.423408924867683 25.23066586118153 11.566987298107781
      vertex -29.94001265651091 25.069534527155913 11.005247420576229
    endloop
  endfacet
  facet normal -0.697205911828844 0 -0.7168709203970479
    outer loop
      vertex -24.56406526649414 -22.09497078784392 5.7767715606200305
      vertex -29.94001265651091 25.069534527155913 11.005247420576229
      vertex -29.94001265651091 25.36342715330215 11.005247420576229
    endloop
  endfacet
  facet normal -0.6656152758506634 0.006816710960226415 -0.7462639191371442
    outer loop
      vertex -24.56406526649414 -22.09497078784392 5.7767715606200305
      vertex -29.94001265651091 25.36342715330215 11.005247420576229
      vertex -24.108098708889738 23.867446065445915 5.789922678411083
    endloop
  endfacet
  facet normal -0.9060374296629691 0 -0.4231975614883908
    outer loop
      vertex -25.202254248593736 -25.14694631307312 -0.4330127018922193
      vertex -25.404508497187475 24.706107373853765 0
      vertex -25.202254248593736 24.85305368692688 -0.4330127018922193
    endloop
  endfacet
  facet normal 0 0 -1
    outer loop
      vertex -25.202254248593736 -25.14694631307312 -0.4330127018922193
      vertex -25.202254248593736 24.85305368692688 -0.4330127018922193
      vertex -24.922745751406264 24.76223587092621 -0.4330127018922193
    endloop
  endfacet
  facet normal -0.6656152758506775 0.006816710960226553 -0.7462639191371315
    outer loop
      vertex -24.56406526649414 -22.09497078784392 5.7767715606200305
      vertex -24.108098708889738 23.867446065445915 5.789922678411083
      vertex -24.11156249468999 22.089498677706533 5.776771560620029
    endloop
  endfacet
  facet normal -0.5092780748797368 -0.00971453420810354 0.8605471923560664
    outer loop
      vertex -24.12641952206915 -1.038824254186841 15.863066052201484
      vertex -24.09798968026141 -0.8869209238590401 15.881605843331467
      vertex -30.423408924867683 25.23066586118153 12.433012701892219
    endloop
  endfacet
  facet normal -0.5665802715140699 0.01833087701675828 -0.8238026310220423
    outer loop
      vertex -21.996500086796008 -17.823543572178664 17.970474766976952
      vertex -28.415617386517397 27.060402451484055 23.384037614682956
      vertex -20.854900633881233 20.69335768835883 18.04238622956511
    endloop
  endfacet
  facet normal -0.5092780748797381 -0.009714534208103948 0.8605471923560657
    outer loop
      vertex -24.09798968026141 -0.8869209238590401 15.881605843331467
      vertex -20.85813625328349 20.50893569161663 18.040507892735693
      vertex -30.423408924867683 25.23066586118153 12.433012701892219
    endloop
  endfacet
  facet normal -0.6381998644994575 0.0015830816481529997 -0.7698690971881968
    outer loop
      vertex -28.771613502834743 -27.4847094116174 23.56698729810778
      vertex -28.63577112568176 27.27847149788622 23.56698729810778
      vertex -28.415617386517397 27.060402451484055 23.384037614682956
    endloop
  endfacet
  facet normal -0.9057425796525215 0.002246732623365955 -0.4238222877538587
    outer loop
      vertex -28.771613502834743 -27.4847094116174 23.56698729810778
      vertex -28.8380253742755 27.425417810959335 24
      vertex -28.63577112568176 27.27847149788622 23.56698729810778
    endloop
  endfacet
  facet normal -0.9057425796525215 0.002246732623365955 0.4238222877538587
    outer loop
      vertex -28.771613502834743 -27.4847094116174 24.43301270189222
      vertex -28.63577112568176 27.27847149788622 24.43301270189222
      vertex -28.8380253742755 27.425417810959335 24
    endloop
  endfacet
  facet normal -0.9058400621354419 -0.0015081328839794622 0.4236171707634889
    outer loop
      vertex -25.443648967285295 -25.333033096244055 36
      vertex -25.3249090786474 24.975708516980543 36.43301270189222
      vertex -25.52716332724114 24.828762203907427 36
    endloop
  endfacet
  facet normal -0.6885767667946838 -0.001146411280043491 0.7251625486549597
    outer loop
      vertex -25.231636377849924 -24.88243581618307 36.44275875909397
      vertex -24.986965365244497 24.636765245243033 36.75337069828136
      vertex -25.3249090786474 24.975708516980543 36.43301270189222
    endloop
  endfacet
  facet normal -0.9517295769092108 0 -0.3069377989694565
    outer loop
      vertex -23.621930022052243 -22.149782403733305 30.092396265468683
      vertex -25.52716332724114 24.828762203907427 36
      vertex -25.52716332724114 25.416547456199897 36
    endloop
  endfacet
  facet normal -0.903690705058668 0.016941184412681606 -0.42785056487196915
    outer loop
      vertex -23.53157876356784 -19.502942504190386 30.006363915260792
      vertex -25.52716332724114 25.416547456199897 36
      vertex -25.3249090786474 25.26960114312678 35.56698729810778
    endloop
  endfacet
  facet normal -0.5665802715140497 0.01833087701675766 -0.8238026310220565
    outer loop
      vertex -21.966127870495363 -16.88478332942703 17.970474766976952
      vertex -20.85813625328349 20.50893569161663 18.040507892735693
      vertex -20.894813730760067 16.227950753790903 17.970474766976956
    endloop
  endfacet
  facet normal 0 0 -1
    outer loop
      vertex -25.202254248593736 -25.14694631307312 -0.4330127018922193
      vertex -24.922745751406264 24.76223587092621 -0.4330127018922193
      vertex -5.5 10.25 -0.4330127018922193
    endloop
  endfacet
  facet normal -0.7088861616723517 0.0044652153114512014 0.7053087775163888
    outer loop
      vertex -19.776260659875113 -15.672047199053189 41.86749485608544
      vertex -19.584650522903818 14.747488044130943 41.86749485608544
      vertex -21.661814122461067 0.17018301621596685 39.8720826756201
    endloop
  endfacet
  facet normal -0.7732432071847859 0.04756110847191582 -0.6323234010405664
    outer loop
      vertex -23.53157876356784 -19.502942504190386 30.006363915260792
      vertex -21.12416928024323 21.068861344722613 30.114104564672694
      vertex -21.276618441346816 17.157951399453886 30.006363915260792
    endloop
  endfacet
  facet normal -0.6885767667947008 -0.0011464112800410428 0.7251625486549433
    outer loop
      vertex -21.681882248431076 0.029347121698198822 39.852804375630534
      vertex -21.661814122461067 0.17018301621596685 39.8720826756201
      vertex -19.57928316601179 19.213088388915942 41.8796510986806
    endloop
  endfacet
  facet normal -0.5665802715142466 0.018330877016763437 -0.8238026310219208
    outer loop
      vertex -21.996500086796008 -17.823543572178664 17.970474766976952
      vertex -20.854900633881233 20.69335768835883 18.04238622956511
      vertex -20.85813625328349 20.50893569161663 18.040507892735693
    endloop
  endfacet
  facet normal -0.5092780748797393 -0.009714534208103667 0.8605471923560649
    outer loop
      vertex -24.09798968026141 -0.8869209238590401 15.881605843331467
      vertex -20.894813730760067 16.227950753790903 17.970474766976956
      vertex -20.85813625328349 20.50893569161663 18.040507892735693
    endloop
  endfacet
  facet normal -0.7732432071847903 0.04756110847191606 -0.632323401040561
    outer loop
      vertex -23.53157876356784 -19.502942504190386 30.006363915260792
      vertex -25.3249090786474 25.26960114312678 35.56698729810778
      vertex -21.12416928024323 21.068861344722613 30.114104564672694
    endloop
  endfacet
  facet normal -0.6885767667947045 -0.001146411280039511 0.7251625486549399
    outer loop
      vertex -21.661814122461067 0.17018301621596685 39.8720826756201
      vertex -19.584650522903818 14.747488044130943 41.86749485608544
      vertex -19.582554558135723 16.49131488093893 41.8722418957745
    endloop
  endfacet
  facet normal -0.6024287531782785 0.001494349899657655 0.7981712624884727
    outer loop
      vertex -24.28615498250492 -1.1396088185453306 27.769139308487393
      vertex -21.276618441346816 17.157951399453886 30.006363915260792
      vertex -21.12416928024323 21.068861344722613 30.114104564672694
    endloop
  endfacet
  facet normal -0.6885767667946897 -0.001146411280043425 0.725162548654954
    outer loop
      vertex -21.681882248431076 0.029347121698198822 39.852804375630534
      vertex -19.57928316601179 19.213088388915942 41.8796510986806
      vertex -24.986965365244497 24.636765245243033 36.75337069828136
    endloop
  endfacet
  facet normal -0.6885767667946826 -0.0011464112800448822 0.7251625486549608
    outer loop
      vertex -21.661814122461067 0.17018301621596685 39.8720826756201
      vertex -19.582554558135723 16.49131488093893 41.8722418957745
      vertex -19.57928316601179 19.213088388915942 41.8796510986806
    endloop
  endfacet
  facet normal -0.6497226798372936 -0.05201868975935545 -0.7583894086950093
    outer loop
      vertex -25.172067208762368 -25.11675927324175 47.0616644539544
      vertex -29.70851574206626 27.788068621651817 47.31930738346448
      vertex -23.50289604188191 -0.03681248544246489 43.91140377336361
    endloop
  endfacet
  facet normal -0.666076289147973 -0.05332800734296038 0.7439747984089884
    outer loop
      vertex -25.806072612166933 -24.565107609454635 48.43301270189222
      vertex -24.34433876121403 0.20558855735634585 51.517254441189955
      vertex -30.029134515619212 28.181686085715892 48.43301270189222
    endloop
  endfacet
  facet normal -0.977125364257309 0.031473175379781775 0.21032228069449638
    outer loop
      vertex -24.447085849521823 -18.246585830877606 53.80113864491732
      vertex -23.261923329988768 18.548314735360535 53.80113864491733
      vertex -24.254391738875064 1.729840294439275 51.70704163154785
    endloop
  endfacet
  facet normal -0.6837314658725397 0.02202296770224364 -0.7294013103013827
    outer loop
      vertex -24.68038318017699 -20.67995508892513 53.94635734935265
      vertex -23.363009297358186 23.01380873569133 54.030722941555474
      vertex -23.261923329988768 18.548314735360535 53.80113864491733
    endloop
  endfacet
  facet normal -0.7733242021847232 -0.023270382506454964 -0.6335835916541436
    outer loop
      vertex -28.140432552224887 -26.565997675765516 83.56698729810778
      vertex -29.82686290314177 29.477662341474915 83.56698729810778
      vertex -26.170679835194594 -0.17786156563711636 80.19360532062684
    endloop
  endfacet
  facet normal -0.793431412013002 -0.03197135354246966 0.6078194032635978
    outer loop
      vertex -26.572010200220696 -26.51670226470008 72.43301270189222
      vertex -25.18375763072713 0.5283049175884129 75.6677707107195
      vertex -28.724411546034816 26.899329582666734 72.43301270189222
    endloop
  endfacet
  facet normal -0.7221771766134133 -0.010361579396751062 -0.6916305106421229
    outer loop
      vertex -23.708483156863426 -17.5277628779583 77.88258832404183
      vertex -26.170679835194594 -0.17786156563711636 80.19360532062684
      vertex -24.21678953724956 17.8999699594627 77.88258832404186
    endloop
  endfacet
  facet normal -0.8764703060091658 -0.012575330484960604 0.4812916618303223
    outer loop
      vertex -23.708483156863426 -17.5277628779583 77.88258832404183
      vertex -24.21678953724956 17.8999699594627 77.88258832404186
      vertex -25.18375763072713 0.5283049175884129 75.6677707107195
    endloop
  endfacet
  facet normal -0.5652762566484005 0 0.8249016630299466
    outer loop
      vertex -25.992283439682616 -0.10160550072664648 63.9333719811192
      vertex -22.804747756756576 19.2078101343985 66.11767869249047
      vertex -25.992283439682616 0.1922871254195901 63.9333719811192
    endloop
  endfacet
  facet normal -0.8941771322854772 -0.07159042508092302 -0.44195256208608297
    outer loop
      vertex -25.92043646436765 -25.80982059332641 48
      vertex -30.23138876421295 28.034739772642777 48
      vertex -30.029134515619212 28.181686085715892 47.56698729810778
    endloop
  endfacet
  facet normal -0.8941771322854772 -0.07159042508092302 0.44195256208608297
    outer loop
      vertex -25.92043646436765 -25.80982059332641 48
      vertex -30.029134515619212 28.181686085715892 48.43301270189222
      vertex -30.23138876421295 28.034739772642777 48
    endloop
  endfacet
  facet normal -0.6497226798373057 -0.052018689759356335 -0.7583894086949987
    outer loop
      vertex -25.71818221577391 -25.662874280253295 47.56698729810778
      vertex -30.029134515619212 28.181686085715892 47.56698729810778
      vertex -29.70851574206626 27.788068621651817 47.31930738346448
    endloop
  endfacet
  facet normal -0.9016007543516174 0.030541187266716546 -0.4314896471909076
    outer loop
      vertex -31.302574965052763 -30.604173841719053 60
      vertex -29.311602431986287 28.170958965980414 60
      vertex -29.109348183392548 28.0240126529073 59.56698729810778
    endloop
  endfacet
  facet normal -0.9016007543516174 0.030541187266716546 0.4314896471909076
    outer loop
      vertex -31.100320716459024 -30.75112015479217 60.43301270189222
      vertex -29.109348183392548 28.0240126529073 60.43301270189222
      vertex -29.311602431986287 28.170958965980414 60
    endloop
  endfacet
  facet normal -0.6787164374969294 0.022991114102937363 -0.7340404662849197
    outer loop
      vertex -31.100320716459024 -30.75112015479217 59.56698729810778
      vertex -29.109348183392548 28.0240126529073 59.56698729810778
      vertex -28.977910937131306 27.915645180965647 59.44206215751792
    endloop
  endfacet
  facet normal -0.4813561322847041 0 -0.8765251131096647
    outer loop
      vertex -23.50289604188191 -0.03681248544246489 43.91140377336361
      vertex -29.70851574206626 27.788068621651817 47.31930738346448
      vertex -23.50289604188191 0.25708014070377166 43.91140377336361
    endloop
  endfacet
  facet normal -0.6660762891479715 -0.05332800734295991 0.74397479840899
    outer loop
      vertex -24.34433876121403 0.20558855735634585 51.517254441189955
      vertex -24.254391738875064 1.729840294439275 51.70704163154785
      vertex -30.029134515619212 28.181686085715892 48.43301270189222
    endloop
  endfacet
  facet normal -0.6837314658725492 0.02202296770224393 -0.7294013103013738
    outer loop
      vertex -24.68038318017699 -20.67995508892513 53.94635734935265
      vertex -28.977910937131306 27.915645180965647 59.44206215751792
      vertex -23.359403670466612 23.224104832318503 54.03369258741897
    endloop
  endfacet
  facet normal -0.6837314658727272 0.022022967702248993 -0.7294013103012068
    outer loop
      vertex -24.68038318017699 -20.67995508892513 53.94635734935265
      vertex -23.359403670466612 23.224104832318503 54.03369258741897
      vertex -23.363009297358186 23.01380873569133 54.030722941555474
    endloop
  endfacet
  facet normal -0.6660762891479721 -0.05332800734296073 0.7439747984089892
    outer loop
      vertex -24.254391738875064 1.729840294439275 51.70704163154785
      vertex -23.261923329988768 18.548314735360535 53.80113864491733
      vertex -23.363009297358186 23.01380873569133 54.030722941555474
    endloop
  endfacet
  facet normal -0.9006617254773039 -0.036292203726027636 0.4330026930735582
    outer loop
      vertex -26.774264448814435 -26.663648577773195 72
      vertex -28.724411546034816 26.899329582666734 72.43301270189222
      vertex -28.926665794628555 26.75238326959362 72
    endloop
  endfacet
  facet normal -0.6998968511458442 -0.028202374310431714 -0.7136869228445945
    outer loop
      vertex -26.572010200220696 -26.51670226470008 71.56698729810778
      vertex -28.724411546034816 26.899329582666734 71.56698729810778
      vertex -28.50450962460251 26.72858585153342 71.35808157350719
    endloop
  endfacet
  facet normal -0.9006617254773039 -0.036292203726027636 -0.4330026930735582
    outer loop
      vertex -26.572010200220696 -26.51670226470008 71.56698729810778
      vertex -28.926665794628555 26.75238326959362 72
      vertex -28.724411546034816 26.899329582666734 71.56698729810778
    endloop
  endfacet
  facet normal -0.9021396033208076 -0.02714661403870318 -0.43058936060521724
    outer loop
      vertex -28.342686800818626 -26.71294398883863 84
      vertex -30.02911715173551 29.3307160284018 84
      vertex -29.82686290314177 29.477662341474915 83.56698729810778
    endloop
  endfacet
  facet normal -0.9021396033208076 -0.02714661403870318 0.43058936060521724
    outer loop
      vertex -28.342686800818626 -26.71294398883863 84
      vertex -29.82686290314177 29.477662341474915 84.43301270189222
      vertex -30.02911715173551 29.3307160284018 84
    endloop
  endfacet
  facet normal -0.6956376492960358 -0.026986341087373977 -0.7178857835871952
    outer loop
      vertex -21.433806499366206 -16.131488013737023 66.11767869249047
      vertex -28.50450962460251 26.72858585153342 71.35808157350719
      vertex -22.804747756756576 19.2078101343985 66.11767869249047
    endloop
  endfacet
  facet normal -0.5652762566484001 -7.835364436629202e-16 0.8249016630299469
    outer loop
      vertex -25.992283439682616 0.1922871254195901 63.9333719811192
      vertex -22.804747756756576 19.2078101343985 66.11767869249047
      vertex -22.81061803866644 19.466141836819215 66.11365599362563
    endloop
  endfacet
  facet normal -0.6528324186723643 0.02211430841891185 0.7571794968787415
    outer loop
      vertex -25.992283439682616 0.1922871254195901 63.9333719811192
      vertex -22.81061803866644 19.466141836819215 66.11365599362563
      vertex -22.823886134596663 22.363672665246487 66.01759061698733
    endloop
  endfacet
  facet normal -0.6528324186725503 0.02211430841895279 0.7571794968785799
    outer loop
      vertex -25.992283439682616 0.1922871254195901 63.9333719811192
      vertex -22.823886134596663 22.363672665246487 66.01759061698733
      vertex -22.82439681273012 22.47519625106327 66.0138931394073
    endloop
  endfacet
  facet normal -0.6528324186723293 0.022114308418902107 0.757179496878772
    outer loop
      vertex -25.992283439682616 0.1922871254195901 63.9333719811192
      vertex -22.82439681273012 22.47519625106327 66.0138931394073
      vertex -22.819687896013615 22.764379960493002 66.00950717245445
    endloop
  endfacet
  facet normal -0.8764703060092006 -0.01257533048495061 0.4812916618302591
    outer loop
      vertex -25.18375763072713 0.5283049175884129 75.6677707107195
      vertex -24.21678953724956 17.8999699594627 77.88258832404186
      vertex -24.233230192735235 19.045844126488245 77.88258832404185
    endloop
  endfacet
  facet normal -0.7221771766133802 -0.010361579396759022 -0.6916305106421572
    outer loop
      vertex -24.21678953724956 17.8999699594627 77.88258832404186
      vertex -26.170679835194594 -0.17786156563711636 80.19360532062684
      vertex -24.291394607673105 21.067990327177835 77.91302709767164
    endloop
  endfacet
  facet normal -0.7934314120130158 -0.031971353542467225 0.60781940326358
    outer loop
      vertex -25.18375763072713 0.5283049175884129 75.6677707107195
      vertex -24.233230192735235 19.045844126488245 77.88258832404185
      vertex -24.291394607673105 21.067990327177835 77.91302709767164
    endloop
  endfacet
  facet normal -0.4710988304592106 0.0029674125758227007 -0.882075442579924
    outer loop
      vertex -19.776260659875113 -15.672047199053189 41.86749485608544
      vertex -23.50289604188191 0.25708014070377166 43.91140377336361
      vertex -19.584650522903818 14.747488044130943 41.86749485608544
    endloop
  endfacet
  facet normal -0.485098017416175 -0.018818734972222244 0.874257266891698
    outer loop
      vertex -21.433806499366206 -16.131488013737023 66.11767869249047
      vertex -22.804747756756576 19.2078101343985 66.11767869249047
      vertex -25.992283439682616 -0.10160550072664648 63.9333719811192
    endloop
  endfacet
  facet normal -0.4710988304592141 0.0029674125758239888 -0.8820754425799221
    outer loop
      vertex -23.50289604188191 0.25708014070377166 43.91140377336361
      vertex -19.582554558135723 16.49131488093893 41.8722418957745
      vertex -19.584650522903818 14.747488044130943 41.86749485608544
    endloop
  endfacet
  facet normal -0.47109883045921574 0.0029674125758244836 -0.8820754425799211
    outer loop
      vertex -23.50289604188191 0.25708014070377166 43.91140377336361
      vertex -19.57928316601179 19.213088388915942 41.8796510986806
      vertex -19.582554558135723 16.49131488093893 41.8722418957745
    endloop
  endfacet
  facet normal -0.9758374468526442 -3.114755675754285e-15 0.21849777417656405
    outer loop
      vertex -24.12754357678806 21.54259062302619 5.703079550073523
      vertex -24.112353382384956 22.092744117644752 5.770920792756131
      vertex -25.404508497187475 24.706107373853765 0
    endloop
  endfacet
  facet normal -0.990173881003846 0.010140586299676298 0.1394734881161303
    outer loop
      vertex -24.12754357678806 21.54259062302619 5.703079550073523
      vertex -24.11156249468999 22.089498677706533 5.776771560620029
      vertex -24.112353382384956 22.092744117644752 5.770920792756131
    endloop
  endfacet
  facet normal -0.9901738810038486 0.010140586299645246 0.13947348811611326
    outer loop
      vertex -24.11156249468999 22.089498677706533 5.776771560620029
      vertex -24.111043348875167 22.14019048300078 5.776771560620029
      vertex -24.112353382384956 22.092744117644752 5.770920792756131
    endloop
  endfacet
  facet normal -0.9758374468527088 3.76417399158323e-15 0.21849777417627525
    outer loop
      vertex -24.112353382384956 22.092744117644752 5.770920792756131
      vertex -24.111043348875167 22.14019048300078 5.776771560620029
      vertex -24.108098708889738 23.867446065445915 5.789922678411083
    endloop
  endfacet
  facet normal -0.6656152758535965 0.0068167109602129934 -0.746263919134528
    outer loop
      vertex -24.11156249468999 22.089498677706533 5.776771560620029
      vertex -24.108098708889738 23.867446065445915 5.789922678411083
      vertex -24.111043348875167 22.14019048300078 5.776771560620029
    endloop
  endfacet
  facet normal -0.6024287531782785 0.001494349899657488 0.7981712624884727
    outer loop
      vertex -24.28615498250492 -1.1396088185453306 27.769139308487393
      vertex -27.949661368468032 27.89435343294742 24.949708706692086
      vertex -28.63577112568176 27.27847149788622 24.43301270189222
    endloop
  endfacet
  facet normal -0.6024287531782782 0.0014943498996575382 0.7981712624884729
    outer loop
      vertex -24.28615498250492 -1.1396088185453306 27.769139308487393
      vertex -21.12416928024323 21.068861344722613 30.114104564672694
      vertex -27.949661368468032 27.89435343294742 24.949708706692086
    endloop
  endfacet
  facet normal -0.6656152758506634 0.006816710960226204 -0.7462639191371441
    outer loop
      vertex -29.94001265651091 25.36342715330215 11.005247420576229
      vertex -30.517596661748986 30.46228872622837 11.566987298107781
      vertex -24.073047113094567 24.01773917757395 5.760031948968728
    endloop
  endfacet
  facet normal -0.9036471745829053 -0.017237167320849345 -0.42793067654829947
    outer loop
      vertex -30.625663173461422 25.083719548108416 12
      vertex -30.517596661748986 30.16839610008213 11.566987298107781
      vertex -30.423408924867683 25.23066586118153 11.566987298107781
    endloop
  endfacet
  facet normal -0.9036471745829053 -0.017237167320849345 0.42793067654829947
    outer loop
      vertex -30.625663173461422 25.083719548108416 12
      vertex -30.423408924867683 25.23066586118153 12.433012701892219
      vertex -30.517596661748986 30.16839610008213 12.433012701892219
    endloop
  endfacet
  facet normal -0.7599574891012169 -0.014496271072187606 -0.6498111055406607
    outer loop
      vertex -29.94001265651091 25.069534527155913 11.005247420576229
      vertex -30.423408924867683 25.23066586118153 11.566987298107781
      vertex -30.517596661748986 30.16839610008213 11.566987298107781
    endloop
  endfacet
  facet normal -0.697205911828844 0 -0.7168709203970477
    outer loop
      vertex -29.94001265651091 25.069534527155913 11.005247420576229
      vertex -30.517596661748986 30.46228872622837 11.566987298107781
      vertex -29.94001265651091 25.36342715330215 11.005247420576229
    endloop
  endfacet
  facet normal -0.5092780748797379 -0.009714534208103916 0.8605471923560658
    outer loop
      vertex -30.423408924867683 25.23066586118153 12.433012701892219
      vertex -26.284716516788464 25.93551595512161 14.890277813251956
      vertex -30.517596661748986 30.16839610008213 12.433012701892219
    endloop
  endfacet
  facet normal -0.17974613864680916 0.5532017317841064 -0.8134243477992453
    outer loop
      vertex -30.517596661748986 30.46228872622837 11.566987298107781
      vertex -30.238088164561514 30.553106542229038 11.566987298107781
      vertex -24.073047113094567 24.01773917757395 5.760031948968728
    endloop
  endfacet
  facet normal -0.6972059118288437 0 -0.7168709203970478
    outer loop
      vertex -29.94001265651091 25.069534527155913 11.005247420576229
      vertex -30.517596661748986 30.16839610008213 11.566987298107781
      vertex -30.517596661748986 30.46228872622837 11.566987298107781
    endloop
  endfacet
  facet normal -0.9036471745829053 -0.01723716732084935 -0.42793067654829947
    outer loop
      vertex -30.625663173461422 25.083719548108416 12
      vertex -30.719850910342725 30.021449787009015 12
      vertex -30.517596661748986 30.16839610008213 11.566987298107781
    endloop
  endfacet
  facet normal -0.9036471745829053 -0.01723716732084935 0.42793067654829947
    outer loop
      vertex -30.625663173461422 25.083719548108416 12
      vertex -30.517596661748986 30.16839610008213 12.433012701892219
      vertex -30.719850910342725 30.021449787009015 12
    endloop
  endfacet
  facet normal -0.9060374296629689 0 -0.42319756148839127
    outer loop
      vertex -30.719850910342725 30.021449787009015 12
      vertex -30.517596661748986 30.46228872622837 11.566987298107781
      vertex -30.517596661748986 30.16839610008213 11.566987298107781
    endloop
  endfacet
  facet normal -0.906037429662969 0 0.4231975614883914
    outer loop
      vertex -30.719850910342725 30.021449787009015 12
      vertex -30.517596661748986 30.16839610008213 12.433012701892219
      vertex -30.719850910342725 30.609235039301485 12
    endloop
  endfacet
  facet normal -0.906037429662969 0 -0.4231975614883914
    outer loop
      vertex -30.719850910342725 30.021449787009015 12
      vertex -30.719850910342725 30.609235039301485 12
      vertex -30.517596661748986 30.46228872622837 11.566987298107781
    endloop
  endfacet
  facet normal -0.9060374296629689 0 0.42319756148839127
    outer loop
      vertex -30.517596661748986 30.16839610008213 12.433012701892219
      vertex -30.517596661748986 30.46228872622837 12.433012701892219
      vertex -30.719850910342725 30.609235039301485 12
    endloop
  endfacet
  facet normal -0.27998096330565564 0.8616928014882811 -0.4231975614883845
    outer loop
      vertex -30.517596661748986 30.46228872622837 11.566987298107781
      vertex -30.719850910342725 30.609235039301485 12
      vertex -30.160833915967775 30.790870671302827 12
    endloop
  endfacet
  facet normal -0.27998096330565564 0.8616928014882811 0.4231975614883845
    outer loop
      vertex -30.517596661748986 30.46228872622837 12.433012701892219
      vertex -30.160833915967775 30.790870671302827 12
      vertex -30.719850910342725 30.609235039301485 12
    endloop
  endfacet
  facet normal -0.27998096330565364 0.8616928014882809 -0.42319756148838594
    outer loop
      vertex -30.517596661748986 30.46228872622837 11.566987298107781
      vertex -30.160833915967775 30.790870671302827 12
      vertex -30.238088164561514 30.553106542229038 11.566987298107781
    endloop
  endfacet
  facet normal -0.27998096330565364 0.8616928014882809 0.42319756148838594
    outer loop
      vertex -30.517596661748986 30.46228872622837 12.433012701892219
      vertex -30.238088164561514 30.553106542229038 12.433012701892219
      vertex -30.160833915967775 30.790870671302827 12
    endloop
  endfacet
  facet normal -0.502053575077481 0 0.8648365208245544
    outer loop
      vertex -30.517596661748986 30.16839610008213 12.433012701892219
      vertex -26.284716516788464 26.229408581267847 14.890277813251956
      vertex -30.517596661748986 30.46228872622837 12.433012701892219
    endloop
  endfacet
  facet normal -0.1293025454809309 0.39795231554151633 0.9082482074231124
    outer loop
      vertex -30.517596661748986 30.46228872622837 12.433012701892219
      vertex -26.284716516788464 26.229408581267847 14.890277813251956
      vertex -30.238088164561514 30.553106542229038 12.433012701892219
    endloop
  endfacet
  facet normal -0.5020535750774804 0 0.8648365208245549
    outer loop
      vertex -30.517596661748986 30.16839610008213 12.433012701892219
      vertex -26.284716516788464 25.93551595512161 14.890277813251956
      vertex -26.284716516788464 26.229408581267847 14.890277813251956
    endloop
  endfacet
  facet normal -0.12930254548093062 0.3979523155415158 0.9082482074231127
    outer loop
      vertex -30.238088164561514 30.553106542229038 12.433012701892219
      vertex -26.284716516788464 26.229408581267847 14.890277813251956
      vertex -26.005208019600992 26.320226397268517 14.890277813251956
    endloop
  endfacet
  facet normal -0.6656152758506652 0.006816710960210157 -0.746263919137143
    outer loop
      vertex -29.94001265651091 25.36342715330215 11.005247420576229
      vertex -24.107877398387853 23.997261527346613 5.790911077839579
      vertex -24.108098708889738 23.867446065445915 5.789922678411083
    endloop
  endfacet
  facet normal -0.6656152758506585 0.006816710960270093 -0.7462639191371481
    outer loop
      vertex -29.94001265651091 25.36342715330215 11.005247420576229
      vertex -24.073047113094567 24.01773917757395 5.760031948968728
      vertex -24.107877398387853 23.997261527346613 5.790911077839579
    endloop
  endfacet
  facet normal -0.17974613864681405 0.5532017317841017 -0.8134243477992474
    outer loop
      vertex -30.238088164561514 30.553106542229038 11.566987298107781
      vertex -23.7935386159071 24.108556993574624 5.760031948968729
      vertex -24.073047113094567 24.01773917757395 5.760031948968728
    endloop
  endfacet
  facet normal 0.0622148012143314 0.7017244626684577 -0.7097267763037587
    outer loop
      vertex -30.238088164561514 30.553106542229038 11.566987298107781
      vertex -23.537659657666794 24.167696413001845 5.840934963704878
      vertex -23.7935386159071 24.108556993574624 5.760031948968729
    endloop
  endfacet
  facet normal -0.9758374468526438 4.990592326440461e-16 0.21849777417656557
    outer loop
      vertex -24.112353382384956 22.092744117644752 5.770920792756131
      vertex -24.108098708889738 23.867446065445915 5.789922678411083
      vertex -25.404508497187475 24.706107373853765 0
    endloop
  endfacet
  facet normal -0.9758374468526444 -1.727790441639177e-14 0.21849777417656321
    outer loop
      vertex -25.404508497187475 24.706107373853765 0
      vertex -24.108098708889738 23.867446065445915 5.789922678411083
      vertex -24.107877398387853 23.997261527346613 5.790911077839579
    endloop
  endfacet
  facet normal -0.9758374468526438 0 0.21849777417656516
    outer loop
      vertex -25.404508497187475 24.706107373853765 0
      vertex -24.107877398387853 23.997261527346613 5.790911077839579
      vertex -25.404508497187475 25.293892626146235 0
    endloop
  endfacet
  facet normal -0.9060374296629691 0 -0.4231975614883909
    outer loop
      vertex -25.404508497187475 24.706107373853765 0
      vertex -25.404508497187475 25.293892626146235 0
      vertex -25.202254248593736 24.85305368692688 -0.4330127018922193
    endloop
  endfacet
  facet normal -0.9060374296629692 0 -0.4231975614883909
    outer loop
      vertex -25.404508497187475 25.293892626146235 0
      vertex -25.202254248593736 25.14694631307312 -0.4330127018922193
      vertex -25.202254248593736 24.85305368692688 -0.4330127018922193
    endloop
  endfacet
  facet normal 0 0 -1
    outer loop
      vertex -25.202254248593736 24.85305368692688 -0.4330127018922193
      vertex -24.75 25 -0.4330127018922193
      vertex -24.922745751406264 24.76223587092621 -0.4330127018922193
    endloop
  endfacet
  facet normal 0 0 -1
    outer loop
      vertex -25.202254248593736 24.85305368692688 -0.4330127018922193
      vertex -25.202254248593736 25.14694631307312 -0.4330127018922193
      vertex -24.922745751406264 25.23776412907379 -0.4330127018922193
    endloop
  endfacet
  facet normal 0 0 -1
    outer loop
      vertex -25.202254248593736 24.85305368692688 -0.4330127018922193
      vertex -24.922745751406264 25.23776412907379 -0.4330127018922193
      vertex -24.75 25 -0.4330127018922193
    endloop
  endfacet
  facet normal -0.29740637326722297 0.9153226988555263 0.2715396952562787
    outer loop
      vertex -25.404508497187475 25.293892626146235 0
      vertex -23.537659657666794 24.167696413001845 5.840934963704878
      vertex -24.845491502812525 25.475528258147577 0
    endloop
  endfacet
  facet normal -0.29740637326717817 0.9153226988555427 0.2715396952562725
    outer loop
      vertex -25.404508497187475 25.293892626146235 0
      vertex -24.107877398387853 23.997261527346613 5.790911077839579
      vertex -24.073047113094567 24.01773917757395 5.760031948968728
    endloop
  endfacet
  facet normal -0.2974063732672357 0.9153226988555216 0.27153969525628086
    outer loop
      vertex -25.404508497187475 25.293892626146235 0
      vertex -24.073047113094567 24.01773917757395 5.760031948968728
      vertex -23.7935386159071 24.108556993574624 5.760031948968729
    endloop
  endfacet
  facet normal -0.2974063732672126 0.9153226988555304 0.2715396952562763
    outer loop
      vertex -25.404508497187475 25.293892626146235 0
      vertex -23.7935386159071 24.108556993574624 5.760031948968729
      vertex -23.537659657666794 24.167696413001845 5.840934963704878
    endloop
  endfacet
  facet normal -0.2799809633056557 0.8616928014882813 -0.42319756148838406
    outer loop
      vertex -25.404508497187475 25.293892626146235 0
      vertex -24.845491502812525 25.475528258147577 0
      vertex -25.202254248593736 25.14694631307312 -0.4330127018922193
    endloop
  endfacet
  facet normal -0.2799809633056537 0.8616928014882811 -0.42319756148838555
    outer loop
      vertex -25.202254248593736 25.14694631307312 -0.4330127018922193
      vertex -24.845491502812525 25.475528258147577 0
      vertex -24.922745751406264 25.23776412907379 -0.4330127018922193
    endloop
  endfacet
  facet normal -0.509278074879738 -0.009714534208103358 0.8605471923560658
    outer loop
      vertex -30.423408924867683 25.23066586118153 12.433012701892219
      vertex -20.85813625328349 20.50893569161663 18.040507892735693
      vertex -26.284716516788464 25.93551595512161 14.890277813251956
    endloop
  endfacet
  facet normal -0.502053575077481 0 0.8648365208245544
    outer loop
      vertex -26.284716516788464 25.93551595512161 14.890277813251956
      vertex -20.854900633881233 20.69335768835883 18.04238622956511
      vertex -26.284716516788464 26.229408581267847 14.890277813251956
    endloop
  endfacet
  facet normal -0.1293025454809309 0.3979523155415164 0.9082482074231124
    outer loop
      vertex -26.284716516788464 26.229408581267847 14.890277813251956
      vertex -20.853068914675678 20.79776097915506 18.04344957639835
      vertex -26.005208019600992 26.320226397268517 14.890277813251956
    endloop
  endfacet
  facet normal -0.6381998644994584 0.0015830816481514458 -0.7698690971881962
    outer loop
      vertex -28.415617386517397 27.060402451484055 23.384037614682956
      vertex -28.63577112568176 27.27847149788622 23.56698729810778
      vertex -28.632549471890428 28.577241536369815 23.56698729810778
    endloop
  endfacet
  facet normal -0.9057425796525219 0.0022467326233637256 -0.42382228775385816
    outer loop
      vertex -28.63577112568176 27.27847149788622 23.56698729810778
      vertex -28.8380253742755 27.425417810959335 24
      vertex -28.834803720484167 28.72418784944293 24
    endloop
  endfacet
  facet normal -0.9057425796525218 0.002246732623363747 0.4238222877538581
    outer loop
      vertex -28.8380253742755 27.425417810959335 24
      vertex -28.63577112568176 27.27847149788622 24.43301270189222
      vertex -28.632549471890428 28.577241536369815 24.43301270189222
    endloop
  endfacet
  facet normal -0.6024287531782778 0.0014943498996560682 0.7981712624884733
    outer loop
      vertex -28.63577112568176 27.27847149788622 24.43301270189222
      vertex -27.949661368468032 27.89435343294742 24.949708706692086
      vertex -28.632549471890428 28.577241536369815 24.43301270189222
    endloop
  endfacet
  facet normal -0.905742579652522 0.0022467326233637326 -0.4238222877538581
    outer loop
      vertex -28.63577112568176 27.27847149788622 23.56698729810778
      vertex -28.834803720484167 28.72418784944293 24
      vertex -28.632549471890428 28.577241536369815 23.56698729810778
    endloop
  endfacet
  facet normal -0.9057425796525218 0.002246732623363732 0.4238222877538581
    outer loop
      vertex -28.8380253742755 27.425417810959335 24
      vertex -28.632549471890428 28.577241536369815 24.43301270189222
      vertex -28.834803720484167 28.72418784944293 24
    endloop
  endfacet
  facet normal -0.2799809633056558 0.8616928014882818 -0.42319756148838306
    outer loop
      vertex -28.632549471890428 28.577241536369815 23.56698729810778
      vertex -28.834803720484167 28.72418784944293 24
      vertex -28.275786726109217 28.905823481444273 24
    endloop
  endfacet
  facet normal -0.2799809633056538 0.8616928014882815 -0.42319756148838455
    outer loop
      vertex -28.632549471890428 28.577241536369815 23.56698729810778
      vertex -28.275786726109217 28.905823481444273 24
      vertex -28.353040974702957 28.668059352370484 23.56698729810778
    endloop
  endfacet
  facet normal -0.2799809633056558 0.8616928014882818 0.42319756148838306
    outer loop
      vertex -28.834803720484167 28.72418784944293 24
      vertex -28.632549471890428 28.577241536369815 24.43301270189222
      vertex -28.275786726109217 28.905823481444273 24
    endloop
  endfacet
  facet normal -0.2799809633056538 0.8616928014882814 0.42319756148838455
    outer loop
      vertex -28.275786726109217 28.905823481444273 24
      vertex -28.632549471890428 28.577241536369815 24.43301270189222
      vertex -28.353040974702957 28.668059352370484 24.43301270189222
    endloop
  endfacet
  facet normal -0.15907903591508823 0.489594929945579 0.857315965618225
    outer loop
      vertex -28.632549471890428 28.577241536369815 24.43301270189222
      vertex -27.949661368468032 27.89435343294742 24.949708706692086
      vertex -27.67015287128056 27.985171248948088 24.949708706692086
    endloop
  endfacet
  facet normal -0.15907903591508823 0.489594929945579 0.857315965618225
    outer loop
      vertex -28.632549471890428 28.577241536369815 24.43301270189222
      vertex -27.67015287128056 27.985171248948088 24.949708706692086
      vertex -28.353040974702957 28.668059352370484 24.43301270189222
    endloop
  endfacet
  facet normal -0.5665802715140696 0.01833087701675878 -0.8238026310220427
    outer loop
      vertex -28.415617386517397 27.060402451484055 23.384037614682956
      vertex -28.632549471890428 28.577241536369815 23.56698729810778
      vertex -20.853068914675678 20.79776097915506 18.04344957639835
    endloop
  endfacet
  facet normal -0.1516974013269329 0.4668765946961699 -0.8712141778894349
    outer loop
      vertex -28.632549471890428 28.577241536369815 23.56698729810778
      vertex -28.353040974702957 28.668059352370484 23.56698729810778
      vertex -20.853068914675678 20.79776097915506 18.04344957639835
    endloop
  endfacet
  facet normal -0.15907903591508865 0.48959492994558035 0.8573159656182243
    outer loop
      vertex -27.949661368468032 27.89435343294742 24.949708706692086
      vertex -20.844660783055758 21.159679160723282 30.114104564672694
      vertex -27.67015287128056 27.985171248948088 24.949708706692086
    endloop
  endfacet
  facet normal -0.9060374296629683 0 0.4231975614883927
    outer loop
      vertex -25.52716332724114 24.828762203907427 36
      vertex -25.3249090786474 24.975708516980543 36.43301270189222
      vertex -25.52716332724114 25.416547456199897 36
    endloop
  endfacet
  facet normal -0.22172964808189258 0.6824136876053049 -0.6965253205235322
    outer loop
      vertex -25.3249090786474 25.26960114312678 35.56698729810778
      vertex -25.04540058145993 25.36041895912745 35.56698729810778
      vertex -21.12416928024323 21.068861344722613 30.114104564672694
    endloop
  endfacet
  facet normal -0.2799809633056554 0.8616928014882804 -0.42319756148838594
    outer loop
      vertex -25.52716332724114 25.416547456199897 36
      vertex -24.96814633286619 25.59818308820124 36
      vertex -25.3249090786474 25.26960114312678 35.56698729810778
    endloop
  endfacet
  facet normal -0.9060374296629682 0 0.4231975614883927
    outer loop
      vertex -25.52716332724114 25.416547456199897 36
      vertex -25.3249090786474 24.975708516980543 36.43301270189222
      vertex -25.3249090786474 25.26960114312678 36.43301270189222
    endloop
  endfacet
  facet normal -0.2799809633056554 0.8616928014882804 0.42319756148838594
    outer loop
      vertex -25.52716332724114 25.416547456199897 36
      vertex -25.3249090786474 25.26960114312678 36.43301270189222
      vertex -24.96814633286619 25.59818308820124 36
    endloop
  endfacet
  facet normal -0.2799809633056535 0.8616928014882803 -0.4231975614883875
    outer loop
      vertex -25.3249090786474 25.26960114312678 35.56698729810778
      vertex -24.96814633286619 25.59818308820124 36
      vertex -25.04540058145993 25.36041895912745 35.56698729810778
    endloop
  endfacet
  facet normal -0.2799809633056535 0.8616928014882802 0.4231975614883875
    outer loop
      vertex -24.96814633286619 25.59818308820124 36
      vertex -25.3249090786474 25.26960114312678 36.43301270189222
      vertex -25.04540058145993 25.36041895912745 36.43301270189222
    endloop
  endfacet
  facet normal -0.04553188826888113 0.5734008962923137 0.8180087158960113
    outer loop
      vertex -28.353040974702957 28.668059352370484 24.43301270189222
      vertex -27.67015287128056 27.985171248948088 24.949708706692086
      vertex -22.450694657824148 28.173832925213482 25.10798698834925
    endloop
  endfacet
  facet normal 0.01795841267505531 0.8750549622230898 0.4836903022626559
    outer loop
      vertex -28.275786726109217 28.905823481444273 24
      vertex -28.353040974702957 28.668059352370484 24.43301270189222
      vertex -22.373440409230408 28.41159705428727 24.67497428645703
    endloop
  endfacet
  facet normal 0.017958412675055303 0.8750549622230898 0.48369030226265575
    outer loop
      vertex -28.353040974702957 28.668059352370484 24.43301270189222
      vertex -22.450694657824148 28.173832925213482 25.10798698834925
      vertex -22.373440409230408 28.41159705428727 24.67497428645703
    endloop
  endfacet
  facet normal -0.5020535750774678 1.8103104293957966e-14 0.8648365208245622
    outer loop
      vertex -26.284716516788464 25.93551595512161 14.890277813251956
      vertex -20.85813625328349 20.50893569161663 18.040507892735693
      vertex -20.854900633881233 20.69335768835883 18.04238622956511
    endloop
  endfacet
  facet normal -0.5020535750774887 -5.324697990547404e-15 0.86483652082455
    outer loop
      vertex -26.284716516788464 26.229408581267847 14.890277813251956
      vertex -20.854900633881233 20.69335768835883 18.04238622956511
      vertex -20.853068914675678 20.79776097915506 18.04344957639835
    endloop
  endfacet
  facet normal -0.12930254548093117 0.3979523155415171 0.9082482074231121
    outer loop
      vertex -26.005208019600992 26.320226397268517 14.890277813251956
      vertex -20.853068914675678 20.79776097915506 18.04344957639835
      vertex -20.573560417488206 20.88857879515573 18.04344957639835
    endloop
  endfacet
  facet normal -0.5665802715140672 0.01833087701676513 -0.8238026310220442
    outer loop
      vertex -28.415617386517397 27.060402451484055 23.384037614682956
      vertex -20.853068914675678 20.79776097915506 18.04344957639835
      vertex -20.854900633881233 20.69335768835883 18.04238622956511
    endloop
  endfacet
  facet normal -0.0144984625420794 0.4911173205217297 0.8709727734363873
    outer loop
      vertex -26.005208019600992 26.320226397268517 14.890277813251956
      vertex -20.573560417488206 20.88857879515573 18.04344957639835
      vertex -15.49100010294341 20.88720987758739 18.128827227381713
    endloop
  endfacet
  facet normal -0.6879736510510791 1.5076364953481865e-14 0.7257356650044476
    outer loop
      vertex -25.3249090786474 24.975708516980543 36.43301270189222
      vertex -19.579262764607584 19.23006220294073 41.8796973047414
      vertex -19.57879088996073 19.43794401237571 41.880144626458225
    endloop
  endfacet
  facet normal -0.22172964808189327 0.6824136876053049 -0.6965253205235323
    outer loop
      vertex -25.04540058145993 25.36041895912745 35.56698729810778
      vertex -20.844660783055758 21.159679160723282 30.114104564672694
      vertex -21.12416928024323 21.068861344722613 30.114104564672694
    endloop
  endfacet
  facet normal -0.6885767667966947 -0.0011464112838509084 0.7251625486530439
    outer loop
      vertex -24.986965365244497 24.636765245243033 36.75337069828136
      vertex -19.579262764607584 19.23006220294073 41.8796973047414
      vertex -25.3249090786474 24.975708516980543 36.43301270189222
    endloop
  endfacet
  facet normal -0.6879736510510979 -2.0984368421211193e-14 0.7257356650044299
    outer loop
      vertex -25.3249090786474 24.975708516980543 36.43301270189222
      vertex -19.57879088996073 19.43794401237571 41.880144626458225
      vertex -19.578597163325867 19.52328922780525 41.88032827296579
    endloop
  endfacet
  facet normal -0.688576766794798 -0.0011464112802821477 0.7251625486548506
    outer loop
      vertex -24.986965365244497 24.636765245243033 36.75337069828136
      vertex -19.57928316601179 19.213088388915942 41.8796510986806
      vertex -19.579262764607584 19.23006220294073 41.8796973047414
    endloop
  endfacet
  facet normal -0.1857752398902452 0.5717573974249947 0.7991126570975574
    outer loop
      vertex -25.3249090786474 25.26960114312678 36.43301270189222
      vertex -19.578597163325867 19.52328922780525 41.88032827296579
      vertex -19.299088666138395 19.61410704380592 41.88032827296579
    endloop
  endfacet
  facet normal 0.000343491985069375 0.6881545036572728 0.725564098553304
    outer loop
      vertex -22.701596064752646 25.021475687390126 36.753370698281245
      vertex -19.299088666138395 19.61410704380592 41.88032827296579
      vertex -16.00739604113295 19.57919673655309 41.91188029596657
    endloop
  endfacet
  facet normal 0.042777006161348274 0.9769437732367274 0.2091673771835795
    outer loop
      vertex -23.537659657666794 24.167696413001845 5.840934963704878
      vertex -20.402262576669337 24.005827757039217 5.95574098936781
      vertex -24.845491502812525 25.475528258147577 0
    endloop
  endfacet
  facet normal 0.04277700616134714 0.9769437732367272 0.2091673771835803
    outer loop
      vertex -24.845491502812525 25.475528258147577 0
      vertex -20.402262576669337 24.005827757039217 5.95574098936781
      vertex -21.532729180895576 25.23776412907379 0.4330127018922193
    endloop
  endfacet
  facet normal -0.1516974013269339 0.4668765946961711 -0.8712141778894339
    outer loop
      vertex -28.353040974702957 28.668059352370484 23.56698729810778
      vertex -20.573560417488206 20.88857879515573 18.04344957639835
      vertex -20.853068914675678 20.79776097915506 18.04344957639835
    endloop
  endfacet
  facet normal -0.014498462542079121 0.4911173205217298 0.8709727734363872
    outer loop
      vertex -30.238088164561514 30.553106542229038 12.433012701892219
      vertex -26.005208019600992 26.320226397268517 14.890277813251956
      vertex -6.776856564276494 26.399256785748317 15.165795427590437
    endloop
  endfacet
  facet normal 0.042777006161346345 0.9769437732367272 0.20916737718358053
    outer loop
      vertex -21.532729180895576 25.23776412907379 0.4330127018922193
      vertex -20.402262576669337 24.005827757039217 5.95574098936781
      vertex -15.088704689577733 23.773165341144264 5.955740989367814
    endloop
  endfacet
  facet normal -0.15907903591508946 0.4895949299455791 0.8573159656182249
    outer loop
      vertex -27.949661368468032 27.89435343294742 24.949708706692086
      vertex -21.12416928024323 21.068861344722613 30.114104564672694
      vertex -20.844660783055758 21.159679160723282 30.114104564672694
    endloop
  endfacet
  facet normal -0.04553188826888181 0.5734008962923146 0.8180087158960107
    outer loop
      vertex -27.67015287128056 27.985171248948088 24.949708706692086
      vertex -20.844660783055758 21.159679160723282 30.114104564672694
      vertex -15.726869755472302 21.44366018058884 30.199907706578852
    endloop
  endfacet
  facet normal -0.6879736510510872 0 0.7257356650044402
    outer loop
      vertex -25.3249090786474 24.975708516980543 36.43301270189222
      vertex -19.578597163325867 19.52328922780525 41.88032827296579
      vertex -25.3249090786474 25.26960114312678 36.43301270189222
    endloop
  endfacet
  facet normal -0.18577523989024566 0.5717573974249939 0.799112657097558
    outer loop
      vertex -25.3249090786474 25.26960114312678 36.43301270189222
      vertex -19.299088666138395 19.61410704380592 41.88032827296579
      vertex -25.04540058145993 25.36041895912745 36.43301270189222
    endloop
  endfacet
  facet normal 0.0003434919850528931 0.6881545036572674 0.7255640985533093
    outer loop
      vertex -25.04540058145993 25.36041895912745 36.43301270189222
      vertex -19.299088666138395 19.61410704380592 41.88032827296579
      vertex -22.701596064752646 25.021475687390126 36.753370698281245
    endloop
  endfacet
  facet normal -0.48135613228469887 0 -0.8765251131096676
    outer loop
      vertex -23.50289604188191 0.25708014070377166 43.91140377336361
      vertex -29.70851574206626 27.788068621651817 47.31930738346448
      vertex -29.70851574206626 28.081961247798056 47.31930738346448
    endloop
  endfacet
  facet normal -0.6660762891479735 -0.05332800734296057 0.743974798408988
    outer loop
      vertex -24.254391738875064 1.729840294439275 51.70704163154785
      vertex -23.363009297358186 23.01380873569133 54.030722941555474
      vertex -30.029134515619212 28.181686085715892 48.43301270189222
    endloop
  endfacet
  facet normal -0.47109883045921 0.0029674125758229193 -0.8820754425799243
    outer loop
      vertex -23.50289604188191 0.25708014070377166 43.91140377336361
      vertex -29.70851574206626 28.081961247798056 47.31930738346448
      vertex -19.57928316601179 19.213088388915942 41.8796510986806
    endloop
  endfacet
  facet normal -0.6528324186723681 0.022114308418912775 0.7571794968787383
    outer loop
      vertex -25.992283439682616 0.1922871254195901 63.9333719811192
      vertex -22.819687896013615 22.764379960493002 66.00950717245445
      vertex -29.109348183392548 28.0240126529073 60.43301270189222
    endloop
  endfacet
  facet normal -0.7934314120130024 -0.031971353542469744 0.6078194032635975
    outer loop
      vertex -25.18375763072713 0.5283049175884129 75.6677707107195
      vertex -24.291394607673105 21.067990327177835 77.91302709767164
      vertex -28.724411546034816 26.899329582666734 72.43301270189222
    endloop
  endfacet
  facet normal -0.7221771766134166 -0.01036157939675176 -0.6916305106421194
    outer loop
      vertex -24.291394607673105 21.067990327177835 77.91302709767164
      vertex -26.170679835194594 -0.17786156563711636 80.19360532062684
      vertex -29.82686290314177 29.477662341474915 83.56698729810778
    endloop
  endfacet
  facet normal -0.6956376492960351 -0.026986341087372342 -0.7178857835871961
    outer loop
      vertex -28.50450962460251 26.72858585153342 71.35808157350719
      vertex -22.81061803866644 19.466141836819215 66.11365599362563
      vertex -22.804747756756576 19.2078101343985 66.11767869249047
    endloop
  endfacet
  facet normal -0.6956376492960348 -0.026986341087372145 -0.7178857835871966
    outer loop
      vertex -28.50450962460251 26.72858585153342 71.35808157350719
      vertex -22.823886134596663 22.363672665246487 66.01759061698733
      vertex -22.81061803866644 19.466141836819215 66.11365599362563
    endloop
  endfacet
  facet normal -0.7221771766132382 -0.010361579396754252 -0.6916305106423056
    outer loop
      vertex -24.21678953724956 17.8999699594627 77.88258832404186
      vertex -24.291394607673105 21.067990327177835 77.91302709767164
      vertex -24.233230192735235 19.045844126488245 77.88258832404185
    endloop
  endfacet
  facet normal -0.666076289147972 -0.05332800734295679 0.7439747984089897
    outer loop
      vertex -30.029134515619212 28.181686085715892 48.43301270189222
      vertex -23.363009297358186 23.01380873569133 54.030722941555474
      vertex -29.4541536380056 29.104953076338745 49.013969367456255
    endloop
  endfacet
  facet normal -0.8941771322854769 -0.07159042508092374 -0.4419525620860832
    outer loop
      vertex -30.23138876421295 28.034739772642777 48
      vertex -30.36178255835551 29.6633814350218 48
      vertex -30.029134515619212 28.181686085715892 47.56698729810778
    endloop
  endfacet
  facet normal -0.6497226798373056 -0.05201868975935687 -0.7583894086949988
    outer loop
      vertex -29.70851574206626 27.788068621651817 47.31930738346448
      vertex -30.029134515619212 28.181686085715892 47.56698729810778
      vertex -30.15952830976177 29.810327748094917 47.56698729810778
    endloop
  endfacet
  facet normal -0.8941771322854769 -0.07159042508092375 0.4419525620860831
    outer loop
      vertex -30.23138876421295 28.034739772642777 48
      vertex -30.029134515619212 28.181686085715892 48.43301270189222
      vertex -30.15952830976177 29.810327748094917 48.43301270189222
    endloop
  endfacet
  facet normal -0.48135613228471424 0 -0.8765251131096591
    outer loop
      vertex -29.70851574206626 27.788068621651817 47.31930738346448
      vertex -30.15952830976177 30.104220374241155 47.56698729810778
      vertex -29.70851574206626 28.081961247798056 47.31930738346448
    endloop
  endfacet
  facet normal -0.6660762891479687 -0.05332800734296059 0.7439747984089924
    outer loop
      vertex -30.029134515619212 28.181686085715892 48.43301270189222
      vertex -29.4541536380056 29.104953076338745 49.013969367456255
      vertex -30.15952830976177 29.810327748094917 48.43301270189222
    endloop
  endfacet
  facet normal -0.8941771322854769 -0.07159042508092374 -0.4419525620860831
    outer loop
      vertex -30.029134515619212 28.181686085715892 47.56698729810778
      vertex -30.36178255835551 29.6633814350218 48
      vertex -30.15952830976177 29.810327748094917 47.56698729810778
    endloop
  endfacet
  facet normal -0.8941771322854769 -0.07159042508092374 0.4419525620860831
    outer loop
      vertex -30.23138876421295 28.034739772642777 48
      vertex -30.15952830976177 29.810327748094917 48.43301270189222
      vertex -30.36178255835551 29.6633814350218 48
    endloop
  endfacet
  facet normal -0.48135613228471397 0 -0.8765251131096593
    outer loop
      vertex -29.70851574206626 27.788068621651817 47.31930738346448
      vertex -30.15952830976177 29.810327748094917 47.56698729810778
      vertex -30.15952830976177 30.104220374241155 47.56698729810778
    endloop
  endfacet
  facet normal -0.9060374296629683 0 -0.4231975614883927
    outer loop
      vertex -30.36178255835551 29.6633814350218 48
      vertex -30.36178255835551 30.25116668731427 48
      vertex -30.15952830976177 29.810327748094917 47.56698729810778
    endloop
  endfacet
  facet normal -0.9060374296629682 0 -0.4231975614883927
    outer loop
      vertex -30.36178255835551 30.25116668731427 48
      vertex -30.15952830976177 30.104220374241155 47.56698729810778
      vertex -30.15952830976177 29.810327748094917 47.56698729810778
    endloop
  endfacet
  facet normal -0.9060374296629683 0 0.4231975614883927
    outer loop
      vertex -30.36178255835551 29.6633814350218 48
      vertex -30.15952830976177 29.810327748094917 48.43301270189222
      vertex -30.36178255835551 30.25116668731427 48
    endloop
  endfacet
  facet normal -0.9060374296629682 0 0.4231975614883927
    outer loop
      vertex -30.36178255835551 30.25116668731427 48
      vertex -30.15952830976177 29.810327748094917 48.43301270189222
      vertex -30.15952830976177 30.104220374241155 48.43301270189222
    endloop
  endfacet
  facet normal -0.6357462962601269 0 0.7718980805725137
    outer loop
      vertex -30.15952830976177 29.810327748094917 48.43301270189222
      vertex -29.4541536380056 29.104953076338745 49.013969367456255
      vertex -30.15952830976177 30.104220374241155 48.43301270189222
    endloop
  endfacet
  facet normal -0.6357462962601268 0 0.7718980805725139
    outer loop
      vertex -30.15952830976177 30.104220374241155 48.43301270189222
      vertex -29.4541536380056 29.104953076338745 49.013969367456255
      vertex -29.4541536380056 29.398845702484984 49.013969367456255
    endloop
  endfacet
  facet normal -0.16906909871852654 0.5203411817710677 0.8370547738419475
    outer loop
      vertex -30.15952830976177 30.104220374241155 48.43301270189222
      vertex -29.4541536380056 29.398845702484984 49.013969367456255
      vertex -29.17464514081813 29.489663518485653 49.013969367456255
    endloop
  endfacet
  facet normal -0.1690690987185265 0.5203411817710679 0.8370547738419473
    outer loop
      vertex -30.15952830976177 30.104220374241155 48.43301270189222
      vertex -29.17464514081813 29.489663518485653 49.013969367456255
      vertex -29.8800198125743 30.195038190241824 48.43301270189222
    endloop
  endfacet
  facet normal -0.2799809633056554 0.8616928014882804 -0.42319756148838594
    outer loop
      vertex -30.36178255835551 30.25116668731427 48
      vertex -29.80276556398056 30.432802319315613 48
      vertex -30.15952830976177 30.104220374241155 47.56698729810778
    endloop
  endfacet
  facet normal -0.2799809633056554 0.8616928014882804 0.42319756148838594
    outer loop
      vertex -30.36178255835551 30.25116668731427 48
      vertex -30.15952830976177 30.104220374241155 48.43301270189222
      vertex -29.80276556398056 30.432802319315613 48
    endloop
  endfacet
  facet normal -0.2799809633056535 0.8616928014882803 -0.4231975614883875
    outer loop
      vertex -30.15952830976177 30.104220374241155 47.56698729810778
      vertex -29.80276556398056 30.432802319315613 48
      vertex -29.8800198125743 30.195038190241824 47.56698729810778
    endloop
  endfacet
  facet normal -0.2799809633056535 0.8616928014882803 0.4231975614883875
    outer loop
      vertex -30.15952830976177 30.104220374241155 48.43301270189222
      vertex -29.8800198125743 30.195038190241824 48.43301270189222
      vertex -29.80276556398056 30.432802319315613 48
    endloop
  endfacet
  facet normal -0.6357462962601325 0 0.7718980805725092
    outer loop
      vertex -29.4541536380056 29.104953076338745 49.013969367456255
      vertex -23.359403670466612 23.224104832318503 54.03369258741897
      vertex -29.4541536380056 29.398845702484984 49.013969367456255
    endloop
  endfacet
  facet normal -0.02986957130175623 0.6174964662726311 0.7860063122208769
    outer loop
      vertex -29.8800198125743 30.195038190241824 48.43301270189222
      vertex -29.17464514081813 29.489663518485653 49.013969367456255
      vertex -23.71630429024786 29.636269726604855 49.1062198807801
    endloop
  endfacet
  facet normal -0.9016007543516176 0.030541187266714592 -0.4314896471909073
    outer loop
      vertex -29.109348183392548 28.0240126529073 59.56698729810778
      vertex -29.311602431986287 28.170958965980414 60
      vertex -29.07559981926135 29.02029188374073 59.56698729810778
    endloop
  endfacet
  facet normal -0.9016007543516176 0.030541187266714617 0.4314896471909073
    outer loop
      vertex -29.109348183392548 28.0240126529073 60.43301270189222
      vertex -29.27785406785509 29.167238196813845 60
      vertex -29.311602431986287 28.170958965980414 60
    endloop
  endfacet
  facet normal -0.67871643749693 0.022991114102935913 -0.7340404662849193
    outer loop
      vertex -29.109348183392548 28.0240126529073 59.56698729810778
      vertex -29.07559981926135 29.02029188374073 59.56698729810778
      vertex -28.977910937131306 27.915645180965647 59.44206215751792
    endloop
  endfacet
  facet normal -0.9016007543516176 0.030541187266714592 -0.4314896471909073
    outer loop
      vertex -29.311602431986287 28.170958965980414 60
      vertex -29.27785406785509 29.167238196813845 60
      vertex -29.07559981926135 29.02029188374073 59.56698729810778
    endloop
  endfacet
  facet normal -0.9016007543516176 0.030541187266714592 0.4314896471909074
    outer loop
      vertex -29.109348183392548 28.0240126529073 60.43301270189222
      vertex -29.07559981926135 29.02029188374073 60.43301270189222
      vertex -29.27785406785509 29.167238196813845 60
    endloop
  endfacet
  facet normal -0.6528324186723635 0.022114308418911443 0.7571794968787423
    outer loop
      vertex -29.109348183392548 28.0240126529073 60.43301270189222
      vertex -28.513761717361756 28.45845378184114 60.93383290317275
      vertex -29.07559981926135 29.02029188374073 60.43301270189222
    endloop
  endfacet
  facet normal -0.17846301634629444 0.54925268740363 0.8163776314772916
    outer loop
      vertex -29.07559981926135 29.02029188374073 60.43301270189222
      vertex -28.513761717361756 28.45845378184114 60.93383290317275
      vertex -28.234253220174285 28.54927159784181 60.93383290317275
    endloop
  endfacet
  facet normal -0.1784630163462945 0.5492526874036299 0.8163776314772918
    outer loop
      vertex -29.07559981926135 29.02029188374073 60.43301270189222
      vertex -28.234253220174285 28.54927159784181 60.93383290317275
      vertex -28.796091322073877 29.111109699741398 60.43301270189222
    endloop
  endfacet
  facet normal -0.2799809633056535 0.8616928014882803 -0.4231975614883875
    outer loop
      vertex -29.07559981926135 29.02029188374073 59.56698729810778
      vertex -28.718837073480138 29.348873828815186 60
      vertex -28.796091322073877 29.111109699741398 59.56698729810778
    endloop
  endfacet
  facet normal -0.2799809633056554 0.8616928014882804 -0.42319756148838594
    outer loop
      vertex -29.07559981926135 29.02029188374073 59.56698729810778
      vertex -29.27785406785509 29.167238196813845 60
      vertex -28.718837073480138 29.348873828815186 60
    endloop
  endfacet
  facet normal -0.2799809633056554 0.8616928014882804 0.42319756148838594
    outer loop
      vertex -29.07559981926135 29.02029188374073 60.43301270189222
      vertex -28.718837073480138 29.348873828815186 60
      vertex -29.27785406785509 29.167238196813845 60
    endloop
  endfacet
  facet normal -0.2799809633056535 0.8616928014882803 0.4231975614883875
    outer loop
      vertex -29.07559981926135 29.02029188374073 60.43301270189222
      vertex -28.796091322073877 29.111109699741398 60.43301270189222
      vertex -28.718837073480138 29.348873828815186 60
    endloop
  endfacet
  facet normal -0.4710988304592079 0.002967412575826506 -0.8820754425799253
    outer loop
      vertex -29.70851574206626 28.081961247798056 47.31930738346448
      vertex -30.15952830976177 30.104220374241155 47.56698729810778
      vertex -19.578597163325867 19.52328922780525 41.88032827296579
    endloop
  endfacet
  facet normal -0.12123448539907422 0.3731213798506453 -0.9198275030941248
    outer loop
      vertex -30.15952830976177 30.104220374241155 47.56698729810778
      vertex -29.8800198125743 30.195038190241824 47.56698729810778
      vertex -19.299088666138395 19.61410704380592 41.88032827296579
    endloop
  endfacet
  facet normal -0.6357462962601255 1.0523906926469132e-14 0.771898080572515
    outer loop
      vertex -29.4541536380056 29.104953076338745 49.013969367456255
      vertex -23.363009297358186 23.01380873569133 54.030722941555474
      vertex -23.359403670466612 23.224104832318503 54.03369258741897
    endloop
  endfacet
  facet normal -0.6357462962601531 -2.8118853713510725e-14 0.7718980805724921
    outer loop
      vertex -29.4541536380056 29.398845702484984 49.013969367456255
      vertex -23.359403670466612 23.224104832318503 54.03369258741897
      vertex -23.358055306625264 23.302747371104648 54.03480311915849
    endloop
  endfacet
  facet normal -0.1690690987185293 0.5203411817710735 0.8370547738419434
    outer loop
      vertex -29.17464514081813 29.489663518485653 49.013969367456255
      vertex -23.358055306625264 23.302747371104648 54.03480311915849
      vertex -23.078546809437793 23.393565187105317 54.03480311915849
    endloop
  endfacet
  facet normal -0.6837314658725486 0.022022967702244527 -0.7294013103013742
    outer loop
      vertex -28.977910937131306 27.915645180965647 59.44206215751792
      vertex -29.07559981926135 29.02029188374073 59.56698729810778
      vertex -23.358055306625264 23.302747371104648 54.03480311915849
    endloop
  endfacet
  facet normal -0.18820233644611614 0.5792272325381312 -0.7931429213215236
    outer loop
      vertex -29.07559981926135 29.02029188374073 59.56698729810778
      vertex -28.796091322073877 29.111109699741398 59.56698729810778
      vertex -23.358055306625264 23.302747371104648 54.03480311915849
    endloop
  endfacet
  facet normal -0.6528324186723659 0.02211430841891721 0.75717949687874
    outer loop
      vertex -29.109348183392548 28.0240126529073 60.43301270189222
      vertex -22.819687896013615 22.764379960493002 66.00950717245445
      vertex -28.513761717361756 28.45845378184114 60.93383290317275
    endloop
  endfacet
  facet normal -0.17846301634629572 0.5492526874036338 0.8163776314772887
    outer loop
      vertex -28.513761717361756 28.45845378184114 60.93383290317275
      vertex -22.540179398826144 22.85519777649367 66.00950717245445
      vertex -28.234253220174285 28.54927159784181 60.93383290317275
    endloop
  endfacet
  facet normal -0.6837314658725375 0.02202296770227245 -0.7294013103013838
    outer loop
      vertex -28.977910937131306 27.915645180965647 59.44206215751792
      vertex -23.358055306625264 23.302747371104648 54.03480311915849
      vertex -23.359403670466612 23.224104832318503 54.03369258741897
    endloop
  endfacet
  facet normal -0.188202336446116 0.5792272325381305 -0.7931429213215241
    outer loop
      vertex -28.796091322073877 29.111109699741398 59.56698729810778
      vertex -23.078546809437793 23.393565187105317 54.03480311915849
      vertex -23.358055306625264 23.302747371104648 54.03480311915849
    endloop
  endfacet
  facet normal -0.16906909871852827 0.5203411817710734 0.8370547738419435
    outer loop
      vertex -29.4541536380056 29.398845702484984 49.013969367456255
      vertex -23.358055306625264 23.302747371104648 54.03480311915849
      vertex -29.17464514081813 29.489663518485653 49.013969367456255
    endloop
  endfacet
  facet normal -0.029869571301756305 0.6174964662726371 0.7860063122208722
    outer loop
      vertex -29.17464514081813 29.489663518485653 49.013969367456255
      vertex -23.078546809437793 23.393565187105317 54.03480311915849
      vertex -23.71630429024786 29.636269726604855 49.1062198807801
    endloop
  endfacet
  facet normal -0.0312088061905868 0.6475132862180946 0.7614148373831457
    outer loop
      vertex -28.796091322073877 29.111109699741398 60.43301270189222
      vertex -28.234253220174285 28.54927159784181 60.93383290317275
      vertex -23.322180354009465 28.649778603173406 61.04969656176282
    endloop
  endfacet
  facet normal -0.9006617254773036 -0.03629220372602912 -0.4330026930735589
    outer loop
      vertex -28.926665794628555 26.75238326959362 72
      vertex -28.98863349149676 28.29023236816305 72
      vertex -28.78637924290302 28.437178681236166 71.56698729810778
    endloop
  endfacet
  facet normal -0.9006617254773036 -0.03629220372602912 0.4330026930735589
    outer loop
      vertex -28.926665794628555 26.75238326959362 72
      vertex -28.78637924290302 28.437178681236166 72.43301270189222
      vertex -28.98863349149676 28.29023236816305 72
    endloop
  endfacet
  facet normal -0.6998968511458449 -0.028202374310432904 -0.7136869228445938
    outer loop
      vertex -28.724411546034816 26.899329582666734 71.56698729810778
      vertex -28.78637924290302 28.437178681236166 71.56698729810778
      vertex -28.50450962460251 26.72858585153342 71.35808157350719
    endloop
  endfacet
  facet normal -0.9006617254773036 -0.03629220372602912 -0.4330026930735588
    outer loop
      vertex -28.926665794628555 26.75238326959362 72
      vertex -28.78637924290302 28.437178681236166 71.56698729810778
      vertex -28.724411546034816 26.899329582666734 71.56698729810778
    endloop
  endfacet
  facet normal -0.9006617254773036 -0.03629220372602912 0.4330026930735588
    outer loop
      vertex -28.926665794628555 26.75238326959362 72
      vertex -28.724411546034816 26.899329582666734 72.43301270189222
      vertex -28.78637924290302 28.437178681236166 72.43301270189222
    endloop
  endfacet
  facet normal -0.7934314120129998 -0.031971353542470896 0.6078194032636005
    outer loop
      vertex -28.724411546034816 26.899329582666734 72.43301270189222
      vertex -28.202945086826173 27.480682377639432 73.14430046675618
      vertex -28.78637924290302 28.437178681236166 72.43301270189222
    endloop
  endfacet
  facet normal -0.9060374296629709 0 -0.42319756148838705
    outer loop
      vertex -28.98863349149676 28.29023236816305 72
      vertex -28.98863349149676 28.87801762045552 72
      vertex -28.78637924290302 28.437178681236166 71.56698729810778
    endloop
  endfacet
  facet normal -0.9060374296629709 0 0.42319756148838705
    outer loop
      vertex -28.98863349149676 28.29023236816305 72
      vertex -28.78637924290302 28.437178681236166 72.43301270189222
      vertex -28.98863349149676 28.87801762045552 72
    endloop
  endfacet
  facet normal -0.9060374296629709 0 -0.423197561488387
    outer loop
      vertex -28.98863349149676 28.87801762045552 72
      vertex -28.78637924290302 28.731071307382404 71.56698729810778
      vertex -28.78637924290302 28.437178681236166 71.56698729810778
    endloop
  endfacet
  facet normal -0.9060374296629709 0 0.423197561488387
    outer loop
      vertex -28.98863349149676 28.87801762045552 72
      vertex -28.78637924290302 28.437178681236166 72.43301270189222
      vertex -28.78637924290302 28.731071307382404 72.43301270189222
    endloop
  endfacet
  facet normal -0.27998096330565625 0.861692801488283 -0.4231975614883802
    outer loop
      vertex -28.98863349149676 28.87801762045552 72
      vertex -28.42961649712181 29.05965325245686 72
      vertex -28.78637924290302 28.731071307382404 71.56698729810778
    endloop
  endfacet
  facet normal -0.27998096330565625 0.861692801488283 0.4231975614883802
    outer loop
      vertex -28.98863349149676 28.87801762045552 72
      vertex -28.78637924290302 28.731071307382404 72.43301270189222
      vertex -28.42961649712181 29.05965325245686 72
    endloop
  endfacet
  facet normal -0.2799809633056543 0.8616928014882829 -0.4231975614883818
    outer loop
      vertex -28.78637924290302 28.731071307382404 71.56698729810778
      vertex -28.42961649712181 29.05965325245686 72
      vertex -28.50687074571555 28.821889123383073 71.56698729810778
    endloop
  endfacet
  facet normal -0.2799809633056543 0.8616928014882829 0.4231975614883818
    outer loop
      vertex -28.78637924290302 28.731071307382404 72.43301270189222
      vertex -28.50687074571555 28.821889123383073 72.43301270189222
      vertex -28.42961649712181 29.05965325245686 72
    endloop
  endfacet
  facet normal -0.9060374296629709 0 -0.423197561488387
    outer loop
      vertex -30.02911715173551 29.3307160284018 84
      vertex -29.82686290314177 29.771554967621153 83.56698729810778
      vertex -29.82686290314177 29.477662341474915 83.56698729810778
    endloop
  endfacet
  facet normal -0.9060374296629709 0 -0.42319756148838705
    outer loop
      vertex -30.02911715173551 29.3307160284018 84
      vertex -30.02911715173551 29.91850128069427 84
      vertex -29.82686290314177 29.771554967621153 83.56698729810778
    endloop
  endfacet
  facet normal -0.9060374296629709 0 0.42319756148838705
    outer loop
      vertex -30.02911715173551 29.3307160284018 84
      vertex -29.82686290314177 29.771554967621153 84.43301270189222
      vertex -30.02911715173551 29.91850128069427 84
    endloop
  endfacet
  facet normal -0.27998096330565625 0.8616928014882831 -0.4231975614883802
    outer loop
      vertex -29.82686290314177 29.771554967621153 83.56698729810778
      vertex -30.02911715173551 29.91850128069427 84
      vertex -29.47010015736056 30.10013691269561 84
    endloop
  endfacet
  facet normal -0.27998096330565625 0.861692801488283 0.4231975614883802
    outer loop
      vertex -30.02911715173551 29.91850128069427 84
      vertex -29.82686290314177 29.771554967621153 84.43301270189222
      vertex -29.47010015736056 30.10013691269561 84
    endloop
  endfacet
  facet normal -0.2799809633056543 0.8616928014882829 -0.4231975614883818
    outer loop
      vertex -29.82686290314177 29.771554967621153 83.56698729810778
      vertex -29.47010015736056 30.10013691269561 84
      vertex -29.547354405954298 29.862372783621822 83.56698729810778
    endloop
  endfacet
  facet normal -0.7172025807479012 0 -0.6968647344847853
    outer loop
      vertex -24.376515752344968 24.321207816824348 77.95757294682267
      vertex -29.82686290314177 29.477662341474915 83.56698729810778
      vertex -29.82686290314177 29.771554967621153 83.56698729810778
    endloop
  endfacet
  facet normal -0.1954781457948318 0.6016198711903015 -0.7744945610561637
    outer loop
      vertex -24.376515752344968 24.321207816824348 77.95757294682267
      vertex -29.82686290314177 29.771554967621153 83.56698729810778
      vertex -29.547354405954298 29.862372783621822 83.56698729810778
    endloop
  endfacet
  facet normal -0.6956376492960352 -0.02698634108737278 -0.7178857835871958
    outer loop
      vertex -28.50450962460251 26.72858585153342 71.35808157350719
      vertex -28.78637924290302 28.437178681236166 71.56698729810778
      vertex -22.82439681273012 22.47519625106327 66.0138931394073
    endloop
  endfacet
  facet normal -0.6815686076812114 0 -0.7317542162662918
    outer loop
      vertex -28.78637924290302 28.437178681236166 71.56698729810778
      vertex -28.78637924290302 28.731071307382404 71.56698729810778
      vertex -22.819687896013615 22.764379960493002 66.00950717245445
    endloop
  endfacet
  facet normal -0.1836844274121909 0.565322538281964 -0.8041582299751044
    outer loop
      vertex -28.78637924290302 28.731071307382404 71.56698729810778
      vertex -28.50687074571555 28.821889123383073 71.56698729810778
      vertex -22.540179398826144 22.85519777649367 66.00950717245445
    endloop
  endfacet
  facet normal -0.6956376492960555 -0.026986341087425793 -0.7178857835871743
    outer loop
      vertex -28.50450962460251 26.72858585153342 71.35808157350719
      vertex -22.82439681273012 22.47519625106327 66.0138931394073
      vertex -22.823886134596663 22.363672665246487 66.01759061698733
    endloop
  endfacet
  facet normal -0.17846301634629735 0.549252687403634 0.8163776314772884
    outer loop
      vertex -28.513761717361756 28.45845378184114 60.93383290317275
      vertex -22.819687896013615 22.764379960493002 66.00950717245445
      vertex -22.540179398826144 22.85519777649367 66.00950717245445
    endloop
  endfacet
  facet normal -0.6815686076812101 2.967399750099596e-15 -0.7317542162662931
    outer loop
      vertex -28.78637924290302 28.437178681236166 71.56698729810778
      vertex -22.819687896013615 22.764379960493002 66.00950717245445
      vertex -22.82439681273012 22.47519625106327 66.0138931394073
    endloop
  endfacet
  facet normal -0.18368442741219024 0.5653225382819639 -0.8041582299751046
    outer loop
      vertex -28.78637924290302 28.731071307382404 71.56698729810778
      vertex -22.540179398826144 22.85519777649367 66.00950717245445
      vertex -22.819687896013615 22.764379960493002 66.00950717245445
    endloop
  endfacet
  facet normal -0.7934314120130012 -0.03197135354246734 0.6078194032635991
    outer loop
      vertex -24.291394607673105 21.067990327177835 77.91302709767164
      vertex -28.202945086826173 27.480682377639432 73.14430046675618
      vertex -28.724411546034816 26.899329582666734 72.43301270189222
    endloop
  endfacet
  facet normal -0.7934314120130057 -0.03197135354247475 0.6078194032635929
    outer loop
      vertex -24.291394607673105 21.067990327177835 77.91302709767164
      vertex -24.376515752344968 24.02731519067811 77.95757294682267
      vertex -28.202945086826173 27.480682377639432 73.14430046675618
    endloop
  endfacet
  facet normal -0.7221771766134117 -0.010361579396745153 -0.6916305106421244
    outer loop
      vertex -24.291394607673105 21.067990327177835 77.91302709767164
      vertex -29.82686290314177 29.477662341474915 83.56698729810778
      vertex -24.376515752344968 24.02731519067811 77.95757294682267
    endloop
  endfacet
  facet normal -0.7934314120130095 -0.0319713535424865 0.6078194032635873
    outer loop
      vertex -28.78637924290302 28.437178681236166 72.43301270189222
      vertex -28.202945086826173 27.480682377639432 73.14430046675618
      vertex -24.376515752344968 24.02731519067811 77.95757294682267
    endloop
  endfacet
  facet normal -0.7815435796345666 0 0.6238506497007018
    outer loop
      vertex -28.78637924290302 28.437178681236166 72.43301270189222
      vertex -24.376515752344968 24.321207816824348 77.95757294682267
      vertex -28.78637924290302 28.731071307382404 72.43301270189222
    endloop
  endfacet
  facet normal -0.7815435796345669 0 0.6238506497007015
    outer loop
      vertex -28.78637924290302 28.437178681236166 72.43301270189222
      vertex -24.376515752344968 24.02731519067811 77.95757294682267
      vertex -24.376515752344968 24.321207816824348 77.95757294682267
    endloop
  endfacet
  facet normal -0.2178723130431717 0.6705420310592672 0.7091579794320381
    outer loop
      vertex -28.50687074571555 28.821889123383073 72.43301270189222
      vertex -24.376515752344968 24.321207816824348 77.95757294682267
      vertex -24.097007255157497 24.412025632825017 77.95757294682267
    endloop
  endfacet
  facet normal -0.7172025807479018 0 -0.6968647344847847
    outer loop
      vertex -24.376515752344968 24.02731519067811 77.95757294682267
      vertex -29.82686290314177 29.477662341474915 83.56698729810778
      vertex -24.376515752344968 24.321207816824348 77.95757294682267
    endloop
  endfacet
  facet normal -0.19547814579483247 0.6016198711903012 -0.7744945610561635
    outer loop
      vertex -24.376515752344968 24.321207816824348 77.95757294682267
      vertex -29.547354405954298 29.862372783621822 83.56698729810778
      vertex -24.097007255157497 24.412025632825017 77.95757294682267
    endloop
  endfacet
  facet normal 0.05940472615737202 0.8027452329663805 0.593355853986391
    outer loop
      vertex -28.50687074571555 28.821889123383073 72.43301270189222
      vertex -24.097007255157497 24.412025632825017 77.95757294682267
      vertex -21.21993721061977 24.27794096565818 77.85093250445715
    endloop
  endfacet
  facet normal 0.05940472615737026 0.8027452329663792 0.5933558539863926
    outer loop
      vertex -28.50687074571555 28.821889123383073 72.43301270189222
      vertex -21.21993721061977 24.27794096565818 77.85093250445715
      vertex -22.686187590046163 27.865392819786184 73.14430046675632
    endloop
  endfacet
  facet normal 0.007920840632726809 0.7210156779300557 -0.6928734750751634
    outer loop
      vertex -24.097007255157497 24.412025632825017 77.95757294682267
      vertex -29.547354405954298 29.862372783621822 83.56698729810778
      vertex -21.21993721061977 24.27794096565818 77.85093250445715
    endloop
  endfacet
  facet normal -0.2178723130431728 0.6705420310592677 0.7091579794320374
    outer loop
      vertex -28.78637924290302 28.731071307382404 72.43301270189222
      vertex -24.376515752344968 24.321207816824348 77.95757294682267
      vertex -28.50687074571555 28.821889123383073 72.43301270189222
    endloop
  endfacet
  facet normal -0.4710988304594081 0.0029674125755960647 -0.8820754425798193
    outer loop
      vertex -29.70851574206626 28.081961247798056 47.31930738346448
      vertex -19.579262764607584 19.23006220294073 41.8796973047414
      vertex -19.57928316601179 19.213088388915942 41.8796510986806
    endloop
  endfacet
  facet normal -0.471098830459206 0.002967412575824298 -0.8820754425799265
    outer loop
      vertex -29.70851574206626 28.081961247798056 47.31930738346448
      vertex -19.57879088996073 19.43794401237571 41.880144626458225
      vertex -19.579262764607584 19.23006220294073 41.8796973047414
    endloop
  endfacet
  facet normal -0.471098830459219 0.002967412575816841 -0.8820754425799197
    outer loop
      vertex -29.70851574206626 28.081961247798056 47.31930738346448
      vertex -19.578597163325867 19.52328922780525 41.88032827296579
      vertex -19.57879088996073 19.43794401237571 41.880144626458225
    endloop
  endfacet
  facet normal -0.12123448539907482 0.37312137985064586 -0.9198275030941244
    outer loop
      vertex -30.15952830976177 30.104220374241155 47.56698729810778
      vertex -19.299088666138395 19.61410704380592 41.88032827296579
      vertex -19.578597163325867 19.52328922780525 41.88032827296579
    endloop
  endfacet
  facet normal -0.03120880619058621 0.6475132862180986 0.7614148373831423
    outer loop
      vertex -28.234253220174285 28.54927159784181 60.93383290317275
      vertex -22.540179398826144 22.85519777649367 66.00950717245445
      vertex -17.779170465529987 22.893394611711255 66.17216810404554
    endloop
  endfacet
  facet normal 0 0 -1
    outer loop
      vertex -3.6955181300451474 3.6955181300451474 -0.4330127018922193
      vertex -5.5 10.25 -0.4330127018922193
      vertex 0 5.226251859505506 -0.4330127018922193
    endloop
  endfacet
  facet normal 0 0 -1
    outer loop
      vertex 0 5.226251859505506 -0.4330127018922193
      vertex -5.5 10.25 -0.4330127018922193
      vertex 5.5 10.25 -0.4330127018922193
    endloop
  endfacet
  facet normal 0 0 -1
    outer loop
      vertex -24.922745751406264 24.76223587092621 -0.4330127018922193
      vertex -5.5 13.75 -0.4330127018922193
      vertex -5.5 10.25 -0.4330127018922193
    endloop
  endfacet
  facet normal 0.0003434919850699784 0.6881545036572732 0.7255640985533036
    outer loop
      vertex -22.701596064752646 25.021475687390126 36.753370698281245
      vertex -16.00739604113295 19.57919673655309 41.91188029596657
      vertex 15.03911348769973 19.563699886454927 41.91188029596657
    endloop
  endfacet
  facet normal 0.07696515703584256 0.8680946078910207 -0.49039587717779937
    outer loop
      vertex -30.238088164561514 30.553106542229038 11.566987298107781
      vertex -30.160833915967775 30.790870671302827 12
      vertex 25.532120671442126 25.853140432402228 12
    endloop
  endfacet
  facet normal 0.07696515703584256 0.8680946078910207 0.49039587717779937
    outer loop
      vertex -30.238088164561514 30.553106542229038 12.433012701892219
      vertex 25.532120671442126 25.853140432402228 12
      vertex -30.160833915967775 30.790870671302827 12
    endloop
  endfacet
  facet normal 0 0 -1
    outer loop
      vertex -24.922745751406264 24.76223587092621 -0.4330127018922193
      vertex -24.75 25 -0.4330127018922193
      vertex 25.25 25 -0.4330127018922193
    endloop
  endfacet
  facet normal 0 0 -1
    outer loop
      vertex -24.75 25 -0.4330127018922193
      vertex -24.922745751406264 25.23776412907379 -0.4330127018922193
      vertex 25.25 25 -0.4330127018922193
    endloop
  endfacet
  facet normal 0 0.876551507956312 -0.48130806548354826
    outer loop
      vertex -24.922745751406264 25.23776412907379 -0.4330127018922193
      vertex -24.845491502812525 25.475528258147577 0
      vertex 25.154508497187475 25.475528258147577 0
    endloop
  endfacet
  facet normal 0.06221480121432811 0.701724462668456 -0.7097267763037606
    outer loop
      vertex -30.238088164561514 30.553106542229038 11.566987298107781
      vertex 25.454866422848387 25.61537630332844 11.566987298107781
      vertex -23.537659657666794 24.167696413001845 5.840934963704878
    endloop
  endfacet
  facet normal -0.045531888268881174 0.5734008962923169 0.818008715896009
    outer loop
      vertex -27.67015287128056 27.985171248948088 24.949708706692086
      vertex 22.075860057078494 24.44545121581999 30.199907706578852
      vertex -22.450694657824148 28.173832925213482 25.10798698834925
    endloop
  endfacet
  facet normal -0.03275860115166681 0.779403300729176 -0.6256655407348655
    outer loop
      vertex -25.04540058145993 25.36041895912745 35.56698729810778
      vertex 19.105965539860307 26.4155527339142 34.5697096702604
      vertex -20.844660783055758 21.159679160723282 30.114104564672694
    endloop
  endfacet
  facet normal 0.020449219692772535 0.8748245173428831 -0.48400815413559745
    outer loop
      vertex -28.353040974702957 28.668059352370484 23.56698729810778
      vertex -28.275786726109217 28.905823481444273 24
      vertex 27.208779433406836 27.36928931388689 23.56698729810778
    endloop
  endfacet
  facet normal 0.020668006960392553 0.8841843104632093 0.46668076735492764
    outer loop
      vertex -28.275786726109217 28.905823481444273 24
      vertex -22.373440409230408 28.41159705428727 24.67497428645703
      vertex 27.286033682000575 27.607053442960677 24
    endloop
  endfacet
  facet normal -0.014498462542079187 0.49111732052172985 0.8709727734363871
    outer loop
      vertex -26.005208019600992 26.320226397268517 14.890277813251956
      vertex -15.49100010294341 20.88720987758739 18.128827227381713
      vertex 18.661087930981985 21.89542675042674 18.128827227381713
    endloop
  endfacet
  facet normal 0 0 -1
    outer loop
      vertex -24.922745751406264 24.76223587092621 -0.4330127018922193
      vertex 25.25 25 -0.4330127018922193
      vertex -5.5 13.75 -0.4330127018922193
    endloop
  endfacet
  facet normal 0.01374406927218582 0.5879759202556215 -0.8087616569542577
    outer loop
      vertex -20.573560417488206 20.88857879515573 18.04344957639835
      vertex 27.208779433406836 27.36928931388689 23.56698729810778
      vertex -15.49100010294341 20.88720987758739 18.128827227381713
    endloop
  endfacet
  facet normal -0.032758601151666934 0.7794033007291763 -0.625665540734865
    outer loop
      vertex -20.844660783055758 21.159679160723282 30.114104564672694
      vertex 19.105965539860307 26.4155527339142 34.5697096702604
      vertex -15.726869755472302 21.44366018058884 30.199907706578852
    endloop
  endfacet
  facet normal 0.062214801214327736 0.7017244626684588 -0.7097267763037581
    outer loop
      vertex -23.537659657666794 24.167696413001845 5.840934963704878
      vertex 25.454866422848387 25.61537630332844 11.566987298107781
      vertex -20.402262576669337 24.005827757039217 5.95574098936781
    endloop
  endfacet
  facet normal 0 0.876551507956312 0.4813080654835482
    outer loop
      vertex -24.845491502812525 25.475528258147577 0
      vertex -21.532729180895576 25.23776412907379 0.4330127018922193
      vertex 25.154508497187475 25.475528258147577 0
    endloop
  endfacet
  facet normal 0.042777006161347234 0.9769437732367274 0.20916737718357947
    outer loop
      vertex -21.532729180895576 25.23776412907379 0.4330127018922193
      vertex -15.088704689577733 23.773165341144264 5.955740989367814
      vertex 19.991064415905253 22.2766536339119 5.7712011929277445
    endloop
  endfacet
  facet normal -0.01449846254207913 0.49111732052173046 0.8709727734363869
    outer loop
      vertex -26.005208019600992 26.320226397268517 14.890277813251956
      vertex 18.661087930981985 21.89542675042674 18.128827227381713
      vertex -6.776856564276494 26.399256785748317 15.165795427590437
    endloop
  endfacet
  facet normal 0.0704511593822731 0.7946228388898219 0.6030018060141891
    outer loop
      vertex -30.238088164561514 30.553106542229038 12.433012701892219
      vertex -6.776856564276494 26.399256785748317 15.165795427590437
      vertex 25.454866422848387 25.61537630332844 12.433012701892219
    endloop
  endfacet
  facet normal 0.03677682095628851 0.8399111919420209 -0.5414763661424965
    outer loop
      vertex -20.402262576669337 24.005827757039217 5.95574098936781
      vertex 25.454866422848387 25.61537630332844 11.566987298107781
      vertex -15.088704689577733 23.773165341144264 5.955740989367814
    endloop
  endfacet
  facet normal -0.04553188826888147 0.5734008962923149 0.8180087158960104
    outer loop
      vertex -27.67015287128056 27.985171248948088 24.949708706692086
      vertex -15.726869755472302 21.44366018058884 30.199907706578852
      vertex 22.075860057078494 24.44545121581999 30.199907706578852
    endloop
  endfacet
  facet normal 0.013744069272186023 0.5879759202556206 -0.8087616569542584
    outer loop
      vertex -28.353040974702957 28.668059352370484 23.56698729810778
      vertex 27.208779433406836 27.36928931388689 23.56698729810778
      vertex -20.573560417488206 20.88857879515573 18.04344957639835
    endloop
  endfacet
  facet normal 0.017958412675054748 0.8750549622230898 0.4836903022626558
    outer loop
      vertex -22.450694657824148 28.173832925213482 25.10798698834925
      vertex 24.191512564894683 24.512532325854785 30
      vertex -22.373440409230408 28.41159705428727 24.67497428645703
    endloop
  endfacet
  facet normal -0.02482530035334328 0.5906516260388138 0.8065447049730545
    outer loop
      vertex -25.04540058145993 25.36041895912745 36.43301270189222
      vertex -22.701596064752646 25.021475687390126 36.753370698281245
      vertex 27.404392763897985 27.564902644378037 36.43301270189222
    endloop
  endfacet
  facet normal -0.03693286682656687 0.8787187882884518 -0.4759088720089654
    outer loop
      vertex -25.04540058145993 25.36041895912745 35.56698729810778
      vertex -24.96814633286619 25.59818308820124 36
      vertex 27.481647012491724 27.802666773451826 36
    endloop
  endfacet
  facet normal -0.03693286682656686 0.878718788288452 0.4759088720089654
    outer loop
      vertex -24.96814633286619 25.59818308820124 36
      vertex -25.04540058145993 25.36041895912745 36.43301270189222
      vertex 27.481647012491724 27.802666773451826 36
    endloop
  endfacet
  facet normal -0.02986957130175554 0.6174964662726372 0.7860063122208722
    outer loop
      vertex -23.71630429024786 29.636269726604855 49.1062198807801
      vertex -23.078546809437793 23.393565187105317 54.03480311915849
      vertex 22.765653869507766 25.422471692986107 54.18302587686589
    endloop
  endfacet
  facet normal 0.012317665122173851 0.7016432219250611 -0.712421970641387
    outer loop
      vertex -28.796091322073877 29.111109699741398 59.56698729810778
      vertex 26.382707963057474 28.016758831269485 59.443226519430716
      vertex -23.078546809437793 23.393565187105317 54.03480311915849
    endloop
  endfacet
  facet normal 0.024433974565643352 0.8744442616663347 -0.48451028278638647
    outer loop
      vertex -29.8800198125743 30.195038190241824 47.56698729810778
      vertex -29.80276556398056 30.432802319315613 48
      vertex 28.405886647382747 28.5663965278628 47.56698729810778
    endloop
  endfacet
  facet normal 0.024433974565643352 0.8744442616663347 0.48451028278638647
    outer loop
      vertex -29.8800198125743 30.195038190241824 48.43301270189222
      vertex 28.405886647382747 28.5663965278628 48.43301270189222
      vertex -29.80276556398056 30.432802319315613 48
    endloop
  endfacet
  facet normal 0.024224847790428165 0.8669600225362488 0.4977885857203613
    outer loop
      vertex -29.8800198125743 30.195038190241824 48.43301270189222
      vertex -23.71630429024786 29.636269726604855 49.1062198807801
      vertex 28.405886647382747 28.5663965278628 48.43301270189222
    endloop
  endfacet
  facet normal -0.031208806190586795 0.6475132862180988 0.7614148373831422
    outer loop
      vertex -28.234253220174285 28.54927159784181 60.93383290317275
      vertex 22.146746244430325 24.81774152953337 66.17216810404554
      vertex -23.322180354009465 28.649778603173406 61.04969656176282
    endloop
  endfacet
  facet normal 0.015366093429535281 0.8752888794559042 -0.48335624613067996
    outer loop
      vertex -28.796091322073877 29.111109699741398 59.56698729810778
      vertex -28.718837073480138 29.348873828815186 60
      vertex 27.425379673473742 28.124116266669894 59.56698729810778
    endloop
  endfacet
  facet normal 0.015366093429535295 0.8752888794559042 0.48335624613067996
    outer loop
      vertex -28.796091322073877 29.111109699741398 60.43301270189222
      vertex 28.031574837021655 28.352594597981756 60
      vertex -28.718837073480138 29.348873828815186 60
    endloop
  endfacet
  facet normal 0.015103321238924765 0.8603207564696431 0.5095292785258319
    outer loop
      vertex -28.796091322073877 29.111109699741398 60.43301270189222
      vertex -23.322180354009465 28.649778603173406 61.04969656176282
      vertex 27.954320588427915 28.114830468907968 60.43301270189222
    endloop
  endfacet
  facet normal -0.03120880619058691 0.647513286218098 0.7614148373831428
    outer loop
      vertex -28.234253220174285 28.54927159784181 60.93383290317275
      vertex -17.779170465529987 22.893394611711255 66.17216810404554
      vertex 22.146746244430325 24.81774152953337 66.17216810404554
    endloop
  endfacet
  facet normal 0.019119029896373083 0.6916148656935671 -0.7220133933989664
    outer loop
      vertex -28.50687074571555 28.821889123383073 71.56698729810778
      vertex 26.448102001314524 27.302711588280232 71.56698729810778
      vertex -22.540179398826144 22.85519777649367 66.00950717245445
    endloop
  endfacet
  facet normal 0.05940472615736989 0.8027452329663792 0.5933558539863926
    outer loop
      vertex -21.21993721061977 24.27794096565818 77.85093250445715
      vertex 15.829607528421098 21.536201782299965 77.85093250445713
      vertex -22.686187590046163 27.865392819786184 73.14430046675632
    endloop
  endfacet
  facet normal 0.024173871453484975 0.8744695180254504 -0.4844777456016808
    outer loop
      vertex -28.50687074571555 28.821889123383073 71.56698729810778
      vertex -28.42961649712181 29.05965325245686 72
      vertex 27.20078439292733 27.52180415388743 72
    endloop
  endfacet
  facet normal 0.024173871453484975 0.8744695180254504 0.4844777456016808
    outer loop
      vertex -28.50687074571555 28.821889123383073 72.43301270189222
      vertex 27.20078439292733 27.52180415388743 72
      vertex -28.42961649712181 29.05965325245686 72
    endloop
  endfacet
  facet normal 0.01842179050282902 0.6663928156138328 0.7453732306253948
    outer loop
      vertex -28.50687074571555 28.821889123383073 72.43301270189222
      vertex -22.686187590046163 27.865392819786184 73.14430046675632
      vertex 27.12353014433359 27.284040024813642 72.43301270189222
    endloop
  endfacet
  facet normal 0.009621093808113362 0.8757857651905308 -0.4826041110926966
    outer loop
      vertex -29.547354405954298 29.862372783621822 83.56698729810778
      vertex -29.47010015736056 30.10013691269561 84
      vertex 29.135297565299506 29.456317326259608 84
    endloop
  endfacet
  facet normal 0.009621093808113362 0.8757857651905309 0.4826041110926966
    outer loop
      vertex -29.47010015736056 30.10013691269561 84
      vertex -29.547354405954298 29.862372783621822 84.43301270189222
      vertex 29.135297565299506 29.456317326259608 84
    endloop
  endfacet
  facet normal 0.013518962346480314 0.48381727728346247 -0.8750646146765914
    outer loop
      vertex -19.299088666138395 19.61410704380592 41.88032827296579
      vertex 28.405886647382747 28.5663965278628 47.56698729810778
      vertex -16.00739604113295 19.57919673655309 41.91188029596657
    endloop
  endfacet
  facet normal 0.0135189623464803 0.48381727728346274 -0.8750646146765915
    outer loop
      vertex -29.8800198125743 30.195038190241824 47.56698729810778
      vertex 28.405886647382747 28.5663965278628 47.56698729810778
      vertex -19.299088666138395 19.61410704380592 41.88032827296579
    endloop
  endfacet
  facet normal -0.02986957130175614 0.6174964662726513 0.7860063122208609
    outer loop
      vertex -23.078546809437793 23.393565187105317 54.03480311915849
      vertex -17.9339362900244 23.45374899314538 54.1830258768659
      vertex 22.765653869507766 25.422471692986107 54.18302587686589
    endloop
  endfacet
  facet normal 0.012317665122174791 0.7016432219250565 -0.7124219706413917
    outer loop
      vertex -23.078546809437793 23.393565187105317 54.03480311915849
      vertex 26.382707963057474 28.016758831269485 59.443226519430716
      vertex -17.9339362900244 23.45374899314538 54.1830258768659
    endloop
  endfacet
  facet normal 0.019119029896374193 0.6916148656935615 -0.7220133933989719
    outer loop
      vertex -22.540179398826144 22.85519777649367 66.00950717245445
      vertex 26.448102001314524 27.302711588280232 71.56698729810778
      vertex -17.779170465529987 22.893394611711255 66.17216810404554
    endloop
  endfacet
  facet normal 0.007920840632727523 0.7210156779300562 -0.6928734750751628
    outer loop
      vertex -21.21993721061977 24.27794096565818 77.85093250445715
      vertex -29.547354405954298 29.862372783621822 83.56698729810778
      vertex 29.058043316705767 29.21855319718582 83.56698729810778
    endloop
  endfacet
  facet normal -0.7205071470022899 -0.021681045106321958 0.6931084932402127
    outer loop
      vertex -27.949869128054658 -26.18627245250995 84.64298725881177
      vertex -24.26483281360183 18.842996957351943 89.88224872815239
      vertex -24.32458029054941 23.275095985414332 89.9587793944252
    endloop
  endfacet
  facet normal -0.6605748701884447 0.00405849574985879 -0.7507492054526383
    outer loop
      vertex -24.509378801785747 -20.96015779655302 89.88224872815239
      vertex -24.32458029054941 23.275095985414332 89.9587793944252
      vertex -24.26483281360183 18.842996957351943 89.88224872815239
    endloop
  endfacet
  facet normal -0.5453690329793304 -0.049611317457016094 0.8367265593055889
    outer loop
      vertex -25.641142199205316 -24.794393700359628 96.43301270189222
      vertex -21.082405940561628 17.35398944899321 101.90341441294287
      vertex -30.288225001924108 26.29022134719359 96.43301270189222
    endloop
  endfacet
  facet normal -0.5907264589453602 -0.031976753959459515 -0.806238015667887
    outer loop
      vertex -27.129016599197662 -25.533869833168804 119.56698729810778
      vertex -30.12288280954676 29.7736822478799 119.56698729810778
      vertex -24.084557792887324 2.4821892300324024 116.22516398380718
    endloop
  endfacet
  facet normal -0.44523752539959627 -0.05485828217952311 0.8937304486546017
    outer loop
      vertex -29.629743317740072 -26.15950276107281 108.85216847540343
      vertex -24.55816741670102 19.57683686542282 114.186073050681
      vertex -24.864377531139162 22.06208117472523 114.186073050681
    endloop
  endfacet
  facet normal -0.7457326553577492 2.3718582520385688e-14 0.6662453052240447
    outer loop
      vertex -29.629743317740072 -25.865610134926573 108.85216847540343
      vertex -24.864377531139162 22.06208117472523 114.186073050681
      vertex -24.875898672832054 22.23938931899557 114.17317736268136
    endloop
  endfacet
  facet normal -0.8998855788191882 0.040900384173508476 0.4342039884751339
    outer loop
      vertex -29.83199756633381 -25.718663821853458 108.4191557735112
      vertex -24.875898672832054 22.23938931899557 114.17317736268136
      vertex -24.909253453827212 24.095459384209057 113.92921492121599
    endloop
  endfacet
  facet normal -0.9755782413396696 0.07351372925657494 0.20698508795415227
    outer loop
      vertex -29.960167766572713 -26.239397353965455 108
      vertex -24.909253453827212 24.095459384209057 113.92921492121599
      vertex -24.89408137960189 24.544880817935034 113.84110664109265
    endloop
  endfacet
  facet normal -0.9280438411445829 0.00830863937374259 0.37237829612554646
    outer loop
      vertex -27.051006679027402 -26.00453305328521 120.48915454963107
      vertex -24.4920370911083 17.68355680978712 125.89185229833765
      vertex -24.473376984032072 19.767820750995167 125.89185229833765
    endloop
  endfacet
  facet normal -0.7296202848433752 -0.03949524856888497 0.6827110408405258
    outer loop
      vertex -27.129016599197662 -25.533869833168804 120.43301270189222
      vertex -24.473376984032072 19.767820750995167 125.89185229833765
      vertex -24.492349332616612 20.749569234750865 125.9283711013571
    endloop
  endfacet
  facet normal -0.7205071470022872 -0.021681045106322447 0.6931084932402156
    outer loop
      vertex -28.140432552224887 -26.565997675765516 84.43301270189222
      vertex -24.32458029054941 23.275095985414332 89.9587793944252
      vertex -29.82686290314177 29.477662341474915 84.43301270189222
    endloop
  endfacet
  facet normal -0.8967288588397857 -0.05848932539430774 -0.43869847565134584
    outer loop
      vertex -24.51047082951846 -21.244886504833154 89.88325912922106
      vertex -30.351705049363357 25.928530719625872 95.53375048890534
      vertex -30.149450800769618 26.075477032698988 95.10073778701312
    endloop
  endfacet
  facet normal -0.6791417374123414 0 -0.7340071528973993
    outer loop
      vertex -24.509378801785747 -20.96015779655302 89.88224872815239
      vertex -30.149450800769618 26.075477032698988 95.10073778701312
      vertex -30.149450800769618 26.369369658845226 95.10073778701312
    endloop
  endfacet
  facet normal -0.9650788502957706 -0.08779162423563974 -0.24681054156146126
    outer loop
      vertex -25.77740366500096 -25.66678779395972 96
      vertex -30.490479250517847 26.143275034120474 96
      vertex -30.351705049363357 25.928530719625872 95.53375048890534
    endloop
  endfacet
  facet normal -0.8922042939110629 -0.08116234656728709 0.44427938442645887
    outer loop
      vertex -25.641142199205316 -24.794393700359628 96.43301270189222
      vertex -30.288225001924108 26.29022134719359 96.43301270189222
      vertex -30.490479250517847 26.143275034120474 96
    endloop
  endfacet
  facet normal -0.6605748701884607 0.004058495749858833 -0.7507492054526242
    outer loop
      vertex -24.509378801785747 -20.96015779655302 89.88224872815239
      vertex -30.149450800769618 26.369369658845226 95.10073778701312
      vertex -24.32458029054941 23.275095985414332 89.9587793944252
    endloop
  endfacet
  facet normal -0.7237874955785717 0.05478327717907303 -0.6878447890226544
    outer loop
      vertex -24.751743908984476 -1.108880513990879 104.29401828482688
      vertex -25.82755474584038 25.77224681031976 107.56698729810778
      vertex -21.082405940561628 17.35398944899321 101.90341441294287
    endloop
  endfacet
  facet normal -0.8985347013819076 -0.04863879488557544 -0.43619910367240006
    outer loop
      vertex -27.3312708477914 -25.68081614624192 120
      vertex -30.3251370581405 29.626735934806785 120
      vertex -30.12288280954676 29.7736822478799 119.56698729810778
    endloop
  endfacet
  facet normal -0.8985347013819076 -0.04863879488557544 0.43619910367240006
    outer loop
      vertex -27.129016599197662 -25.533869833168804 120.43301270189222
      vertex -30.12288280954676 29.7736822478799 120.43301270189222
      vertex -30.3251370581405 29.626735934806785 120
    endloop
  endfacet
  facet normal -0.8950036546917829 0.06744211132087535 -0.4409308559274736
    outer loop
      vertex -29.960167766572713 -26.239397353965455 108
      vertex -26.02980899443412 25.919193123392876 108
      vertex -25.82755474584038 25.77224681031976 107.56698729810778
    endloop
  endfacet
  facet normal -0.9755782413396638 0.07351372925657113 0.20698508795418197
    outer loop
      vertex -29.960167766572713 -26.239397353965455 108
      vertex -24.880333237498853 24.769717366457613 113.82605152339649
      vertex -26.02980899443412 25.919193123392876 108
    endloop
  endfacet
  facet normal -0.9755782413396541 0.07351372925656513 0.20698508795422937
    outer loop
      vertex -29.960167766572713 -26.239397353965455 108
      vertex -24.89408137960189 24.544880817935034 113.84110664109265
      vertex -24.880333237498853 24.769717366457613 113.82605152339649
    endloop
  endfacet
  facet normal -0.7296202848433521 -0.039495248568889044 0.6827110408405501
    outer loop
      vertex -27.129016599197662 -25.533869833168804 120.43301270189222
      vertex -24.492349332616612 20.749569234750865 125.9283711013571
      vertex -30.12288280954676 29.7736822478799 120.43301270189222
    endloop
  endfacet
  facet normal -0.7770270051617775 -0.09573848626532014 -0.622144015077654
    outer loop
      vertex -24.084557792887324 2.4821892300324024 116.22516398380718
      vertex -24.864377531139162 22.06208117472523 114.186073050681
      vertex -24.55816741670102 19.57683686542282 114.186073050681
    endloop
  endfacet
  facet normal -0.5453690329793036 -0.04961131745702124 0.8367265593056062
    outer loop
      vertex -25.641142199205316 -24.794393700359628 96.43301270189222
      vertex -21.094238079336037 16.363334688630765 101.83696430535423
      vertex -21.082405940561628 17.35398944899321 101.90341441294287
    endloop
  endfacet
  facet normal -0.7770270051617791 -0.09573848626531989 -0.6221440150776518
    outer loop
      vertex -20.40013386178092 -14.170347642885066 114.18607305068116
      vertex -24.084557792887324 2.4821892300324024 116.22516398380718
      vertex -24.55816741670102 19.57683686542282 114.186073050681
    endloop
  endfacet
  facet normal -0.7237874955785758 0.05478327717907426 -0.6878447890226501
    outer loop
      vertex -24.751743908984476 -1.108880513990879 104.29401828482688
      vertex -21.082405940561628 17.35398944899321 101.90341441294287
      vertex -21.094238079336037 16.363334688630765 101.83696430535423
    endloop
  endfacet
  facet normal -0.8929217413287897 -0.017961824088072925 -0.44985346140470145
    outer loop
      vertex -27.59795874306175 -26.828681969628917 131.5669872981078
      vertex -28.708100416967426 28.358899855300574 131.5669872981078
      vertex -26.444976273857574 -0.9443057109456483 128.2448972058258
    endloop
  endfacet
  facet normal -0.6117487301294948 -0.018453375178553076 -0.7908368758027599
    outer loop
      vertex -29.080480458843407 -25.779828189765574 143.5669872981078
      vertex -29.899846735083013 25.554762681562607 143.00296429964447
      vertex -25.551727704147716 1.3749789131662196 140.2037047535277
    endloop
  endfacet
  facet normal -0.652368712959949 -0.019678675282989524 0.7576462314893979
    outer loop
      vertex -29.080480458843407 -25.779828189765574 144.4330127018922
      vertex -25.988803756914063 0.22163632357878887 147.77043777295134
      vertex -30.63429164910526 25.730641483470503 144.4330127018922
    endloop
  endfacet
  facet normal -0.6966706349459733 -0.042372122898046996 -0.716138694391727
    outer loop
      vertex -22.146361105159734 -17.562181599189167 138.01137632543634
      vertex -25.551727704147716 1.3749789131662196 140.2037047535277
      vertex -24.37470450552997 19.07561951709935 138.01137632543637
    endloop
  endfacet
  facet normal -0.6776760945876645 -0.041216858188873676 0.7342045228854486
    outer loop
      vertex -27.532484770785526 -26.746025154778064 132.5243814860234
      vertex -24.37470450552997 19.07561951709935 138.01137632543637
      vertex -24.44603860523434 20.248474902559384 138.01137632543634
    endloop
  endfacet
  facet normal -0.8057397944887806 -0.01620809056327013 0.5920478708495374
    outer loop
      vertex -27.59795874306175 -26.828681969628917 132.4330127018922
      vertex -24.44603860523434 20.248474902559384 138.01137632543634
      vertex -24.552780498970385 23.12689167663245 137.94490779526032
    endloop
  endfacet
  facet normal -0.8245415845172628 0.020228372949324648 0.5654396416325836
    outer loop
      vertex -24.823485170414312 -17.250242936731254 150.09479076629356
      vertex -23.89901635077816 20.43261901608972 150.09479076629358
      vertex -25.97263141370871 0.3780440747505169 147.78842536069752
    endloop
  endfacet
  facet normal -0.9035087038727379 -0.018174789177889675 -0.42818418824676885
    outer loop
      vertex -27.59795874306175 -26.828681969628917 131.5669872981078
      vertex -28.910354665561165 28.21195354222746 132
      vertex -28.708100416967426 28.358899855300574 131.5669872981078
    endloop
  endfacet
  facet normal -0.9035087038727379 -0.018174789177889675 0.42818418824676885
    outer loop
      vertex -27.59795874306175 -26.828681969628917 132.4330127018922
      vertex -28.708100416967426 28.358899855300574 132.4330127018922
      vertex -28.910354665561165 28.21195354222746 132
    endloop
  endfacet
  facet normal -0.6117487301295098 -0.018453375178553187 -0.7908368758027483
    outer loop
      vertex -29.080480458843407 -25.779828189765574 143.5669872981078
      vertex -30.63429164910526 25.730641483470503 143.5669872981078
      vertex -29.899846735083013 25.554762681562607 143.00296429964447
    endloop
  endfacet
  facet normal -0.9021292236072085 -0.02721269077131784 -0.4306069360505472
    outer loop
      vertex -29.282734707437147 -25.92677450283869 144
      vertex -30.836545897699 25.583695170397387 144
      vertex -30.63429164910526 25.730641483470503 143.5669872981078
    endloop
  endfacet
  facet normal -0.9021292236072085 -0.02721269077131784 0.4306069360505472
    outer loop
      vertex -29.282734707437147 -25.92677450283869 144
      vertex -30.63429164910526 25.730641483470503 144.4330127018922
      vertex -30.836545897699 25.583695170397387 144
    endloop
  endfacet
  facet normal -0.6523687129599882 -0.019678675283001094 0.7576462314893638
    outer loop
      vertex -25.988803756914063 0.22163632357878887 147.77043777295134
      vertex -25.97263141370871 0.3780440747505169 147.78842536069752
      vertex -30.63429164910526 25.730641483470503 144.4330127018922
    endloop
  endfacet
  facet normal -0.826451596731865 0 -0.5630077781517326
    outer loop
      vertex -26.444976273857574 -0.9443057109456483 128.2448972058258
      vertex -28.708100416967426 28.358899855300574 131.5669872981078
      vertex -26.444976273857574 -0.6504130847994118 128.2448972058258
    endloop
  endfacet
  facet normal -0.8057397944887926 -0.016208090563267708 0.592047870849521
    outer loop
      vertex -27.59795874306175 -26.828681969628917 132.4330127018922
      vertex -24.552780498970385 23.12689167663245 137.94490779526032
      vertex -28.708100416967426 28.358899855300574 132.4330127018922
    endloop
  endfacet
  facet normal -0.7960631285029228 0.007127035556103825 -0.6051716292113511
    outer loop
      vertex -26.444976273857574 -0.6504130847994118 128.2448972058258
      vertex -24.492349332616612 20.749569234750865 125.9283711013571
      vertex -24.4920370911083 17.68355680978712 125.89185229833765
    endloop
  endfacet
  facet normal -0.7960631285029404 0.007127035556107879 -0.6051716292113282
    outer loop
      vertex -26.444976273857574 -0.6504130847994118 128.2448972058258
      vertex -24.559222795260823 24.210022233593964 126.05709205536297
      vertex -24.492349332616612 20.749569234750865 125.9283711013571
    endloop
  endfacet
  facet normal -0.6966706349459251 -0.042372122898056044 -0.7161386943917732
    outer loop
      vertex -25.551727704147716 1.3749789131662196 140.2037047535277
      vertex -24.44603860523434 20.248474902559384 138.01137632543634
      vertex -24.37470450552997 19.07561951709935 138.01137632543637
    endloop
  endfacet
  facet normal -0.6966706349459802 -0.042372122898046524 -0.7161386943917201
    outer loop
      vertex -25.551727704147716 1.3749789131662196 140.2037047535277
      vertex -24.552780498970385 23.12689167663245 137.94490779526032
      vertex -24.44603860523434 20.248474902559384 138.01137632543634
    endloop
  endfacet
  facet normal -0.9639015127150071 0.02364727219553567 -0.26520686322836934
    outer loop
      vertex -25.006161022657388 -20.109722391367907 150.50376450095467
      vertex -25.404508497187475 25.293892626146235 156
      vertex -23.89901635077816 20.43261901608972 150.09479076629358
    endloop
  endfacet
  facet normal -0.9060374296629655 0 0.42319756148839843
    outer loop
      vertex -25.202254248593736 -25.14694631307312 156.4330127018922
      vertex -25.202254248593736 25.14694631307312 156.4330127018922
      vertex -25.404508497187475 25.293892626146235 156
    endloop
  endfacet
  facet normal 0 0 1
    outer loop
      vertex -25.202254248593736 -25.14694631307312 156.4330127018922
      vertex -3.6955181300451474 3.6955181300451474 156.4330127018922
      vertex -25.202254248593736 25.14694631307312 156.4330127018922
    endloop
  endfacet
  facet normal -0.777027005161336 -0.09573848626536044 -0.6221440150781989
    outer loop
      vertex -24.084557792887324 2.4821892300324024 116.22516398380718
      vertex -24.875898672832054 22.23938931899557 114.17317736268136
      vertex -24.864377531139162 22.06208117472523 114.186073050681
    endloop
  endfacet
  facet normal -0.777027005161781 -0.09573848626532004 -0.6221440150776496
    outer loop
      vertex -24.084557792887324 2.4821892300324024 116.22516398380718
      vertex -30.12288280954676 29.7736822478799 119.56698729810778
      vertex -24.875898672832054 22.23938931899557 114.17317736268136
    endloop
  endfacet
  facet normal -0.796063128502771 0.007127035556106214 -0.6051716292115508
    outer loop
      vertex -24.4920370911083 17.68355680978712 125.89185229833765
      vertex -24.492349332616612 20.749569234750865 125.9283711013571
      vertex -24.473376984032072 19.767820750995167 125.89185229833765
    endloop
  endfacet
  facet normal -0.6605748701884608 0.004058495749859097 -0.7507492054526242
    outer loop
      vertex -30.149450800769618 26.369369658845226 95.10073778701312
      vertex -30.653366930975896 30.59805899545528 95.56698729810778
      vertex -24.333310512472995 24.278002576952375 89.97188264819052
    endloop
  endfacet
  facet normal -0.9060374296629709 0 0.423197561488387
    outer loop
      vertex -30.02911715173551 29.3307160284018 84
      vertex -29.82686290314177 29.477662341474915 84.43301270189222
      vertex -29.82686290314177 29.771554967621153 84.43301270189222
    endloop
  endfacet
  facet normal -0.2799809633056543 0.8616928014882829 0.4231975614883818
    outer loop
      vertex -29.82686290314177 29.771554967621153 84.43301270189222
      vertex -29.547354405954298 29.862372783621822 84.43301270189222
      vertex -29.47010015736056 30.10013691269561 84
    endloop
  endfacet
  facet normal -0.7100053529229524 0 0.7041962786189329
    outer loop
      vertex -29.82686290314177 29.477662341474915 84.43301270189222
      vertex -24.33408707696564 24.00677067870672 89.97109967764182
      vertex -29.82686290314177 29.771554967621153 84.43301270189222
    endloop
  endfacet
  facet normal -0.19306361805273947 0.5941887189084086 0.7808112484502066
    outer loop
      vertex -29.82686290314177 29.771554967621153 84.43301270189222
      vertex -24.333310512472995 24.278002576952375 89.97188264819052
      vertex -29.547354405954298 29.862372783621822 84.43301270189222
    endloop
  endfacet
  facet normal -0.17764595873412536 0.5467380426417334 -0.8182416672803453
    outer loop
      vertex -30.653366930975896 30.59805899545528 95.56698729810778
      vertex -30.373858433788424 30.68887681145595 95.56698729810778
      vertex -24.333310512472995 24.278002576952375 89.97188264819052
    endloop
  endfacet
  facet normal -0.9650788502957708 -0.0877916242356405 -0.2468105415614604
    outer loop
      vertex -30.351705049363357 25.928530719625872 95.53375048890534
      vertex -30.490479250517847 26.143275034120474 96
      vertex -30.855621179569635 30.157220056235925 96
    endloop
  endfacet
  facet normal -0.8967288588397856 -0.058489325394307595 -0.438698475651346
    outer loop
      vertex -30.351705049363357 25.928530719625872 95.53375048890534
      vertex -30.653366930975896 30.30416636930904 95.56698729810778
      vertex -30.149450800769618 26.075477032698988 95.10073778701312
    endloop
  endfacet
  facet normal -0.8922042939110628 -0.08116234656728778 0.44427938442645903
    outer loop
      vertex -30.490479250517847 26.143275034120474 96
      vertex -30.288225001924108 26.29022134719359 96.43301270189222
      vertex -30.855621179569635 30.157220056235925 96
    endloop
  endfacet
  facet normal -0.8967288588397857 -0.05848932539430759 -0.43869847565134606
    outer loop
      vertex -30.351705049363357 25.928530719625872 95.53375048890534
      vertex -30.855621179569635 30.157220056235925 96
      vertex -30.653366930975896 30.30416636930904 95.56698729810778
    endloop
  endfacet
  facet normal -0.6791417374123411 0 -0.7340071528973996
    outer loop
      vertex -30.149450800769618 26.369369658845226 95.10073778701312
      vertex -30.653366930975896 30.30416636930904 95.56698729810778
      vertex -30.653366930975896 30.59805899545528 95.56698729810778
    endloop
  endfacet
  facet normal -0.8922042939110628 -0.08116234656728778 0.44427938442645903
    outer loop
      vertex -30.288225001924108 26.29022134719359 96.43301270189222
      vertex -30.653366930975896 30.30416636930904 96.43301270189222
      vertex -30.855621179569635 30.157220056235925 96
    endloop
  endfacet
  facet normal -0.6791417374123416 0 -0.7340071528973994
    outer loop
      vertex -30.149450800769618 26.075477032698988 95.10073778701312
      vertex -30.653366930975896 30.30416636930904 95.56698729810778
      vertex -30.149450800769618 26.369369658845226 95.10073778701312
    endloop
  endfacet
  facet normal -0.5453690329793287 -0.04961131745701637 0.8367265593055899
    outer loop
      vertex -30.288225001924108 26.29022134719359 96.43301270189222
      vertex -27.49995864777921 27.150758086112354 98.30139666700043
      vertex -30.653366930975896 30.30416636930904 96.43301270189222
    endloop
  endfacet
  facet normal -0.9060374296629709 0 -0.42319756148838705
    outer loop
      vertex -30.855621179569635 30.157220056235925 96
      vertex -30.855621179569635 30.745005308528395 96
      vertex -30.653366930975896 30.30416636930904 95.56698729810778
    endloop
  endfacet
  facet normal -0.9060374296629709 0 -0.423197561488387
    outer loop
      vertex -30.855621179569635 30.745005308528395 96
      vertex -30.653366930975896 30.59805899545528 95.56698729810778
      vertex -30.653366930975896 30.30416636930904 95.56698729810778
    endloop
  endfacet
  facet normal -0.9060374296629709 0 0.42319756148838705
    outer loop
      vertex -30.855621179569635 30.157220056235925 96
      vertex -30.653366930975896 30.59805899545528 96.43301270189222
      vertex -30.855621179569635 30.745005308528395 96
    endloop
  endfacet
  facet normal -0.9060374296629709 0 0.423197561488387
    outer loop
      vertex -30.855621179569635 30.157220056235925 96
      vertex -30.653366930975896 30.30416636930904 96.43301270189222
      vertex -30.653366930975896 30.59805899545528 96.43301270189222
    endloop
  endfacet
  facet normal -0.27998096330565625 0.861692801488283 -0.4231975614883802
    outer loop
      vertex -30.855621179569635 30.745005308528395 96
      vertex -30.296604185194685 30.926640940529737 96
      vertex -30.653366930975896 30.59805899545528 95.56698729810778
    endloop
  endfacet
  facet normal -0.27998096330565625 0.861692801488283 0.4231975614883802
    outer loop
      vertex -30.855621179569635 30.745005308528395 96
      vertex -30.653366930975896 30.59805899545528 96.43301270189222
      vertex -30.296604185194685 30.926640940529737 96
    endloop
  endfacet
  facet normal -0.2799809633056543 0.8616928014882829 -0.4231975614883818
    outer loop
      vertex -30.653366930975896 30.59805899545528 95.56698729810778
      vertex -30.296604185194685 30.926640940529737 96
      vertex -30.373858433788424 30.68887681145595 95.56698729810778
    endloop
  endfacet
  facet normal -0.2799809633056543 0.8616928014882829 0.4231975614883818
    outer loop
      vertex -30.653366930975896 30.59805899545528 96.43301270189222
      vertex -30.373858433788424 30.68887681145595 96.43301270189222
      vertex -30.296604185194685 30.926640940529737 96
    endloop
  endfacet
  facet normal -0.5097413239833329 0 0.8603277181537968
    outer loop
      vertex -30.653366930975896 30.30416636930904 96.43301270189222
      vertex -27.49995864777921 27.444650712258593 98.30139666700043
      vertex -30.653366930975896 30.59805899545528 96.43301270189222
    endloop
  endfacet
  facet normal -0.1314914689720601 0.40468912933430096 0.9049512153625825
    outer loop
      vertex -30.653366930975896 30.59805899545528 96.43301270189222
      vertex -27.49995864777921 27.444650712258593 98.30139666700043
      vertex -30.373858433788424 30.68887681145595 96.43301270189222
    endloop
  endfacet
  facet normal -0.5097413239833339 0 0.8603277181537963
    outer loop
      vertex -30.653366930975896 30.30416636930904 96.43301270189222
      vertex -27.49995864777921 27.150758086112354 98.30139666700043
      vertex -27.49995864777921 27.444650712258593 98.30139666700043
    endloop
  endfacet
  facet normal -0.13149146897206002 0.4046891293343005 0.9049512153625827
    outer loop
      vertex -30.373858433788424 30.68887681145595 96.43301270189222
      vertex -27.49995864777921 27.444650712258593 98.30139666700043
      vertex -27.220450150591738 27.535468528259262 98.30139666700043
    endloop
  endfacet
  facet normal -0.6605748701884618 0.004058495749854864 -0.7507492054526234
    outer loop
      vertex -30.149450800769618 26.369369658845226 95.10073778701312
      vertex -24.334149554669768 23.98494899300291 89.97103668454498
      vertex -24.32458029054941 23.275095985414332 89.9587793944252
    endloop
  endfacet
  facet normal -0.6605748701883987 0.004058495750138669 -0.7507492054526773
    outer loop
      vertex -30.149450800769618 26.369369658845226 95.10073778701312
      vertex -24.33408707696564 24.00677067870672 89.97109967764182
      vertex -24.334149554669768 23.98494899300291 89.97103668454498
    endloop
  endfacet
  facet normal -0.660574870188465 0.0040584957498392745 -0.7507492054526207
    outer loop
      vertex -30.149450800769618 26.369369658845226 95.10073778701312
      vertex -24.333310512472995 24.278002576952375 89.97188264819052
      vertex -24.33408707696564 24.00677067870672 89.97109967764182
    endloop
  endfacet
  facet normal -0.7205071470022957 -0.021681045106338427 0.6931084932402063
    outer loop
      vertex -29.82686290314177 29.477662341474915 84.43301270189222
      vertex -24.32458029054941 23.275095985414332 89.9587793944252
      vertex -24.334149554669768 23.98494899300291 89.97103668454498
    endloop
  endfacet
  facet normal -0.710005352922958 0 0.7041962786189272
    outer loop
      vertex -29.82686290314177 29.477662341474915 84.43301270189222
      vertex -24.334149554669768 23.98494899300291 89.97103668454498
      vertex -24.33408707696564 24.00677067870672 89.97109967764182
    endloop
  endfacet
  facet normal -0.7100053529229382 2.6787872907319424e-14 0.7041962786189473
    outer loop
      vertex -29.82686290314177 29.771554967621153 84.43301270189222
      vertex -24.33408707696564 24.00677067870672 89.97109967764182
      vertex -24.333310512472995 24.278002576952375 89.97188264819052
    endloop
  endfacet
  facet normal -0.19306361805274 0.5941887189084082 0.7808112484502066
    outer loop
      vertex -29.547354405954298 29.862372783621822 84.43301270189222
      vertex -24.333310512472995 24.278002576952375 89.97188264819052
      vertex -24.053802015285523 24.368820392953044 89.97188264819052
    endloop
  endfacet
  facet normal -0.1776459587341258 0.5467380426417321 -0.8182416672803462
    outer loop
      vertex -30.373858433788424 30.68887681145595 95.56698729810778
      vertex -24.053802015285523 24.368820392953044 89.97188264819052
      vertex -24.333310512472995 24.278002576952375 89.97188264819052
    endloop
  endfacet
  facet normal 0.04860663076197547 0.6888852792113193 -0.7232388730785367
    outer loop
      vertex -30.373858433788424 30.68887681145595 95.56698729810778
      vertex -19.122133260303997 24.158208455347868 90.10271679205864
      vertex -24.053802015285523 24.368820392953044 89.97188264819052
    endloop
  endfacet
  facet normal -0.5453690329793291 -0.049611317457014456 0.8367265593055897
    outer loop
      vertex -30.288225001924108 26.29022134719359 96.43301270189222
      vertex -21.082405940561628 17.35398944899321 101.90341441294287
      vertex -27.49995864777921 27.150758086112354 98.30139666700043
    endloop
  endfacet
  facet normal -0.5097413239833344 0 0.8603277181537959
    outer loop
      vertex -27.49995864777921 27.150758086112354 98.30139666700043
      vertex -21.02894772992626 20.973639794405646 102.135449206718
      vertex -27.49995864777921 27.444650712258593 98.30139666700043
    endloop
  endfacet
  facet normal -0.13149146897206057 0.4046891293343024 0.9049512153625818
    outer loop
      vertex -27.49995864777921 27.444650712258593 98.30139666700043
      vertex -21.02894772992626 20.973639794405646 102.135449206718
      vertex -27.220450150591738 27.535468528259262 98.30139666700043
    endloop
  endfacet
  facet normal 0.006658176991111992 0.5146498033903267 0.8573746255572607
    outer loop
      vertex -30.373858433788424 30.68887681145595 96.43301270189222
      vertex -27.220450150591738 27.535468528259262 98.30139666700043
      vertex -15.330059277727974 27.50215088446407 98.22905791769806
    endloop
  endfacet
  facet normal -0.9060374296629709 0 -0.42319756148838705
    outer loop
      vertex -30.3251370581405 29.626735934806785 120
      vertex -30.3251370581405 30.214521187099255 120
      vertex -30.12288280954676 29.7736822478799 119.56698729810778
    endloop
  endfacet
  facet normal -0.9060374296629709 0 -0.423197561488387
    outer loop
      vertex -30.3251370581405 30.214521187099255 120
      vertex -30.12288280954676 30.06757487402614 119.56698729810778
      vertex -30.12288280954676 29.7736822478799 119.56698729810778
    endloop
  endfacet
  facet normal -0.9060374296629709 0 0.42319756148838705
    outer loop
      vertex -30.3251370581405 29.626735934806785 120
      vertex -30.12288280954676 29.7736822478799 120.43301270189222
      vertex -30.3251370581405 30.214521187099255 120
    endloop
  endfacet
  facet normal -0.9060374296629709 0 0.423197561488387
    outer loop
      vertex -30.3251370581405 30.214521187099255 120
      vertex -30.12288280954676 29.7736822478799 120.43301270189222
      vertex -30.12288280954676 30.06757487402614 120.43301270189222
    endloop
  endfacet
  facet normal -0.27998096330565625 0.861692801488283 -0.4231975614883802
    outer loop
      vertex -30.3251370581405 30.214521187099255 120
      vertex -29.76612006376555 30.396156819100597 120
      vertex -30.12288280954676 30.06757487402614 119.56698729810778
    endloop
  endfacet
  facet normal -0.2799809633056543 0.8616928014882829 -0.4231975614883818
    outer loop
      vertex -30.12288280954676 30.06757487402614 119.56698729810778
      vertex -29.76612006376555 30.396156819100597 120
      vertex -29.843374312359288 30.15839269002681 119.56698729810778
    endloop
  endfacet
  facet normal -0.27998096330565625 0.861692801488283 0.4231975614883802
    outer loop
      vertex -30.3251370581405 30.214521187099255 120
      vertex -30.12288280954676 30.06757487402614 120.43301270189222
      vertex -29.76612006376555 30.396156819100597 120
    endloop
  endfacet
  facet normal -0.2799809633056543 0.8616928014882829 0.4231975614883818
    outer loop
      vertex -30.12288280954676 30.06757487402614 120.43301270189222
      vertex -29.843374312359288 30.15839269002681 120.43301270189222
      vertex -29.76612006376555 30.396156819100597 120
    endloop
  endfacet
  facet normal -0.7384326136258421 0 -0.6743272759822992
    outer loop
      vertex -24.84600555854352 24.790697623022904 113.7884604625073
      vertex -30.12288280954676 29.7736822478799 119.56698729810778
      vertex -30.12288280954676 30.06757487402614 119.56698729810778
    endloop
  endfacet
  facet normal -0.20270180218611922 0.6238519995439746 -0.7547984247833882
    outer loop
      vertex -24.84600555854352 24.790697623022904 113.7884604625073
      vertex -30.12288280954676 30.06757487402614 119.56698729810778
      vertex -29.843374312359288 30.15839269002681 119.56698729810778
    endloop
  endfacet
  facet normal -0.7109151414001471 0 0.7032777984040225
    outer loop
      vertex -30.12288280954676 29.7736822478799 120.43301270189222
      vertex -24.557742455129723 24.502434519609103 126.05858847145348
      vertex -30.12288280954676 30.06757487402614 120.43301270189222
    endloop
  endfacet
  facet normal -0.1933678995692667 0.5951252011224913 0.7800223396833479
    outer loop
      vertex -30.12288280954676 30.06757487402614 120.43301270189222
      vertex -24.557742455129723 24.502434519609103 126.05858847145348
      vertex -29.843374312359288 30.15839269002681 120.43301270189222
    endloop
  endfacet
  facet normal -0.27998096330565625 0.861692801488283 -0.4231975614883802
    outer loop
      vertex -26.02980899443412 25.919193123392876 108
      vertex -25.47079200005917 26.100828755394218 108
      vertex -25.82755474584038 25.77224681031976 107.56698729810778
    endloop
  endfacet
  facet normal -0.2799809633056543 0.8616928014882829 -0.4231975614883818
    outer loop
      vertex -25.82755474584038 25.77224681031976 107.56698729810778
      vertex -25.47079200005917 26.100828755394218 108
      vertex -25.54804624865291 25.86306462632043 107.56698729810778
    endloop
  endfacet
  facet normal -0.2998882320473328 0.9229610747646643 0.2412672848704954
    outer loop
      vertex -26.02980899443412 25.919193123392876 108
      vertex -24.880333237498853 24.769717366457613 113.82605152339649
      vertex -25.47079200005917 26.100828755394218 108
    endloop
  endfacet
  facet normal -0.777027005161779 -0.09573848626531664 -0.6221440150776525
    outer loop
      vertex -24.875898672832054 22.23938931899557 114.17317736268136
      vertex -30.12288280954676 29.7736822478799 119.56698729810778
      vertex -24.909253453827212 24.095459384209057 113.92921492121599
    endloop
  endfacet
  facet normal -0.7770270051617875 -0.09573848626533801 -0.6221440150776387
    outer loop
      vertex -24.909253453827212 24.095459384209057 113.92921492121599
      vertex -30.12288280954676 29.7736822478799 119.56698729810778
      vertex -24.89408137960189 24.544880817935034 113.84110664109265
    endloop
  endfacet
  facet normal -0.7384326136258482 -1.0509556348196997e-14 -0.6743272759822924
    outer loop
      vertex -24.89408137960189 24.544880817935034 113.84110664109265
      vertex -30.12288280954676 29.7736822478799 119.56698729810778
      vertex -24.880333237498853 24.769717366457613 113.82605152339649
    endloop
  endfacet
  facet normal -0.7384326136257913 1.20761504649957e-13 -0.6743272759823548
    outer loop
      vertex -24.880333237498853 24.769717366457613 113.82605152339649
      vertex -30.12288280954676 29.7736822478799 119.56698729810778
      vertex -24.84600555854352 24.790697623022904 113.7884604625073
    endloop
  endfacet
  facet normal -0.2027018021861104 0.6238519995439805 -0.7547984247833855
    outer loop
      vertex -24.84600555854352 24.790697623022904 113.7884604625073
      vertex -29.843374312359288 30.15839269002681 119.56698729810778
      vertex -24.566497061356046 24.88151543902357 113.7884604625073
    endloop
  endfacet
  facet normal -0.008527919309717422 0.7345157591567526 -0.6785380417799922
    outer loop
      vertex -24.566497061356046 24.88151543902357 113.7884604625073
      vertex -29.843374312359288 30.15839269002681 119.56698729810778
      vertex -24.31564958802006 24.945686343355113 113.85477263769673
    endloop
  endfacet
  facet normal -0.20650292964006078 0.6355506669316763 -0.7439300301861551
    outer loop
      vertex -25.82755474584038 25.77224681031976 107.56698729810778
      vertex -25.54804624865291 25.86306462632043 107.56698729810778
      vertex -21.02894772992626 20.973639794405646 102.135449206718
    endloop
  endfacet
  facet normal -0.009385827683692394 0.9806904061445546 0.19534132572172405
    outer loop
      vertex -25.47079200005917 26.100828755394218 108
      vertex -24.31564958802006 24.945686343355113 113.85477263769673
      vertex -23.64087394663298 26.032091486940406 108.43301270189222
    endloop
  endfacet
  facet normal -0.2998882320473764 0.9229610747646498 0.2412672848704966
    outer loop
      vertex -25.47079200005917 26.100828755394218 108
      vertex -24.880333237498853 24.769717366457613 113.82605152339649
      vertex -24.84600555854352 24.790697623022904 113.7884604625073
    endloop
  endfacet
  facet normal -0.29988823204731685 0.9229610747646697 0.24126728487049462
    outer loop
      vertex -25.47079200005917 26.100828755394218 108
      vertex -24.84600555854352 24.790697623022904 113.7884604625073
      vertex -24.566497061356046 24.88151543902357 113.7884604625073
    endloop
  endfacet
  facet normal -0.29988823204734166 0.9229610747646612 0.24126728487049662
    outer loop
      vertex -25.47079200005917 26.100828755394218 108
      vertex -24.566497061356046 24.88151543902357 113.7884604625073
      vertex -24.31564958802006 24.945686343355113 113.85477263769673
    endloop
  endfacet
  facet normal -0.7296202848433524 -0.03949524856888936 0.6827110408405499
    outer loop
      vertex -24.492349332616612 20.749569234750865 125.9283711013571
      vertex -24.559222795260823 24.210022233593964 126.05709205536297
      vertex -30.12288280954676 29.7736822478799 120.43301270189222
    endloop
  endfacet
  facet normal -0.7109151414001547 -1.8336611722501284e-14 0.7032777984040147
    outer loop
      vertex -30.12288280954676 29.7736822478799 120.43301270189222
      vertex -24.559222795260823 24.210022233593964 126.05709205536297
      vertex -24.557742455129723 24.502434519609103 126.05858847145348
    endloop
  endfacet
  facet normal -0.1933678995692662 0.5951252011224913 0.7800223396833481
    outer loop
      vertex -29.843374312359288 30.15839269002681 120.43301270189222
      vertex -24.557742455129723 24.502434519609103 126.05858847145348
      vertex -24.278233957942252 24.593252335609773 126.05858847145348
    endloop
  endfacet
  facet normal 0.06590895008590353 0.7412021103614358 0.6680385033022631
    outer loop
      vertex -29.843374312359288 30.15839269002681 120.43301270189222
      vertex -24.278233957942252 24.593252335609773 126.05858847145348
      vertex -21.384909179895022 24.529167451029473 125.84423533764819
    endloop
  endfacet
  facet normal -0.7237874955785707 0.05478327717907402 -0.6878447890226552
    outer loop
      vertex -25.82755474584038 25.77224681031976 107.56698729810778
      vertex -21.042521776623207 20.693321214956356 102.12740662900127
      vertex -21.082405940561628 17.35398944899321 101.90341441294287
    endloop
  endfacet
  facet normal -0.5453690329793318 -0.04961131745701687 0.836726559305588
    outer loop
      vertex -27.49995864777921 27.150758086112354 98.30139666700043
      vertex -21.082405940561628 17.35398944899321 101.90341441294287
      vertex -21.042521776623207 20.693321214956356 102.12740662900127
    endloop
  endfacet
  facet normal -0.5097413239833068 4.187440147900338e-14 0.8603277181538124
    outer loop
      vertex -27.49995864777921 27.150758086112354 98.30139666700043
      vertex -21.042521776623207 20.693321214956356 102.12740662900127
      vertex -21.02894772992626 20.973639794405646 102.135449206718
    endloop
  endfacet
  facet normal -0.13149146897206157 0.40468912933430234 0.9049512153625816
    outer loop
      vertex -27.220450150591738 27.535468528259262 98.30139666700043
      vertex -21.02894772992626 20.973639794405646 102.135449206718
      vertex -20.749439232738787 21.064457610406315 102.135449206718
    endloop
  endfacet
  facet normal -0.7237874955785835 0.0547832771790501 -0.6878447890226437
    outer loop
      vertex -25.82755474584038 25.77224681031976 107.56698729810778
      vertex -21.02894772992626 20.973639794405646 102.135449206718
      vertex -21.042521776623207 20.693321214956356 102.12740662900127
    endloop
  endfacet
  facet normal -0.20650292964006045 0.635550666931676 -0.7439300301861553
    outer loop
      vertex -25.54804624865291 25.86306462632043 107.56698729810778
      vertex -20.749439232738787 21.064457610406315 102.135449206718
      vertex -21.02894772992626 20.973639794405646 102.135449206718
    endloop
  endfacet
  facet normal 0.006658176991111995 0.5146498033903284 0.8573746255572597
    outer loop
      vertex -27.220450150591738 27.535468528259262 98.30139666700043
      vertex -20.749439232738787 21.064457610406315 102.135449206718
      vertex -15.330059277727974 27.50215088446407 98.22905791769806
    endloop
  endfacet
  facet normal 0.00665817699110994 0.5146498033903297 0.8573746255572591
    outer loop
      vertex -20.749439232738787 21.064457610406315 102.135449206718
      vertex -16.73782306973825 21.27086852551225 101.98039518091902
      vertex -15.330059277727974 27.50215088446407 98.22905791769806
    endloop
  endfacet
  facet normal -0.009385827683693459 0.9806904061445545 0.1953413257217239
    outer loop
      vertex -24.31564958802006 24.945686343355113 113.85477263769673
      vertex -21.76560366635042 24.97101444686978 113.85014107029525
      vertex -23.64087394663298 26.032091486940406 108.43301270189222
    endloop
  endfacet
  facet normal -0.8264515967318631 0 -0.5630077781517354
    outer loop
      vertex -26.444976273857574 -0.6504130847994118 128.2448972058258
      vertex -28.708100416967426 28.358899855300574 131.5669872981078
      vertex -28.708100416967426 28.652792481446813 131.5669872981078
    endloop
  endfacet
  facet normal -0.7960631285029368 0.007127035556107546 -0.6051716292113328
    outer loop
      vertex -26.444976273857574 -0.6504130847994118 128.2448972058258
      vertex -28.708100416967426 28.652792481446813 131.5669872981078
      vertex -24.557742455129723 24.502434519609103 126.05858847145348
    endloop
  endfacet
  facet normal -0.7960631285030612 0.007127035556131161 -0.6051716292111688
    outer loop
      vertex -26.444976273857574 -0.6504130847994118 128.2448972058258
      vertex -24.557742455129723 24.502434519609103 126.05858847145348
      vertex -24.559222795260823 24.210022233593964 126.05709205536297
    endloop
  endfacet
  facet normal -0.696670634945972 -0.04237212289804731 -0.7161386943917282
    outer loop
      vertex -25.551727704147716 1.3749789131662196 140.2037047535277
      vertex -29.899846735083013 25.554762681562607 143.00296429964447
      vertex -24.584099045735933 23.97143197092833 137.92540563263333
    endloop
  endfacet
  facet normal -0.6523687129599511 -0.01967867528299001 0.757646231489396
    outer loop
      vertex -25.97263141370871 0.3780440747505169 147.78842536069752
      vertex -23.89901635077816 20.43261901608972 150.09479076629358
      vertex -30.63429164910526 25.730641483470503 144.4330127018922
    endloop
  endfacet
  facet normal -0.6966706349460478 -0.04237212289803666 -0.716138694391655
    outer loop
      vertex -25.551727704147716 1.3749789131662196 140.2037047535277
      vertex -24.584099045735933 23.97143197092833 137.92540563263333
      vertex -24.552780498970385 23.12689167663245 137.94490779526032
    endloop
  endfacet
  facet normal -0.9639015127150073 0.023647272195535557 -0.2652068632283693
    outer loop
      vertex -23.89901635077816 20.43261901608972 150.09479076629358
      vertex -25.404508497187475 25.293892626146235 156
      vertex -23.855806902937033 23.506606341270178 150.21183812505592
    endloop
  endfacet
  facet normal -0.6966706349459729 -0.042372122898044 -0.7161386943917276
    outer loop
      vertex -29.899846735083013 25.554762681562607 143.00296429964447
      vertex -30.775949537663617 30.426748975996762 143.5669872981078
      vertex -24.59424558736251 24.24504502569566 137.91908734761248
    endloop
  endfacet
  facet normal -0.9060374296629656 0 -0.42319756148839843
    outer loop
      vertex -28.708100416967426 28.358899855300574 131.5669872981078
      vertex -28.910354665561165 28.21195354222746 132
      vertex -28.910354665561165 28.79973879451993 132
    endloop
  endfacet
  facet normal -0.9060374296629655 0 -0.4231975614883984
    outer loop
      vertex -28.708100416967426 28.358899855300574 131.5669872981078
      vertex -28.910354665561165 28.79973879451993 132
      vertex -28.708100416967426 28.652792481446813 131.5669872981078
    endloop
  endfacet
  facet normal -0.2799809633056546 0.8616928014882779 -0.4231975614883916
    outer loop
      vertex -28.708100416967426 28.652792481446813 131.5669872981078
      vertex -28.910354665561165 28.79973879451993 132
      vertex -28.351337671186215 28.98137442652127 132
    endloop
  endfacet
  facet normal -0.27998096330565264 0.8616928014882778 -0.42319756148839316
    outer loop
      vertex -28.708100416967426 28.652792481446813 131.5669872981078
      vertex -28.351337671186215 28.98137442652127 132
      vertex -28.428591919779954 28.743610297447482 131.5669872981078
    endloop
  endfacet
  facet normal -0.9060374296629654 0 0.42319756148839843
    outer loop
      vertex -28.910354665561165 28.21195354222746 132
      vertex -28.708100416967426 28.358899855300574 132.4330127018922
      vertex -28.910354665561165 28.79973879451993 132
    endloop
  endfacet
  facet normal -0.9060374296629655 0 0.4231975614883984
    outer loop
      vertex -28.910354665561165 28.79973879451993 132
      vertex -28.708100416967426 28.358899855300574 132.4330127018922
      vertex -28.708100416967426 28.652792481446813 132.4330127018922
    endloop
  endfacet
  facet normal -0.2799809633056546 0.8616928014882779 0.4231975614883916
    outer loop
      vertex -28.910354665561165 28.79973879451993 132
      vertex -28.708100416967426 28.652792481446813 132.4330127018922
      vertex -28.351337671186215 28.98137442652127 132
    endloop
  endfacet
  facet normal -0.27998096330565264 0.8616928014882778 0.42319756148839316
    outer loop
      vertex -28.708100416967426 28.652792481446813 132.4330127018922
      vertex -28.428591919779954 28.743610297447482 132.4330127018922
      vertex -28.351337671186215 28.98137442652127 132
    endloop
  endfacet
  facet normal -0.9021292236072086 -0.02721269077131792 -0.4306069360505469
    outer loop
      vertex -30.836545897699 25.583695170397387 144
      vertex -30.775949537663617 30.426748975996762 143.5669872981078
      vertex -30.63429164910526 25.730641483470503 143.5669872981078
    endloop
  endfacet
  facet normal -0.6117487301295099 -0.01845337517855325 -0.7908368758027484
    outer loop
      vertex -30.63429164910526 25.730641483470503 143.5669872981078
      vertex -30.775949537663617 30.426748975996762 143.5669872981078
      vertex -29.899846735083013 25.554762681562607 143.00296429964447
    endloop
  endfacet
  facet normal -0.9021292236072086 -0.02721269077131792 0.4306069360505469
    outer loop
      vertex -30.836545897699 25.583695170397387 144
      vertex -30.63429164910526 25.730641483470503 144.4330127018922
      vertex -30.775949537663617 30.426748975996762 144.4330127018922
    endloop
  endfacet
  facet normal -0.9021292236072086 -0.027212690771317927 -0.43060693605054695
    outer loop
      vertex -30.836545897699 25.583695170397387 144
      vertex -30.978203786257357 30.279802662923647 144
      vertex -30.775949537663617 30.426748975996762 143.5669872981078
    endloop
  endfacet
  facet normal -0.9021292236072086 -0.027212690771317927 0.43060693605054695
    outer loop
      vertex -30.836545897699 25.583695170397387 144
      vertex -30.775949537663617 30.426748975996762 144.4330127018922
      vertex -30.978203786257357 30.279802662923647 144
    endloop
  endfacet
  facet normal -0.6523687129599495 -0.0196786752829896 0.7576462314893976
    outer loop
      vertex -30.63429164910526 25.730641483470503 144.4330127018922
      vertex -27.050063335624618 26.700862773957763 147.5444002909442
      vertex -30.775949537663617 30.426748975996762 144.4330127018922
    endloop
  endfacet
  facet normal -0.9060374296629654 0 -0.42319756148839843
    outer loop
      vertex -30.978203786257357 30.279802662923647 144
      vertex -30.978203786257357 30.867587915216117 144
      vertex -30.775949537663617 30.426748975996762 143.5669872981078
    endloop
  endfacet
  facet normal -0.9060374296629654 0 0.42319756148839843
    outer loop
      vertex -30.978203786257357 30.279802662923647 144
      vertex -30.775949537663617 30.426748975996762 144.4330127018922
      vertex -30.978203786257357 30.867587915216117 144
    endloop
  endfacet
  facet normal -0.9060374296629655 0 -0.4231975614883984
    outer loop
      vertex -30.978203786257357 30.867587915216117 144
      vertex -30.775949537663617 30.720641602143 143.5669872981078
      vertex -30.775949537663617 30.426748975996762 143.5669872981078
    endloop
  endfacet
  facet normal -0.9060374296629655 0 0.4231975614883984
    outer loop
      vertex -30.978203786257357 30.867587915216117 144
      vertex -30.775949537663617 30.426748975996762 144.4330127018922
      vertex -30.775949537663617 30.720641602143 144.4330127018922
    endloop
  endfacet
  facet normal -0.27998096330565264 0.8616928014882778 -0.42319756148839316
    outer loop
      vertex -30.775949537663617 30.720641602143 143.5669872981078
      vertex -30.419186791882407 31.04922354721746 144
      vertex -30.496441040476146 30.81145941814367 143.5669872981078
    endloop
  endfacet
  facet normal -0.2799809633056546 0.8616928014882779 -0.4231975614883916
    outer loop
      vertex -30.978203786257357 30.867587915216117 144
      vertex -30.419186791882407 31.04922354721746 144
      vertex -30.775949537663617 30.720641602143 143.5669872981078
    endloop
  endfacet
  facet normal -0.2799809633056546 0.8616928014882779 0.4231975614883916
    outer loop
      vertex -30.978203786257357 30.867587915216117 144
      vertex -30.775949537663617 30.720641602143 144.4330127018922
      vertex -30.419186791882407 31.04922354721746 144
    endloop
  endfacet
  facet normal -0.2799809633056527 0.8616928014882778 0.42319756148839316
    outer loop
      vertex -30.419186791882407 31.04922354721746 144
      vertex -30.775949537663617 30.720641602143 144.4330127018922
      vertex -30.496441040476146 30.81145941814367 144.4330127018922
    endloop
  endfacet
  facet normal -0.640972187488017 0 0.7675641047279546
    outer loop
      vertex -30.775949537663617 30.426748975996762 144.4330127018922
      vertex -27.050063335624618 26.994755400104 147.5444002909442
      vertex -30.775949537663617 30.720641602143 144.4330127018922
    endloop
  endfacet
  facet normal -0.17070695058841495 0.5253819715073553 0.833566386699853
    outer loop
      vertex -30.775949537663617 30.720641602143 144.4330127018922
      vertex -26.770554838437146 27.08557321610467 147.5444002909442
      vertex -30.496441040476146 30.81145941814367 144.4330127018922
    endloop
  endfacet
  facet normal -0.6745126221906131 0 -0.7382633151562817
    outer loop
      vertex -30.775949537663617 30.426748975996762 143.5669872981078
      vertex -30.775949537663617 30.720641602143 143.5669872981078
      vertex -24.59424558736251 24.5389376518419 137.91908734761248
    endloop
  endfacet
  facet normal -0.1813952474775481 0.558277166883482 -0.8095816012787791
    outer loop
      vertex -30.775949537663617 30.720641602143 143.5669872981078
      vertex -30.496441040476146 30.81145941814367 143.5669872981078
      vertex -24.59424558736251 24.5389376518419 137.91908734761248
    endloop
  endfacet
  facet normal -0.6409721874880167 0 0.7675641047279548
    outer loop
      vertex -30.775949537663617 30.426748975996762 144.4330127018922
      vertex -27.050063335624618 26.700862773957763 147.5444002909442
      vertex -27.050063335624618 26.994755400104 147.5444002909442
    endloop
  endfacet
  facet normal -0.1707069505884148 0.5253819715073557 0.8335663866998528
    outer loop
      vertex -30.775949537663617 30.720641602143 144.4330127018922
      vertex -27.050063335624618 26.994755400104 147.5444002909442
      vertex -26.770554838437146 27.08557321610467 147.5444002909442
    endloop
  endfacet
  facet normal -0.8057397944887988 -0.016208090563281867 0.5920478708495123
    outer loop
      vertex -24.552780498970385 23.12689167663245 137.94490779526032
      vertex -24.584099045735933 23.97143197092833 137.92540563263333
      vertex -28.708100416967426 28.358899855300574 132.4330127018922
    endloop
  endfacet
  facet normal -0.22410260616720307 0.6897169016388721 -0.6885264101708385
    outer loop
      vertex -28.428591919779954 28.743610297447482 131.5669872981078
      vertex -24.278233957942252 24.593252335609773 126.05858847145348
      vertex -24.557742455129723 24.502434519609103 126.05858847145348
    endloop
  endfacet
  facet normal -0.8057397944887853 -0.016208090563243155 0.5920478708495317
    outer loop
      vertex -28.708100416967426 28.358899855300574 132.4330127018922
      vertex -24.584099045735933 23.97143197092833 137.92540563263333
      vertex -24.59424558736251 24.24504502569566 137.91908734761248
    endloop
  endfacet
  facet normal -0.8000490779382531 0 0.5999345571728231
    outer loop
      vertex -28.708100416967426 28.358899855300574 132.4330127018922
      vertex -24.59424558736251 24.24504502569566 137.91908734761248
      vertex -24.59424558736251 24.5389376518419 137.91908734761248
    endloop
  endfacet
  facet normal -0.22460899834430367 0.6912754165056908 0.6867962553753858
    outer loop
      vertex -28.428591919779954 28.743610297447482 132.4330127018922
      vertex -24.59424558736251 24.5389376518419 137.91908734761248
      vertex -24.31473709017504 24.629755467842568 137.91908734761248
    endloop
  endfacet
  facet normal -0.6966706349459778 -0.04237212289808955 -0.7161386943917201
    outer loop
      vertex -29.899846735083013 25.554762681562607 143.00296429964447
      vertex -24.59424558736251 24.24504502569566 137.91908734761248
      vertex -24.584099045735933 23.97143197092833 137.92540563263333
    endloop
  endfacet
  facet normal -0.6523687129599498 -0.019678675282987182 0.7576462314893974
    outer loop
      vertex -23.89901635077816 20.43261901608972 150.09479076629358
      vertex -27.050063335624618 26.700862773957763 147.5444002909442
      vertex -30.63429164910526 25.730641483470503 144.4330127018922
    endloop
  endfacet
  facet normal -0.6745126221906131 0 -0.7382633151562819
    outer loop
      vertex -30.775949537663617 30.426748975996762 143.5669872981078
      vertex -24.59424558736251 24.5389376518419 137.91908734761248
      vertex -24.59424558736251 24.24504502569566 137.91908734761248
    endloop
  endfacet
  facet normal -0.18139524747754873 0.5582771668834815 -0.8095816012787792
    outer loop
      vertex -30.496441040476146 30.81145941814367 143.5669872981078
      vertex -24.31473709017504 24.629755467842568 137.91908734761248
      vertex -24.59424558736251 24.5389376518419 137.91908734761248
    endloop
  endfacet
  facet normal 0.058620544158640084 0.7046697585603716 -0.7071097249882881
    outer loop
      vertex -30.496441040476146 30.81145941814367 143.5669872981078
      vertex -20.042293260472945 24.416835426994567 138.06109454233604
      vertex -24.31473709017504 24.629755467842568 137.91908734761248
    endloop
  endfacet
  facet normal -0.22410260616720298 0.6897169016388718 -0.688526410170839
    outer loop
      vertex -28.708100416967426 28.652792481446813 131.5669872981078
      vertex -28.428591919779954 28.743610297447482 131.5669872981078
      vertex -24.557742455129723 24.502434519609103 126.05858847145348
    endloop
  endfacet
  facet normal -0.8000490779382528 0 0.5999345571728231
    outer loop
      vertex -28.708100416967426 28.358899855300574 132.4330127018922
      vertex -24.59424558736251 24.5389376518419 137.91908734761248
      vertex -28.708100416967426 28.652792481446813 132.4330127018922
    endloop
  endfacet
  facet normal -0.22460899834430434 0.6912754165056909 0.6867962553753856
    outer loop
      vertex -28.708100416967426 28.652792481446813 132.4330127018922
      vertex -24.59424558736251 24.5389376518419 137.91908734761248
      vertex -28.428591919779954 28.743610297447482 132.4330127018922
    endloop
  endfacet
  facet normal -0.6409721874880185 0 0.7675641047279533
    outer loop
      vertex -27.050063335624618 26.700862773957763 147.5444002909442
      vertex -23.855806902937033 23.506606341270178 150.21183812505592
      vertex -27.050063335624618 26.994755400104 147.5444002909442
    endloop
  endfacet
  facet normal -0.17070695058841573 0.5253819715073578 0.8335663866998513
    outer loop
      vertex -27.050063335624618 26.994755400104 147.5444002909442
      vertex -23.817042750742072 23.761734815221455 150.24420902837915
      vertex -26.770554838437146 27.08557321610467 147.5444002909442
    endloop
  endfacet
  facet normal -0.6523687129599494 -0.019678675282986786 0.7576462314893976
    outer loop
      vertex -23.89901635077816 20.43261901608972 150.09479076629358
      vertex -23.855806902937033 23.506606341270178 150.21183812505592
      vertex -27.050063335624618 26.700862773957763 147.5444002909442
    endloop
  endfacet
  facet normal -0.640972187487997 3.214579597949066e-14 0.7675641047279712
    outer loop
      vertex -27.050063335624618 26.994755400104 147.5444002909442
      vertex -23.855806902937033 23.506606341270178 150.21183812505592
      vertex -23.851140399355362 23.740524528314122 150.2157349969787
    endloop
  endfacet
  facet normal -0.640972187488148 -2.211296351577704e-13 0.7675641047278451
    outer loop
      vertex -27.050063335624618 26.994755400104 147.5444002909442
      vertex -23.851140399355362 23.740524528314122 150.2157349969787
      vertex -23.817042750742072 23.761734815221455 150.24420902837915
    endloop
  endfacet
  facet normal -0.1707069505884225 0.5253819715073527 0.8335663866998533
    outer loop
      vertex -26.770554838437146 27.08557321610467 147.5444002909442
      vertex -23.817042750742072 23.761734815221455 150.24420902837915
      vertex -23.537534253554604 23.852552631222128 150.24420902837915
    endloop
  endfacet
  facet normal 0.02312488680633698 0.6543239097869974 0.7558607415994374
    outer loop
      vertex -26.770554838437146 27.08557321610467 147.5444002909442
      vertex -23.537534253554604 23.852552631222128 150.24420902837915
      vertex -23.28350461232891 23.913541367663964 150.1836412641591
    endloop
  endfacet
  facet normal -0.9639015127150099 0.02364727219551133 -0.2652068632283624
    outer loop
      vertex -25.404508497187475 25.293892626146235 156
      vertex -23.851140399355362 23.740524528314122 150.2157349969787
      vertex -23.855806902937033 23.506606341270178 150.21183812505592
    endloop
  endfacet
  facet normal -0.29271187445128 0.9008745171348729 -0.32053839541032825
    outer loop
      vertex -23.851140399355362 23.740524528314122 150.2157349969787
      vertex -24.845491502812525 25.475528258147577 156
      vertex -23.817042750742072 23.761734815221455 150.24420902837915
    endloop
  endfacet
  facet normal -0.29271187445142677 0.9008745171348213 -0.3205383954103392
    outer loop
      vertex -23.817042750742072 23.761734815221455 150.24420902837915
      vertex -24.845491502812525 25.475528258147577 156
      vertex -23.537534253554604 23.852552631222128 150.24420902837915
    endloop
  endfacet
  facet normal -0.29271187445140195 0.9008745171348304 -0.32053839541033613
    outer loop
      vertex -23.537534253554604 23.852552631222128 150.24420902837915
      vertex -24.845491502812525 25.475528258147577 156
      vertex -23.28350461232891 23.913541367663964 150.1836412641591
    endloop
  endfacet
  facet normal -0.292711874451415 0.9008745171348257 -0.32053839541033735
    outer loop
      vertex -25.404508497187475 25.293892626146235 156
      vertex -24.845491502812525 25.475528258147577 156
      vertex -23.851140399355362 23.740524528314122 150.2157349969787
    endloop
  endfacet
  facet normal -0.2799809633056546 0.8616928014882779 0.4231975614883916
    outer loop
      vertex -25.404508497187475 25.293892626146235 156
      vertex -25.202254248593736 25.14694631307312 156.4330127018922
      vertex -24.845491502812525 25.475528258147577 156
    endloop
  endfacet
  facet normal -0.27998096330565264 0.8616928014882778 0.42319756148839316
    outer loop
      vertex -25.202254248593736 25.14694631307312 156.4330127018922
      vertex -24.922745751406264 25.23776412907379 156.4330127018922
      vertex -24.845491502812525 25.475528258147577 156
    endloop
  endfacet
  facet normal 0 0 1
    outer loop
      vertex -25.202254248593736 25.14694631307312 156.4330127018922
      vertex 0 5.226251859505506 156.4330127018922
      vertex -24.922745751406264 25.23776412907379 156.4330127018922
    endloop
  endfacet
  facet normal 0.023124886806379488 0.6543239097870183 0.755860741599418
    outer loop
      vertex -30.496441040476146 30.81145941814367 144.4330127018922
      vertex -26.770554838437146 27.08557321610467 147.5444002909442
      vertex -7.411786337649065 26.940144911395645 147.07802851905564
    endloop
  endfacet
  facet normal -3.493141271150739e-15 0.9657804564462946 -0.2593609645771444
    outer loop
      vertex -24.845491502812525 25.475528258147577 156
      vertex -22.008424752889 23.90504128566419 150.1519895732928
      vertex -23.28350461232891 23.913541367663964 150.1836412641591
    endloop
  endfacet
  facet normal 0.023124886806399434 0.6543239097869675 0.7558607415994613
    outer loop
      vertex -23.28350461232891 23.913541367663964 150.1836412641591
      vertex -22.008424752889 23.90504128566419 150.1519895732928
      vertex -7.411786337649065 26.940144911395645 147.07802851905564
    endloop
  endfacet
  facet normal 0.023124886806379422 0.6543239097870234 0.7558607415994135
    outer loop
      vertex -26.770554838437146 27.08557321610467 147.5444002909442
      vertex -23.28350461232891 23.913541367663964 150.1836412641591
      vertex -7.411786337649065 26.940144911395645 147.07802851905564
    endloop
  endfacet
  facet normal 0 0 1
    outer loop
      vertex -25.202254248593736 25.14694631307312 156.4330127018922
      vertex -3.6955181300451474 3.6955181300451474 156.4330127018922
      vertex 0 5.226251859505506 156.4330127018922
    endloop
  endfacet
  facet normal 0 0 1
    outer loop
      vertex -24.922745751406264 25.23776412907379 156.4330127018922
      vertex 0 5.226251859505506 156.4330127018922
      vertex -5.5 10.25 156.4330127018922
    endloop
  endfacet
  facet normal 0 0 1
    outer loop
      vertex -5.5 10.25 156.4330127018922
      vertex 0 5.226251859505506 156.4330127018922
      vertex 5.5 10.25 156.4330127018922
    endloop
  endfacet
  facet normal -0.06374790460459343 0.719283535928862 -0.691785660157969
    outer loop
      vertex -20.749439232738787 21.064457610406315 102.135449206718
      vertex 7.601291619790613 26.185514478676858 104.84754966514097
      vertex -16.73782306973825 21.27086852551225 101.98039518091902
    endloop
  endfacet
  facet normal -0.06374790460459485 0.7192835359288671 -0.6917856601579637
    outer loop
      vertex -25.54804624865291 25.86306462632043 107.56698729810778
      vertex 7.601291619790613 26.185514478676858 104.84754966514097
      vertex -20.749439232738787 21.064457610406315 102.135449206718
    endloop
  endfacet
  facet normal 0.01205348622290157 0.7159054271253196 0.6980932121732657
    outer loop
      vertex -29.547354405954298 29.862372783621822 84.43301270189222
      vertex -24.053802015285523 24.368820392953044 89.97188264819052
      vertex 20.07610057606318 23.49823947954903 90.10271679205864
    endloop
  endfacet
  facet normal 0.012053486222901578 0.7159054271253202 0.698093212173265
    outer loop
      vertex -24.053802015285523 24.368820392953044 89.97188264819052
      vertex -19.122133260303997 24.158208455347868 90.10271679205864
      vertex 20.07610057606318 23.49823947954903 90.10271679205864
    endloop
  endfacet
  facet normal 0.06140239371502956 0.8702352842713732 -0.48879473816233593
    outer loop
      vertex -30.373858433788424 30.68887681145595 95.56698729810778
      vertex -30.296604185194685 30.926640940529737 96
      vertex 26.514421908860445 26.674931789340498 95.56698729810778
    endloop
  endfacet
  facet normal 0.06140239371502958 0.8702352842713733 0.48879473816233604
    outer loop
      vertex -30.373858433788424 30.68887681145595 96.43301270189222
      vertex 26.591676157454184 26.912695918414286 96
      vertex -30.296604185194685 30.926640940529737 96
    endloop
  endfacet
  facet normal 0.06590895008590374 0.7412021103614359 0.668038503302263
    outer loop
      vertex -29.843374312359288 30.15839269002681 120.43301270189222
      vertex -21.384909179895022 24.529167451029473 125.84423533764819
      vertex 15.239735692644006 21.272441846671672 125.84423533764819
    endloop
  endfacet
  facet normal -0.009385827683692895 0.9806904061445546 0.19534132572172377
    outer loop
      vertex -23.64087394663298 26.032091486940406 108.43301270189222
      vertex -21.76560366635042 24.97101444686978 113.85014107029525
      vertex 21.988652351494935 25.389770360906066 113.85014107029525
    endloop
  endfacet
  facet normal -0.008527919309710754 0.7345157591567558 -0.6785380417799888
    outer loop
      vertex -24.31564958802006 24.945686343355113 113.85477263769673
      vertex -29.843374312359288 30.15839269002681 119.56698729810778
      vertex 30.700816638624094 30.861326519104146 119.56698729810778
    endloop
  endfacet
  facet normal -0.010185351572940444 0.8772715795232536 -0.47988627233346776
    outer loop
      vertex -29.843374312359288 30.15839269002681 119.56698729810778
      vertex -29.76612006376555 30.396156819100597 120
      vertex 30.778070887217833 31.099090648177935 120
    endloop
  endfacet
  facet normal -0.010185351572940446 0.8772715795232536 0.47988627233346776
    outer loop
      vertex -29.843374312359288 30.15839269002681 120.43301270189222
      vertex 30.700816638624094 30.861326519104146 120.43301270189222
      vertex -29.76612006376555 30.396156819100597 120
    endloop
  endfacet
  facet normal 0.0066581769911122244 0.5146498033903293 0.8573746255572592
    outer loop
      vertex -16.73782306973825 21.27086852551225 101.98039518091902
      vertex 16.09140152843601 20.846147119974592 101.98039518091902
      vertex -15.330059277727974 27.50215088446407 98.22905791769806
    endloop
  endfacet
  facet normal 0.04860663076197558 0.6888852792113193 -0.7232388730785366
    outer loop
      vertex -30.373858433788424 30.68887681145595 95.56698729810778
      vertex 26.514421908860445 26.674931789340498 95.56698729810778
      vertex -19.122133260303997 24.158208455347868 90.10271679205864
    endloop
  endfacet
  facet normal 0.04549619945704292 0.6448021921020931 0.7629942522033181
    outer loop
      vertex -30.373858433788424 30.68887681145595 96.43301270189222
      vertex -15.330059277727974 27.50215088446407 98.22905791769806
      vertex 26.514421908860445 26.674931789340498 96.43301270189222
    endloop
  endfacet
  facet normal -0.008527919309706578 0.734515759156737 -0.6785380417800093
    outer loop
      vertex -24.31564958802006 24.945686343355113 113.85477263769673
      vertex 30.700816638624094 30.861326519104146 119.56698729810778
      vertex -21.76560366635042 24.97101444686978 113.85014107029525
    endloop
  endfacet
  facet normal -0.07796392441427105 0.879686439506058 -0.4691198084062114
    outer loop
      vertex -25.54804624865291 25.86306462632043 107.56698729810778
      vertex -25.47079200005917 26.100828755394218 108
      vertex 30.76370043680328 31.08472019776338 108
    endloop
  endfacet
  facet normal -0.07796392441427107 0.879686439506058 0.4691198084062112
    outer loop
      vertex -25.47079200005917 26.100828755394218 108
      vertex -23.64087394663298 26.032091486940406 108.43301270189222
      vertex 30.68644618820954 30.846956068689593 108.43301270189222
    endloop
  endfacet
  facet normal 0 0 1
    outer loop
      vertex -24.922745751406264 25.23776412907379 156.4330127018922
      vertex -5.5 10.25 156.4330127018922
      vertex -5.5 13.75 156.4330127018922
    endloop
  endfacet
  facet normal 0.07227127182287142 0.8687633388126549 -0.48992563150359136
    outer loop
      vertex -30.496441040476146 30.81145941814367 143.5669872981078
      vertex -30.419186791882407 31.04922354721746 144
      vertex 25.733883377167007 26.133733184633623 143.5669872981078
    endloop
  endfacet
  facet normal 0.07227127182287144 0.868763338812655 0.4899256315035914
    outer loop
      vertex -30.419186791882407 31.04922354721746 144
      vertex -30.496441040476146 30.81145941814367 144.4330127018922
      vertex 25.954842045137358 26.11535192561741 144.4330127018922
    endloop
  endfacet
  facet normal 0.020623562224574822 0.8072405262907961 0.589862188477044
    outer loop
      vertex -28.428591919779954 28.743610297447482 132.4330127018922
      vertex -24.31473709017504 24.629755467842568 137.91908734761248
      vertex 19.706858023016284 23.40131518467492 138.06109454233604
    endloop
  endfacet
  facet normal -0.028103828267684816 0.788064829206125 -0.6149504043457662
    outer loop
      vertex -24.278233957942252 24.593252335609773 126.05858847145348
      vertex 21.351177077719107 29.71790538019009 130.54057218125894
      vertex -21.384909179895022 24.529167451029473 125.84423533764819
    endloop
  endfacet
  facet normal 0.05862054415863863 0.7046697585603705 -0.7071097249882894
    outer loop
      vertex -30.496441040476146 30.81145941814367 143.5669872981078
      vertex 21.062931929043664 25.958542798358984 143.00517196904778
      vertex -20.042293260472945 24.416835426994567 138.06109454233604
    endloop
  endfacet
  facet normal 0.020623562224573535 0.8072405262907565 0.589862188477098
    outer loop
      vertex -24.31473709017504 24.629755467842568 137.91908734761248
      vertex -20.042293260472945 24.416835426994567 138.06109454233604
      vertex 19.706858023016284 23.40131518467492 138.06109454233604
    endloop
  endfacet
  facet normal -0.02810382826768471 0.7880648292061245 -0.6149504043457669
    outer loop
      vertex -28.428591919779954 28.743610297447482 131.5669872981078
      vertex 21.351177077719107 29.71790538019009 130.54057218125894
      vertex -24.278233957942252 24.593252335609773 126.05858847145348
    endloop
  endfacet
  facet normal -0.03132779813606263 0.8784687855457862 -0.4767716034808048
    outer loop
      vertex -28.428591919779954 28.743610297447482 131.5669872981078
      vertex -28.351337671186215 28.98137442652127 132
      vertex 30.768682341196463 31.089702102156565 132
    endloop
  endfacet
  facet normal -0.03132779813606263 0.8784687855457862 0.4767716034808048
    outer loop
      vertex -28.428591919779954 28.743610297447482 132.4330127018922
      vertex 30.768682341196463 31.089702102156565 132
      vertex -28.351337671186215 28.98137442652127 132
    endloop
  endfacet
  facet normal 0 0.8765515079563075 0.4813080654835563
    outer loop
      vertex -24.922745751406264 25.23776412907379 156.4330127018922
      vertex 25.154508497187475 25.475528258147577 156
      vertex -24.845491502812525 25.475528258147577 156
    endloop
  endfacet
  facet normal 0 0 1
    outer loop
      vertex -24.922745751406264 25.23776412907379 156.4330127018922
      vertex -5.5 13.75 156.4330127018922
      vertex 25.077254248593736 25.23776412907379 156.4330127018922
    endloop
  endfacet
  facet normal 0.06679813833531639 0.8029715296679469 0.5922623837942549
    outer loop
      vertex -30.496441040476146 30.81145941814367 144.4330127018922
      vertex -7.411786337649065 26.940144911395645 147.07802851905564
      vertex 25.954842045137358 26.11535192561741 144.4330127018922
    endloop
  endfacet
  facet normal 0 0.9657804564462951 -0.2593609645771428
    outer loop
      vertex -24.845491502812525 25.475528258147577 156
      vertex 25.154508497187475 25.475528258147577 156
      vertex -22.008424752889 23.90504128566419 150.1519895732928
    endloop
  endfacet
  facet normal 0.023124886806379235 0.6543239097870196 0.7558607415994169
    outer loop
      vertex -22.008424752889 23.90504128566419 150.1519895732928
      vertex 19.41653319319723 22.44101490800351 150.1519895732928
      vertex -7.411786337649065 26.940144911395645 147.07802851905564
    endloop
  endfacet
  facet normal -0.009166600279797675 -0.7386068253014489 -0.6740741287554546
    outer loop
      vertex -29.103199436875872 -29.418217814543397 11.566987298107781
      vertex 21.783614579405718 -24.84627977593379 5.865353664922682
      vertex 24.54015404448289 -24.861173805442988 5.844187945943884
    endloop
  endfacet
  facet normal -0.004574682682581558 -0.99455950859292 0.10406947749346575
    outer loop
      vertex -22.888710605751825 -24.640800153397862 5.865353664922682
      vertex 25.154508497187475 -25.475528258147577 0
      vertex 21.783614579405718 -24.84627977593379 5.865353664922682
    endloop
  endfacet
  facet normal 0.010728333243362276 -0.6414314615959928 -0.7671053271491782
    outer loop
      vertex -24.781180447444203 -28.205192665835217 23.113651981444903
      vertex 21.23161079541706 -21.39212067589711 18.060267486045372
      vertex 27.708909973284253 -27.869419853764306 23.56698729810778
    endloop
  endfacet
  facet normal 0.010728333243362012 -0.6414314615959915 -0.7671053271491793
    outer loop
      vertex -24.781180447444203 -28.205192665835217 23.113651981444903
      vertex 16.597567480522788 -21.47158100936935 18.061900634515737
      vertex 21.23161079541706 -21.39212067589711 18.060267486045372
    endloop
  endfacet
  facet normal -0.009166600279798449 -0.7386068253014461 -0.6740741287554578
    outer loop
      vertex -29.103199436875872 -29.418217814543397 11.566987298107781
      vertex 24.54015404448289 -24.861173805442988 5.844187945943884
      vertex 29.91677397879168 -30.077283859271738 11.486548332196
    endloop
  endfacet
  facet normal -0.009166600279798499 -0.7386068253014512 -0.6740741287554524
    outer loop
      vertex -29.103199436875872 -29.418217814543397 11.566987298107781
      vertex 29.91677397879168 -30.077283859271738 11.486548332196
      vertex 29.991107452604925 -30.15161733308498 11.566987298107781
    endloop
  endfacet
  facet normal -0.01088809573512139 -0.8773178254777202 -0.4797862883308642
    outer loop
      vertex -29.025945188282133 -29.655981943617185 12
      vertex 29.991107452604925 -30.15161733308498 11.566987298107781
      vertex 30.068361701198665 -30.38938146215877 12
    endloop
  endfacet
  facet normal -0.01088809573512139 -0.8773178254777202 0.4797862883308642
    outer loop
      vertex -29.025945188282133 -29.655981943617185 12
      vertex 30.068361701198665 -30.38938146215877 12
      vertex 29.991107452604925 -30.15161733308498 12.433012701892219
    endloop
  endfacet
  facet normal 0 -0.876551507956312 -0.4813080654835482
    outer loop
      vertex -24.922745751406264 -25.23776412907379 -0.4330127018922193
      vertex 25.077254248593736 -25.23776412907379 -0.4330127018922193
      vertex 25.154508497187475 -25.475528258147577 0
    endloop
  endfacet
  facet normal 0 0 -1
    outer loop
      vertex -24.922745751406264 -25.23776412907379 -0.4330127018922193
      vertex 24.797745751406264 -24.85305368692688 -0.4330127018922193
      vertex 24.797745751406264 -25.14694631307312 -0.4330127018922193
    endloop
  endfacet
  facet normal 0 0 -1
    outer loop
      vertex -24.922745751406264 -25.23776412907379 -0.4330127018922193
      vertex 24.797745751406264 -25.14694631307312 -0.4330127018922193
      vertex 25.077254248593736 -25.23776412907379 -0.4330127018922193
    endloop
  endfacet
  facet normal 0.009450516266667574 -0.5337649882055184 0.8455800524540867
    outer loop
      vertex -18.069899622383172 -22.085381968629772 18.061900634515737
      vertex 29.991107452604925 -30.15161733308498 12.433012701892219
      vertex 16.597567480522788 -21.47158100936935 18.061900634515737
    endloop
  endfacet
  facet normal 0.014640818024053199 -0.8753532437053796 -0.4832621909295789
    outer loop
      vertex -28.49443680287447 -28.809455180541995 23.56698729810778
      vertex 27.708909973284253 -27.869419853764306 23.56698729810778
      vertex 27.786164221877993 -28.107183982838094 24
    endloop
  endfacet
  facet normal 0.014640818024053199 -0.8753532437053796 0.4832621909295789
    outer loop
      vertex -28.49443680287447 -28.809455180541995 24.43301270189222
      vertex 27.786164221877993 -28.107183982838094 24
      vertex 27.708909973284253 -27.869419853764306 24.43301270189222
    endloop
  endfacet
  facet normal 0.012540615633239131 -0.7497851933261881 0.6615624663086246
    outer loop
      vertex -28.49443680287447 -28.809455180541995 24.43301270189222
      vertex 27.708909973284253 -27.869419853764306 24.43301270189222
      vertex 26.63846494979719 -27.77581182643559 24.5593952533845
    endloop
  endfacet
  facet normal -0.014379544185715404 -0.8578941401408924 0.5136252262310818
    outer loop
      vertex -19.65423399301762 -23.727618661269364 30.024962638439877
      vertex 26.63846494979719 -27.77581182643559 24.5593952533845
      vertex 21.400995649780764 -24.415763574587412 30.02496263843987
    endloop
  endfacet
  facet normal -0.07443870076971963 -0.6809471283853833 -0.7285395584121817
    outer loop
      vertex -23.745137279968365 -25.3929239727004 35.55110600381738
      vertex 21.400995649780764 -24.415763574587412 30.02496263843987
      vertex 30.394758224998295 -30.555268105478348 34.844459312774475
    endloop
  endfacet
  facet normal -0.09615776947913056 -0.8796278860551149 -0.4658416742231293
    outer loop
      vertex -24.884631972910345 -25.514668728245397 36
      vertex 31.26266078893222 -31.423170669412272 35.56698729810778
      vertex 31.33991503752596 -31.66093479848606 36
    endloop
  endfacet
  facet normal -0.09615776947913056 -0.8796278860551149 0.4658416742231293
    outer loop
      vertex -24.961886221504084 -25.27690459917161 36.43301270189222
      vertex 31.33991503752596 -31.66093479848606 36
      vertex 31.26266078893222 -31.423170669412272 36.43301270189222
    endloop
  endfacet
  facet normal -0.07443870076971969 -0.6809471283853854 -0.7285395584121797
    outer loop
      vertex -23.874880389353343 -25.39573218284359 35.56698729810778
      vertex 30.394758224998295 -30.555268105478348 34.844459312774475
      vertex 31.26266078893222 -31.423170669412272 35.56698729810778
    endloop
  endfacet
  facet normal -0.016078743397636725 -0.49524054532809425 0.868607089698147
    outer loop
      vertex -16.136061938012503 -19.951435764022825 42.09628256077813
      vertex 31.26266078893222 -31.423170669412272 36.43301270189222
      vertex 21.083041266289438 -21.24355114676949 42.048537708867514
    endloop
  endfacet
  facet normal -0.0378490090710486 -0.5933779491712552 -0.8040336199125352
    outer loop
      vertex -21.69511254613557 -25.328308251399157 47.07682934390741
      vertex 16.343608227690908 -21.005938040059707 42.09628256077813
      vertex 6.553611657693594 -27.499754887205246 47.34958203412081
    endloop
  endfacet
  facet normal -0.03784900907104852 -0.5933779491712539 -0.8040336199125361
    outer loop
      vertex -25.43867371858644 -25.753692096253964 47.56698729810778
      vertex 6.553611657693594 -27.499754887205246 47.34958203412081
      vertex 29.070058106026625 -29.230567986506674 47.56698729810778
    endloop
  endfacet
  facet normal 0.00814721922934487 -0.5165356640652206 -0.8562269153486887
    outer loop
      vertex -30.820812219271552 -31.135830596939076 59.56698729810778
      vertex 15.711586017094646 -21.335370616268666 54.09743551153006
      vertex 20.89516658219316 -21.055676462673212 53.978027634630834
    endloop
  endfacet
  facet normal 0.047996989895234474 -0.5273834827446503 0.8482705647899849
    outer loop
      vertex -21.13020292907846 -24.688329193145464 54.09743551153006
      vertex 29.070058106026625 -29.230567986506674 48.43301270189222
      vertex 15.711586017094646 -21.335370616268666 54.09743551153006
    endloop
  endfacet
  facet normal 0.008147219229345781 -0.5165356640652242 -0.8562269153486867
    outer loop
      vertex -30.820812219271552 -31.135830596939076 59.56698729810778
      vertex 20.89516658219316 -21.055676462673212 53.978027634630834
      vertex 30.015757028404554 -30.176266908884603 59.56698729810778
    endloop
  endfacet
  facet normal -0.03250259462675724 -0.5412427174814014 -0.8402380032561468
    outer loop
      vertex -26.292501703033224 -26.60752008070075 71.56698729810778
      vertex 15.640677017212994 -20.67126511238646 66.12104000420341
      vertex 29.260641150451036 -29.42115103093109 71.23045881472461
    endloop
  endfacet
  facet normal 0.021414654414887605 -0.7886700775936709 -0.6144435867389976
    outer loop
      vertex -19.160828179718827 -27.08343730289297 82.52333105583575
      vertex 17.38045198331044 -22.658624454152736 78.11739589008305
      vertex 22.361568899586693 -22.522078780066746 78.11573489135786
    endloop
  endfacet
  facet normal -0.016078743397636607 -0.495240545328091 0.8686070896981487
    outer loop
      vertex -16.136061938012503 -19.951435764022825 42.09628256077813
      vertex 21.083041266289438 -21.24355114676949 42.048537708867514
      vertex 16.343608227690908 -21.005938040059707 42.09628256077813
    endloop
  endfacet
  facet normal 0.008241867736787948 -0.5042766252148192 0.8635028412681466
    outer loop
      vertex -17.789292378138907 -21.21764258146702 66.12104000420341
      vertex 20.62910656420401 -20.789616444684068 66.00431104609915
      vertex 15.640677017212994 -20.67126511238646 66.12104000420341
    endloop
  endfacet
  facet normal -0.056090546393061096 -0.8793597032919002 -0.472842852152498
    outer loop
      vertex -25.43867371858644 -25.753692096253964 47.56698729810778
      vertex 29.070058106026625 -29.230567986506674 47.56698729810778
      vertex 29.147312354620365 -29.468332115580463 48
    endloop
  endfacet
  facet normal -0.025564496520978745 -0.8781822627964925 0.47764251258369067
    outer loop
      vertex -23.366101842883356 -24.716793732683538 53.9254309650758
      vertex 29.147312354620365 -29.468332115580463 48
      vertex 29.070058106026625 -29.230567986506674 48.43301270189222
    endloop
  endfacet
  facet normal 0.013807937606873528 -0.8754265744375118 -0.4831538612364061
    outer loop
      vertex -30.743557970677813 -31.373594726012865 60
      vertex 30.015757028404554 -30.176266908884603 59.56698729810778
      vertex 30.093011276998293 -30.41403103795839 60
    endloop
  endfacet
  facet normal 0.013807937606873528 -0.8754265744375118 0.4831538612364061
    outer loop
      vertex -30.743557970677813 -31.373594726012865 60
      vertex 30.093011276998293 -30.41403103795839 60
      vertex 30.015757028404554 -30.176266908884603 60.43301270189222
    endloop
  endfacet
  facet normal -0.03250259462675789 -0.5412427174814153 -0.8402380032561378
    outer loop
      vertex -26.292501703033224 -26.60752008070075 71.56698729810778
      vertex 29.260641150451036 -29.42115103093109 71.23045881472461
      vertex 29.81645345660458 -29.976963337084634 71.56698729810778
    endloop
  endfacet
  facet normal -0.05280193064074594 -0.8792732013072903 -0.47338207991371967
    outer loop
      vertex -26.215247454439485 -26.845284209774537 72
      vertex 29.81645345660458 -29.976963337084634 71.56698729810778
      vertex 29.89370770519832 -30.214727466158422 72
    endloop
  endfacet
  facet normal -0.05280193064074594 -0.8792732013072903 0.47338207991371967
    outer loop
      vertex -26.215247454439485 -26.845284209774537 72
      vertex 29.89370770519832 -30.214727466158422 72
      vertex 29.81645345660458 -29.976963337084634 72.43301270189222
    endloop
  endfacet
  facet normal 0.008241867736787688 -0.5042766252147911 0.863502841268163
    outer loop
      vertex -17.789292378138907 -21.21764258146702 66.12104000420341
      vertex 30.015757028404554 -30.176266908884603 60.43301270189222
      vertex 20.62910656420401 -20.789616444684068 66.00431104609915
    endloop
  endfacet
  facet normal 0.023745481170887484 -0.8745109827466304 0.4844240840208977
    outer loop
      vertex -27.816546820154244 -28.131565197821768 84.43301270189222
      vertex 26.573559859879875 -26.894579620839973 84
      vertex 26.007348136392395 -26.809414436120978 84.18149976870147
    endloop
  endfacet
  facet normal 0.023745481170887355 -0.874510982746616 -0.48442408402092374
    outer loop
      vertex -27.816546820154244 -28.131565197821768 83.56698729810778
      vertex 26.496305611286136 -26.656815491766185 83.56698729810778
      vertex 26.573559859879875 -26.894579620839973 84
    endloop
  endfacet
  facet normal 0.016594804180160454 -0.5956006805380871 0.8031092340502565
    outer loop
      vertex -20.26372908768606 -23.70747787861712 78.11739589008305
      vertex 29.81645345660458 -29.976963337084634 72.43301270189222
      vertex 17.38045198331044 -22.658624454152736 78.11739589008305
    endloop
  endfacet
  facet normal 0.021414654414888035 -0.7886700775936727 -0.6144435867389952
    outer loop
      vertex -19.160828179718827 -27.08343730289297 82.52333105583575
      vertex 22.361568899586693 -22.522078780066746 78.11573489135786
      vertex 26.496305611286136 -26.656815491766185 83.56698729810778
    endloop
  endfacet
  facet normal 0 0 -1
    outer loop
      vertex 0 -5.226251859505506 -0.4330127018922193
      vertex 3.6955181300451474 -3.6955181300451474 -0.4330127018922193
      vertex 24.797745751406264 -24.85305368692688 -0.4330127018922193
    endloop
  endfacet
  facet normal 0 0 -1
    outer loop
      vertex 3.6955181300451474 -3.6955181300451474 -0.4330127018922193
      vertex 5.226251859505506 0 -0.4330127018922193
      vertex 24.797745751406264 -24.85305368692688 -0.4330127018922193
    endloop
  endfacet
  facet normal 0 0 -1
    outer loop
      vertex 24.797745751406264 -24.85305368692688 -0.4330127018922193
      vertex 5.226251859505506 0 -0.4330127018922193
      vertex 3.6955181300451474 3.6955181300451474 -0.4330127018922193
    endloop
  endfacet
  facet normal 0.009450516266667873 -0.5337649882055181 0.845580052454087
    outer loop
      vertex 16.597567480522788 -21.47158100936935 18.061900634515737
      vertex 29.991107452604925 -30.15161733308498 12.433012701892219
      vertex 21.23161079541706 -21.39212067589711 18.060267486045372
    endloop
  endfacet
  facet normal 0.4206204023239933 -0.30559861043510794 -0.8542177511904873
    outer loop
      vertex 21.23161079541706 -21.39212067589711 18.060267486045372
      vertex 21.404356546823323 -21.154356546823323 18.060267486045372
      vertex 27.881655724690518 -27.631655724690518 23.56698729810778
    endloop
  endfacet
  facet normal -0.004574682682580474 -0.9945595085929202 0.10406947749346639
    outer loop
      vertex 21.783614579405718 -24.84627977593379 5.865353664922682
      vertex 25.154508497187475 -25.475528258147577 0
      vertex 24.54015404448289 -24.861173805442988 5.844187945943884
    endloop
  endfacet
  facet normal 0 0 -1
    outer loop
      vertex 24.797745751406264 -25.14694631307312 -0.4330127018922193
      vertex 24.797745751406264 -24.85305368692688 -0.4330127018922193
      vertex 25.077254248593736 -25.23776412907379 -0.4330127018922193
    endloop
  endfacet
  facet normal 0 0 -1
    outer loop
      vertex 24.797745751406264 -24.85305368692688 -0.4330127018922193
      vertex 25.25 -25 -0.4330127018922193
      vertex 25.077254248593736 -25.23776412907379 -0.4330127018922193
    endloop
  endfacet
  facet normal 0 0 -1
    outer loop
      vertex 24.797745751406264 -24.85305368692688 -0.4330127018922193
      vertex 25.077254248593736 -24.76223587092621 -0.4330127018922193
      vertex 25.25 -25 -0.4330127018922193
    endloop
  endfacet
  facet normal 0.7329996781371365 -0.5325554391808743 -0.4231975614883908
    outer loop
      vertex 25.154508497187475 -25.475528258147577 0
      vertex 25.077254248593736 -25.23776412907379 -0.4330127018922193
      vertex 25.25 -25 -0.4330127018922193
    endloop
  endfacet
  facet normal 0.8004341168463572 -0.5815494267552884 0.14527728256333647
    outer loop
      vertex 25.154508497187475 -25.475528258147577 0
      vertex 25.5 -25 0
      vertex 24.54015404448289 -24.861173805442988 5.844187945943884
    endloop
  endfacet
  facet normal 0.7329996781371404 -0.5325554391808718 -0.42319756148838705
    outer loop
      vertex 25.154508497187475 -25.475528258147577 0
      vertex 25.25 -25 -0.4330127018922193
      vertex 25.5 -25 0
    endloop
  endfacet
  facet normal 0.8004341168463377 -0.5815494267553162 0.14527728256333397
    outer loop
      vertex 25.5 -25 0
      vertex 24.617399221509974 -24.777909101990023 5.751901428356765
      vertex 24.54015404448289 -24.861173805442988 5.844187945943884
    endloop
  endfacet
  facet normal 0.8004341168463546 -0.5815494267552923 0.1452772825633356
    outer loop
      vertex 25.5 -25 0
      vertex 24.790144972916238 -24.540144972916234 5.751901428356764
      vertex 24.617399221509974 -24.777909101990023 5.751901428356765
    endloop
  endfacet
  facet normal 0.800434116841535 -0.581549426761942 0.14527728256327177
    outer loop
      vertex 25.5 -25 0
      vertex 24.798500530882347 -24.52600735805923 5.7624581246790845
      vertex 24.790144972916238 -24.540144972916234 5.751901428356764
    endloop
  endfacet
  facet normal 0.8004341168468546 -0.5815494267546087 0.1452772825633169
    outer loop
      vertex 25.5 -25 0
      vertex 24.883012684729604 -24.3830126847296 5.869233656287013
      vertex 24.798500530882347 -24.52600735805923 5.7624581246790845
    endloop
  endfacet
  facet normal 0.9945200280224127 6.878833262373348e-16 0.10454622835042593
    outer loop
      vertex 25.5 -25 0
      vertex 24.881621967935576 -24.162836955243236 5.882463169458271
      vertex 24.883012684729604 -24.3830126847296 5.869233656287013
    endloop
  endfacet
  facet normal 0.9945200280224127 8.926185394134286e-16 0.10454622835042593
    outer loop
      vertex 25.5 -25 0
      vertex 24.87840676171291 -23.653811409161687 5.913048557693854
      vertex 24.881621967935576 -24.162836955243236 5.882463169458271
    endloop
  endfacet
  facet normal -0.00916660027980949 -0.7386068253014513 -0.674074128755452
    outer loop
      vertex 24.54015404448289 -24.861173805442988 5.844187945943884
      vertex 24.617399221509974 -24.777909101990023 5.751901428356765
      vertex 29.91677397879168 -30.077283859271738 11.486548332196
    endloop
  endfacet
  facet normal 0.49547068370440617 -0.35998052309114903 -0.7905206035167653
    outer loop
      vertex 24.617399221509974 -24.777909101990023 5.751901428356765
      vertex 24.790144972916238 -24.540144972916234 5.751901428356764
      vertex 30.089519730197946 -29.83951973019795 11.486548332196
    endloop
  endfacet
  facet normal 0.7537234831748737 0.04415968952144346 -0.6557063616681673
    outer loop
      vertex 24.790144972916238 -24.540144972916234 5.751901428356764
      vertex 24.798500530882347 -24.52600735805923 5.7624581246790845
      vertex 30.034621697739276 -29.105016714036527 11.47291035089717
    endloop
  endfacet
  facet normal 0.7537234831748693 0.044159689521430616 -0.6557063616681733
    outer loop
      vertex 24.798500530882347 -24.52600735805923 5.7624581246790845
      vertex 24.883012684729604 -24.3830126847296 5.869233656287013
      vertex 30.034621697739276 -29.105016714036527 11.47291035089717
    endloop
  endfacet
  facet normal 0.7537234831748673 0.04415968952142534 -0.655706361668176
    outer loop
      vertex 24.883012684729604 -24.3830126847296 5.869233656287013
      vertex 24.881621967935576 -24.162836955243236 5.882463169458271
      vertex 30.034621697739276 -29.105016714036527 11.47291035089717
    endloop
  endfacet
  facet normal 0.753723483174868 0.04415968952142727 -0.655706361668175
    outer loop
      vertex 24.881621967935576 -24.162836955243236 5.882463169458271
      vertex 24.87840676171291 -23.653811409161687 5.913048557693854
      vertex 30.034621697739276 -29.105016714036527 11.47291035089717
    endloop
  endfacet
  facet normal 0.753723483174868 0.04415968952142741 -0.655706361668175
    outer loop
      vertex 30.034621697739276 -29.105016714036527 11.47291035089717
      vertex 24.87840676171291 -23.653811409161687 5.913048557693854
      vertex 24.6736182800839 -20.114981587901518 5.915976298830334
    endloop
  endfacet
  facet normal 0.3380443402568317 -0.24560358954810446 0.9085179694543248
    outer loop
      vertex 21.23161079541706 -21.39212067589711 18.060267486045372
      vertex 30.16385320401119 -29.913853204011193 12.433012701892219
      vertex 21.404356546823323 -21.154356546823323 18.060267486045372
    endloop
  endfacet
  facet normal 0.338044340256832 -0.24560358954810468 0.9085179694543247
    outer loop
      vertex 21.23161079541706 -21.39212067589711 18.060267486045372
      vertex 29.991107452604925 -30.15161733308498 12.433012701892219
      vertex 30.16385320401119 -29.913853204011193 12.433012701892219
    endloop
  endfacet
  facet normal 0.49547068370440833 -0.3599805230911475 -0.7905206035167648
    outer loop
      vertex 24.617399221509974 -24.777909101990023 5.751901428356765
      vertex 30.089519730197946 -29.83951973019795 11.486548332196
      vertex 29.91677397879168 -30.077283859271738 11.486548332196
    endloop
  endfacet
  facet normal 0.7537234831748683 0.04415968952142794 -0.6557063616681749
    outer loop
      vertex 24.790144972916238 -24.540144972916234 5.751901428356764
      vertex 30.1038533860329 -29.53832525751672 11.523309097091433
      vertex 30.089519730197946 -29.83951973019795 11.486548332196
    endloop
  endfacet
  facet normal 0.7329996781371363 -0.5325554391808741 -0.42319756148839127
    outer loop
      vertex 29.991107452604925 -30.15161733308498 11.566987298107781
      vertex 30.16385320401119 -29.913853204011193 11.566987298107781
      vertex 30.068361701198665 -30.38938146215877 12
    endloop
  endfacet
  facet normal 0.49547068370441183 -0.3599805230911502 -0.7905206035167613
    outer loop
      vertex 29.91677397879168 -30.077283859271738 11.486548332196
      vertex 30.089519730197946 -29.83951973019795 11.486548332196
      vertex 29.991107452604925 -30.15161733308498 11.566987298107781
    endloop
  endfacet
  facet normal 0.49547068370441183 -0.3599805230911502 -0.7905206035167612
    outer loop
      vertex 29.991107452604925 -30.15161733308498 11.566987298107781
      vertex 30.089519730197946 -29.83951973019795 11.486548332196
      vertex 30.16385320401119 -29.913853204011193 11.566987298107781
    endloop
  endfacet
  facet normal 0.7329996781371363 -0.5325554391808742 0.42319756148839127
    outer loop
      vertex 30.068361701198665 -30.38938146215877 12
      vertex 30.16385320401119 -29.913853204011193 12.433012701892219
      vertex 29.991107452604925 -30.15161733308498 12.433012701892219
    endloop
  endfacet
  facet normal 0.7537234831748717 0.04415968952142677 -0.6557063616681708
    outer loop
      vertex 30.089519730197946 -29.83951973019795 11.486548332196
      vertex 30.1038533860329 -29.53832525751672 11.523309097091433
      vertex 30.16385320401119 -29.913853204011193 11.566987298107781
    endloop
  endfacet
  facet normal 0.7329996781371403 -0.5325554391808717 -0.42319756148838755
    outer loop
      vertex 30.16385320401119 -29.913853204011193 11.566987298107781
      vertex 30.41385320401119 -29.913853204011193 12
      vertex 30.068361701198665 -30.38938146215877 12
    endloop
  endfacet
  facet normal 0.7329996781371403 -0.5325554391808717 0.42319756148838755
    outer loop
      vertex 30.068361701198665 -30.38938146215877 12
      vertex 30.41385320401119 -29.913853204011193 12
      vertex 30.16385320401119 -29.913853204011193 12.433012701892219
    endloop
  endfacet
  facet normal 0.8294912303908236 0.06805339897179347 -0.5543582177555445
    outer loop
      vertex 30.16385320401119 -29.913853204011193 11.566987298107781
      vertex 30.1038533860329 -29.53832525751672 11.523309097091433
      vertex 30.103683393635357 -29.180453685469608 11.566987298107781
    endloop
  endfacet
  facet normal 0.8294912303908173 0.06805339897179456 -0.5543582177555535
    outer loop
      vertex 30.1038533860329 -29.53832525751672 11.523309097091433
      vertex 30.034621697739276 -29.105016714036527 11.47291035089717
      vertex 30.103683393635357 -29.180453685469608 11.566987298107781
    endloop
  endfacet
  facet normal 0.8638477069016155 0.07087208459207707 -0.49874270611848937
    outer loop
      vertex 30.16385320401119 -29.913853204011193 11.566987298107781
      vertex 30.103683393635357 -29.180453685469608 11.566987298107781
      vertex 30.41385320401119 -29.913853204011193 12
    endloop
  endfacet
  facet normal 0.8638477069016155 0.07087208459207707 0.49874270611848937
    outer loop
      vertex 30.16385320401119 -29.913853204011193 12.433012701892219
      vertex 30.41385320401119 -29.913853204011193 12
      vertex 30.103683393635357 -29.180453685469608 12.433012701892219
    endloop
  endfacet
  facet normal 0.8638477069016155 0.07087208459207707 -0.49874270611848937
    outer loop
      vertex 30.41385320401119 -29.913853204011193 12
      vertex 30.103683393635357 -29.180453685469608 11.566987298107781
      vertex 30.353683393635357 -29.180453685469608 12
    endloop
  endfacet
  facet normal 0.8638477069016155 0.07087208459207707 0.49874270611848937
    outer loop
      vertex 30.41385320401119 -29.913853204011193 12
      vertex 30.353683393635357 -29.180453685469608 12
      vertex 30.103683393635357 -29.180453685469608 12.433012701892219
    endloop
  endfacet
  facet normal 0.7537234831748684 0.044159689521430054 -0.6557063616681744
    outer loop
      vertex 24.790144972916238 -24.540144972916234 5.751901428356764
      vertex 30.034621697739276 -29.105016714036527 11.47291035089717
      vertex 30.1038533860329 -29.53832525751672 11.523309097091433
    endloop
  endfacet
  facet normal 0.42062040232399467 -0.305598610435106 -0.8542177511904873
    outer loop
      vertex 21.23161079541706 -21.39212067589711 18.060267486045372
      vertex 27.881655724690518 -27.631655724690518 23.56698729810778
      vertex 27.708909973284253 -27.869419853764306 23.56698729810778
    endloop
  endfacet
  facet normal -0.014379544185714944 -0.8578941401408922 0.5136252262310821
    outer loop
      vertex 21.400995649780764 -24.415763574587412 30.02496263843987
      vertex 26.63846494979719 -27.77581182643559 24.5593952533845
      vertex 24.40538562587321 -24.56589550635326 29.858312828955818
    endloop
  endfacet
  facet normal 0.616261228382257 -0.44773999078053695 0.6478819329543282
    outer loop
      vertex 24.40538562587321 -24.56589550635326 29.858312828955818
      vertex 27.881655724690518 -27.631655724690518 24.43301270189222
      vertex 24.578131377279473 -24.328131377279473 29.858312828955818
    endloop
  endfacet
  facet normal 0.8561987247926117 0.00781932538178318 0.5165874580495344
    outer loop
      vertex 24.578131377279473 -24.328131377279473 29.858312828955818
      vertex 27.804547933315618 -27.538047697284558 24.55939525339396
      vertex 24.576436856928442 -24.029401067768962 29.856599617932233
    endloop
  endfacet
  facet normal 0.8561987247926138 0.007819325381790898 0.5165874580495304
    outer loop
      vertex 24.576436856928442 -24.029401067768962 29.856599617932233
      vertex 27.804547933315618 -27.538047697284558 24.55939525339396
      vertex 24.574093641415562 -23.61631101843071 29.854230556595873
    endloop
  endfacet
  facet normal 0.8561987247926113 0.007819325381782802 0.5165874580495351
    outer loop
      vertex 27.804547933315618 -27.538047697284558 24.55939525339396
      vertex 24.562364217380157 -21.54850789623971 29.8423717562306
      vertex 24.574093641415562 -23.61631101843071 29.854230556595873
    endloop
  endfacet
  facet normal -0.014379544185675126 -0.8578941401408854 0.5136252262310949
    outer loop
      vertex 26.63846494979719 -27.77581182643559 24.5593952533845
      vertex 27.708909973284253 -27.869419853764306 24.43301270189222
      vertex 24.40538562587321 -24.56589550635326 29.858312828955818
    endloop
  endfacet
  facet normal 0.616261228382257 -0.44773999078053695 0.6478819329543282
    outer loop
      vertex 27.708909973284253 -27.869419853764306 24.43301270189222
      vertex 27.881655724690518 -27.631655724690518 24.43301270189222
      vertex 24.40538562587321 -24.56589550635326 29.858312828955818
    endloop
  endfacet
  facet normal 0.8561987247931147 0.0078193253836884 0.516587458048672
    outer loop
      vertex 24.578131377279473 -24.328131377279473 29.858312828955818
      vertex 27.881655724690518 -27.631655724690518 24.43301270189222
      vertex 27.804547933315618 -27.538047697284558 24.55939525339396
    endloop
  endfacet
  facet normal -0.0744387007697197 -0.6809471283853832 -0.7285395584121814
    outer loop
      vertex 21.400995649780764 -24.415763574587412 30.02496263843987
      vertex 24.40538562587321 -24.56589550635326 29.858312828955818
      vertex 30.394758224998295 -30.555268105478348 34.844459312774475
    endloop
  endfacet
  facet normal 0.2971719434541017 -0.2159080550494101 0.9300927630018917
    outer loop
      vertex 31.435406540338484 -31.185406540338484 36.43301270189222
      vertex 21.255787017695702 -21.005787017695702 42.048537708867514
      vertex 21.083041266289438 -21.24355114676949 42.048537708867514
    endloop
  endfacet
  facet normal 0.4141918045772428 -0.3009279607766543 -0.8590037901219362
    outer loop
      vertex 24.40538562587321 -24.56589550635326 29.858312828955818
      vertex 24.578131377279473 -24.328131377279473 29.858312828955818
      vertex 30.56750397640456 -30.31750397640456 34.844459312774475
    endloop
  endfacet
  facet normal 0.6393430168267913 -0.0007831298211515856 -0.7689212531478763
    outer loop
      vertex 24.578131377279473 -24.328131377279473 29.858312828955818
      vertex 24.576436856928442 -24.029401067768962 29.856599617932233
      vertex 30.62420272185556 -24.91874339111192 34.886104691185125
    endloop
  endfacet
  facet normal 0.6393430168267913 -0.0007831298211517377 -0.7689212531478762
    outer loop
      vertex 24.576436856928442 -24.029401067768962 29.856599617932233
      vertex 24.574093641415562 -23.61631101843071 29.854230556595873
      vertex 30.62420272185556 -24.91874339111192 34.886104691185125
    endloop
  endfacet
  facet normal 0.7329996781371368 -0.5325554391808747 -0.42319756148838983
    outer loop
      vertex 27.708909973284253 -27.869419853764306 23.56698729810778
      vertex 27.881655724690518 -27.631655724690518 23.56698729810778
      vertex 27.786164221877993 -28.107183982838094 24
    endloop
  endfacet
  facet normal 0.732999678137141 -0.5325554391808721 -0.42319756148838616
    outer loop
      vertex 27.786164221877993 -28.107183982838094 24
      vertex 27.881655724690518 -27.631655724690518 23.56698729810778
      vertex 28.131655724690518 -27.631655724690518 24
    endloop
  endfacet
  facet normal 0.7329996781371368 -0.5325554391808747 0.42319756148838983
    outer loop
      vertex 27.708909973284253 -27.869419853764306 24.43301270189222
      vertex 27.786164221877993 -28.107183982838094 24
      vertex 27.881655724690518 -27.631655724690518 24.43301270189222
    endloop
  endfacet
  facet normal 0.732999678137141 -0.5325554391808721 0.42319756148838616
    outer loop
      vertex 27.786164221877993 -28.107183982838094 24
      vertex 28.131655724690518 -27.631655724690518 24
      vertex 27.881655724690518 -27.631655724690518 24.43301270189222
    endloop
  endfacet
  facet normal 0.4141918045772437 -0.30092796077665396 -0.859003790121936
    outer loop
      vertex 24.40538562587321 -24.56589550635326 29.858312828955818
      vertex 30.56750397640456 -30.31750397640456 34.844459312774475
      vertex 30.394758224998295 -30.555268105478348 34.844459312774475
    endloop
  endfacet
  facet normal 0.2971719434541011 -0.2159080550494101 0.9300927630018919
    outer loop
      vertex 31.26266078893222 -31.423170669412272 36.43301270189222
      vertex 31.435406540338484 -31.185406540338484 36.43301270189222
      vertex 21.083041266289438 -21.24355114676949 42.048537708867514
    endloop
  endfacet
  facet normal 0.414191804577245 -0.3009279607766559 -0.8590037901219346
    outer loop
      vertex 30.394758224998295 -30.555268105478348 34.844459312774475
      vertex 30.56750397640456 -30.31750397640456 34.844459312774475
      vertex 31.435406540338484 -31.185406540338484 35.56698729810778
    endloop
  endfacet
  facet normal 0.4141918045772449 -0.30092796077665607 -0.8590037901219345
    outer loop
      vertex 30.394758224998295 -30.555268105478348 34.844459312774475
      vertex 31.435406540338484 -31.185406540338484 35.56698729810778
      vertex 31.26266078893222 -31.423170669412272 35.56698729810778
    endloop
  endfacet
  facet normal 0.7329996781371357 -0.5325554391808738 -0.42319756148839266
    outer loop
      vertex 31.26266078893222 -31.423170669412272 35.56698729810778
      vertex 31.435406540338484 -31.185406540338484 35.56698729810778
      vertex 31.33991503752596 -31.66093479848606 36
    endloop
  endfacet
  facet normal 0.7329996781371357 -0.5325554391808739 0.42319756148839266
    outer loop
      vertex 31.33991503752596 -31.66093479848606 36
      vertex 31.435406540338484 -31.185406540338484 36.43301270189222
      vertex 31.26266078893222 -31.423170669412272 36.43301270189222
    endloop
  endfacet
  facet normal 0.7329996781371398 -0.5325554391808713 -0.423197561488389
    outer loop
      vertex 31.33991503752596 -31.66093479848606 36
      vertex 31.435406540338484 -31.185406540338484 35.56698729810778
      vertex 31.685406540338484 -31.185406540338484 36
    endloop
  endfacet
  facet normal 0.7329996781371398 -0.5325554391808713 0.423197561488389
    outer loop
      vertex 31.33991503752596 -31.66093479848606 36
      vertex 31.685406540338484 -31.185406540338484 36
      vertex 31.435406540338484 -31.185406540338484 36.43301270189222
    endloop
  endfacet
  facet normal 0.6393430168267936 -0.0007831298211529231 -0.7689212531478743
    outer loop
      vertex 30.56750397640456 -30.31750397640456 34.844459312774475
      vertex 30.99185457703699 -27.758905481225085 35.19469267843601
      vertex 31.435406540338484 -31.185406540338484 35.56698729810778
    endloop
  endfacet
  facet normal 0.8646168023539363 0.05701210499829107 -0.4991867435849213
    outer loop
      vertex 31.435406540338484 -31.185406540338484 35.56698729810778
      vertex 31.030126923298898 -25.03914047009782 35.56698729810778
      vertex 31.685406540338484 -31.185406540338484 36
    endloop
  endfacet
  facet normal 0.8646168023539363 0.05701210499829107 0.4991867435849213
    outer loop
      vertex 31.685406540338484 -31.185406540338484 36
      vertex 31.030126923298898 -25.03914047009782 36.43301270189222
      vertex 31.435406540338484 -31.185406540338484 36.43301270189222
    endloop
  endfacet
  facet normal 0.8619394464650748 0.05683556240203572 -0.5038155510441541
    outer loop
      vertex 31.435406540338484 -31.185406540338484 35.56698729810778
      vertex 30.99185457703699 -27.758905481225085 35.19469267843601
      vertex 31.030126923298898 -25.03914047009782 35.56698729810778
    endloop
  endfacet
  facet normal 0.6393430168267913 -0.0007831298211522454 -0.7689212531478764
    outer loop
      vertex 24.578131377279473 -24.328131377279473 29.858312828955818
      vertex 30.99185457703699 -27.758905481225085 35.19469267843601
      vertex 30.56750397640456 -30.31750397640456 34.844459312774475
    endloop
  endfacet
  facet normal 0.6393430168267913 -0.0007831298211519208 -0.7689212531478763
    outer loop
      vertex 24.578131377279473 -24.328131377279473 29.858312828955818
      vertex 30.62420272185556 -24.91874339111192 34.886104691185125
      vertex 30.99185457703699 -27.758905481225085 35.19469267843601
    endloop
  endfacet
  facet normal 0.5082378961573851 0.03351277955846849 0.8605644278703255
    outer loop
      vertex 31.435406540338484 -31.185406540338484 36.43301270189222
      vertex 31.030126923298898 -25.03914047009782 36.43301270189222
      vertex 21.255787017695702 -21.005787017695702 42.048537708867514
    endloop
  endfacet
  facet normal 0.8646168023539363 0.05701210499829107 -0.49918674358492143
    outer loop
      vertex 31.685406540338484 -31.185406540338484 36
      vertex 31.030126923298898 -25.03914047009782 35.56698729810778
      vertex 31.280126923298898 -25.03914047009782 36
    endloop
  endfacet
  facet normal 0.8646168023539363 0.05701210499829107 0.49918674358492143
    outer loop
      vertex 31.685406540338484 -31.185406540338484 36
      vertex 31.280126923298898 -25.03914047009782 36
      vertex 31.030126923298898 -25.03914047009782 36.43301270189222
    endloop
  endfacet
  facet normal 0.8619394464650733 0.0568355624020361 -0.5038155510441568
    outer loop
      vertex 30.99185457703699 -27.758905481225085 35.19469267843601
      vertex 30.62420272185556 -24.91874339111192 34.886104691185125
      vertex 31.030126923298898 -25.03914047009782 35.56698729810778
    endloop
  endfacet
  facet normal 0.572737497543165 0.04698872272350125 0.8183909938683385
    outer loop
      vertex 21.404356546823323 -21.154356546823323 18.060267486045372
      vertex 30.16385320401119 -29.913853204011193 12.433012701892219
      vertex 21.264272530929134 -16.363614799097647 17.883237841290928
    endloop
  endfacet
  facet normal 0.5727374975431715 0.04698872272350332 0.818390993868334
    outer loop
      vertex 30.16385320401119 -29.913853204011193 12.433012701892219
      vertex 30.103683393635357 -29.180453685469608 12.433012701892219
      vertex 22.872243666082284 -0.9812027923458153 15.874729354530116
    endloop
  endfacet
  facet normal 0.9945200280224128 1.145697529230439e-16 0.1045462283504261
    outer loop
      vertex 25.5 -25 0
      vertex 25.178281812149443 -0.18176690871382692 3.060418211587726
      vertex 24.87840676171291 -23.653811409161687 5.913048557693854
    endloop
  endfacet
  facet normal 0.5082378961573839 0.03351277955846418 0.8605644278703264
    outer loop
      vertex 31.030126923298898 -25.03914047009782 36.43301270189222
      vertex 21.24136693460122 -20.72462717441658 42.04610486934226
      vertex 21.255787017695702 -21.005787017695702 42.048537708867514
    endloop
  endfacet
  facet normal 0.5082378961573851 0.03351277955846851 0.8605644278703254
    outer loop
      vertex 31.030126923298898 -25.03914047009782 36.43301270189222
      vertex 21.04930142515643 -16.979772988694947 42.01370113354169
      vertex 21.24136693460122 -20.72462717441658 42.04610486934226
    endloop
  endfacet
  facet normal 0.6393430168267914 -0.0007831298211515786 -0.7689212531478764
    outer loop
      vertex 30.62420272185556 -24.91874339111192 34.886104691185125
      vertex 24.574093641415562 -23.61631101843071 29.854230556595873
      vertex 24.562364217380157 -21.54850789623971 29.8423717562306
    endloop
  endfacet
  facet normal 0.8561987247924884 0.007819325381752364 0.5165874580497393
    outer loop
      vertex 27.804547933315618 -27.538047697284558 24.55939525339396
      vertex 27.881655724690518 -27.631655724690518 24.43301270189222
      vertex 25.84532262483551 -0.7541289302877255 27.401225832104824
    endloop
  endfacet
  facet normal 0.8561987247926114 0.007819325381782972 0.5165874580495349
    outer loop
      vertex 27.804547933315618 -27.538047697284558 24.55939525339396
      vertex 25.73385074573241 -2.5608815768635638 27.61332867327713
      vertex 24.562364217380157 -21.54850789623971 29.8423717562306
    endloop
  endfacet
  facet normal -0.037849009071048614 -0.5933779491712551 -0.8040336199125352
    outer loop
      vertex 6.553611657693594 -27.499754887205246 47.34958203412081
      vertex 16.343608227690908 -21.005938040059707 42.09628256077813
      vertex 29.070058106026625 -29.230567986506674 47.56698729810778
    endloop
  endfacet
  facet normal -0.03784900907104823 -0.5933779491712546 -0.8040336199125355
    outer loop
      vertex 16.343608227690908 -21.005938040059707 42.09628256077813
      vertex 21.083041266289438 -21.24355114676949 42.048537708867514
      vertex 29.070058106026625 -29.230567986506674 47.56698729810778
    endloop
  endfacet
  facet normal 0.04799698989523416 -0.5273834827446505 0.8482705647899846
    outer loop
      vertex 15.711586017094646 -21.335370616268666 54.09743551153006
      vertex 29.070058106026625 -29.230567986506674 48.43301270189222
      vertex 20.89516658219316 -21.055676462673212 53.978027634630834
    endloop
  endfacet
  facet normal 0.016594804180160624 -0.595600680538087 0.8031092340502565
    outer loop
      vertex 29.81645345660458 -29.976963337084634 72.43301270189222
      vertex 22.361568899586693 -22.522078780066746 78.11573489135786
      vertex 17.38045198331044 -22.658624454152736 78.11739589008305
    endloop
  endfacet
  facet normal 0.5837015350252425 0.022913737312994547 -0.8116449215337497
    outer loop
      vertex 21.255787017695702 -21.005787017695702 42.048537708867514
      vertex 21.24136693460122 -20.72462717441658 42.04610486934226
      vertex 28.408045784109774 -25.09054412232537 47.07682934390741
    endloop
  endfacet
  facet normal 0.3534001212596526 -0.2567602174973907 0.8995457436975373
    outer loop
      vertex 20.89516658219316 -21.055676462673212 53.978027634630834
      vertex 29.24280385743289 -28.992803857432886 48.43301270189222
      vertex 21.067912333599423 -20.817912333599423 53.978027634630834
    endloop
  endfacet
  facet normal 0.5658164416075021 0.006555996428044427 0.8245051687633373
    outer loop
      vertex 21.067912333599423 -20.817912333599423 53.978027634630834
      vertex 29.24280385743289 -28.992803857432886 48.43301270189222
      vertex 21.076399910986293 -20.61278431598987 53.970571975626456
    endloop
  endfacet
  facet normal 0.5837015350252405 0.022913737312989527 -0.8116449215337511
    outer loop
      vertex 21.24136693460122 -20.72462717441658 42.04610486934226
      vertex 21.04930142515643 -16.979772988694947 42.01370113354169
      vertex 28.408045784109774 -25.09054412232537 47.07682934390741
    endloop
  endfacet
  facet normal -0.032502594626758946 -0.5412427174814034 -0.8402380032561454
    outer loop
      vertex 15.640677017212994 -20.67126511238646 66.12104000420341
      vertex 20.62910656420401 -20.789616444684068 66.00431104609915
      vertex 29.260641150451036 -29.42115103093109 71.23045881472461
    endloop
  endfacet
  facet normal 0.3217563919971243 -0.23376970244347603 -0.9175099729313473
    outer loop
      vertex 20.62910656420401 -20.789616444684068 66.00431104609915
      vertex 20.801852315610276 -20.55185231561028 66.00431104609915
      vertex 29.260641150451036 -29.42115103093109 71.23045881472461
    endloop
  endfacet
  facet normal 0.48060018426506146 -0.04951479339536824 -0.8755408317830774
    outer loop
      vertex 20.801852315610276 -20.55185231561028 66.00431104609915
      vertex 20.809486577942064 -20.294996737577918 65.99397557953169
      vertex 29.8162061373848 -27.990513561299064 71.37313419158362
    endloop
  endfacet
  facet normal 0.48060018426503925 -0.04951479339540257 -0.8755408317830876
    outer loop
      vertex 20.809486577942064 -20.294996737577918 65.99397557953169
      vertex 20.974851454222687 -14.731277672483237 65.77010022970066
      vertex 29.610053858084385 -25.906640892035774 71.14212343713666
    endloop
  endfacet
  facet normal 0.358696116026178 -0.2606079829233633 -0.896337311275365
    outer loop
      vertex 21.083041266289438 -21.24355114676949 42.048537708867514
      vertex 29.24280385743289 -28.992803857432886 47.56698729810778
      vertex 29.070058106026625 -29.230567986506674 47.56698729810778
    endloop
  endfacet
  facet normal 0.35340012125965475 -0.2567602174973907 0.8995457436975364
    outer loop
      vertex 20.89516658219316 -21.055676462673212 53.978027634630834
      vertex 29.070058106026625 -29.230567986506674 48.43301270189222
      vertex 29.24280385743289 -28.992803857432886 48.43301270189222
    endloop
  endfacet
  facet normal 0.5837015350252404 0.022913737312988708 -0.8116449215337513
    outer loop
      vertex 21.255787017695702 -21.005787017695702 42.048537708867514
      vertex 28.872554231285065 -27.261990758131457 47.34958203412081
      vertex 29.24280385743289 -28.992803857432886 47.56698729810778
    endloop
  endfacet
  facet normal 0.583701535025241 0.022913737312990977 -0.8116449215337507
    outer loop
      vertex 21.255787017695702 -21.005787017695702 42.048537708867514
      vertex 28.408045784109774 -25.09054412232537 47.07682934390741
      vertex 28.872554231285065 -27.261990758131457 47.34958203412081
    endloop
  endfacet
  facet normal 0.32501871555247674 -0.23613991924655325 -0.915751479976336
    outer loop
      vertex 20.89516658219316 -21.055676462673212 53.978027634630834
      vertex 21.067912333599423 -20.817912333599423 53.978027634630834
      vertex 30.18850277981082 -29.938502779810815 59.56698729810778
    endloop
  endfacet
  facet normal 0.3250187155524775 -0.23613991924655298 -0.9157514799763357
    outer loop
      vertex 20.89516658219316 -21.055676462673212 53.978027634630834
      vertex 30.18850277981082 -29.938502779810815 59.56698729810778
      vertex 30.015757028404554 -30.176266908884603 59.56698729810778
    endloop
  endfacet
  facet normal 0.3163912367663557 -0.22987168899897195 0.9203562309748416
    outer loop
      vertex 20.801852315610276 -20.55185231561028 66.00431104609915
      vertex 30.015757028404554 -30.176266908884603 60.43301270189222
      vertex 30.18850277981082 -29.938502779810815 60.43301270189222
    endloop
  endfacet
  facet normal 0.7329996781371357 -0.5325554391808739 -0.42319756148839266
    outer loop
      vertex 29.147312354620365 -29.468332115580463 48
      vertex 29.070058106026625 -29.230567986506674 47.56698729810778
      vertex 29.24280385743289 -28.992803857432886 47.56698729810778
    endloop
  endfacet
  facet normal 0.7329996781371357 -0.5325554391808739 0.42319756148839266
    outer loop
      vertex 29.147312354620365 -29.468332115580463 48
      vertex 29.24280385743289 -28.992803857432886 48.43301270189222
      vertex 29.070058106026625 -29.230567986506674 48.43301270189222
    endloop
  endfacet
  facet normal 0.7329996781371398 -0.5325554391808713 -0.423197561488389
    outer loop
      vertex 29.147312354620365 -29.468332115580463 48
      vertex 29.24280385743289 -28.992803857432886 47.56698729810778
      vertex 29.49280385743289 -28.992803857432886 48
    endloop
  endfacet
  facet normal 0.7329996781371398 -0.5325554391808713 0.423197561488389
    outer loop
      vertex 29.147312354620365 -29.468332115580463 48
      vertex 29.49280385743289 -28.992803857432886 48
      vertex 29.24280385743289 -28.992803857432886 48.43301270189222
    endloop
  endfacet
  facet normal 0.8659818069060309 0.010033949555642081 -0.4999748293305181
    outer loop
      vertex 29.24280385743289 -28.992803857432886 47.56698729810778
      vertex 29.452518025772445 -25.515927967180176 48
      vertex 29.49280385743289 -28.992803857432886 48
    endloop
  endfacet
  facet normal 0.8659818069060309 0.010033949555642081 0.4999748293305181
    outer loop
      vertex 29.24280385743289 -28.992803857432886 48.43301270189222
      vertex 29.49280385743289 -28.992803857432886 48
      vertex 29.452518025772445 -25.515927967180176 48
    endloop
  endfacet
  facet normal 0.7329996781371357 -0.5325554391808739 -0.42319756148839266
    outer loop
      vertex 30.093011276998293 -30.41403103795839 60
      vertex 30.015757028404554 -30.176266908884603 59.56698729810778
      vertex 30.18850277981082 -29.938502779810815 59.56698729810778
    endloop
  endfacet
  facet normal 0.7329996781371357 -0.5325554391808739 0.42319756148839266
    outer loop
      vertex 30.093011276998293 -30.41403103795839 60
      vertex 30.18850277981082 -29.938502779810815 60.43301270189222
      vertex 30.015757028404554 -30.176266908884603 60.43301270189222
    endloop
  endfacet
  facet normal 0.7329996781371398 -0.5325554391808713 -0.423197561488389
    outer loop
      vertex 30.093011276998293 -30.41403103795839 60
      vertex 30.18850277981082 -29.938502779810815 59.56698729810778
      vertex 30.43850277981082 -29.938502779810815 60
    endloop
  endfacet
  facet normal 0.7329996781371398 -0.5325554391808713 0.423197561488389
    outer loop
      vertex 30.093011276998293 -30.41403103795839 60
      vertex 30.43850277981082 -29.938502779810815 60
      vertex 30.18850277981082 -29.938502779810815 60.43301270189222
    endloop
  endfacet
  facet normal 0.5274279931560817 0.006111197527889779 -0.8495777570653102
    outer loop
      vertex 29.24280385743289 -28.992803857432886 47.56698729810778
      vertex 28.872554231285065 -27.261990758131457 47.34958203412081
      vertex 29.202518025772445 -25.515927967180176 47.56698729810778
    endloop
  endfacet
  facet normal 0.5274279931560787 0.006111197527890571 -0.8495777570653121
    outer loop
      vertex 28.872554231285065 -27.261990758131457 47.34958203412081
      vertex 28.408045784109774 -25.09054412232537 47.07682934390741
      vertex 29.202518025772445 -25.515927967180176 47.56698729810778
    endloop
  endfacet
  facet normal 0.8659818069060309 0.010033949555642078 -0.4999748293305181
    outer loop
      vertex 29.24280385743289 -28.992803857432886 47.56698729810778
      vertex 29.202518025772445 -25.515927967180176 47.56698729810778
      vertex 29.452518025772445 -25.515927967180176 48
    endloop
  endfacet
  facet normal 0.8659818069060309 0.010033949555642078 0.4999748293305181
    outer loop
      vertex 29.24280385743289 -28.992803857432886 48.43301270189222
      vertex 29.452518025772445 -25.515927967180176 48
      vertex 29.202518025772445 -25.515927967180176 48.43301270189222
    endloop
  endfacet
  facet normal 0.31639123676635594 -0.22987168899897242 0.9203562309748413
    outer loop
      vertex 20.62910656420401 -20.789616444684068 66.00431104609915
      vertex 30.015757028404554 -30.176266908884603 60.43301270189222
      vertex 20.801852315610276 -20.55185231561028 66.00431104609915
    endloop
  endfacet
  facet normal 0.32175639199712397 -0.233769702443476 -0.9175099729313473
    outer loop
      vertex 20.801852315610276 -20.55185231561028 66.00431104609915
      vertex 29.4333869018573 -29.1833869018573 71.23045881472461
      vertex 29.260641150451036 -29.42115103093109 71.23045881472461
    endloop
  endfacet
  facet normal 0.48060018426504086 -0.04951479339539944 -0.8755408317830868
    outer loop
      vertex 20.801852315610276 -20.55185231561028 66.00431104609915
      vertex 29.8162061373848 -27.990513561299064 71.37313419158362
      vertex 29.4333869018573 -29.1833869018573 71.23045881472461
    endloop
  endfacet
  facet normal 0.48060018426504153 -0.04951479339539801 -0.8755408317830865
    outer loop
      vertex 20.809486577942064 -20.294996737577918 65.99397557953169
      vertex 29.610053858084385 -25.906640892035774 71.14212343713666
      vertex 29.8162061373848 -27.990513561299064 71.37313419158362
    endloop
  endfacet
  facet normal 0.3875521530398934 -0.2815731210035265 0.8777926328025751
    outer loop
      vertex 29.989199208010845 -29.739199208010845 72.43301270189222
      vertex 22.534314650992957 -22.284314650992957 78.11573489135786
      vertex 22.361568899586693 -22.522078780066746 78.11573489135786
    endloop
  endfacet
  facet normal 0.5553123453323064 -0.40345803521032275 -0.7272206081690474
    outer loop
      vertex 22.361568899586693 -22.522078780066746 78.11573489135786
      vertex 26.6690513626924 -26.419051362692397 83.56698729810778
      vertex 26.496305611286136 -26.656815491766185 83.56698729810778
    endloop
  endfacet
  facet normal 0.3875521530398935 -0.2815731210035265 0.8777926328025749
    outer loop
      vertex 29.81645345660458 -29.976963337084634 72.43301270189222
      vertex 29.989199208010845 -29.739199208010845 72.43301270189222
      vertex 22.361568899586693 -22.522078780066746 78.11573489135786
    endloop
  endfacet
  facet normal 0.010223940185695564 -0.8926015113917597 0.45073053247835965
    outer loop
      vertex 25.222721398847124 -26.691396955615875 84.43301270189222
      vertex 26.007348136392395 -26.809414436120978 84.18149976870147
      vertex 26.482611166507514 -26.803630927467612 84.1821726935444
    endloop
  endfacet
  facet normal 0.010223940185695701 -0.8926015113917677 0.4507305324783436
    outer loop
      vertex 26.007348136392395 -26.809414436120978 84.18149976870147
      vertex 26.573559859879875 -26.894579620839973 84
      vertex 26.482611166507514 -26.803630927467612 84.1821726935444
    endloop
  endfacet
  facet normal 0.13338436315098168 -0.8584866863994327 0.4951860467962815
    outer loop
      vertex 26.573559859879875 -26.894579620839973 84
      vertex 26.496305611286136 -26.656815491766185 84.43301270189222
      vertex 26.482611166507514 -26.803630927467612 84.1821726935444
    endloop
  endfacet
  facet normal 0.732999678137138 -0.5325554391808754 -0.423197561488387
    outer loop
      vertex 26.573559859879875 -26.894579620839973 84
      vertex 26.496305611286136 -26.656815491766185 83.56698729810778
      vertex 26.6690513626924 -26.419051362692397 83.56698729810778
    endloop
  endfacet
  facet normal 0.7329996781371418 -0.5325554391808728 -0.4231975614883832
    outer loop
      vertex 26.573559859879875 -26.894579620839973 84
      vertex 26.6690513626924 -26.419051362692397 83.56698729810778
      vertex 26.9190513626924 -26.419051362692397 84
    endloop
  endfacet
  facet normal 0.7329996781371418 -0.5325554391808728 0.4231975614883832
    outer loop
      vertex 26.573559859879875 -26.894579620839973 84
      vertex 26.9190513626924 -26.419051362692397 84
      vertex 26.6690513626924 -26.419051362692397 84.43301270189222
    endloop
  endfacet
  facet normal 0.8581843658306011 -0.1342614079271384 0.4954729746266204
    outer loop
      vertex 26.6690513626924 -26.419051362692397 84.43301270189222
      vertex 26.9190513626924 -26.419051362692397 84
      vertex 26.82810266932004 -26.328102669320035 84.1821726935444
    endloop
  endfacet
  facet normal 0.3217563919971337 -0.23376970244348283 -0.9175099729313422
    outer loop
      vertex 29.260641150451036 -29.42115103093109 71.23045881472461
      vertex 29.4333869018573 -29.1833869018573 71.23045881472461
      vertex 29.81645345660458 -29.976963337084634 71.56698729810778
    endloop
  endfacet
  facet normal 0.732999678137138 -0.5325554391808754 -0.423197561488387
    outer loop
      vertex 29.89370770519832 -30.214727466158422 72
      vertex 29.81645345660458 -29.976963337084634 71.56698729810778
      vertex 29.989199208010845 -29.739199208010845 71.56698729810778
    endloop
  endfacet
  facet normal 0.732999678137138 -0.5325554391808754 0.423197561488387
    outer loop
      vertex 29.89370770519832 -30.214727466158422 72
      vertex 29.989199208010845 -29.739199208010845 72.43301270189222
      vertex 29.81645345660458 -29.976963337084634 72.43301270189222
    endloop
  endfacet
  facet normal 0.7329996781371418 -0.5325554391808728 -0.4231975614883832
    outer loop
      vertex 29.89370770519832 -30.214727466158422 72
      vertex 29.989199208010845 -29.739199208010845 71.56698729810778
      vertex 30.239199208010845 -29.739199208010845 72
    endloop
  endfacet
  facet normal 0.7329996781371418 -0.5325554391808728 0.4231975614883832
    outer loop
      vertex 29.89370770519832 -30.214727466158422 72
      vertex 30.239199208010845 -29.739199208010845 72
      vertex 29.989199208010845 -29.739199208010845 72.43301270189222
    endloop
  endfacet
  facet normal 0.3217563919971336 -0.23376970244348286 -0.9175099729313422
    outer loop
      vertex 29.4333869018573 -29.1833869018573 71.23045881472461
      vertex 29.989199208010845 -29.739199208010845 71.56698729810778
      vertex 29.81645345660458 -29.976963337084634 71.56698729810778
    endloop
  endfacet
  facet normal 0.48060018426505174 -0.049514793395403794 -0.8755408317830807
    outer loop
      vertex 29.4333869018573 -29.1833869018573 71.23045881472461
      vertex 29.8162061373848 -27.990513561299064 71.37313419158362
      vertex 29.989199208010845 -29.739199208010845 71.56698729810778
    endloop
  endfacet
  facet normal 0.8656295600089424 0.030231657551398904 -0.49977145948965473
    outer loop
      vertex 29.989199208010845 -29.739199208010845 71.56698729810778
      vertex 30.0662061373848 -27.990513561299064 71.80614689347584
      vertex 30.239199208010845 -29.739199208010845 72
    endloop
  endfacet
  facet normal 0.8656295600089424 0.030231657551398897 -0.49977145948965473
    outer loop
      vertex 29.989199208010845 -29.739199208010845 71.56698729810778
      vertex 29.8162061373848 -27.990513561299064 71.37313419158362
      vertex 30.0662061373848 -27.990513561299064 71.80614689347584
    endloop
  endfacet
  facet normal 0.8652959691525781 0.04103471324467681 0.4995788607189336
    outer loop
      vertex 29.989199208010845 -29.739199208010845 72.43301270189222
      vertex 30.239199208010845 -29.739199208010845 72
      vertex 29.82941094740525 -26.36975595162696 72.43301270189222
    endloop
  endfacet
  facet normal 0.9060599413259195 0.042967852850637575 -0.42096216735696973
    outer loop
      vertex 30.239199208010845 -29.739199208010845 72
      vertex 30.0662061373848 -27.990513561299064 71.80614689347584
      vertex 30.07941094740525 -26.36975595162696 72
    endloop
  endfacet
  facet normal 0.8656295600089422 0.030231657551403796 -0.4997714594896546
    outer loop
      vertex 29.8162061373848 -27.990513561299064 71.37313419158362
      vertex 29.610053858084385 -25.906640892035774 71.14212343713666
      vertex 30.0662061373848 -27.990513561299064 71.80614689347584
    endloop
  endfacet
  facet normal 0.8652959691525781 0.04103471324467681 0.4995788607189336
    outer loop
      vertex 30.239199208010845 -29.739199208010845 72
      vertex 30.07941094740525 -26.36975595162696 72
      vertex 29.82941094740525 -26.36975595162696 72.43301270189222
    endloop
  endfacet
  facet normal 0.8656295600089423 0.030231657551403796 -0.4997714594896546
    outer loop
      vertex 30.0662061373848 -27.990513561299064 71.80614689347584
      vertex 29.610053858084385 -25.906640892035774 71.14212343713666
      vertex 29.860053858084385 -25.906640892035774 71.57513613902888
    endloop
  endfacet
  facet normal 0.9060599413259122 0.04296785285063947 -0.42096216735698505
    outer loop
      vertex 30.0662061373848 -27.990513561299064 71.80614689347584
      vertex 29.860053858084385 -25.906640892035774 71.57513613902888
      vertex 30.07941094740525 -26.36975595162696 72
    endloop
  endfacet
  facet normal 0.35869611602617785 -0.2606079829233651 -0.8963373112753646
    outer loop
      vertex 21.083041266289438 -21.24355114676949 42.048537708867514
      vertex 21.255787017695702 -21.005787017695702 42.048537708867514
      vertex 29.24280385743289 -28.992803857432886 47.56698729810778
    endloop
  endfacet
  facet normal 0.5658164416075149 0.00655599642806264 0.8245051687633286
    outer loop
      vertex 21.076399910986293 -20.61278431598987 53.970571975626456
      vertex 29.24280385743289 -28.992803857432886 48.43301270189222
      vertex 21.305738581131237 -15.070120653112925 53.7691162665139
    endloop
  endfacet
  facet normal 0.5658164416075153 0.006555996428062111 0.8245051687633284
    outer loop
      vertex 29.24280385743289 -28.992803857432886 48.43301270189222
      vertex 29.202518025772445 -25.515927967180176 48.43301270189222
      vertex 24.048908085953112 1.1832982251907957 51.75737901258938
    endloop
  endfacet
  facet normal 0.4836420217990171 -0.05176869043333035 -0.8737335963787687
    outer loop
      vertex 21.067912333599423 -20.817912333599423 53.978027634630834
      vertex 27.486076196387362 -0.02575885081160902 56.29877070568517
      vertex 30.18850277981082 -29.938502779810815 59.56698729810778
    endloop
  endfacet
  facet normal 0.8657841145180392 0.023604153538809392 -0.49986069157709434
    outer loop
      vertex 30.18850277981082 -29.938502779810815 59.56698729810778
      vertex 27.736076196387362 -0.02575885081160902 56.73178340757739
      vertex 30.43850277981082 -29.938502779810815 60
    endloop
  endfacet
  facet normal 0.5240644488178788 0.018685720267707248 0.8514736034330659
    outer loop
      vertex 20.801852315610276 -20.55185231561028 66.00431104609915
      vertex 30.18850277981082 -29.938502779810815 60.43301270189222
      vertex 20.809486577942064 -20.294996737577918 65.99397557953169
    endloop
  endfacet
  facet normal 0.524064448817899 0.018685720267734414 0.8514736034330528
    outer loop
      vertex 20.809486577942064 -20.294996737577918 65.99397557953169
      vertex 30.18850277981082 -29.938502779810815 60.43301270189222
      vertex 20.974851454222687 -14.731277672483237 65.77010022970066
    endloop
  endfacet
  facet normal 0.5553123453323069 -0.4034580352103228 -0.727220608169047
    outer loop
      vertex 22.361568899586693 -22.522078780066746 78.11573489135786
      vertex 22.534314650992957 -22.284314650992957 78.11573489135786
      vertex 26.6690513626924 -26.419051362692397 83.56698729810778
    endloop
  endfacet
  facet normal 0.8057704105454052 0.025710899516948518 -0.5916696672430644
    outer loop
      vertex 22.534314650992957 -22.284314650992957 78.11573489135786
      vertex 22.41355926663944 -19.07705157487268 78.09065417863398
      vertex 26.6690513626924 -26.419051362692397 83.56698729810778
    endloop
  endfacet
  facet normal 0.624530863191656 0.02961697014331185 0.7804383614358121
    outer loop
      vertex 29.989199208010845 -29.739199208010845 72.43301270189222
      vertex 24.50458137325259 0.6752512306615313 75.6677707107195
      vertex 22.534314650992957 -22.284314650992957 78.11573489135786
    endloop
  endfacet
  facet normal 0.6245308631916564 0.02961697014331198 0.7804383614358118
    outer loop
      vertex 29.989199208010845 -29.739199208010845 72.43301270189222
      vertex 29.82941094740525 -26.36975595162696 72.43301270189222
      vertex 24.50458137325259 0.6752512306615313 75.6677707107195
    endloop
  endfacet
  facet normal 0.642128106527469 -0.009549260923943146 -0.7665378701820634
    outer loop
      vertex 21.404356546823323 -21.154356546823323 18.060267486045372
      vertex 21.7845487186 18.62170667460561 17.883237841290928
      vertex 27.881655724690518 -27.631655724690518 23.56698729810778
    endloop
  endfacet
  facet normal 0.6421281065274695 -0.009549260923943105 -0.766537870182063
    outer loop
      vertex 21.404356546823323 -21.154356546823323 18.060267486045372
      vertex 21.264272530929134 -16.363614799097647 17.883237841290928
      vertex 21.73775685385898 15.475246257789117 17.883237841290928
    endloop
  endfacet
  facet normal 0.8242930348540932 -0.012258284892991108 0.5660306768563971
    outer loop
      vertex 21.264272530929134 -16.363614799097647 17.883237841290928
      vertex 22.872243666082284 -0.9812027923458153 15.874729354530116
      vertex 21.73775685385898 15.475246257789117 17.883237841290928
    endloop
  endfacet
  facet normal 0.5593631116492692 0.021958310255863252 0.8286318494583431
    outer loop
      vertex 21.04930142515643 -16.979772988694947 42.01370113354169
      vertex 23.559107447319608 0.055234438806607875 39.86805239259661
      vertex 19.78534138106123 15.218179177349048 42.01370113354169
    endloop
  endfacet
  facet normal 0.8649577000808109 0.04964107265716209 0.49938356097929437
    outer loop
      vertex 24.87840676171291 -23.653811409161687 5.913048557693854
      vertex 25.178281812149443 -0.18176690871382692 3.060418211587726
      vertex 24.6736182800839 -20.114981587901518 5.915976298830334
    endloop
  endfacet
  facet normal 0.572737497543165 0.04698872272350114 0.8183909938683387
    outer loop
      vertex 21.264272530929134 -16.363614799097647 17.883237841290928
      vertex 30.16385320401119 -29.913853204011193 12.433012701892219
      vertex 22.872243666082284 -0.9812027923458153 15.874729354530116
    endloop
  endfacet
  facet normal 0.753723483174868 0.04415968952142731 -0.6557063616681751
    outer loop
      vertex 30.034621697739276 -29.105016714036527 11.47291035089717
      vertex 24.6736182800839 -20.114981587901518 5.915976298830334
      vertex 22.401179296652494 18.671310717509492 5.9159762988303335
    endloop
  endfacet
  facet normal 0 0 -1
    outer loop
      vertex 24.797745751406264 -24.85305368692688 -0.4330127018922193
      vertex 25.25 25 -0.4330127018922193
      vertex 25.077254248593736 -24.76223587092621 -0.4330127018922193
    endloop
  endfacet
  facet normal 0 0 -1
    outer loop
      vertex 25.25 -25 -0.4330127018922193
      vertex 25.077254248593736 -24.76223587092621 -0.4330127018922193
      vertex 25.25 25 -0.4330127018922193
    endloop
  endfacet
  facet normal 0.8660254037844386 0 -0.5
    outer loop
      vertex 25.25 -25 -0.4330127018922193
      vertex 25.25 25 -0.4330127018922193
      vertex 25.5 -25 0
    endloop
  endfacet
  facet normal 0.8294912303908162 0.06805339897179025 -0.554358217755556
    outer loop
      vertex 30.034621697739276 -29.105016714036527 11.47291035089717
      vertex 25.62761217425465 25.37761217425465 11.566987298107781
      vertex 30.103683393635357 -29.180453685469608 11.566987298107781
    endloop
  endfacet
  facet normal 0.8638477069016158 0.07087208459207438 -0.49874270611848953
    outer loop
      vertex 30.103683393635357 -29.180453685469608 11.566987298107781
      vertex 25.62761217425465 25.37761217425465 11.566987298107781
      vertex 30.353683393635357 -29.180453685469608 12
    endloop
  endfacet
  facet normal 0.8638477069016158 0.07087208459207438 0.49874270611848953
    outer loop
      vertex 30.103683393635357 -29.180453685469608 12.433012701892219
      vertex 30.353683393635357 -29.180453685469608 12
      vertex 25.87761217425465 25.37761217425465 12
    endloop
  endfacet
  facet normal 0.5082378961573851 0.03351277955846858 0.8605644278703254
    outer loop
      vertex 31.030126923298898 -25.03914047009782 36.43301270189222
      vertex 23.559107447319608 0.055234438806607875 39.86805239259661
      vertex 21.04930142515643 -16.979772988694947 42.01370113354169
    endloop
  endfacet
  facet normal 0.8561987247926135 0.007819325381783633 0.5165874580495312
    outer loop
      vertex 27.804547933315618 -27.538047697284558 24.55939525339396
      vertex 25.84532262483551 -0.7541289302877255 27.401225832104824
      vertex 25.73385074573241 -2.5608815768635638 27.61332867327713
    endloop
  endfacet
  facet normal 0.6393430168267912 -0.0007831298211524715 -0.7689212531478765
    outer loop
      vertex 30.62420272185556 -24.91874339111192 34.886104691185125
      vertex 24.562364217380157 -21.54850789623971 29.8423717562306
      vertex 24.694436781533184 20.889529271178763 29.908965284422255
    endloop
  endfacet
  facet normal 0.8659983186532847 0.00790882120884693 0.4999843623922358
    outer loop
      vertex 28.131655724690518 -27.631655724690518 24
      vertex 27.405284261249935 24.529959198716625 24.43301270189222
      vertex 27.881655724690518 -27.631655724690518 24.43301270189222
    endloop
  endfacet
  facet normal 0.8659983186532846 0.007908821208846928 -0.4999843623922358
    outer loop
      vertex 27.881655724690518 -27.631655724690518 23.56698729810778
      vertex 27.6315251848131 27.1315251848131 24
      vertex 28.131655724690518 -27.631655724690518 24
    endloop
  endfacet
  facet normal 0.8646168023539365 0.05701210499829106 -0.4991867435849213
    outer loop
      vertex 31.030126923298898 -25.03914047009782 35.56698729810778
      vertex 27.722500316033024 25.122654830053662 35.56698729810778
      vertex 31.280126923298898 -25.03914047009782 36
    endloop
  endfacet
  facet normal 0.8646168023539365 0.05701210499829106 0.4991867435849213
    outer loop
      vertex 31.280126923298898 -25.03914047009782 36
      vertex 27.722500316033024 25.122654830053662 36.43301270189222
      vertex 31.030126923298898 -25.03914047009782 36.43301270189222
    endloop
  endfacet
  facet normal 0.8649577000808101 0.04964107265716229 0.49938356097929554
    outer loop
      vertex 24.6736182800839 -20.114981587901518 5.915976298830334
      vertex 25.178281812149443 -0.18176690871382692 3.060418211587726
      vertex 24.928281812149443 -0.18176690871382692 3.493430913479945
    endloop
  endfacet
  facet normal 0.8612246903008405 0.05045804699048899 0.5057133756488223
    outer loop
      vertex 24.6736182800839 -20.114981587901518 5.915976298830334
      vertex 24.928281812149443 -0.18176690871382692 3.493430913479945
      vertex 22.401179296652494 18.671310717509492 5.9159762988303335
    endloop
  endfacet
  facet normal 0.5727374975431646 0.04698872272350096 0.8183909938683388
    outer loop
      vertex 30.103683393635357 -29.180453685469608 12.433012701892219
      vertex 25.62761217425465 25.37761217425465 12.433012701892219
      vertex 22.872243666082284 -0.9812027923458153 15.874729354530116
    endloop
  endfacet
  facet normal 0.8889847928693082 -0.0010889154702937724 0.4579354237337526
    outer loop
      vertex 24.562364217380157 -21.54850789623971 29.8423717562306
      vertex 25.73385074573241 -2.5608815768635638 27.61332867327713
      vertex 24.612290740706143 19.21123995238115 29.8423717562306
    endloop
  endfacet
  facet normal 0.8561987247926084 0.007819325381783513 0.5165874580495395
    outer loop
      vertex 27.881655724690518 -27.631655724690518 24.43301270189222
      vertex 27.405284261249935 24.529959198716625 24.43301270189222
      vertex 25.84532262483551 -0.7541289302877255 27.401225832104824
    endloop
  endfacet
  facet normal 0.8619394464650734 0.056835562402035564 -0.5038155510441569
    outer loop
      vertex 30.62420272185556 -24.91874339111192 34.886104691185125
      vertex 27.065633987153543 26.18485374811559 34.56303192996411
      vertex 31.030126923298898 -25.03914047009782 35.56698729810778
    endloop
  endfacet
  facet normal 0.4836420217990006 -0.051768690433324174 -0.8737335963787782
    outer loop
      vertex 21.067912333599423 -20.817912333599423 53.978027634630834
      vertex 21.076399910986293 -20.61278431598987 53.970571975626456
      vertex 27.486076196387362 -0.02575885081160902 56.29877070568517
    endloop
  endfacet
  facet normal 0.5837015350252407 0.022913737312989665 -0.8116449215337511
    outer loop
      vertex 21.04930142515643 -16.979772988694947 42.01370113354169
      vertex 19.78534138106123 15.218179177349048 42.01370113354169
      vertex 28.408045784109774 -25.09054412232537 47.07682934390741
    endloop
  endfacet
  facet normal 0.6245308631916443 0.029616970143313836 0.7804383614358213
    outer loop
      vertex 22.534314650992957 -22.284314650992957 78.11573489135786
      vertex 24.50458137325259 0.6752512306615313 75.6677707107195
      vertex 22.41355926663944 -19.07705157487268 78.09065417863398
    endloop
  endfacet
  facet normal 0.8057704105454065 0.025710899516950773 -0.5916696672430625
    outer loop
      vertex 22.41355926663944 -19.07705157487268 78.09065417863398
      vertex 21.28092410311918 16.41933003193154 78.09065417863398
      vertex 26.6690513626924 -26.419051362692397 83.56698729810778
    endloop
  endfacet
  facet normal 0.4836420217990294 -0.05176869043333129 -0.8737335963787619
    outer loop
      vertex 21.076399910986293 -20.61278431598987 53.970571975626456
      vertex 21.305738581131237 -15.070120653112925 53.7691162665139
      vertex 25.147176635946416 20.817997278692822 53.769116266513905
    endloop
  endfacet
  facet normal 0.6648212576232999 0.021213427953895164 0.7467012025479929
    outer loop
      vertex 22.41355926663944 -19.07705157487268 78.09065417863398
      vertex 24.50458137325259 0.6752512306615313 75.6677707107195
      vertex 21.28092410311918 16.41933003193154 78.09065417863398
    endloop
  endfacet
  facet normal 0.5658164416075139 0.00655599642806173 0.8245051687633294
    outer loop
      vertex 29.24280385743289 -28.992803857432886 48.43301270189222
      vertex 24.048908085953112 1.1832982251907957 51.75737901258938
      vertex 21.305738581131237 -15.070120653112925 53.7691162665139
    endloop
  endfacet
  facet normal 0.8656128298808449 0.030863759668870137 0.4997618003457023
    outer loop
      vertex 30.18850277981082 -29.938502779810815 60.43301270189222
      vertex 30.43850277981082 -29.938502779810815 60
      vertex 28.12706633983418 27.87706633983418 60.43301270189222
    endloop
  endfacet
  facet normal 0.8657841145180389 0.023604153538809312 -0.49986069157709495
    outer loop
      vertex 30.18850277981082 -29.938502779810815 59.56698729810778
      vertex 27.486076196387362 -0.02575885081160902 56.29877070568517
      vertex 27.736076196387362 -0.02575885081160902 56.73178340757739
    endloop
  endfacet
  facet normal 0.8656295600089424 0.030231657551401003 -0.4997714594896548
    outer loop
      vertex 29.610053858084385 -25.906640892035774 71.14212343713666
      vertex 24.8382594723825 22.328634203893085 65.794931425253
      vertex 29.860053858084385 -25.906640892035774 71.57513613902888
    endloop
  endfacet
  facet normal 0.8652959691525782 0.04103471324467596 0.49957886071893365
    outer loop
      vertex 29.82941094740525 -26.36975595162696 72.43301270189222
      vertex 30.07941094740525 -26.36975595162696 72
      vertex 27.296275895739853 27.046275895739853 72.43301270189222
    endloop
  endfacet
  facet normal 0.9060599413259111 0.04296785285063628 -0.420962167356988
    outer loop
      vertex 30.07941094740525 -26.36975595162696 72
      vertex 29.860053858084385 -25.906640892035774 71.57513613902888
      vertex 27.546275895739853 27.046275895739853 72
    endloop
  endfacet
  facet normal 0.5658164416075147 0.006555996428061905 0.8245051687633287
    outer loop
      vertex 29.202518025772445 -25.515927967180176 48.43301270189222
      vertex 24.343254175926923 2.927313783516965 51.54151667024908
      vertex 24.048908085953112 1.1832982251907957 51.75737901258938
    endloop
  endfacet
  facet normal 0.5240644488178977 0.018685720267733255 0.8514736034330537
    outer loop
      vertex 30.18850277981082 -29.938502779810815 60.43301270189222
      vertex 28.11876313856988 27.61876313856988 60.44379165489802
      vertex 20.974851454222687 -14.731277672483237 65.77010022970066
    endloop
  endfacet
  facet normal 0.5274279931560782 0.0061111975278892415 -0.8495777570653124
    outer loop
      vertex 28.408045784109774 -25.09054412232537 47.07682934390741
      vertex 28.57863239878901 28.32863239878901 47.56698729810778
      vertex 29.202518025772445 -25.515927967180176 47.56698729810778
    endloop
  endfacet
  facet normal 0.8659818069060309 0.010033949555641276 0.4999748293305182
    outer loop
      vertex 29.202518025772445 -25.515927967180176 48.43301270189222
      vertex 29.452518025772445 -25.515927967180176 48
      vertex 28.581955465063718 28.041834570966408 48.43301270189222
    endloop
  endfacet
  facet normal 0.8659818069060309 0.010033949555641264 -0.4999748293305181
    outer loop
      vertex 29.202518025772445 -25.515927967180176 47.56698729810778
      vertex 28.57863239878901 28.32863239878901 47.56698729810778
      vertex 29.452518025772445 -25.515927967180176 48
    endloop
  endfacet
  facet normal 0.893779427794635 0.03186805059281657 -0.44737317957439987
    outer loop
      vertex 30.43850277981082 -29.938502779810815 60
      vertex 27.736076196387362 -0.02575885081160902 56.73178340757739
      vertex 28.37706633983418 27.87706633983418 60
    endloop
  endfacet
  facet normal 0.48060018426503986 -0.04951479339540195 -0.8755408317830873
    outer loop
      vertex 29.610053858084385 -25.906640892035774 71.14212343713666
      vertex 20.974851454222687 -14.731277672483237 65.77010022970066
      vertex 24.8382594723825 22.328634203893085 65.794931425253
    endloop
  endfacet
  facet normal 0.8653318307026591 -0.04001371053007942 -0.49959956539452643
    outer loop
      vertex 26.6690513626924 -26.419051362692397 83.56698729810778
      vertex 29.23078906811203 28.98078906811203 83.56698729810778
      vertex 26.9190513626924 -26.419051362692397 84
    endloop
  endfacet
  facet normal 0.02289735432830032 -0.8432757244140151 0.5369932623215886
    outer loop
      vertex -27.816546820154244 -28.131565197821768 84.43301270189222
      vertex 25.222721398847124 -26.691396955615875 84.43301270189222
      vertex 23.745295956893866 -26.619479005568245 84.60894748895899
    endloop
  endfacet
  facet normal 0.02374548117088708 -0.8745109827466055 0.48442408402094267
    outer loop
      vertex -27.816546820154244 -28.131565197821768 84.43301270189222
      vertex 26.007348136392395 -26.809414436120978 84.18149976870147
      vertex 25.222721398847124 -26.691396955615875 84.43301270189222
    endloop
  endfacet
  facet normal 0.010223940185690594 -0.8926015113917704 0.45073053247833844
    outer loop
      vertex -21.52646792509885 -24.415745158173223 90
      vertex 23.745295956893866 -26.619479005568245 84.60894748895899
      vertex 21.222788344258625 -23.92609122693667 90
    endloop
  endfacet
  facet normal 0.050571629300568785 -0.8715959258484355 0.4876095285720886
    outer loop
      vertex -29.647458696596598 -30.27749545193165 108
      vertex 26.687798477299165 -27.008818238259266 108
      vertex 26.41166777672368 -26.782593293695136 108.43301270189222
    endloop
  endfacet
  facet normal 0.001275323404259031 -0.8764547840075912 -0.48148248684705125
    outer loop
      vertex -26.77043504376999 -27.085453421437514 119.56698729810778
      vertex 21.653633431472766 -23.843447565303794 113.79374471822528
      vertex 23.632854674715684 -23.953874435675782 114
    endloop
  endfacet
  facet normal 0.02657112794923409 -0.9501404035936609 -0.3106882498878586
    outer loop
      vertex -26.69318079517625 -27.323217550511302 120
      vertex 23.632854674715684 -23.953874435675782 114
      vertex 25.54143201728316 -25.862451778243262 120
    endloop
  endfacet
  facet normal 0.04165012501564012 -0.872637268175647 0.4865896271778977
    outer loop
      vertex -24.263927492213085 -24.893964247548137 126
      vertex 24.082392549950494 -25.834080102085913 120.17576897125552
      vertex 24.005138301356755 -25.596315973012125 120.60878167314775
    endloop
  endfacet
  facet normal 0.07754411008476421 -0.6571514553619028 0.7497592118186313
    outer loop
      vertex -22.048142958414836 -24.70078928498209 126.15677269820891
      vertex 24.005138301356755 -25.596315973012125 120.60878167314775
      vertex 15.310629741571477 -20.292440556173403 126.15677269820891
    endloop
  endfacet
  facet normal -0.06576915068439887 -0.6592314685704959 -0.749058268537662
    outer loop
      vertex -23.925052748636404 -25.729646348230244 95.55136446633195
      vertex 21.222788344258625 -23.92609122693667 90
      vertex 30.274443568340846 -30.4349534488209 94.93356429012447
    endloop
  endfacet
  facet normal 0.044495175220324285 -0.8723129731674232 -0.4869191475244358
    outer loop
      vertex -16.71983386598561 -28.809167731979425 106.55083869561813
      vertex 19.618873060844557 -24.435255939031038 102.03566840571038
      vertex 22.73438562298603 -24.327932787137794 102.12809832937374
    endloop
  endfacet
  facet normal 0.051916860957152054 -0.8947808310495099 -0.44347706133993475
    outer loop
      vertex -16.71983386598561 -28.809167731979425 106.55083869561813
      vertex 22.73438562298603 -24.327932787137794 102.12809832937374
      vertex 23.9570981969147 -24.278117957874798 102.17072972119266
    endloop
  endfacet
  facet normal -0.0009340905675698946 -0.6368683172968473 0.7709720318521898
    outer loop
      vertex -19.956740234193834 -24.37721064759372 102.03566840571038
      vertex 31.073939555385056 -31.23444943586511 96.43301270189222
      vertex 19.618873060844557 -24.435255939031038 102.03566840571038
    endloop
  endfacet
  facet normal -0.08776373153819277 -0.8796922725485913 -0.467374617458829
    outer loop
      vertex -25.21838667062601 -25.848423425961062 96
      vertex 31.073939555385056 -31.23444943586511 95.56698729810778
      vertex 31.151193803978796 -31.472213564938897 96
    endloop
  endfacet
  facet normal -0.06576915068439937 -0.659231468570501 -0.7490582685376576
    outer loop
      vertex -24.052109282343306 -25.73472197214744 95.56698729810778
      vertex 30.274443568340846 -30.4349534488209 94.93356429012447
      vertex 31.073939555385056 -31.23444943586511 95.56698729810778
    endloop
  endfacet
  facet normal -0.06646919268545944 -0.8795686720742514 0.4711059302633339
    outer loop
      vertex -19.956740234193834 -24.37721064759372 102.03566840571038
      vertex 31.151193803978796 -31.472213564938897 96
      vertex 31.073939555385056 -31.23444943586511 96.43301270189222
    endloop
  endfacet
  facet normal 0.051916860957148196 -0.8947808310494957 -0.4434770613399637
    outer loop
      vertex -16.71983386598561 -28.809167731979425 106.55083869561813
      vertex 23.9570981969147 -24.278117957874798 102.17072972119266
      vertex 26.687798477299165 -27.008818238259266 108
    endloop
  endfacet
  facet normal -0.09361936925164999 -0.9056909850621451 0.4134721916623712
    outer loop
      vertex -14.341105216840992 -20.12274725558182 113.79374471822528
      vertex 26.41166777672368 -26.782593293695136 108.43301270189222
      vertex 21.653633431472766 -23.843447565303794 113.79374471822528
    endloop
  endfacet
  facet normal 0.008077767128642638 -0.6239712573151732 -0.7814055411390025
    outer loop
      vertex -24.36435066610828 -27.197077483012855 131.26015310957038
      vertex 19.825303920061618 -19.985813800541667 125.95859417577773
      vertex 26.758989905149537 -26.919499785629586 131.5669872981078
    endloop
  endfacet
  facet normal 0.044912767071773545 -0.8722647601396625 -0.4869671770997033
    outer loop
      vertex -28.628688584999466 -29.258725340334518 144
      vertex 20.42965293323427 -23.298920268677673 137.84931425232648
      vertex 22.768773003366643 -23.27328087866335 138.01912450314111
    endloop
  endfacet
  facet normal 0.05164470730457265 -0.8920702492217211 -0.44893595830688526
    outer loop
      vertex -28.628688584999466 -29.258725340334518 144
      vertex 22.768773003366643 -23.27328087866335 138.01912450314111
      vertex 22.94924126584891 -23.270261026809013 138.03388453845292
    endloop
  endfacet
  facet normal 0.05164470730454162 -0.8920702492216285 -0.44893595830707284
    outer loop
      vertex -28.628688584999466 -29.258725340334518 144
      vertex 22.94924126584891 -23.270261026809013 138.03388453845292
      vertex 25.787390373879926 -26.10841013484003 144
    endloop
  endfacet
  facet normal 0.050460164199166754 -0.8716093788173425 0.48759702889439305
    outer loop
      vertex -28.628688584999466 -29.258725340334518 144
      vertex 25.787390373879926 -26.10841013484003 144
      vertex 25.710136125286187 -25.870646005766243 144.4330127018922
    endloop
  endfacet
  facet normal 0.008077767128644508 -0.6239712573151799 -0.7814055411389972
    outer loop
      vertex -24.36435066610828 -27.197077483012855 131.26015310957038
      vertex 15.310629741571477 -20.292440556173403 126.15677269820891
      vertex 19.825303920061618 -19.985813800541667 125.95859417577773
    endloop
  endfacet
  facet normal 0.0711708956381645 -0.6918201908871965 0.7185537746716417
    outer loop
      vertex -22.411838333804297 -24.84706434309421 150.18486959705268
      vertex 20.443183405764085 -20.60369328624414 150.02568804478105
      vertex 17.542057724224772 -20.736813436659318 150.18486959705268
    endloop
  endfacet
  facet normal 0.07117089563816391 -0.6918201908871903 0.7185537746716479
    outer loop
      vertex -22.411838333804297 -24.84706434309421 150.18486959705268
      vertex 22.615679265028263 -25.80482515502824 144.80288266729818
      vertex 20.443183405764085 -20.60369328624414 150.02568804478105
    endloop
  endfacet
  facet normal 0 -0.7671089127206283 -0.6415168867805239
    outer loop
      vertex -22.80797242548659 -25.23776412907379 155.5669872981078
      vertex 17.542057724224772 -20.736813436659318 150.18486959705268
      vertex 25.077254248593736 -25.23776412907379 155.5669872981078
    endloop
  endfacet
  facet normal 0.011335811498733589 -0.8756405626589786 -0.4828303060123012
    outer loop
      vertex -27.227117158713423 -27.857153914048475 132
      vertex 26.758989905149537 -26.919499785629586 131.5669872981078
      vertex 26.836244153743277 -27.157263914703375 132
    endloop
  endfacet
  facet normal 0.011335811498733589 -0.8756405626589786 0.4828303060123012
    outer loop
      vertex -27.227117158713423 -27.857153914048475 132
      vertex 26.836244153743277 -27.157263914703375 132
      vertex 26.758989905149537 -26.919499785629586 132.4330127018922
    endloop
  endfacet
  facet normal -0.02931284360026828 -0.8464929811041939 0.5315923157283231
    outer loop
      vertex -16.513259006921956 -22.019639962740925 137.84931425232648
      vertex 26.758989905149537 -26.919499785629586 132.4330127018922
      vertex 20.42965293323427 -23.298920268677673 137.84931425232648
    endloop
  endfacet
  facet normal 0.048210677177372305 -0.8327535007828478 0.5515408756746963
    outer loop
      vertex -2.6388517694304228 -27.387433118726097 144.6208757053569
      vertex 25.710136125286187 -25.870646005766243 144.4330127018922
      vertex 22.615679265028263 -25.80482515502824 144.80288266729818
    endloop
  endfacet
  facet normal 0 -0.8765515079563075 0.4813080654835563
    outer loop
      vertex -24.922745751406264 -25.23776412907379 156.4330127018922
      vertex 25.154508497187475 -25.475528258147577 156
      vertex 25.077254248593736 -25.23776412907379 156.4330127018922
    endloop
  endfacet
  facet normal 0 0 1
    outer loop
      vertex -24.922745751406264 -25.23776412907379 156.4330127018922
      vertex 25.077254248593736 -25.23776412907379 156.4330127018922
      vertex 25.25 -25 156.4330127018922
    endloop
  endfacet
  facet normal 0 -0.8765515079563075 -0.4813080654835562
    outer loop
      vertex -22.80797242548659 -25.23776412907379 155.5669872981078
      vertex 25.077254248593736 -25.23776412907379 155.5669872981078
      vertex 25.154508497187475 -25.475528258147577 156
    endloop
  endfacet
  facet normal 0 0 1
    outer loop
      vertex 25.25 -25 156.4330127018922
      vertex 0 -5.226251859505506 156.4330127018922
      vertex -3.6955181300451474 -3.6955181300451474 156.4330127018922
    endloop
  endfacet
  facet normal 0 0 1
    outer loop
      vertex 25.25 -25 156.4330127018922
      vertex 3.6955181300451474 -3.6955181300451474 156.4330127018922
      vertex 0 -5.226251859505506 156.4330127018922
    endloop
  endfacet
  facet normal 0 0 1
    outer loop
      vertex 25.25 -25 156.4330127018922
      vertex 5.226251859505506 0 156.4330127018922
      vertex 3.6955181300451474 -3.6955181300451474 156.4330127018922
    endloop
  endfacet
  facet normal 0 0 1
    outer loop
      vertex 25.25 -25 156.4330127018922
      vertex 3.6955181300451474 3.6955181300451474 156.4330127018922
      vertex 5.226251859505506 0 156.4330127018922
    endloop
  endfacet
  facet normal 0 0 1
    outer loop
      vertex 25.25 -25 156.4330127018922
      vertex 5.5 10.25 156.4330127018922
      vertex 3.6955181300451474 3.6955181300451474 156.4330127018922
    endloop
  endfacet
  facet normal 0 0 1
    outer loop
      vertex 25.25 -25 156.4330127018922
      vertex 5.5 13.75 156.4330127018922
      vertex 5.5 10.25 156.4330127018922
    endloop
  endfacet
  facet normal 0.010223940185690677 -0.8926015113917704 0.4507305324783385
    outer loop
      vertex 23.745295956893866 -26.619479005568245 84.60894748895899
      vertex 23.66056911790522 -23.981588878865317 89.83479927042801
      vertex 21.222788344258625 -23.92609122693667 90
    endloop
  endfacet
  facet normal 0.026013933650671426 -0.9302160399487376 0.36608932554515583
    outer loop
      vertex -1.6580918860931806 -26.588992686800278 120.08666355755217
      vertex 25.54143201728316 -25.862451778243262 120
      vertex 24.082392549950494 -25.834080102085913 120.17576897125552
    endloop
  endfacet
  facet normal 0.0775441100847627 -0.6571514553619042 0.7497592118186301
    outer loop
      vertex 15.310629741571477 -20.292440556173403 126.15677269820891
      vertex 24.005138301356755 -25.596315973012125 120.60878167314775
      vertex 19.825303920061618 -19.985813800541667 125.95859417577773
    endloop
  endfacet
  facet normal 0.464623793983237 -0.3375689458520251 0.8186402976038837
    outer loop
      vertex 19.825303920061618 -19.985813800541667 125.95859417577773
      vertex 25.43687104693197 -25.18687104693197 120.62904585836856
      vertex 19.998049671467882 -19.74804967146788 125.95859417577773
    endloop
  endfacet
  facet normal 0.07754411008476485 -0.6571514553619034 0.7497592118186308
    outer loop
      vertex 19.825303920061618 -19.985813800541667 125.95859417577773
      vertex 24.005138301356755 -25.596315973012125 120.60878167314775
      vertex 25.264125295525705 -25.424635176005758 120.62904585836856
    endloop
  endfacet
  facet normal 0.4646237939832372 -0.337568945852025 0.8186402976038835
    outer loop
      vertex 19.825303920061618 -19.985813800541667 125.95859417577773
      vertex 25.264125295525705 -25.424635176005758 120.62904585836856
      vertex 25.43687104693197 -25.18687104693197 120.62904585836856
    endloop
  endfacet
  facet normal 0.010223940185690197 -0.8926015113917708 0.45073053247833766
    outer loop
      vertex 23.66056911790522 -23.981588878865317 89.83479927042801
      vertex 25.222721398847124 -26.691396955615875 84.43301270189222
      vertex 26.482611166507514 -26.803630927467612 84.1821726935444
    endloop
  endfacet
  facet normal 0.1333843631509971 -0.8584866863994295 0.49518604679628303
    outer loop
      vertex 23.66056911790522 -23.981588878865317 89.83479927042801
      vertex 26.482611166507514 -26.803630927467612 84.1821726935444
      vertex 26.405356917913775 -26.565866798393824 84.61518539543663
    endloop
  endfacet
  facet normal -0.06576915068439815 -0.6592314685704953 -0.7490582685376626
    outer loop
      vertex 21.222788344258625 -23.92609122693667 90
      vertex 23.66056911790522 -23.981588878865317 89.83479927042801
      vertex 30.274443568340846 -30.4349534488209 94.93356429012447
    endloop
  endfacet
  facet normal 0.010223940185694367 -0.8926015113917705 0.4507305324783386
    outer loop
      vertex 23.745295956893866 -26.619479005568245 84.60894748895899
      vertex 25.222721398847124 -26.691396955615875 84.43301270189222
      vertex 23.66056911790522 -23.981588878865317 89.83479927042801
    endloop
  endfacet
  facet normal 0.1333843631509847 -0.8584866863994343 0.4951860467962782
    outer loop
      vertex 23.66056911790522 -23.981588878865317 89.83479927042801
      vertex 26.405356917913775 -26.565866798393824 84.61518539543663
      vertex 23.81065361677455 -23.9711634972546 89.81244631024526
    endloop
  endfacet
  facet normal 0.6635989998169141 -0.4821328949088128 0.5720002089937022
    outer loop
      vertex 23.81065361677455 -23.9711634972546 89.81244631024526
      vertex 26.57810266932004 -26.328102669320035 84.61518539543663
      vertex 23.983399368180816 -23.733399368180812 89.81244631024526
    endloop
  endfacet
  facet normal 0.6635989998169143 -0.4821328949088122 0.5720002089937024
    outer loop
      vertex 23.81065361677455 -23.9711634972546 89.81244631024526
      vertex 26.405356917913775 -26.565866798393824 84.61518539543663
      vertex 26.57810266932004 -26.328102669320035 84.61518539543663
    endloop
  endfacet
  facet normal 0.8581843658306065 -0.13426140792713026 0.49547297462661344
    outer loop
      vertex 26.57810266932004 -26.328102669320035 84.61518539543663
      vertex 24.00647709927099 -23.51001104183065 89.8330074381201
      vertex 23.983399368180816 -23.733399368180812 89.81244631024526
    endloop
  endfacet
  facet normal 0.8581843658302695 -0.13426140792804686 0.4954729746269487
    outer loop
      vertex 26.57810266932004 -26.328102669320035 84.61518539543663
      vertex 24.00680799828779 -23.506807998287787 89.83330225293406
      vertex 24.00647709927099 -23.51001104183065 89.8330074381201
    endloop
  endfacet
  facet normal 0.8856264420918281 -0.04095215134160916 0.4625891550482608
    outer loop
      vertex 26.82810266932004 -26.328102669320035 84.1821726935444
      vertex 24.041773763304178 -22.309067111743467 89.87239409023714
      vertex 24.00680799828779 -23.506807998287787 89.83330225293406
    endloop
  endfacet
  facet normal 0.13338436315098193 -0.8584866863994326 0.49518604679628153
    outer loop
      vertex 26.482611166507514 -26.803630927467612 84.1821726935444
      vertex 26.496305611286136 -26.656815491766185 84.43301270189222
      vertex 26.405356917913775 -26.565866798393824 84.61518539543663
    endloop
  endfacet
  facet normal 0.6635989998169116 -0.48213289490881117 0.5720002089937065
    outer loop
      vertex 26.496305611286136 -26.656815491766185 84.43301270189222
      vertex 26.57810266932004 -26.328102669320035 84.61518539543663
      vertex 26.405356917913775 -26.565866798393824 84.61518539543663
    endloop
  endfacet
  facet normal 0.732999678137138 -0.5325554391808754 0.423197561488387
    outer loop
      vertex 26.573559859879875 -26.894579620839973 84
      vertex 26.6690513626924 -26.419051362692397 84.43301270189222
      vertex 26.496305611286136 -26.656815491766185 84.43301270189222
    endloop
  endfacet
  facet normal 0.6635989998169116 -0.48213289490881106 0.5720002089937064
    outer loop
      vertex 26.496305611286136 -26.656815491766185 84.43301270189222
      vertex 26.6690513626924 -26.419051362692397 84.43301270189222
      vertex 26.57810266932004 -26.328102669320035 84.61518539543663
    endloop
  endfacet
  facet normal 0.8581843658306011 -0.1342614079271384 0.4954729746266204
    outer loop
      vertex 26.57810266932004 -26.328102669320035 84.61518539543663
      vertex 26.6690513626924 -26.419051362692397 84.43301270189222
      vertex 26.82810266932004 -26.328102669320035 84.1821726935444
    endloop
  endfacet
  facet normal -0.06576915068444295 -0.6592314685705205 -0.7490582685376364
    outer loop
      vertex 23.66056911790522 -23.981588878865317 89.83479927042801
      vertex 23.81065361677455 -23.9711634972546 89.81244631024526
      vertex 30.274443568340846 -30.4349534488209 94.93356429012447
    endloop
  endfacet
  facet normal 0.39914405103816447 -0.2899951278795706 -0.8698200114546426
    outer loop
      vertex 23.81065361677455 -23.9711634972546 89.81244631024526
      vertex 23.983399368180816 -23.733399368180812 89.81244631024526
      vertex 30.44718931974711 -30.19718931974711 94.93356429012447
    endloop
  endfacet
  facet normal 0.8581843658305999 -0.13426140792714894 0.49547297462661966
    outer loop
      vertex 26.57810266932004 -26.328102669320035 84.61518539543663
      vertex 26.82810266932004 -26.328102669320035 84.1821726935444
      vertex 24.00680799828779 -23.506807998287787 89.83330225293406
    endloop
  endfacet
  facet normal 0.625400353426701 0.007209084286709223 -0.7802707395753762
    outer loop
      vertex 30.368857202977672 -25.161822334240107 94.91730256473137
      vertex 23.983399368180816 -23.733399368180812 89.81244631024526
      vertex 24.00647709927099 -23.51001104183065 89.8330074381201
    endloop
  endfacet
  facet normal 0.6254003534264024 0.007209084284821671 -0.780270739575633
    outer loop
      vertex 30.368857202977672 -25.161822334240107 94.91730256473137
      vertex 24.00647709927099 -23.51001104183065 89.8330074381201
      vertex 24.00680799828779 -23.506807998287787 89.83330225293406
    endloop
  endfacet
  facet normal -0.0009340905675691507 -0.6368683172968466 0.7709720318521904
    outer loop
      vertex 19.618873060844557 -24.435255939031038 102.03566840571038
      vertex 31.073939555385056 -31.23444943586511 96.43301270189222
      vertex 22.73438562298603 -24.327932787137794 102.12809832937374
    endloop
  endfacet
  facet normal 0.23205631888342507 -0.8345632042526395 -0.49965400326009723
    outer loop
      vertex 23.9570981969147 -24.278117957874798 102.17072972119266
      vertex 24.09248552893943 -24.25299540941948 102.19164645814874
      vertex 26.610544228705425 -26.771054109185478 107.56698729810778
    endloop
  endfacet
  facet normal 0.6769735391861279 -0.4918500665530287 -0.5475311308716513
    outer loop
      vertex 24.09248552893943 -24.25299540941948 102.19164645814874
      vertex 24.265231280345695 -24.01523128034569 102.19164645814874
      vertex 26.78328998011169 -26.53328998011169 107.56698729810778
    endloop
  endfacet
  facet normal 0.8489894885378952 -0.19737223159021247 -0.4901643097465
    outer loop
      vertex 24.265231280345695 -24.01523128034569 102.19164645814874
      vertex 24.293236786764403 -23.7932367867644 102.15076390584994
      vertex 26.78328998011169 -26.53328998011169 107.56698729810778
    endloop
  endfacet
  facet normal -0.0009340905675747419 -0.6368683172968505 0.770972031852187
    outer loop
      vertex 22.73438562298603 -24.327932787137794 102.12809832937374
      vertex 31.073939555385056 -31.23444943586511 96.43301270189222
      vertex 23.9570981969147 -24.278117957874798 102.17072972119266
    endloop
  endfacet
  facet normal -0.0009340905674934958 -0.6368683172968013 0.7709720318522278
    outer loop
      vertex 31.073939555385056 -31.23444943586511 96.43301270189222
      vertex 24.09248552893943 -24.25299540941948 102.19164645814874
      vertex 23.9570981969147 -24.278117957874798 102.17072972119266
    endloop
  endfacet
  facet normal 0.41137257891496626 -0.2988796734369679 0.8610711597324935
    outer loop
      vertex 31.24668530679132 -30.99668530679132 96.43301270189222
      vertex 24.265231280345695 -24.01523128034569 102.19164645814874
      vertex 24.09248552893943 -24.25299540941948 102.19164645814874
    endloop
  endfacet
  facet normal 0.6663730557857173 0.05290154760754039 0.7437394549057703
    outer loop
      vertex 31.24668530679132 -30.99668530679132 96.43301270189222
      vertex 24.293236786764403 -23.7932367867644 102.15076390584994
      vertex 24.265231280345695 -24.01523128034569 102.19164645814874
    endloop
  endfacet
  facet normal 0.6663730557857411 0.05290154760758446 0.7437394549057459
    outer loop
      vertex 31.24668530679132 -30.99668530679132 96.43301270189222
      vertex 24.093157872600894 -21.495155366893922 102.16656935184653
      vertex 24.293236786764403 -23.7932367867644 102.15076390584994
    endloop
  endfacet
  facet normal 0.3991440510381645 -0.28999512787957055 -0.8698200114546426
    outer loop
      vertex 23.81065361677455 -23.9711634972546 89.81244631024526
      vertex 30.44718931974711 -30.19718931974711 94.93356429012447
      vertex 30.274443568340846 -30.4349534488209 94.93356429012447
    endloop
  endfacet
  facet normal 0.4113725789149669 -0.29887967343696675 0.8610711597324936
    outer loop
      vertex 31.073939555385056 -31.23444943586511 96.43301270189222
      vertex 31.24668530679132 -30.99668530679132 96.43301270189222
      vertex 24.09248552893943 -24.25299540941948 102.19164645814874
    endloop
  endfacet
  facet normal 0.39914405103816786 -0.28999512787957304 -0.8698200114546404
    outer loop
      vertex 30.274443568340846 -30.4349534488209 94.93356429012447
      vertex 30.44718931974711 -30.19718931974711 94.93356429012447
      vertex 31.073939555385056 -31.23444943586511 95.56698729810778
    endloop
  endfacet
  facet normal 0.732999678137138 -0.5325554391808754 -0.423197561488387
    outer loop
      vertex 31.151193803978796 -31.472213564938897 96
      vertex 31.073939555385056 -31.23444943586511 95.56698729810778
      vertex 31.24668530679132 -30.99668530679132 95.56698729810778
    endloop
  endfacet
  facet normal 0.732999678137138 -0.5325554391808754 0.423197561488387
    outer loop
      vertex 31.151193803978796 -31.472213564938897 96
      vertex 31.24668530679132 -30.99668530679132 96.43301270189222
      vertex 31.073939555385056 -31.23444943586511 96.43301270189222
    endloop
  endfacet
  facet normal 0.39914405103816786 -0.28999512787957327 -0.8698200114546402
    outer loop
      vertex 30.44718931974711 -30.19718931974711 94.93356429012447
      vertex 31.24668530679132 -30.99668530679132 95.56698729810778
      vertex 31.073939555385056 -31.23444943586511 95.56698729810778
    endloop
  endfacet
  facet normal 0.7329996781371418 -0.5325554391808728 -0.4231975614883832
    outer loop
      vertex 31.151193803978796 -31.472213564938897 96
      vertex 31.24668530679132 -30.99668530679132 95.56698729810778
      vertex 31.49668530679132 -30.99668530679132 96
    endloop
  endfacet
  facet normal 0.7329996781371418 -0.5325554391808728 0.4231975614883832
    outer loop
      vertex 31.151193803978796 -31.472213564938897 96
      vertex 31.49668530679132 -30.99668530679132 96
      vertex 31.24668530679132 -30.99668530679132 96.43301270189222
    endloop
  endfacet
  facet normal 0.6254003534267059 0.007209084286709125 -0.7802707395753723
    outer loop
      vertex 30.44718931974711 -30.19718931974711 94.93356429012447
      vertex 30.788861288084036 -27.953560573037283 95.22814957551158
      vertex 31.24668530679132 -30.99668530679132 95.56698729810778
    endloop
  endfacet
  facet normal 0.6254003534267089 0.007209084286708333 -0.7802707395753697
    outer loop
      vertex 30.44718931974711 -30.19718931974711 94.93356429012447
      vertex 30.368857202977672 -25.161822334240107 94.91730256473137
      vertex 30.788861288084036 -27.953560573037283 95.22814957551158
    endloop
  endfacet
  facet normal 0.8639858858923434 0.06858949364469492 -0.4988224837959763
    outer loop
      vertex 31.24668530679132 -30.99668530679132 95.56698729810778
      vertex 30.80022787699416 -25.372895167813486 95.56698729810778
      vertex 31.49668530679132 -30.99668530679132 96
    endloop
  endfacet
  facet normal 0.8639858858923434 0.06858949364469492 0.4988224837959763
    outer loop
      vertex 31.49668530679132 -30.99668530679132 96
      vertex 30.80022787699416 -25.372895167813486 96.43301270189222
      vertex 31.24668530679132 -30.99668530679132 96.43301270189222
    endloop
  endfacet
  facet normal 0.841086963598045 0.06677161037736241 -0.5367627704238013
    outer loop
      vertex 31.24668530679132 -30.99668530679132 95.56698729810778
      vertex 30.788861288084036 -27.953560573037283 95.22814957551158
      vertex 30.80022787699416 -25.372895167813486 95.56698729810778
    endloop
  endfacet
  facet normal 0.6254003534267012 0.007209084286708193 -0.7802707395753761
    outer loop
      vertex 30.44718931974711 -30.19718931974711 94.93356429012447
      vertex 23.983399368180816 -23.733399368180812 89.81244631024526
      vertex 30.368857202977672 -25.161822334240107 94.91730256473137
    endloop
  endfacet
  facet normal 0.8410869635980481 0.06677161037736179 -0.5367627704237966
    outer loop
      vertex 30.788861288084036 -27.953560573037283 95.22814957551158
      vertex 30.368857202977672 -25.161822334240107 94.91730256473137
      vertex 30.80022787699416 -25.372895167813486 95.56698729810778
    endloop
  endfacet
  facet normal 0.8639858858923434 0.06858949364469492 -0.4988224837959763
    outer loop
      vertex 31.49668530679132 -30.99668530679132 96
      vertex 30.80022787699416 -25.372895167813486 95.56698729810778
      vertex 31.05022787699416 -25.372895167813486 96
    endloop
  endfacet
  facet normal 0.8639858858923434 0.06858949364469492 0.4988224837959763
    outer loop
      vertex 31.49668530679132 -30.99668530679132 96
      vertex 31.05022787699416 -25.372895167813486 96
      vertex 30.80022787699416 -25.372895167813486 96.43301270189222
    endloop
  endfacet
  facet normal 0.23205631888346528 -0.8345632042526212 -0.4996540032601091
    outer loop
      vertex 23.9570981969147 -24.278117957874798 102.17072972119266
      vertex 26.610544228705425 -26.771054109185478 107.56698729810778
      vertex 26.687798477299165 -27.008818238259266 108
    endloop
  endfacet
  facet normal -0.09361936925165075 -0.9056909850621458 0.4134721916623696
    outer loop
      vertex 23.632854674715684 -23.953874435675782 114
      vertex 26.41166777672368 -26.782593293695136 108.43301270189222
      vertex 26.687798477299165 -27.008818238259266 108
    endloop
  endfacet
  facet normal 0.10429853409197695 -0.8638030205266364 0.4929159740922625
    outer loop
      vertex 23.632854674715684 -23.953874435675782 114
      vertex 26.687798477299165 -27.008818238259266 108
      vertex 26.610544228705425 -26.771054109185478 108.43301270189222
    endloop
  endfacet
  facet normal 0.6592875006841011 -0.4790004074293653 0.5795675984078248
    outer loop
      vertex 23.729496528252962 -23.89000640873301 114.09147561309086
      vertex 26.610544228705425 -26.771054109185478 108.43301270189222
      vertex 26.78328998011169 -26.53328998011169 108.43301270189222
    endloop
  endfacet
  facet normal -0.09361936925164953 -0.905690985062145 0.4134721916623715
    outer loop
      vertex 21.653633431472766 -23.843447565303794 113.79374471822528
      vertex 26.41166777672368 -26.782593293695136 108.43301270189222
      vertex 23.632854674715684 -23.953874435675782 114
    endloop
  endfacet
  facet normal 0.10429853409199218 -0.8638030205266317 0.4929159740922673
    outer loop
      vertex 23.632854674715684 -23.953874435675782 114
      vertex 26.610544228705425 -26.771054109185478 108.43301270189222
      vertex 23.729496528252962 -23.89000640873301 114.09147561309086
    endloop
  endfacet
  facet normal 0.7393238949115303 -0.5371502516237966 -0.40604160574174714
    outer loop
      vertex 23.632854674715684 -23.953874435675782 114
      vertex 23.729496528252962 -23.89000640873301 114.09147561309086
      vertex 25.54143201728316 -25.862451778243262 120
    endloop
  endfacet
  facet normal 0.73932389491154 -0.5371502516237845 -0.40604160574174536
    outer loop
      vertex 23.902242279659227 -23.652242279659223 114.09147561309086
      vertex 23.97834617752821 -23.478346177528206 114
      vertex 25.54143201728316 -25.862451778243262 120
    endloop
  endfacet
  facet normal 0.6592875006841005 -0.4790004074293655 0.5795675984078252
    outer loop
      vertex 23.729496528252962 -23.89000640873301 114.09147561309086
      vertex 26.78328998011169 -26.53328998011169 108.43301270189222
      vertex 23.902242279659227 -23.652242279659223 114.09147561309086
    endloop
  endfacet
  facet normal 0.8602579803416771 -0.11521693890777834 0.4966701765227906
    outer loop
      vertex 26.78328998011169 -26.53328998011169 108.43301270189222
      vertex 23.97834617752821 -23.478346177528206 114
      vertex 23.902242279659227 -23.652242279659223 114.09147561309086
    endloop
  endfacet
  facet normal 0.732999678137138 -0.5325554391808754 -0.423197561488387
    outer loop
      vertex 26.687798477299165 -27.008818238259266 108
      vertex 26.610544228705425 -26.771054109185478 107.56698729810778
      vertex 26.78328998011169 -26.53328998011169 107.56698729810778
    endloop
  endfacet
  facet normal 0.732999678137138 -0.5325554391808754 0.423197561488387
    outer loop
      vertex 26.687798477299165 -27.008818238259266 108
      vertex 26.78328998011169 -26.53328998011169 108.43301270189222
      vertex 26.610544228705425 -26.771054109185478 108.43301270189222
    endloop
  endfacet
  facet normal 0.6769735391861281 -0.4918500665530287 -0.5475311308716511
    outer loop
      vertex 24.09248552893943 -24.25299540941948 102.19164645814874
      vertex 26.78328998011169 -26.53328998011169 107.56698729810778
      vertex 26.610544228705425 -26.771054109185478 107.56698729810778
    endloop
  endfacet
  facet normal 0.7329996781371418 -0.5325554391808728 -0.4231975614883832
    outer loop
      vertex 26.687798477299165 -27.008818238259266 108
      vertex 26.78328998011169 -26.53328998011169 107.56698729810778
      vertex 27.03328998011169 -26.53328998011169 108
    endloop
  endfacet
  facet normal 0.7329996781371418 -0.5325554391808728 0.4231975614883832
    outer loop
      vertex 26.687798477299165 -27.008818238259266 108
      vertex 27.03328998011169 -26.53328998011169 108
      vertex 26.78328998011169 -26.53328998011169 108.43301270189222
    endloop
  endfacet
  facet normal 0.8489894885378869 -0.19737223159023254 -0.4901643097465063
    outer loop
      vertex 26.78328998011169 -26.53328998011169 107.56698729810778
      vertex 24.293236786764403 -23.7932367867644 102.15076390584994
      vertex 27.03328998011169 -26.53328998011169 108
    endloop
  endfacet
  facet normal 0.9167674817691376 0.08250479042739338 -0.3908072976892909
    outer loop
      vertex 27.03328998011169 -26.53328998011169 108
      vertex 24.293236786764403 -23.7932367867644 102.15076390584994
      vertex 26.81221149666781 -26.127822122121238 107.56698729810778
    endloop
  endfacet
  facet normal 0.8602579803416802 -0.1152169389077684 0.4966701765227874
    outer loop
      vertex 26.78328998011169 -26.53328998011169 108.43301270189222
      vertex 27.03328998011169 -26.53328998011169 108
      vertex 23.97834617752821 -23.478346177528206 114
    endloop
  endfacet
  facet normal 0.04165012501563702 -0.8726372681756477 0.48658962717789694
    outer loop
      vertex 24.082392549950494 -25.834080102085913 120.17576897125552
      vertex 25.46417776868942 -25.624687649169474 120.43301270189222
      vertex 24.005138301356755 -25.596315973012125 120.60878167314775
    endloop
  endfacet
  facet normal 0.7393238949115304 -0.5371502516237965 -0.40604160574174714
    outer loop
      vertex 23.729496528252962 -23.89000640873301 114.09147561309086
      vertex 23.902242279659227 -23.652242279659223 114.09147561309086
      vertex 25.54143201728316 -25.862451778243262 120
    endloop
  endfacet
  facet normal 0.7393238949115332 -0.5371502516237929 -0.4060416057417469
    outer loop
      vertex 23.97834617752821 -23.478346177528206 114
      vertex 25.886923520095685 -25.386923520095685 120
      vertex 25.54143201728316 -25.862451778243262 120
    endloop
  endfacet
  facet normal 0.07754411008476199 -0.6571514553618854 0.7497592118186468
    outer loop
      vertex 24.005138301356755 -25.596315973012125 120.60878167314775
      vertex 25.46417776868942 -25.624687649169474 120.43301270189222
      vertex 25.264125295525705 -25.424635176005758 120.62904585836856
    endloop
  endfacet
  facet normal 0.041650125015637016 -0.8726372681756476 0.48658962717789694
    outer loop
      vertex 24.082392549950494 -25.834080102085913 120.17576897125552
      vertex 25.54143201728316 -25.862451778243262 120
      vertex 25.46417776868942 -25.624687649169474 120.43301270189222
    endloop
  endfacet
  facet normal 0.46462379398322146 -0.3375689458520138 0.8186402976038971
    outer loop
      vertex 25.264125295525705 -25.424635176005758 120.62904585836856
      vertex 25.46417776868942 -25.624687649169474 120.43301270189222
      vertex 25.43687104693197 -25.18687104693197 120.62904585836856
    endloop
  endfacet
  facet normal 0.46462379398322146 -0.3375689458520138 0.8186402976038971
    outer loop
      vertex 25.46417776868942 -25.624687649169474 120.43301270189222
      vertex 25.636923520095685 -25.386923520095685 120.43301270189222
      vertex 25.43687104693197 -25.18687104693197 120.62904585836856
    endloop
  endfacet
  facet normal 0.732999678137138 -0.5325554391808754 0.423197561488387
    outer loop
      vertex 25.54143201728316 -25.862451778243262 120
      vertex 25.636923520095685 -25.386923520095685 120.43301270189222
      vertex 25.46417776868942 -25.624687649169474 120.43301270189222
    endloop
  endfacet
  facet normal 0.7329996781371418 -0.5325554391808728 0.4231975614883832
    outer loop
      vertex 25.54143201728316 -25.862451778243262 120
      vertex 25.886923520095685 -25.386923520095685 120
      vertex 25.636923520095685 -25.386923520095685 120.43301270189222
    endloop
  endfacet
  facet normal 0.9499467820103952 -0.028179499682291633 -0.31113827656807247
    outer loop
      vertex 23.97834617752821 -23.478346177528206 114
      vertex 25.795371012707612 -23.692187397773427 119.56698729810778
      vertex 25.886923520095685 -25.386923520095685 120
    endloop
  endfacet
  facet normal 0.6254003534267034 0.007209084286719084 -0.7802707395753742
    outer loop
      vertex 30.368857202977672 -25.161822334240107 94.91730256473137
      vertex 24.00680799828779 -23.506807998287787 89.83330225293406
      vertex 24.041773763304178 -22.309067111743467 89.87239409023714
    endloop
  endfacet
  facet normal 0.6254003534267001 0.007209084286706533 -0.780270739575377
    outer loop
      vertex 30.368857202977672 -25.161822334240107 94.91730256473137
      vertex 24.041773763304178 -22.309067111743467 89.87239409023714
      vertex 24.113566566054317 -19.274564421858067 89.95797365446556
    endloop
  endfacet
  facet normal 0.916767481769137 0.08250479042738673 -0.3908072976892935
    outer loop
      vertex 26.81221149666781 -26.127822122121238 107.56698729810778
      vertex 24.293236786764403 -23.7932367867644 102.15076390584994
      vertex 24.093157872600894 -21.495155366893922 102.16656935184653
    endloop
  endfacet
  facet normal 0.8856264420918284 -0.04095215134160831 0.4625891550482603
    outer loop
      vertex 26.82810266932004 -26.328102669320035 84.1821726935444
      vertex 26.44089293223912 0.31460100410766445 87.28211396784539
      vertex 24.041773763304178 -22.309067111743467 89.87239409023714
    endloop
  endfacet
  facet normal 0.8856264420918261 -0.04095215134160884 0.4625891550482647
    outer loop
      vertex 26.9190513626924 -26.419051362692397 84
      vertex 26.44089293223912 0.31460100410766445 87.28211396784539
      vertex 26.82810266932004 -26.328102669320035 84.1821726935444
    endloop
  endfacet
  facet normal 0.6663730557857381 0.052901547607580666 0.743739454905749
    outer loop
      vertex 31.24668530679132 -30.99668530679132 96.43301270189222
      vertex 25.219970878909596 -0.6738133401949555 99.67596725917294
      vertex 24.093157872600894 -21.495155366893922 102.16656935184653
    endloop
  endfacet
  facet normal 0.6663730557857395 0.052901547607581076 0.7437394549057477
    outer loop
      vertex 31.24668530679132 -30.99668530679132 96.43301270189222
      vertex 30.80022787699416 -25.372895167813486 96.43301270189222
      vertex 25.219970878909596 -0.6738133401949555 99.67596725917294
    endloop
  endfacet
  facet normal 0.8761719804227446 -0.06249625448338674 0.47792978448474344
    outer loop
      vertex 27.03328998011169 -26.53328998011169 108
      vertex 24.488070410135336 -19.612082654209637 113.57111042677391
      vertex 23.97834617752821 -23.478346177528206 114
    endloop
  endfacet
  facet normal 0.86453670192797 -0.058609339636645184 0.49914049758245915
    outer loop
      vertex 23.97834617752821 -23.478346177528206 114
      vertex 24.238070410135336 -19.612082654209637 114.00412312866614
      vertex 24.101305103578078 -20.649448904766846 114.11919949782649
    endloop
  endfacet
  facet normal 0.8645367019279872 -0.05860933963664631 0.4991404975824292
    outer loop
      vertex 23.97834617752821 -23.478346177528206 114
      vertex 24.488070410135336 -19.612082654209637 113.57111042677391
      vertex 24.238070410135336 -19.612082654209637 114.00412312866614
    endloop
  endfacet
  facet normal 0.7353663280099927 -0.021814122221322146 0.6773186160890702
    outer loop
      vertex 24.101305103578078 -20.649448904766846 114.11919949782649
      vertex 24.238070410135336 -19.612082654209637 114.00412312866614
      vertex 24.13631876159952 -19.469118801717475 114.11919949782649
    endloop
  endfacet
  facet normal 0.7353663280099936 -0.021814122221320575 0.6773186160890691
    outer loop
      vertex 24.13631876159952 -19.469118801717475 114.11919949782649
      vertex 24.238070410135336 -19.612082654209637 114.00412312866614
      vertex 24.176760763822248 -18.105796162824696 114.11919949782649
    endloop
  endfacet
  facet normal 0.6660740735105857 -0.06227386402607382 0.7432814369108629
    outer loop
      vertex 25.636923520095685 -25.386923520095685 120.43301270189222
      vertex 24.391709573881226 2.157634608792416 123.8566294730845
      vertex 25.43687104693197 -25.18687104693197 120.62904585836856
    endloop
  endfacet
  facet normal -0.02931284360026942 -0.8464929811041945 0.531592315728322
    outer loop
      vertex 20.42965293323427 -23.298920268677673 137.84931425232648
      vertex 26.758989905149537 -26.919499785629586 132.4330127018922
      vertex 22.768773003366643 -23.27328087866335 138.01912450314111
    endloop
  endfacet
  facet normal 0.07117089563816828 -0.691820190887189 0.7185537746716486
    outer loop
      vertex 22.615679265028263 -25.80482515502824 144.80288266729818
      vertex 25.327493924256878 -25.488003804736934 144.83931853313942
      vertex 20.443183405764085 -20.60369328624414 150.02568804478105
    endloop
  endfacet
  facet normal 0.405416952260594 -0.29455265739164255 -0.8653761187155865
    outer loop
      vertex 19.825303920061618 -19.985813800541667 125.95859417577773
      vertex 19.998049671467882 -19.74804967146788 125.95859417577773
      vertex 26.9317356565558 -26.681735656555798 131.5669872981078
    endloop
  endfacet
  facet normal 0.6211313458913403 -0.01269564030265261 -0.7836036446243203
    outer loop
      vertex 19.998049671467882 -19.74804967146788 125.95859417577773
      vertex 20.206894292727497 -16.220544123429242 126.06698570721626
      vertex 26.9317356565558 -26.681735656555798 131.5669872981078
    endloop
  endfacet
  facet normal 1.1852794296080151e-15 -0.7671089127206275 -0.6415168867805249
    outer loop
      vertex 17.542057724224772 -20.736813436659318 150.18486959705268
      vertex 20.443183405764085 -20.60369328624414 150.02568804478105
      vertex 25.077254248593736 -25.23776412907379 155.5669872981078
    endloop
  endfacet
  facet normal 0.48960243320569774 -0.35571698953884573 0.7960872318737947
    outer loop
      vertex 20.443183405764085 -20.60369328624414 150.02568804478105
      vertex 25.327493924256878 -25.488003804736934 144.83931853313942
      vertex 20.61592915717035 -20.365929157170353 150.02568804478105
    endloop
  endfacet
  facet normal 0.5261243909874358 -0.3822517450732949 -0.7596556644931444
    outer loop
      vertex 20.443183405764085 -20.60369328624414 150.02568804478105
      vertex 20.61592915717035 -20.365929157170353 150.02568804478105
      vertex 25.077254248593736 -25.23776412907379 155.5669872981078
    endloop
  endfacet
  facet normal 0.5261243909874355 -0.3822517450732953 -0.7596556644931443
    outer loop
      vertex 20.61592915717035 -20.365929157170353 150.02568804478105
      vertex 25.25 -25 155.5669872981078
      vertex 25.077254248593736 -25.23776412907379 155.5669872981078
    endloop
  endfacet
  facet normal 0.40541695226059327 -0.2945526573916428 -0.8653761187155868
    outer loop
      vertex 19.825303920061618 -19.985813800541667 125.95859417577773
      vertex 26.9317356565558 -26.681735656555798 131.5669872981078
      vertex 26.758989905149537 -26.919499785629586 131.5669872981078
    endloop
  endfacet
  facet normal -0.029312843600328157 -0.8464929811042117 0.5315923157282912
    outer loop
      vertex 22.768773003366643 -23.27328087866335 138.01912450314111
      vertex 26.758989905149537 -26.919499785629586 132.4330127018922
      vertex 22.94924126584891 -23.270261026809013 138.03388453845292
    endloop
  endfacet
  facet normal -0.029312843600217697 -0.8464929811041809 0.5315923157283464
    outer loop
      vertex 22.94924126584891 -23.270261026809013 138.03388453845292
      vertex 26.758989905149537 -26.919499785629586 132.4330127018922
      vertex 23.09382959203599 -23.254339472516044 138.06721041323524
    endloop
  endfacet
  facet normal 0.5987559851135994 -0.4350216870827775 0.6724934215725068
    outer loop
      vertex 23.09382959203599 -23.254339472516044 138.06721041323524
      vertex 26.758989905149537 -26.919499785629586 132.4330127018922
      vertex 23.266575343442256 -23.016575343442256 138.06721041323524
    endloop
  endfacet
  facet normal 0.8197907666479561 -0.05626538691135234 0.5698923627795621
    outer loop
      vertex 23.266575343442256 -23.016575343442256 138.06721041323524
      vertex 26.9317356565558 -26.681735656555798 132.4330127018922
      vertex 23.298778515783095 -22.798778515783095 138.04238916366367
    endloop
  endfacet
  facet normal 0.5987559851135988 -0.4350216870827772 0.6724934215725072
    outer loop
      vertex 23.266575343442256 -23.016575343442256 138.06721041323524
      vertex 26.758989905149537 -26.919499785629586 132.4330127018922
      vertex 26.9317356565558 -26.681735656555798 132.4330127018922
    endloop
  endfacet
  facet normal 0.7329996781371335 -0.5325554391808722 -0.4231975614883984
    outer loop
      vertex 26.758989905149537 -26.919499785629586 131.5669872981078
      vertex 26.9317356565558 -26.681735656555798 131.5669872981078
      vertex 26.836244153743277 -27.157263914703375 132
    endloop
  endfacet
  facet normal 0.7329996781371376 -0.5325554391808698 -0.4231975614883947
    outer loop
      vertex 26.9317356565558 -26.681735656555798 131.5669872981078
      vertex 27.1817356565558 -26.681735656555798 132
      vertex 26.836244153743277 -27.157263914703375 132
    endloop
  endfacet
  facet normal 0.7329996781371335 -0.5325554391808722 0.4231975614883984
    outer loop
      vertex 26.758989905149537 -26.919499785629586 132.4330127018922
      vertex 26.836244153743277 -27.157263914703375 132
      vertex 26.9317356565558 -26.681735656555798 132.4330127018922
    endloop
  endfacet
  facet normal 0.7329996781371376 -0.5325554391808697 0.4231975614883947
    outer loop
      vertex 26.836244153743277 -27.157263914703375 132
      vertex 27.1817356565558 -26.681735656555798 132
      vertex 26.9317356565558 -26.681735656555798 132.4330127018922
    endloop
  endfacet
  facet normal 0.20766408658966834 -0.8413392955448772 -0.4990228621144812
    outer loop
      vertex 22.94924126584891 -23.270261026809013 138.03388453845292
      vertex 23.09382959203599 -23.254339472516044 138.06721041323524
      vertex 25.787390373879926 -26.10841013484003 144
    endloop
  endfacet
  facet normal 0.6738237295775952 -0.48956159591730974 -0.5534356559357526
    outer loop
      vertex 23.09382959203599 -23.254339472516044 138.06721041323524
      vertex 23.266575343442256 -23.016575343442256 138.06721041323524
      vertex 25.88288187669245 -25.632881876692455 143.5669872981078
    endloop
  endfacet
  facet normal 0.8515705368869598 -0.18194365686859548 -0.4916544787056635
    outer loop
      vertex 23.266575343442256 -23.016575343442256 138.06721041323524
      vertex 23.298778515783095 -22.798778515783095 138.04238916366367
      vertex 25.88288187669245 -25.632881876692455 143.5669872981078
    endloop
  endfacet
  facet normal 0.20766408658964905 -0.8413392955448853 -0.49902286211447566
    outer loop
      vertex 23.09382959203599 -23.254339472516044 138.06721041323524
      vertex 25.710136125286187 -25.870646005766243 143.5669872981078
      vertex 25.787390373879926 -26.10841013484003 144
    endloop
  endfacet
  facet normal 0.6738237295775952 -0.4895615959173095 -0.5534356559357527
    outer loop
      vertex 23.09382959203599 -23.254339472516044 138.06721041323524
      vertex 25.88288187669245 -25.632881876692455 143.5669872981078
      vertex 25.710136125286187 -25.870646005766243 143.5669872981078
    endloop
  endfacet
  facet normal 0.8515705368869688 -0.18194365686857417 -0.491654478705656
    outer loop
      vertex 23.298778515783095 -22.798778515783095 138.04238916366367
      vertex 26.13288187669245 -25.632881876692455 144
      vertex 25.88288187669245 -25.632881876692455 143.5669872981078
    endloop
  endfacet
  facet normal 0.07117089563816473 -0.6918201908871616 0.7185537746716754
    outer loop
      vertex 22.615679265028263 -25.80482515502824 144.80288266729818
      vertex 25.710136125286187 -25.870646005766243 144.4330127018922
      vertex 25.327493924256878 -25.488003804736934 144.83931853313942
    endloop
  endfacet
  facet normal 0.4896024332056736 -0.355716989538828 0.7960872318738174
    outer loop
      vertex 25.710136125286187 -25.870646005766243 144.4330127018922
      vertex 25.500239675663142 -25.250239675663146 144.83931853313942
      vertex 25.327493924256878 -25.488003804736934 144.83931853313942
    endloop
  endfacet
  facet normal 0.4896024332056735 -0.35571698953882813 0.7960872318738174
    outer loop
      vertex 25.710136125286187 -25.870646005766243 144.4330127018922
      vertex 25.88288187669245 -25.632881876692455 144.4330127018922
      vertex 25.500239675663142 -25.250239675663146 144.83931853313942
    endloop
  endfacet
  facet normal 0.7329996781371335 -0.5325554391808722 -0.4231975614883984
    outer loop
      vertex 25.710136125286187 -25.870646005766243 143.5669872981078
      vertex 25.88288187669245 -25.632881876692455 143.5669872981078
      vertex 25.787390373879926 -26.10841013484003 144
    endloop
  endfacet
  facet normal 0.7329996781371335 -0.5325554391808722 0.4231975614883984
    outer loop
      vertex 25.710136125286187 -25.870646005766243 144.4330127018922
      vertex 25.787390373879926 -26.10841013484003 144
      vertex 25.88288187669245 -25.632881876692455 144.4330127018922
    endloop
  endfacet
  facet normal 0.7329996781371376 -0.5325554391808697 -0.4231975614883947
    outer loop
      vertex 25.787390373879926 -26.10841013484003 144
      vertex 25.88288187669245 -25.632881876692455 143.5669872981078
      vertex 26.13288187669245 -25.632881876692455 144
    endloop
  endfacet
  facet normal 0.7329996781371376 -0.5325554391808697 0.4231975614883947
    outer loop
      vertex 25.787390373879926 -26.10841013484003 144
      vertex 26.13288187669245 -25.632881876692455 144
      vertex 25.88288187669245 -25.632881876692455 144.4330127018922
    endloop
  endfacet
  facet normal 0.7329996781371335 -0.5325554391808722 -0.4231975614883984
    outer loop
      vertex 25.154508497187475 -25.475528258147577 156
      vertex 25.077254248593736 -25.23776412907379 155.5669872981078
      vertex 25.25 -25 155.5669872981078
    endloop
  endfacet
  facet normal 0.7329996781371335 -0.5325554391808722 0.4231975614883984
    outer loop
      vertex 25.154508497187475 -25.475528258147577 156
      vertex 25.25 -25 156.4330127018922
      vertex 25.077254248593736 -25.23776412907379 156.4330127018922
    endloop
  endfacet
  facet normal 0.7329996781371376 -0.5325554391808697 -0.4231975614883947
    outer loop
      vertex 25.154508497187475 -25.475528258147577 156
      vertex 25.25 -25 155.5669872981078
      vertex 25.5 -25 156
    endloop
  endfacet
  facet normal 0.7329996781371376 -0.5325554391808697 0.4231975614883947
    outer loop
      vertex 25.154508497187475 -25.475528258147577 156
      vertex 25.5 -25 156
      vertex 25.25 -25 156.4330127018922
    endloop
  endfacet
  facet normal 0.8197907666479526 -0.0562653869113619 0.5698923627795665
    outer loop
      vertex 23.298778515783095 -22.798778515783095 138.04238916366367
      vertex 26.9317356565558 -26.681735656555798 132.4330127018922
      vertex 23.334382296008222 -21.541223366122743 138.1153313181592
    endloop
  endfacet
  facet normal 0.9029115592921682 -0.0006318899455725987 -0.42982591454178537
    outer loop
      vertex 23.298778515783095 -22.798778515783095 138.04238916366367
      vertex 23.334382296008222 -21.541223366122743 138.1153313181592
      vertex 26.13288187669245 -25.632881876692455 144
    endloop
  endfacet
  facet normal 0.4896024332056969 -0.35571698953884556 0.7960872318737954
    outer loop
      vertex 20.61592915717035 -20.365929157170353 150.02568804478105
      vertex 25.327493924256878 -25.488003804736934 144.83931853313942
      vertex 25.500239675663142 -25.250239675663146 144.83931853313942
    endloop
  endfacet
  facet normal 0.7263599942391243 -0.0034506497739444494 0.6873057920497082
    outer loop
      vertex 25.500239675663142 -25.250239675663146 144.83931853313942
      vertex 25.88288187669245 -25.632881876692455 144.4330127018922
      vertex 22.84049596735289 0.3069184211250403 147.77850550031258
    endloop
  endfacet
  facet normal 0.6660740735106068 -0.062273864026070797 0.743281436910844
    outer loop
      vertex 19.998049671467882 -19.74804967146788 125.95859417577773
      vertex 25.43687104693197 -25.18687104693197 120.62904585836856
      vertex 24.391709573881226 2.157634608792416 123.8566294730845
    endloop
  endfacet
  facet normal 0.6660740735106063 -0.062273864026070644 0.7432814369108447
    outer loop
      vertex 19.998049671467882 -19.74804967146788 125.95859417577773
      vertex 24.391709573881226 2.157634608792416 123.8566294730845
      vertex 20.206894292727497 -16.220544123429242 126.06698570721626
    endloop
  endfacet
  facet normal 0.6376282121866834 0.0573835602409597 0.7682040028779373
    outer loop
      vertex 24.093157872600894 -21.495155366893922 102.16656935184653
      vertex 25.219970878909596 -0.6738133401949555 99.67596725917294
      vertex 20.75655455161987 15.580139393480446 102.16656935184653
    endloop
  endfacet
  facet normal 0.8655077751967839 -0.034569564145518 0.4997011469955841
    outer loop
      vertex 24.041773763304178 -22.309067111743467 89.87239409023714
      vertex 26.19089293223912 0.31460100410766445 87.71512666973761
      vertex 24.113566566054317 -19.274564421858067 89.95797365446556
    endloop
  endfacet
  facet normal 0.6254003534267017 0.007209084286709373 -0.7802707395753756
    outer loop
      vertex 30.368857202977672 -25.161822334240107 94.91730256473137
      vertex 24.113566566054317 -19.274564421858067 89.95797365446556
      vertex 23.66800974599315 19.378249396902675 89.95797365446556
    endloop
  endfacet
  facet normal 0.9167674817691372 0.08250479042738772 -0.39080729768929284
    outer loop
      vertex 26.81221149666781 -26.127822122121238 107.56698729810778
      vertex 24.093157872600894 -21.495155366893922 102.16656935184653
      vertex 20.75655455161987 15.580139393480446 102.16656935184653
    endloop
  endfacet
  facet normal 0.9499467820103945 -0.028179499682291446 -0.3111382765680745
    outer loop
      vertex 23.97834617752821 -23.478346177528206 114
      vertex 24.101305103578078 -20.649448904766846 114.11919949782649
      vertex 25.556812293778616 1.674107760969413 116.54123423384966
    endloop
  endfacet
  facet normal 0.9499467820103982 -0.02817949968229291 -0.31113827656806325
    outer loop
      vertex 24.101305103578078 -20.649448904766846 114.11919949782649
      vertex 24.13631876159952 -19.469118801717475 114.11919949782649
      vertex 25.556812293778616 1.674107760969413 116.54123423384966
    endloop
  endfacet
  facet normal 0.9499467820103951 -0.0281794996822917 -0.3111382765680724
    outer loop
      vertex 23.97834617752821 -23.478346177528206 114
      vertex 25.556812293778616 1.674107760969413 116.54123423384966
      vertex 25.795371012707612 -23.692187397773427 119.56698729810778
    endloop
  endfacet
  facet normal 0.949946782010393 -0.028179499682290686 -0.31113827656807946
    outer loop
      vertex 24.13631876159952 -19.469118801717475 114.11919949782649
      vertex 24.176760763822248 -18.105796162824696 114.11919949782649
      vertex 25.556812293778616 1.674107760969413 116.54123423384966
    endloop
  endfacet
  facet normal 0.8643778089290346 -0.06165499094202673 -0.4990487606667108
    outer loop
      vertex 27.03328998011169 -26.53328998011169 108
      vertex 26.81221149666781 -26.127822122121238 107.56698729810778
      vertex 30.75369717961492 25.62530049724664 108
    endloop
  endfacet
  facet normal 0.8655077751967892 -0.03456956414551942 0.4997011469955748
    outer loop
      vertex 24.041773763304178 -22.309067111743467 89.87239409023714
      vertex 26.44089293223912 0.31460100410766445 87.28211396784539
      vertex 26.19089293223912 0.31460100410766445 87.71512666973761
    endloop
  endfacet
  facet normal 0.8410869635980481 0.06677161037736211 -0.5367627704237966
    outer loop
      vertex 30.368857202977672 -25.161822334240107 94.91730256473137
      vertex 26.68716766026671 26.43716766026671 95.56698729810778
      vertex 30.80022787699416 -25.372895167813486 95.56698729810778
    endloop
  endfacet
  facet normal 0.8639858858923433 0.06858949364469433 -0.4988224837959762
    outer loop
      vertex 30.80022787699416 -25.372895167813486 95.56698729810778
      vertex 26.93716766026671 26.43716766026671 96
      vertex 31.05022787699416 -25.372895167813486 96
    endloop
  endfacet
  facet normal 0.8639858858923433 0.06858949364469433 0.4988224837959762
    outer loop
      vertex 31.05022787699416 -25.372895167813486 96
      vertex 26.93716766026671 26.43716766026671 96
      vertex 30.80022787699416 -25.372895167813486 96.43301270189222
    endloop
  endfacet
  facet normal 0.9499467820103958 -0.02817949968229201 -0.3111382765680706
    outer loop
      vertex 24.176760763822248 -18.105796162824696 114.11919949782649
      vertex 25.539965963684054 3.4654025140550506 116.32756426138346
      vertex 25.556812293778616 1.674107760969413 116.54123423384966
    endloop
  endfacet
  facet normal 0.8761719804227442 -0.06249625448338757 0.4779297844847443
    outer loop
      vertex 27.03328998011169 -26.53328998011169 108
      vertex 30.75369717961492 25.62530049724664 108
      vertex 24.488070410135336 -19.612082654209637 113.57111042677391
    endloop
  endfacet
  facet normal 0.864536701927987 -0.05860933963664731 0.4991404975824291
    outer loop
      vertex 24.238070410135336 -19.612082654209637 114.00412312866614
      vertex 24.488070410135336 -19.612082654209637 113.57111042677391
      vertex 30.193362886610842 25.558871755244745 108.99325119972508
    endloop
  endfacet
  facet normal 0.8632005271455572 -0.08070398532609963 0.4983690567121088
    outer loop
      vertex 25.636923520095685 -25.386923520095685 120.43301270189222
      vertex 25.886923520095685 -25.386923520095685 120
      vertex 30.807842363636638 29.92062856095302 120.43301270189222
    endloop
  endfacet
  facet normal 0.8632005271455577 -0.08070398532609967 -0.49836905671210746
    outer loop
      vertex 25.886923520095685 -25.386923520095685 120
      vertex 25.795371012707612 -23.692187397773427 119.56698729810778
      vertex 30.807842363636638 29.92062856095302 119.56698729810778
    endloop
  endfacet
  facet normal 0.7353663280100009 -0.02181412222131967 0.6773186160890612
    outer loop
      vertex 24.238070410135336 -19.612082654209637 114.00412312866614
      vertex 30.193362886610842 25.558871755244745 108.99325119972508
      vertex 24.176760763822248 -18.105796162824696 114.11919949782649
    endloop
  endfacet
  facet normal 0.7263599942391543 -0.003450649773937686 0.6873057920496766
    outer loop
      vertex 20.61592915717035 -20.365929157170353 150.02568804478105
      vertex 25.500239675663142 -25.250239675663146 144.83931853313942
      vertex 22.84049596735289 0.3069184211250403 147.77850550031258
    endloop
  endfacet
  facet normal 0.9029115592921668 -0.0006318899455783206 -0.42982591454178826
    outer loop
      vertex 23.334382296008222 -21.541223366122743 138.1153313181592
      vertex 23.364065465986414 -20.49278909795552 138.1761438037092
      vertex 24.5508142519032 1.521925226239338 140.6367174554199
    endloop
  endfacet
  facet normal 0.9029115592922344 -0.0006318899455978487 -0.42982591454164615
    outer loop
      vertex 23.364065465986414 -20.49278909795552 138.1761438037092
      vertex 23.364597672080627 -19.732316427455203 138.1761438037092
      vertex 24.5508142519032 1.521925226239338 140.6367174554199
    endloop
  endfacet
  facet normal 0.6211313458913402 -0.012695640302652692 -0.7836036446243202
    outer loop
      vertex 20.206894292727497 -16.220544123429242 126.06698570721626
      vertex 20.868983923637458 16.17204213012718 126.06698570721626
      vertex 26.9317356565558 -26.681735656555798 131.5669872981078
    endloop
  endfacet
  facet normal 0.7263599942391448 -0.003450649773935579 0.6873057920496867
    outer loop
      vertex 20.61592915717035 -20.365929157170353 150.02568804478105
      vertex 22.84049596735289 0.3069184211250403 147.77850550031258
      vertex 20.719496765739674 -16.19258087741781 149.93718798415404
    endloop
  endfacet
  facet normal 0.7531064112000037 -0.03262365594956497 -0.6570893626303314
    outer loop
      vertex 20.61592915717035 -20.365929157170353 150.02568804478105
      vertex 22.23987575375624 18.904870036704008 149.93718798415404
      vertex 25.25 -25 155.5669872981078
    endloop
  endfacet
  facet normal 0.7531064112000316 -0.03262365594956606 -0.6570893626302994
    outer loop
      vertex 20.61592915717035 -20.365929157170353 150.02568804478105
      vertex 20.719496765739674 -16.19258087741781 149.93718798415404
      vertex 22.23987575375624 18.904870036704008 149.93718798415404
    endloop
  endfacet
  facet normal 0.9029115592921666 -0.0006318899455782712 -0.42982591454178853
    outer loop
      vertex 23.334382296008222 -21.541223366122743 138.1153313181592
      vertex 24.5508142519032 1.521925226239338 140.6367174554199
      vertex 26.13288187669245 -25.632881876692455 144
    endloop
  endfacet
  facet normal 0.866018074622484 -0.0041141102168661585 0.4999957685063835
    outer loop
      vertex 26.13288187669245 -25.632881876692455 144
      vertex 26.377587796543622 25.877587796543622 144
      vertex 25.88288187669245 -25.632881876692455 144.4330127018922
    endloop
  endfacet
  facet normal 0.8644996320102106 -0.059333927946857476 -0.49911909525543846
    outer loop
      vertex 26.9317356565558 -26.681735656555798 131.5669872981078
      vertex 30.969471223252945 28.505846168373694 132
      vertex 27.1817356565558 -26.681735656555798 132
    endloop
  endfacet
  facet normal 0.8644996320102106 -0.059333927946857476 0.49911909525543846
    outer loop
      vertex 26.9317356565558 -26.681735656555798 132.4330127018922
      vertex 27.1817356565558 -26.681735656555798 132
      vertex 30.719471223252945 28.505846168373694 132.4330127018922
    endloop
  endfacet
  facet normal 0.8660156801927744 -0.004738728414279804 -0.4999943860817461
    outer loop
      vertex 25.25 -25 155.5669872981078
      vertex 22.23987575375624 18.904870036704008 149.93718798415404
      vertex 25.5 -25 156
    endloop
  endfacet
  facet normal 0.8660254037844338 0 0.5000000000000082
    outer loop
      vertex 25.25 -25 156.4330127018922
      vertex 25.5 -25 156
      vertex 25.25 25 156.4330127018922
    endloop
  endfacet
  facet normal 0.8197907666479503 -0.05626538691136657 0.5698923627795692
    outer loop
      vertex 23.334382296008222 -21.541223366122743 138.1153313181592
      vertex 26.9317356565558 -26.681735656555798 132.4330127018922
      vertex 30.719471223252945 28.505846168373694 132.4330127018922
    endloop
  endfacet
  facet normal 0.8197907666479202 -0.05626538691135708 0.5698923627796136
    outer loop
      vertex 23.334382296008222 -21.541223366122743 138.1153313181592
      vertex 30.719471223252945 28.505846168373694 132.4330127018922
      vertex 23.364065465986414 -20.49278909795552 138.1761438037092
    endloop
  endfacet
  facet normal 0.6097993986306333 -0.00042675952573733515 0.7925556834103363
    outer loop
      vertex 23.364065465986414 -20.49278909795552 138.1761438037092
      vertex 30.517825655891755 28.25410074599987 132.6982252762948
      vertex 23.364597672080627 -19.732316427455203 138.1761438037092
    endloop
  endfacet
  facet normal 0 0 -1
    outer loop
      vertex 0 5.226251859505506 -0.4330127018922193
      vertex 25.25 25 -0.4330127018922193
      vertex 3.6955181300451474 3.6955181300451474 -0.4330127018922193
    endloop
  endfacet
  facet normal 0 0 -1
    outer loop
      vertex 0 5.226251859505506 -0.4330127018922193
      vertex 5.5 10.25 -0.4330127018922193
      vertex 25.25 25 -0.4330127018922193
    endloop
  endfacet
  facet normal 0 0.8744735001266105 0.4850732909327361
    outer loop
      vertex -21.532729180895576 25.23776412907379 0.4330127018922193
      vertex 19.991064415905253 22.2766536339119 5.7712011929277445
      vertex 25.077254248593736 25.23776412907379 0.4330127018922193
    endloop
  endfacet
  facet normal 0.07696515703584261 0.8680946078910212 -0.49039587717779826
    outer loop
      vertex -30.238088164561514 30.553106542229038 11.566987298107781
      vertex 25.532120671442126 25.853140432402228 12
      vertex 25.454866422848387 25.61537630332844 11.566987298107781
    endloop
  endfacet
  facet normal 0.07696515703584261 0.8680946078910212 0.49039587717779826
    outer loop
      vertex -30.238088164561514 30.553106542229038 12.433012701892219
      vertex 25.454866422848387 25.61537630332844 12.433012701892219
      vertex 25.532120671442126 25.853140432402228 12
    endloop
  endfacet
  facet normal 0.017958412675054936 0.8750549622230906 0.48369030226265436
    outer loop
      vertex -22.450694657824148 28.173832925213482 25.10798698834925
      vertex 22.075860057078494 24.44545121581999 30.199907706578852
      vertex 24.191512564894683 24.512532325854785 30
    endloop
  endfacet
  facet normal -0.024825300353344223 0.5906516260388308 0.8065447049730421
    outer loop
      vertex -22.701596064752646 25.021475687390126 36.753370698281245
      vertex 15.03911348769973 19.563699886454927 41.91188029596657
      vertex 27.404392763897985 27.564902644378037 36.43301270189222
    endloop
  endfacet
  facet normal -0.0327586011516668 0.779403300729177 -0.6256655407348644
    outer loop
      vertex -25.04540058145993 25.36041895912745 35.56698729810778
      vertex 27.05552655961435 27.5502396722932 35.56698729810778
      vertex 19.105965539860307 26.4155527339142 34.5697096702604
    endloop
  endfacet
  facet normal 0 0 -1
    outer loop
      vertex -5.5 13.75 -0.4330127018922193
      vertex 25.25 25 -0.4330127018922193
      vertex 5.5 13.75 -0.4330127018922193
    endloop
  endfacet
  facet normal 0.042777006161347275 0.9769437732367294 0.2091673771835701
    outer loop
      vertex -15.088704689577733 23.773165341144264 5.955740989367814
      vertex 21.426531228409466 22.174288809415465 5.955740989367814
      vertex 19.991064415905253 22.2766536339119 5.7712011929277445
    endloop
  endfacet
  facet normal 0.036776820956286774 0.8399111919419755 -0.5414763661425669
    outer loop
      vertex -15.088704689577733 23.773165341144264 5.955740989367814
      vertex 22.00212273192756 22.162632612407613 5.9767543817482185
      vertex 21.426531228409466 22.174288809415465 5.955740989367814
    endloop
  endfacet
  facet normal 0 0 -1
    outer loop
      vertex 5.5 10.25 -0.4330127018922193
      vertex 5.5 13.75 -0.4330127018922193
      vertex 25.25 25 -0.4330127018922193
    endloop
  endfacet
  facet normal 0 0 -1
    outer loop
      vertex -24.922745751406264 25.23776412907379 -0.4330127018922193
      vertex 25.077254248593736 25.23776412907379 -0.4330127018922193
      vertex 25.25 25 -0.4330127018922193
    endloop
  endfacet
  facet normal 0 0.876551507956312 -0.4813080654835482
    outer loop
      vertex -24.922745751406264 25.23776412907379 -0.4330127018922193
      vertex 25.154508497187475 25.475528258147577 0
      vertex 25.077254248593736 25.23776412907379 -0.4330127018922193
    endloop
  endfacet
  facet normal 0 0.876551507956312 0.48130806548354826
    outer loop
      vertex -21.532729180895576 25.23776412907379 0.4330127018922193
      vertex 25.077254248593736 25.23776412907379 0.4330127018922193
      vertex 25.154508497187475 25.475528258147577 0
    endloop
  endfacet
  facet normal 0.03677682095628866 0.8399111919420201 -0.5414763661424974
    outer loop
      vertex -15.088704689577733 23.773165341144264 5.955740989367814
      vertex 25.454866422848387 25.61537630332844 11.566987298107781
      vertex 22.00212273192756 22.162632612407613 5.9767543817482185
    endloop
  endfacet
  facet normal -0.02128978531983077 0.7211649021689102 -0.6924362273312554
    outer loop
      vertex -15.49100010294341 20.88720987758739 18.128827227381713
      vertex 27.208779433406836 27.36928931388689 23.56698729810778
      vertex 18.661087930981985 21.89542675042674 18.128827227381713
    endloop
  endfacet
  facet normal 0.07045115938227306 0.7946228388898223 0.6030018060141885
    outer loop
      vertex -6.776856564276494 26.399256785748317 15.165795427590437
      vertex 18.661087930981985 21.89542675042674 18.128827227381713
      vertex 25.454866422848387 25.61537630332844 12.433012701892219
    endloop
  endfacet
  facet normal 0.02066800696039254 0.8841843104632112 0.46668076735492414
    outer loop
      vertex -22.373440409230408 28.41159705428727 24.67497428645703
      vertex 24.191512564894683 24.512532325854785 30
      vertex 27.286033682000575 27.607053442960677 24
    endloop
  endfacet
  facet normal -0.0707091208814817 0.8904676443474734 -0.44951929279445796
    outer loop
      vertex -15.726869755472302 21.44366018058884 30.199907706578852
      vertex 19.105965539860307 26.4155527339142 34.5697096702604
      vertex 22.075860057078494 24.44545121581999 30.199907706578852
    endloop
  endfacet
  facet normal -0.036932866826566886 0.8787187882884524 -0.4759088720089646
    outer loop
      vertex -25.04540058145993 25.36041895912745 35.56698729810778
      vertex 27.481647012491724 27.802666773451826 36
      vertex 27.05552655961435 27.5502396722932 35.56698729810778
    endloop
  endfacet
  facet normal -0.03693286682656686 0.878718788288452 0.4759088720089654
    outer loop
      vertex -25.04540058145993 25.36041895912745 36.43301270189222
      vertex 27.404392763897985 27.564902644378037 36.43301270189222
      vertex 27.481647012491724 27.802666773451826 36
    endloop
  endfacet
  facet normal 0.020449219692772528 0.8748245173428828 -0.4840081541355979
    outer loop
      vertex -28.275786726109217 28.905823481444273 24
      vertex 27.286033682000575 27.607053442960677 24
      vertex 27.208779433406836 27.36928931388689 23.56698729810778
    endloop
  endfacet
  facet normal 0.000265366552138281 0.5316374061443075 -0.8469720172288725
    outer loop
      vertex -16.00739604113295 19.57919673655309 41.91188029596657
      vertex 19.503192480461244 19.663702360941297 41.97604968089212
      vertex 15.03911348769973 19.563699886454927 41.91188029596657
    endloop
  endfacet
  facet normal 0.024224847790426746 0.8669600225362447 0.4977885857203685
    outer loop
      vertex -23.71630429024786 29.636269726604855 49.1062198807801
      vertex 22.765653869507766 25.422471692986107 54.18302587686589
      vertex 25.135652088278295 25.456671849238397 54.00812629731339
    endloop
  endfacet
  facet normal 0.015103321238923356 0.860320756469641 0.5095292785258356
    outer loop
      vertex -23.322180354009465 28.649778603173406 61.04969656176282
      vertex 22.146746244430325 24.81774152953337 66.17216810404554
      vertex 24.546719695107374 24.867739456067476 66.01660918464935
    endloop
  endfacet
  facet normal 0.0184217905028286 0.6663928156138362 0.7453732306253918
    outer loop
      vertex -22.686187590046163 27.865392819786184 73.14430046675632
      vertex 15.829607528421098 21.536201782299965 77.85093250445713
      vertex 21.125050812597777 21.28556069307783 77.94413933225836
    endloop
  endfacet
  facet normal 0.04072764366954121 0.5503589347263043 -0.8339342312245339
    outer loop
      vertex -21.21993721061977 24.27794096565818 77.85093250445715
      vertex 29.058043316705767 29.21855319718582 83.56698729810778
      vertex 15.829607528421098 21.536201782299965 77.85093250445713
    endloop
  endfacet
  facet normal 0.0002653665521383052 0.5316374061443008 -0.8469720172288767
    outer loop
      vertex -16.00739604113295 19.57919673655309 41.91188029596657
      vertex 28.405886647382747 28.5663965278628 47.56698729810778
      vertex 19.503192480461244 19.663702360941297 41.97604968089212
    endloop
  endfacet
  facet normal -0.04390434342332922 0.9076386347845777 -0.4174500176966751
    outer loop
      vertex -17.9339362900244 23.45374899314538 54.1830258768659
      vertex 26.382707963057474 28.016758831269485 59.443226519430716
      vertex 22.765653869507766 25.422471692986107 54.18302587686589
    endloop
  endfacet
  facet normal 0.02422484779042816 0.8669600225362503 0.4977885857203588
    outer loop
      vertex -23.71630429024786 29.636269726604855 49.1062198807801
      vertex 25.135652088278295 25.456671849238397 54.00812629731339
      vertex 28.405886647382747 28.5663965278628 48.43301270189222
    endloop
  endfacet
  facet normal 0.02443397456564335 0.8744442616663346 -0.48451028278638664
    outer loop
      vertex -29.80276556398056 30.432802319315613 48
      vertex 28.483140895976486 28.80416065693659 48
      vertex 28.405886647382747 28.5663965278628 47.56698729810778
    endloop
  endfacet
  facet normal 0.02443397456564335 0.8744442616663346 0.48451028278638664
    outer loop
      vertex -29.80276556398056 30.432802319315613 48
      vertex 28.405886647382747 28.5663965278628 48.43301270189222
      vertex 28.483140895976486 28.80416065693659 48
    endloop
  endfacet
  facet normal 0.012317665122173995 0.7016432219250678 -0.7124219706413805
    outer loop
      vertex -28.796091322073877 29.111109699741398 59.56698729810778
      vertex 27.425379673473742 28.124116266669894 59.56698729810778
      vertex 26.382707963057474 28.016758831269485 59.443226519430716
    endloop
  endfacet
  facet normal 0.015366093429535302 0.8752888794559047 -0.483356246130679
    outer loop
      vertex -28.718837073480138 29.348873828815186 60
      vertex 28.031574837021655 28.352594597981756 60
      vertex 27.425379673473742 28.124116266669894 59.56698729810778
    endloop
  endfacet
  facet normal 0.015103321238924737 0.8603207564696461 0.5095292785258269
    outer loop
      vertex -23.322180354009465 28.649778603173406 61.04969656176282
      vertex 24.546719695107374 24.867739456067476 66.01660918464935
      vertex 27.954320588427915 28.114830468907968 60.43301270189222
    endloop
  endfacet
  facet normal 0.015366093429535295 0.8752888794559043 0.4833562461306798
    outer loop
      vertex -28.796091322073877 29.111109699741398 60.43301270189222
      vertex 27.954320588427915 28.114830468907968 60.43301270189222
      vertex 28.031574837021655 28.352594597981756 60
    endloop
  endfacet
  facet normal -0.044359091629606516 0.9203524485790678 -0.38856613514858757
    outer loop
      vertex -17.779170465529987 22.893394611711255 66.17216810404554
      vertex 26.448102001314524 27.302711588280232 71.56698729810778
      vertex 22.146746244430325 24.81774152953337 66.17216810404554
    endloop
  endfacet
  facet normal 0.018421790502829008 0.6663928156138378 0.7453732306253903
    outer loop
      vertex -22.686187590046163 27.865392819786184 73.14430046675632
      vertex 21.125050812597777 21.28556069307783 77.94413933225836
      vertex 27.12353014433359 27.284040024813642 72.43301270189222
    endloop
  endfacet
  facet normal 0.02417387145348499 0.8744695180254519 -0.4844777456016779
    outer loop
      vertex -28.50687074571555 28.821889123383073 71.56698729810778
      vertex 27.20078439292733 27.52180415388743 72
      vertex 26.448102001314524 27.302711588280232 71.56698729810778
    endloop
  endfacet
  facet normal 0.024173871453484975 0.8744695180254504 0.48447774560168094
    outer loop
      vertex -28.50687074571555 28.821889123383073 72.43301270189222
      vertex 27.12353014433359 27.284040024813642 72.43301270189222
      vertex 27.20078439292733 27.52180415388743 72
    endloop
  endfacet
  facet normal 0.00962109380811336 0.8757857651905308 -0.4826041110926966
    outer loop
      vertex -29.547354405954298 29.862372783621822 83.56698729810778
      vertex 29.135297565299506 29.456317326259608 84
      vertex 29.058043316705767 29.21855319718582 83.56698729810778
    endloop
  endfacet
  facet normal 0 0 -1
    outer loop
      vertex 24.797745751406264 -24.85305368692688 -0.4330127018922193
      vertex 3.6955181300451474 3.6955181300451474 -0.4330127018922193
      vertex 25.25 25 -0.4330127018922193
    endloop
  endfacet
  facet normal 0.6421281065274126 -0.009549260923942817 -0.7665378701821106
    outer loop
      vertex 21.404356546823323 -21.154356546823323 18.060267486045372
      vertex 21.73775685385898 15.475246257789117 17.883237841290928
      vertex 21.7845487186 18.62170667460561 17.883237841290928
    endloop
  endfacet
  facet normal 0.8242930348540907 -0.012258284892991763 0.5660306768564007
    outer loop
      vertex 22.872243666082284 -0.9812027923458153 15.874729354530116
      vertex 21.7845487186 18.62170667460561 17.883237841290928
      vertex 21.73775685385898 15.475246257789117 17.883237841290928
    endloop
  endfacet
  facet normal 0.8612246903008455 0.05045804699049071 0.5057133756488138
    outer loop
      vertex 24.928281812149443 -0.18176690871382692 3.493430913479945
      vertex 22.33622337756522 19.605149591063764 5.933420875067769
      vertex 22.401179296652494 18.671310717509492 5.9159762988303335
    endloop
  endfacet
  facet normal 0.8612246903008383 0.05045804699048812 0.5057133756488262
    outer loop
      vertex 24.928281812149443 -0.18176690871382692 3.493430913479945
      vertex 22.174868483333825 21.924868483333825 5.9767543817482185
      vertex 22.33622337756522 19.605149591063764 5.933420875067769
    endloop
  endfacet
  facet normal 0.8242930348540829 -0.012258284892993323 0.5660306768564122
    outer loop
      vertex 22.872243666082284 -0.9812027923458153 15.874729354530116
      vertex 21.793531617086447 20.386680594979765 17.90837961022915
      vertex 21.7845487186 18.62170667460561 17.883237841290928
    endloop
  endfacet
  facet normal 0.8242930348540927 -0.012258284892991255 0.5660306768563977
    outer loop
      vertex 22.872243666082284 -0.9812027923458153 15.874729354530116
      vertex 25.62761217425465 25.37761217425465 12.433012701892219
      vertex 21.79944957177186 21.54944957177186 17.92494306683639
    endloop
  endfacet
  facet normal 0.8242930348541164 -0.012258284892987087 0.5660306768563631
    outer loop
      vertex 22.872243666082284 -0.9812027923458153 15.874729354530116
      vertex 21.79944957177186 21.54944957177186 17.92494306683639
      vertex 21.793531617086447 20.386680594979765 17.90837961022915
    endloop
  endfacet
  facet normal 0.5593631116493227 0.02195831025588155 0.8286318494583066
    outer loop
      vertex 23.559107447319608 0.055234438806607875 39.86805239259661
      vertex 19.77284846459606 15.698669755189327 42.00940165536203
      vertex 19.78534138106123 15.218179177349048 42.01370113354169
    endloop
  endfacet
  facet normal 0.5593631116492682 0.021958310255863454 0.828631849458344
    outer loop
      vertex 23.559107447319608 0.055234438806607875 39.86805239259661
      vertex 27.202409691689237 24.78371155831626 36.753370698281266
      vertex 19.77284846459606 15.698669755189327 42.00940165536203
    endloop
  endfacet
  facet normal 0.9945200280224127 0 0.10454622835042701
    outer loop
      vertex 25.5 -25 0
      vertex 25.5 25 0
      vertex 25.178281812149443 -0.18176690871382692 3.060418211587726
    endloop
  endfacet
  facet normal 0.82949123039081 0.06805339897178977 -0.5543582177555653
    outer loop
      vertex 30.034621697739276 -29.105016714036527 11.47291035089717
      vertex 22.401179296652494 18.671310717509492 5.9159762988303335
      vertex 22.33622337756522 19.605149591063764 5.933420875067769
    endloop
  endfacet
  facet normal 0.829491230390807 0.06805339897178851 -0.5543582177555696
    outer loop
      vertex 30.034621697739276 -29.105016714036527 11.47291035089717
      vertex 22.33622337756522 19.605149591063764 5.933420875067769
      vertex 22.174868483333825 21.924868483333825 5.9767543817482185
    endloop
  endfacet
  facet normal 0.8294912303908096 0.06805339897178972 -0.5543582177555657
    outer loop
      vertex 30.034621697739276 -29.105016714036527 11.47291035089717
      vertex 22.174868483333825 21.924868483333825 5.9767543817482185
      vertex 25.62761217425465 25.37761217425465 11.566987298107781
    endloop
  endfacet
  facet normal 0.7076555591132129 0.006462739215449853 -0.7065280197260396
    outer loop
      vertex 27.881655724690518 -27.631655724690518 23.56698729810778
      vertex 21.7845487186 18.62170667460561 17.883237841290928
      vertex 21.793531617086447 20.386680594979765 17.90837961022915
    endloop
  endfacet
  facet normal 0.8638477069016158 0.07087208459207438 0.4987427061184894
    outer loop
      vertex 30.103683393635357 -29.180453685469608 12.433012701892219
      vertex 25.87761217425465 25.37761217425465 12
      vertex 25.62761217425465 25.37761217425465 12.433012701892219
    endloop
  endfacet
  facet normal 0.8638477069016158 0.07087208459207438 -0.4987427061184894
    outer loop
      vertex 30.353683393635357 -29.180453685469608 12
      vertex 25.62761217425465 25.37761217425465 11.566987298107781
      vertex 25.87761217425465 25.37761217425465 12
    endloop
  endfacet
  facet normal 0.5082378961573849 0.03351277955846847 0.8605644278703256
    outer loop
      vertex 31.030126923298898 -25.03914047009782 36.43301270189222
      vertex 27.722500316033024 25.122654830053662 36.43301270189222
      vertex 23.559107447319608 0.055234438806607875 39.86805239259661
    endloop
  endfacet
  facet normal 0.8889847928693106 -0.0010889154702931978 0.4579354237337481
    outer loop
      vertex 25.73385074573241 -2.5608815768635638 27.61332867327713
      vertex 25.84532262483551 -0.7541289302877255 27.401225832104824
      vertex 24.612290740706143 19.21123995238115 29.8423717562306
    endloop
  endfacet
  facet normal 0.7076555591132101 0.006462739215448428 -0.7065280197260424
    outer loop
      vertex 27.881655724690518 -27.631655724690518 23.56698729810778
      vertex 21.793531617086447 20.386680594979765 17.90837961022915
      vertex 27.3815251848131 27.1315251848131 23.56698729810778
    endloop
  endfacet
  facet normal 0.6393430168267854 -0.0007831298211524377 -0.7689212531478812
    outer loop
      vertex 24.562364217380157 -21.54850789623971 29.8423717562306
      vertex 24.612290740706143 19.21123995238115 29.8423717562306
      vertex 24.694436781533184 20.889529271178763 29.908965284422255
    endloop
  endfacet
  facet normal 0.8619394464650725 0.05683556240203551 -0.5038155510441583
    outer loop
      vertex 30.62420272185556 -24.91874339111192 34.886104691185125
      vertex 24.694436781533184 20.889529271178763 29.908965284422255
      vertex 27.065633987153543 26.18485374811559 34.56303192996411
    endloop
  endfacet
  facet normal 0.8660254037844386 0 -0.5
    outer loop
      vertex 25.5 -25 0
      vertex 25.25 25 -0.4330127018922193
      vertex 25.5 25 0
    endloop
  endfacet
  facet normal 0.8649577000808101 0.049641072657162034 0.4993835609792955
    outer loop
      vertex 25.178281812149443 -0.18176690871382692 3.060418211587726
      vertex 25.25 25 0.4330127018922193
      vertex 24.928281812149443 -0.18176690871382692 3.493430913479945
    endloop
  endfacet
  facet normal 0.8659983186532846 0.007908821208846928 0.4999843623922358
    outer loop
      vertex 28.131655724690518 -27.631655724690518 24
      vertex 27.6315251848131 27.1315251848131 24
      vertex 27.405284261249935 24.529959198716625 24.43301270189222
    endloop
  endfacet
  facet normal 0.8659983186532846 0.007908821208846928 -0.49998436239223587
    outer loop
      vertex 27.881655724690518 -27.631655724690518 23.56698729810778
      vertex 27.3815251848131 27.1315251848131 23.56698729810778
      vertex 27.6315251848131 27.1315251848131 24
    endloop
  endfacet
  facet normal 0.8889847928693082 -0.0010889154702938984 0.45793542373375273
    outer loop
      vertex 25.84532262483551 -0.7541289302877255 27.401225832104824
      vertex 27.405284261249935 24.529959198716625 24.43301270189222
      vertex 24.612290740706143 19.21123995238115 29.8423717562306
    endloop
  endfacet
  facet normal 0.8619394464650741 0.05683556240203566 -0.5038155510441554
    outer loop
      vertex 31.030126923298898 -25.03914047009782 35.56698729810778
      vertex 27.065633987153543 26.18485374811559 34.56303192996411
      vertex 27.722500316033024 25.122654830053662 35.56698729810778
    endloop
  endfacet
  facet normal 0.864616802353936 0.057012104998291034 -0.4991867435849217
    outer loop
      vertex 31.280126923298898 -25.03914047009782 36
      vertex 27.722500316033024 25.122654830053662 35.56698729810778
      vertex 27.972500316033024 25.122654830053662 36
    endloop
  endfacet
  facet normal 0.864616802353936 0.057012104998291034 0.4991867435849217
    outer loop
      vertex 31.280126923298898 -25.03914047009782 36
      vertex 27.972500316033024 25.122654830053662 36
      vertex 27.722500316033024 25.122654830053662 36.43301270189222
    endloop
  endfacet
  facet normal 0.5274279931560573 0.006111197527884733 -0.8495777570653255
    outer loop
      vertex 28.408045784109774 -25.09054412232537 47.07682934390741
      vertex 19.78534138106123 15.218179177349048 42.01370113354169
      vertex 19.77284846459606 15.698669755189327 42.00940165536203
    endloop
  endfacet
  facet normal 0.5274279931560767 0.0061111975278890325 -0.8495777570653134
    outer loop
      vertex 28.408045784109774 -25.09054412232537 47.07682934390741
      vertex 19.77284846459606 15.698669755189327 42.00940165536203
      vertex 19.680345269936716 19.25643895807151 41.97756637749921
    endloop
  endfacet
  facet normal 0.890786179360388 -0.09534910508822664 0.44430679807920664
    outer loop
      vertex 21.305738581131237 -15.070120653112925 53.7691162665139
      vertex 24.048908085953112 1.1832982251907957 51.75737901258938
      vertex 25.147176635946416 20.817997278692822 53.769116266513905
    endloop
  endfacet
  facet normal 0.5274279931561306 0.0061111975279047525 -0.8495777570652799
    outer loop
      vertex 28.408045784109774 -25.09054412232537 47.07682934390741
      vertex 19.680345269936716 19.25643895807151 41.97756637749921
      vertex 19.67593823186751 19.42593823186751 41.97604968089212
    endloop
  endfacet
  facet normal 0.5962523435685133 -0.02757123664231465 -0.8023234819566663
    outer loop
      vertex 26.6690513626924 -26.419051362692397 83.56698729810778
      vertex 21.28092410311918 16.41933003193154 78.09065417863398
      vertex 21.293932898651533 19.987912893374652 77.97769011891788
    endloop
  endfacet
  facet normal 0.5962523435685184 -0.027571236642313653 -0.8023234819566626
    outer loop
      vertex 26.6690513626924 -26.419051362692397 83.56698729810778
      vertex 21.293932898651533 19.987912893374652 77.97769011891788
      vertex 21.29779656400404 21.04779656400404 77.94413933225836
    endloop
  endfacet
  facet normal 0.4806001842651705 -0.04951479339541562 -0.8755408317830149
    outer loop
      vertex 20.974851454222687 -14.731277672483237 65.77010022970066
      vertex 24.790931909829393 22.308339063655957 65.77010022970065
      vertex 24.8382594723825 22.328634203893085 65.794931425253
    endloop
  endfacet
  facet normal 0.664821257623305 0.02121342795389694 0.7467012025479883
    outer loop
      vertex 24.50458137325259 0.6752512306615313 75.6677707107195
      vertex 21.293932898651533 19.987912893374652 77.97769011891788
      vertex 21.28092410311918 16.41933003193154 78.09065417863398
    endloop
  endfacet
  facet normal 0.6648212576232888 0.02121342795389235 0.746701202548003
    outer loop
      vertex 24.50458137325259 0.6752512306615313 75.6677707107195
      vertex 21.29779656400404 21.04779656400404 77.94413933225836
      vertex 21.293932898651533 19.987912893374652 77.97769011891788
    endloop
  endfacet
  facet normal 0.5658164416075132 0.006555996428061562 0.8245051687633298
    outer loop
      vertex 29.202518025772445 -25.515927967180176 48.43301270189222
      vertex 28.581955465063718 28.041834570966408 48.43301270189222
      vertex 24.343254175926923 2.927313783516965 51.54151667024908
    endloop
  endfacet
  facet normal 0.4836420217990163 -0.05176869043333007 -0.8737335963787691
    outer loop
      vertex 21.076399910986293 -20.61278431598987 53.970571975626456
      vertex 25.41742244120733 22.871851184564076 53.79701596121694
      vertex 27.486076196387362 -0.02575885081160902 56.29877070568517
    endloop
  endfacet
  facet normal 0.5274279931560775 0.00611119752788925 -0.8495777570653129
    outer loop
      vertex 28.408045784109774 -25.09054412232537 47.07682934390741
      vertex 19.67593823186751 19.42593823186751 41.97604968089212
      vertex 28.57863239878901 28.32863239878901 47.56698729810778
    endloop
  endfacet
  facet normal 0.6245308631916539 0.029616970143311237 0.7804383614358137
    outer loop
      vertex 29.82941094740525 -26.36975595162696 72.43301270189222
      vertex 27.296275895739853 27.046275895739853 72.43301270189222
      vertex 24.50458137325259 0.6752512306615313 75.6677707107195
    endloop
  endfacet
  facet normal 0.8656295600089424 0.030231657551400976 -0.4997714594896548
    outer loop
      vertex 29.860053858084385 -25.906640892035774 71.57513613902888
      vertex 24.8382594723825 22.328634203893085 65.794931425253
      vertex 25.0882594723825 22.328634203893085 66.22794412714522
    endloop
  endfacet
  facet normal 0.8907861793603894 -0.09534910508822644 0.4443067980792042
    outer loop
      vertex 24.048908085953112 1.1832982251907957 51.75737901258938
      vertex 24.343254175926923 2.927313783516965 51.54151667024908
      vertex 25.147176635946416 20.817997278692822 53.769116266513905
    endloop
  endfacet
  facet normal 0.48364202179900023 -0.0517686904333285 -0.873733596378778
    outer loop
      vertex 21.076399910986293 -20.61278431598987 53.970571975626456
      vertex 25.147176635946416 20.817997278692822 53.769116266513905
      vertex 25.41742244120733 22.871851184564076 53.79701596121694
    endloop
  endfacet
  facet normal 0.8657841145180392 0.02360415353880962 -0.4998606915770944
    outer loop
      vertex 27.486076196387362 -0.02575885081160902 56.29877070568517
      vertex 25.41742244120733 22.871851184564076 53.79701596121694
      vertex 27.736076196387362 -0.02575885081160902 56.73178340757739
    endloop
  endfacet
  facet normal 0.8657841145180393 0.02360415353880957 -0.49986069157709445
    outer loop
      vertex 27.736076196387362 -0.02575885081160902 56.73178340757739
      vertex 25.41742244120733 22.871851184564076 53.79701596121694
      vertex 25.66742244120733 22.871851184564076 54.23002866310916
    endloop
  endfacet
  facet normal 0.8659818069060309 0.010033949555641264 -0.4999748293305181
    outer loop
      vertex 29.452518025772445 -25.515927967180176 48
      vertex 28.57863239878901 28.32863239878901 47.56698729810778
      vertex 28.82863239878901 28.32863239878901 48
    endloop
  endfacet
  facet normal 0.8659818069060302 0.010033949555641259 0.4999748293305191
    outer loop
      vertex 29.452518025772445 -25.515927967180176 48
      vertex 28.82863239878901 28.32863239878901 48
      vertex 28.581955465063718 28.041834570966408 48.43301270189222
    endloop
  endfacet
  facet normal 0.5240644488180218 0.018685720267737734 0.8514736034329771
    outer loop
      vertex 30.18850277981082 -29.938502779810815 60.43301270189222
      vertex 28.12706633983418 27.87706633983418 60.43301270189222
      vertex 28.11876313856988 27.61876313856988 60.44379165489802
    endloop
  endfacet
  facet normal 0.865612829880845 0.03086375966887014 0.4997618003457022
    outer loop
      vertex 30.43850277981082 -29.938502779810815 60
      vertex 28.37706633983418 27.87706633983418 60
      vertex 28.12706633983418 27.87706633983418 60.43301270189222
    endloop
  endfacet
  facet normal 0.9060599413259104 0.04296785285063626 -0.4209621673569894
    outer loop
      vertex 29.860053858084385 -25.906640892035774 71.57513613902888
      vertex 25.0882594723825 22.328634203893085 66.22794412714522
      vertex 27.546275895739853 27.046275895739853 72
    endloop
  endfacet
  facet normal 0.5962523435685055 -0.027571236642316112 -0.802323481956672
    outer loop
      vertex 26.6690513626924 -26.419051362692397 83.56698729810778
      vertex 21.29779656400404 21.04779656400404 77.94413933225836
      vertex 29.23078906811203 28.98078906811203 83.56698729810778
    endloop
  endfacet
  facet normal 0.8827898847470843 -0.09095119016994943 0.4608794857605397
    outer loop
      vertex 20.974851454222687 -14.731277672483237 65.77010022970066
      vertex 28.11876313856988 27.61876313856988 60.44379165489802
      vertex 24.790931909829393 22.308339063655957 65.77010022970065
    endloop
  endfacet
  facet normal 0.865295969152578 0.041034713244675954 0.49957886071893404
    outer loop
      vertex 30.07941094740525 -26.36975595162696 72
      vertex 27.546275895739853 27.046275895739853 72
      vertex 27.296275895739853 27.046275895739853 72.43301270189222
    endloop
  endfacet
  facet normal 0.8653318307026588 -0.04001371053007941 -0.4995995653945268
    outer loop
      vertex 26.9190513626924 -26.419051362692397 84
      vertex 29.23078906811203 28.98078906811203 83.56698729810778
      vertex 29.48078906811203 28.98078906811203 84
    endloop
  endfacet
  facet normal -4.866716452650594e-15 0.8744735001265929 0.4850732909327679
    outer loop
      vertex 19.991064415905253 22.2766536339119 5.7712011929277445
      vertex 21.426531228409466 22.174288809415465 5.955740989367814
      vertex 22.00212273192756 22.162632612407613 5.9767543817482185
    endloop
  endfacet
  facet normal -5.68627474552849e-16 0.8744735001266108 0.4850732909327357
    outer loop
      vertex 19.991064415905253 22.2766536339119 5.7712011929277445
      vertex 22.00212273192756 22.162632612407613 5.9767543817482185
      vertex 25.077254248593736 25.23776412907379 0.4330127018922193
    endloop
  endfacet
  facet normal 0.6395178078508343 0.4646368848203947 0.612478194473944
    outer loop
      vertex 22.00212273192756 22.162632612407613 5.9767543817482185
      vertex 22.174868483333825 21.924868483333825 5.9767543817482185
      vertex 25.25 25 0.4330127018922193
    endloop
  endfacet
  facet normal 0.6125605685935184 0.44505130406233895 -0.6532219274923315
    outer loop
      vertex 22.00212273192756 22.162632612407613 5.9767543817482185
      vertex 25.62761217425465 25.37761217425465 11.566987298107781
      vertex 22.174868483333825 21.924868483333825 5.9767543817482185
    endloop
  endfacet
  facet normal 0.07045115938227377 0.794622838889822 0.603001806014189
    outer loop
      vertex 18.661087930981985 21.89542675042674 18.128827227381713
      vertex 21.626703820365595 21.787213700845648 17.92494306683639
      vertex 25.454866422848387 25.61537630332844 12.433012701892219
    endloop
  endfacet
  facet normal 0.5796489601489637 0.42113962086230944 0.6976019658359452
    outer loop
      vertex 21.79944957177186 21.54944957177186 17.92494306683639
      vertex 25.454866422848387 25.61537630332844 12.433012701892219
      vertex 21.626703820365595 21.787213700845648 17.92494306683639
    endloop
  endfacet
  facet normal 0.7076555591132107 0.006462739215447632 -0.7065280197260421
    outer loop
      vertex 21.793531617086447 20.386680594979765 17.90837961022915
      vertex 21.79944957177186 21.54944957177186 17.92494306683639
      vertex 27.3815251848131 27.1315251848131 23.56698729810778
    endloop
  endfacet
  facet normal -0.024825300353344373 0.590651626038831 0.806544704973042
    outer loop
      vertex 15.03911348769973 19.563699886454927 41.91188029596657
      vertex 19.503192480461244 19.663702360941297 41.97604968089212
      vertex 27.404392763897985 27.564902644378037 36.43301270189222
    endloop
  endfacet
  facet normal 0.5593631116492686 0.021958310255862964 0.8286318494583437
    outer loop
      vertex 27.202409691689237 24.78371155831626 36.753370698281266
      vertex 19.680345269936716 19.25643895807151 41.97756637749921
      vertex 19.77284846459606 15.698669755189327 42.00940165536203
    endloop
  endfacet
  facet normal 0.5593631116492972 0.021958310255821126 0.8286318494583255
    outer loop
      vertex 27.57713851530425 27.32713851530425 36.43301270189222
      vertex 19.67593823186751 19.42593823186751 41.97604968089212
      vertex 19.680345269936716 19.25643895807151 41.97756637749921
    endloop
  endfacet
  facet normal 0.36310402254150215 0.2638105144662218 0.8936215537190492
    outer loop
      vertex 27.404392763897985 27.564902644378037 36.43301270189222
      vertex 19.503192480461244 19.663702360941297 41.97604968089212
      vertex 19.67593823186751 19.42593823186751 41.97604968089212
    endloop
  endfacet
  facet normal -0.021289785319830303 0.7211649021689096 -0.6924362273312556
    outer loop
      vertex 18.661087930981985 21.89542675042674 18.128827227381713
      vertex 27.208779433406836 27.36928931388689 23.56698729810778
      vertex 21.626703820365595 21.787213700845648 17.92494306683639
    endloop
  endfacet
  facet normal 0.47427030964038747 0.34457754972401455 -0.8101444226925254
    outer loop
      vertex 21.79944957177186 21.54944957177186 17.92494306683639
      vertex 21.626703820365595 21.787213700845648 17.92494306683639
      vertex 27.3815251848131 27.1315251848131 23.56698729810778
    endloop
  endfacet
  facet normal -0.07070912088148201 0.8904676443474734 -0.44951929279445796
    outer loop
      vertex 19.105965539860307 26.4155527339142 34.5697096702604
      vertex 24.191512564894683 24.512532325854785 30
      vertex 22.075860057078494 24.44545121581999 30.199907706578852
    endloop
  endfacet
  facet normal -0.0707091208814817 0.8904676443474734 -0.44951929279445774
    outer loop
      vertex 19.105965539860307 26.4155527339142 34.5697096702604
      vertex 27.05552655961435 27.5502396722932 35.56698729810778
      vertex 24.191512564894683 24.512532325854785 30
    endloop
  endfacet
  facet normal 0.8612246903008401 0.050458046990488864 0.5057133756488231
    outer loop
      vertex 24.928281812149443 -0.18176690871382692 3.493430913479945
      vertex 25.25 25 0.4330127018922193
      vertex 22.174868483333825 21.924868483333825 5.9767543817482185
    endloop
  endfacet
  facet normal 0.8649577000808101 0.04964107265716204 0.4993835609792956
    outer loop
      vertex 25.178281812149443 -0.18176690871382692 3.060418211587726
      vertex 25.5 25 0
      vertex 25.25 25 0.4330127018922193
    endloop
  endfacet
  facet normal 0.5082378961573799 0.03351277955846957 0.8605644278703285
    outer loop
      vertex 23.559107447319608 0.055234438806607875 39.86805239259661
      vertex 27.722500316033024 25.122654830053662 36.43301270189222
      vertex 27.202409691689237 24.78371155831626 36.753370698281266
    endloop
  endfacet
  facet normal 0.639343016826796 -0.000783129821153295 -0.7689212531478725
    outer loop
      vertex 24.612290740706143 19.21123995238115 29.8423717562306
      vertex 24.61425366413902 20.813760192930467 29.8423717562306
      vertex 24.694436781533184 20.889529271178763 29.908965284422255
    endloop
  endfacet
  facet normal 0.6393430168267955 -0.0007831298211526128 -0.7689212531478729
    outer loop
      vertex 24.61425366413902 20.813760192930467 29.8423717562306
      vertex 24.61509722460211 21.502438464118423 29.8423717562306
      vertex 24.694436781533184 20.889529271178763 29.908965284422255
    endloop
  endfacet
  facet normal 0.8889847928693088 -0.001088915470294947 0.4579354237337519
    outer loop
      vertex 24.612290740706143 19.21123995238115 29.8423717562306
      vertex 27.405284261249935 24.529959198716625 24.43301270189222
      vertex 24.61425366413902 20.813760192930467 29.8423717562306
    endloop
  endfacet
  facet normal 0.8889847928693085 -0.001088915470293999 0.45793542373375246
    outer loop
      vertex 24.61425366413902 20.813760192930467 29.8423717562306
      vertex 27.405284261249935 24.529959198716625 24.43301270189222
      vertex 24.61509722460211 21.502438464118423 29.8423717562306
    endloop
  endfacet
  facet normal 0.8619394464650734 0.05683556240203386 -0.5038155510441569
    outer loop
      vertex 24.694436781533184 20.889529271178763 29.908965284422255
      vertex 24.61509722460211 21.502438464118423 29.8423717562306
      vertex 27.065633987153543 26.18485374811559 34.56303192996411
    endloop
  endfacet
  facet normal 0.6395178078508342 0.46463688482039517 0.6124781944739439
    outer loop
      vertex 22.00212273192756 22.162632612407613 5.9767543817482185
      vertex 25.25 25 0.4330127018922193
      vertex 25.077254248593736 25.23776412907379 0.4330127018922193
    endloop
  endfacet
  facet normal 0.7329996781371404 0.5325554391808718 -0.42319756148838705
    outer loop
      vertex 25.25 25 -0.4330127018922193
      vertex 25.154508497187475 25.475528258147577 0
      vertex 25.5 25 0
    endloop
  endfacet
  facet normal 0.7329996781371404 0.5325554391808718 0.42319756148838705
    outer loop
      vertex 25.25 25 0.4330127018922193
      vertex 25.5 25 0
      vertex 25.154508497187475 25.475528258147577 0
    endloop
  endfacet
  facet normal 0.6125605685935183 0.44505130406233867 -0.6532219274923318
    outer loop
      vertex 22.00212273192756 22.162632612407613 5.9767543817482185
      vertex 25.454866422848387 25.61537630332844 11.566987298107781
      vertex 25.62761217425465 25.37761217425465 11.566987298107781
    endloop
  endfacet
  facet normal 0.7329996781371365 0.5325554391808743 -0.4231975614883908
    outer loop
      vertex 25.25 25 -0.4330127018922193
      vertex 25.077254248593736 25.23776412907379 -0.4330127018922193
      vertex 25.154508497187475 25.475528258147577 0
    endloop
  endfacet
  facet normal 0.7329996781371365 0.5325554391808743 0.4231975614883908
    outer loop
      vertex 25.25 25 0.4330127018922193
      vertex 25.154508497187475 25.475528258147577 0
      vertex 25.077254248593736 25.23776412907379 0.4330127018922193
    endloop
  endfacet
  facet normal 0.5796489601489638 0.42113962086230966 0.6976019658359451
    outer loop
      vertex 21.79944957177186 21.54944957177186 17.92494306683639
      vertex 25.62761217425465 25.37761217425465 12.433012701892219
      vertex 25.454866422848387 25.61537630332844 12.433012701892219
    endloop
  endfacet
  facet normal 0.7329996781371363 0.5325554391808741 -0.42319756148839127
    outer loop
      vertex 25.454866422848387 25.61537630332844 11.566987298107781
      vertex 25.532120671442126 25.853140432402228 12
      vertex 25.62761217425465 25.37761217425465 11.566987298107781
    endloop
  endfacet
  facet normal 0.7329996781371403 0.5325554391808717 -0.42319756148838755
    outer loop
      vertex 25.62761217425465 25.37761217425465 11.566987298107781
      vertex 25.532120671442126 25.853140432402228 12
      vertex 25.87761217425465 25.37761217425465 12
    endloop
  endfacet
  facet normal 0.7329996781371363 0.5325554391808741 0.42319756148839127
    outer loop
      vertex 25.454866422848387 25.61537630332844 12.433012701892219
      vertex 25.62761217425465 25.37761217425465 12.433012701892219
      vertex 25.532120671442126 25.853140432402228 12
    endloop
  endfacet
  facet normal 0.7329996781371403 0.5325554391808717 0.42319756148838755
    outer loop
      vertex 25.62761217425465 25.37761217425465 12.433012701892219
      vertex 25.87761217425465 25.37761217425465 12
      vertex 25.532120671442126 25.853140432402228 12
    endloop
  endfacet
  facet normal 0.8889847928693085 -0.0010889154702944466 0.45793542373375223
    outer loop
      vertex 24.61509722460211 21.502438464118423 29.8423717562306
      vertex 27.405284261249935 24.529959198716625 24.43301270189222
      vertex 24.538414508414316 24.038414508414316 29.997265281469286
    endloop
  endfacet
  facet normal 0.8614299798713121 0.10288109498448547 0.497346830766724
    outer loop
      vertex 27.3815251848131 27.1315251848131 24.43301270189222
      vertex 24.517174219466348 24.267174219466348 29.98673333966042
      vertex 24.538414508414316 24.038414508414316 29.997265281469286
    endloop
  endfacet
  facet normal 0.4742703096403871 0.34457754972401616 -0.810144422692525
    outer loop
      vertex 21.626703820365595 21.787213700845648 17.92494306683639
      vertex 27.208779433406836 27.36928931388689 23.56698729810778
      vertex 27.3815251848131 27.1315251848131 23.56698729810778
    endloop
  endfacet
  facet normal 0.08566519698065168 0.8668023082266573 0.4912384680368642
    outer loop
      vertex 24.191512564894683 24.512532325854785 30
      vertex 24.344428468060084 24.504938348540136 29.98673333966042
      vertex 27.208779433406836 27.36928931388689 24.43301270189222
    endloop
  endfacet
  facet normal 0.6564187788362245 0.4769161590058655 0.5845214829843739
    outer loop
      vertex 24.517174219466348 24.267174219466348 29.98673333966042
      vertex 27.208779433406836 27.36928931388689 24.43301270189222
      vertex 24.344428468060084 24.504938348540136 29.98673333966042
    endloop
  endfacet
  facet normal 0.8889847928693084 -0.001088915470293486 0.45793542373375223
    outer loop
      vertex 27.405284261249935 24.529959198716625 24.43301270189222
      vertex 27.6315251848131 27.1315251848131 24
      vertex 24.538414508414316 24.038414508414316 29.997265281469286
    endloop
  endfacet
  facet normal 0.8614299798713176 0.10288109498446787 0.49734683076671776
    outer loop
      vertex 27.6315251848131 27.1315251848131 24
      vertex 27.3815251848131 27.1315251848131 24.43301270189222
      vertex 24.538414508414316 24.038414508414316 29.997265281469286
    endloop
  endfacet
  facet normal 0.08566519698063932 0.8668023082266605 0.49123846803686055
    outer loop
      vertex 24.191512564894683 24.512532325854785 30
      vertex 27.208779433406836 27.36928931388689 24.43301270189222
      vertex 27.286033682000575 27.607053442960677 24
    endloop
  endfacet
  facet normal 0.6564187788362245 0.4769161590058655 0.5845214829843739
    outer loop
      vertex 27.3815251848131 27.1315251848131 24.43301270189222
      vertex 27.208779433406836 27.36928931388689 24.43301270189222
      vertex 24.517174219466348 24.267174219466348 29.98673333966042
    endloop
  endfacet
  facet normal 0.8619394464650729 0.056835562402034835 -0.5038155510441577
    outer loop
      vertex 24.61509722460211 21.502438464118423 29.8423717562306
      vertex 24.538414508414316 24.038414508414316 29.997265281469286
      vertex 27.065633987153543 26.18485374811559 34.56303192996411
    endloop
  endfacet
  facet normal 0.8619394464650696 0.056835562402047464 -0.5038155510441616
    outer loop
      vertex 24.538414508414316 24.038414508414316 29.997265281469286
      vertex 24.517174219466348 24.267174219466348 29.98673333966042
      vertex 27.065633987153543 26.18485374811559 34.56303192996411
    endloop
  endfacet
  facet normal 0.5593631116492694 0.021958310255861348 0.8286318494583431
    outer loop
      vertex 27.202409691689237 24.78371155831626 36.753370698281266
      vertex 27.57713851530425 27.32713851530425 36.43301270189222
      vertex 19.680345269936716 19.25643895807151 41.97756637749921
    endloop
  endfacet
  facet normal 0.3631040225415028 0.2638105144662206 0.8936215537190494
    outer loop
      vertex 27.404392763897985 27.564902644378037 36.43301270189222
      vertex 19.67593823186751 19.42593823186751 41.97604968089212
      vertex 27.57713851530425 27.32713851530425 36.43301270189222
    endloop
  endfacet
  facet normal 0.6422649159395787 0.46663277567589506 -0.6080704156741517
    outer loop
      vertex 24.517174219466348 24.267174219466348 29.98673333966042
      vertex 24.344428468060084 24.504938348540136 29.98673333966042
      vertex 27.404392763897985 27.564902644378037 35.56698729810778
    endloop
  endfacet
  facet normal 0.001745979120579429 0.8764187192510842 -0.4815466541293792
    outer loop
      vertex 24.191512564894683 24.512532325854785 30
      vertex 27.481647012491724 27.802666773451826 36
      vertex 24.344428468060084 24.504938348540136 29.98673333966042
    endloop
  endfacet
  facet normal 0.8619394464650721 0.05683556240203769 -0.5038155510441588
    outer loop
      vertex 24.517174219466348 24.267174219466348 29.98673333966042
      vertex 27.57713851530425 27.32713851530425 35.56698729810778
      vertex 27.065633987153543 26.18485374811559 34.56303192996411
    endloop
  endfacet
  facet normal -0.07070912088147865 0.890467644347473 -0.449519292794459
    outer loop
      vertex 24.191512564894683 24.512532325854785 30
      vertex 27.05552655961435 27.5502396722932 35.56698729810778
      vertex 27.481647012491724 27.802666773451826 36
    endloop
  endfacet
  facet normal 0.6422649159395782 0.4666327756758955 -0.608070415674152
    outer loop
      vertex 24.517174219466348 24.267174219466348 29.98673333966042
      vertex 27.404392763897985 27.564902644378037 35.56698729810778
      vertex 27.57713851530425 27.32713851530425 35.56698729810778
    endloop
  endfacet
  facet normal 0.0017459791205795606 0.8764187192510835 -0.4815466541293802
    outer loop
      vertex 24.344428468060084 24.504938348540136 29.98673333966042
      vertex 27.481647012491724 27.802666773451826 36
      vertex 27.404392763897985 27.564902644378037 35.56698729810778
    endloop
  endfacet
  facet normal 0.5082378961573811 0.03351277955846759 0.8605644278703278
    outer loop
      vertex 27.202409691689237 24.78371155831626 36.753370698281266
      vertex 27.722500316033024 25.122654830053662 36.43301270189222
      vertex 27.57713851530425 27.32713851530425 36.43301270189222
    endloop
  endfacet
  facet normal 0.8619394464650737 0.05683556240203454 -0.5038155510441562
    outer loop
      vertex 27.722500316033024 25.122654830053662 35.56698729810778
      vertex 27.065633987153543 26.18485374811559 34.56303192996411
      vertex 27.57713851530425 27.32713851530425 35.56698729810778
    endloop
  endfacet
  facet normal 0.7329996781371368 0.5325554391808747 -0.42319756148838983
    outer loop
      vertex 27.3815251848131 27.1315251848131 23.56698729810778
      vertex 27.208779433406836 27.36928931388689 23.56698729810778
      vertex 27.286033682000575 27.607053442960677 24
    endloop
  endfacet
  facet normal 0.732999678137141 0.5325554391808721 -0.42319756148838616
    outer loop
      vertex 27.3815251848131 27.1315251848131 23.56698729810778
      vertex 27.286033682000575 27.607053442960677 24
      vertex 27.6315251848131 27.1315251848131 24
    endloop
  endfacet
  facet normal 0.7329996781371368 0.5325554391808747 0.42319756148838983
    outer loop
      vertex 27.3815251848131 27.1315251848131 24.43301270189222
      vertex 27.286033682000575 27.607053442960677 24
      vertex 27.208779433406836 27.36928931388689 24.43301270189222
    endloop
  endfacet
  facet normal 0.732999678137141 0.5325554391808721 0.42319756148838616
    outer loop
      vertex 27.6315251848131 27.1315251848131 24
      vertex 27.286033682000575 27.607053442960677 24
      vertex 27.3815251848131 27.1315251848131 24.43301270189222
    endloop
  endfacet
  facet normal 0.7329996781371357 0.5325554391808738 -0.42319756148839266
    outer loop
      vertex 27.404392763897985 27.564902644378037 35.56698729810778
      vertex 27.481647012491724 27.802666773451826 36
      vertex 27.57713851530425 27.32713851530425 35.56698729810778
    endloop
  endfacet
  facet normal 0.7329996781371357 0.5325554391808739 0.42319756148839266
    outer loop
      vertex 27.481647012491724 27.802666773451826 36
      vertex 27.404392763897985 27.564902644378037 36.43301270189222
      vertex 27.57713851530425 27.32713851530425 36.43301270189222
    endloop
  endfacet
  facet normal 0.7329996781371398 0.5325554391808713 -0.423197561488389
    outer loop
      vertex 27.57713851530425 27.32713851530425 35.56698729810778
      vertex 27.481647012491724 27.802666773451826 36
      vertex 27.82713851530425 27.32713851530425 36
    endloop
  endfacet
  facet normal 0.7329996781371398 0.5325554391808713 0.423197561488389
    outer loop
      vertex 27.481647012491724 27.802666773451826 36
      vertex 27.57713851530425 27.32713851530425 36.43301270189222
      vertex 27.82713851530425 27.32713851530425 36
    endloop
  endfacet
  facet normal 0.8646168023539363 0.05701210499828996 -0.4991867435849214
    outer loop
      vertex 27.722500316033024 25.122654830053662 35.56698729810778
      vertex 27.57713851530425 27.32713851530425 35.56698729810778
      vertex 27.972500316033024 25.122654830053662 36
    endloop
  endfacet
  facet normal 0.8646168023539363 0.05701210499828996 0.4991867435849214
    outer loop
      vertex 27.722500316033024 25.122654830053662 36.43301270189222
      vertex 27.972500316033024 25.122654830053662 36
      vertex 27.57713851530425 27.32713851530425 36.43301270189222
    endloop
  endfacet
  facet normal 0.8646168023539363 0.05701210499828997 -0.4991867435849214
    outer loop
      vertex 27.57713851530425 27.32713851530425 35.56698729810778
      vertex 27.82713851530425 27.32713851530425 36
      vertex 27.972500316033024 25.122654830053662 36
    endloop
  endfacet
  facet normal 0.8646168023539363 0.05701210499828997 0.4991867435849214
    outer loop
      vertex 27.57713851530425 27.32713851530425 36.43301270189222
      vertex 27.972500316033024 25.122654830053662 36
      vertex 27.82713851530425 27.32713851530425 36
    endloop
  endfacet
  facet normal 0.33174778242877556 0.24102887250597654 -0.912057285192157
    outer loop
      vertex 19.503192480461244 19.663702360941297 41.97604968089212
      vertex 28.57863239878901 28.32863239878901 47.56698729810778
      vertex 19.67593823186751 19.42593823186751 41.97604968089212
    endloop
  endfacet
  facet normal 0.4445832697877473 0.32300865274048135 0.8354706018045245
    outer loop
      vertex 21.125050812597777 21.28556069307783 77.94413933225836
      vertex 21.29779656400404 21.04779656400404 77.94413933225836
      vertex 27.12353014433359 27.284040024813642 72.43301270189222
    endloop
  endfacet
  facet normal 0.04072764366954382 0.5503589347263012 -0.8339342312245359
    outer loop
      vertex 15.829607528421098 21.536201782299965 77.85093250445713
      vertex 29.058043316705767 29.21855319718582 83.56698729810778
      vertex 21.125050812597777 21.28556069307783 77.94413933225836
    endloop
  endfacet
  facet normal 0.8907861793603881 -0.09534910508822671 0.4443067980792068
    outer loop
      vertex 24.343254175926923 2.927313783516965 51.54151667024908
      vertex 28.581955465063718 28.041834570966408 48.43301270189222
      vertex 25.147176635946416 20.817997278692822 53.769116266513905
    endloop
  endfacet
  facet normal 0.8937794277946347 0.031868050592816666 -0.44737317957440054
    outer loop
      vertex 27.736076196387362 -0.02575885081160902 56.73178340757739
      vertex 25.66742244120733 22.871851184564076 54.23002866310916
      vertex 28.318400078735067 27.768698867892528 59.875074859410134
    endloop
  endfacet
  facet normal 0.48364202179901983 -0.0517686904333313 -0.873733596378767
    outer loop
      vertex 25.147176635946416 20.817997278692822 53.769116266513905
      vertex 25.36442911667827 22.847649335611685 53.769116266513905
      vertex 25.41742244120733 22.871851184564076 53.79701596121694
    endloop
  endfacet
  facet normal 0.48364202179901816 -0.051768690433325944 -0.8737335963787685
    outer loop
      vertex 25.36442911667827 22.847649335611685 53.769116266513905
      vertex 25.394352710513928 23.12720648301161 53.769116266513905
      vertex 25.41742244120733 22.871851184564076 53.79701596121694
    endloop
  endfacet
  facet normal 0.8657841145180392 0.023604153538813174 -0.4998606915770944
    outer loop
      vertex 25.41742244120733 22.871851184564076 53.79701596121694
      vertex 25.394352710513928 23.12720648301161 53.769116266513905
      vertex 25.66742244120733 22.871851184564076 54.23002866310916
    endloop
  endfacet
  facet normal 0.8937794277946334 0.03186805059281695 -0.4473731795744033
    outer loop
      vertex 27.736076196387362 -0.02575885081160902 56.73178340757739
      vertex 28.318400078735067 27.768698867892528 59.875074859410134
      vertex 28.37706633983418 27.87706633983418 60
    endloop
  endfacet
  facet normal 0.6648212576232982 0.02121342795389489 0.7467012025479944
    outer loop
      vertex 24.50458137325259 0.6752512306615313 75.6677707107195
      vertex 27.296275895739853 27.046275895739853 72.43301270189222
      vertex 21.29779656400404 21.04779656400404 77.94413933225836
    endloop
  endfacet
  facet normal 0.4806001842651571 -0.04951479339534632 -0.8755408317830262
    outer loop
      vertex 24.790931909829393 22.308339063655957 65.77010022970065
      vertex 24.816100298134852 22.55262832001354 65.77010022970066
      vertex 24.8382594723825 22.328634203893085 65.794931425253
    endloop
  endfacet
  facet normal 0.8656295600088958 0.030231657551412383 -0.4997714594897349
    outer loop
      vertex 24.8382594723825 22.328634203893085 65.794931425253
      vertex 24.816100298134852 22.55262832001354 65.77010022970066
      vertex 24.884843828480427 24.384843828480427 66
    endloop
  endfacet
  facet normal 0.8656295600089424 0.030231657551403338 -0.49977145948965473
    outer loop
      vertex 24.8382594723825 22.328634203893085 65.794931425253
      vertex 24.884843828480427 24.384843828480427 66
      vertex 25.0882594723825 22.328634203893085 66.22794412714522
    endloop
  endfacet
  facet normal 0.33174778242877545 0.24102887250597577 -0.9120572851921573
    outer loop
      vertex 19.503192480461244 19.663702360941297 41.97604968089212
      vertex 28.405886647382747 28.5663965278628 47.56698729810778
      vertex 28.57863239878901 28.32863239878901 47.56698729810778
    endloop
  endfacet
  facet normal 0.8907861793603886 -0.09534910508822819 0.44430679807920515
    outer loop
      vertex 25.147176635946416 20.817997278692822 53.769116266513905
      vertex 28.581955465063718 28.041834570966408 48.43301270189222
      vertex 25.36442911667827 22.847649335611685 53.769116266513905
    endloop
  endfacet
  facet normal 0.8907861793603858 -0.09534910508821837 0.44430679807921303
    outer loop
      vertex 25.36442911667827 22.847649335611685 53.769116266513905
      vertex 28.581955465063718 28.041834570966408 48.43301270189222
      vertex 25.394352710513928 23.12720648301161 53.769116266513905
    endloop
  endfacet
  facet normal 0.8907861793603881 -0.09534910508822714 0.44430679807920637
    outer loop
      vertex 25.394352710513928 23.12720648301161 53.769116266513905
      vertex 28.581955465063718 28.041834570966408 48.43301270189222
      vertex 25.477216083532987 24.977216083532987 54
    endloop
  endfacet
  facet normal 0.8656584903598037 0.02910619791917226 0.4997881624355219
    outer loop
      vertex 25.477216083532987 24.977216083532987 54
      vertex 28.57863239878901 28.32863239878901 48.43301270189222
      vertex 25.451612188494 25.201612188494 54.03127907553335
    endloop
  endfacet
  facet normal 0.6378465006733962 0.46342260907862537 0.6151352103184005
    outer loop
      vertex 25.451612188494 25.201612188494 54.03127907553335
      vertex 28.405886647382747 28.5663965278628 48.43301270189222
      vertex 25.278866437087736 25.43937631756779 54.03127907553335
    endloop
  endfacet
  facet normal 0.024224847790445644 0.8669600225362455 0.4977885857203663
    outer loop
      vertex 25.135652088278295 25.456671849238397 54.00812629731339
      vertex 25.278866437087736 25.43937631756779 54.03127907553335
      vertex 28.405886647382747 28.5663965278628 48.43301270189222
    endloop
  endfacet
  facet normal 0.890786179360388 -0.09534910508822947 0.44430679807920626
    outer loop
      vertex 25.477216083532987 24.977216083532987 54
      vertex 28.581955465063718 28.041834570966408 48.43301270189222
      vertex 28.82863239878901 28.32863239878901 48
    endloop
  endfacet
  facet normal 0.8657841145180383 0.02360415353880924 -0.49986069157709606
    outer loop
      vertex 25.394352710513928 23.12720648301161 53.769116266513905
      vertex 25.477216083532987 24.977216083532987 54
      vertex 25.66742244120733 22.871851184564076 54.23002866310916
    endloop
  endfacet
  facet normal -0.0439043434233294 0.9076386347845777 -0.41745001769667506
    outer loop
      vertex 22.765653869507766 25.422471692986107 54.18302587686589
      vertex 26.382707963057474 28.016758831269485 59.443226519430716
      vertex 25.135652088278295 25.456671849238397 54.00812629731339
    endloop
  endfacet
  facet normal 0.8937794277946348 0.03186805059281655 -0.44737317957440054
    outer loop
      vertex 25.66742244120733 22.871851184564076 54.23002866310916
      vertex 25.477216083532987 24.977216083532987 54
      vertex 28.318400078735067 27.768698867892528 59.875074859410134
    endloop
  endfacet
  facet normal 0.8539854423547233 0.16616804444581817 -0.49304872502751707
    outer loop
      vertex 25.477216083532987 24.977216083532987 54
      vertex 25.451612188494 25.201612188494 54.03127907553335
      vertex 28.12706633983418 27.87706633983418 59.56698729810778
    endloop
  endfacet
  facet normal 0.18288541299257366 0.8476372595115281 -0.49806023933086857
    outer loop
      vertex 25.135652088278295 25.456671849238397 54.00812629731339
      vertex 28.031574837021655 28.352594597981756 60
      vertex 25.278866437087736 25.43937631756779 54.03127907553335
    endloop
  endfacet
  facet normal 0.6705258513788325 0.48716554715372684 -0.559521949792054
    outer loop
      vertex 25.451612188494 25.201612188494 54.03127907553335
      vertex 25.278866437087736 25.43937631756779 54.03127907553335
      vertex 27.954320588427915 28.114830468907968 59.56698729810778
    endloop
  endfacet
  facet normal 0.6705258513788322 0.48716554715372706 -0.5595219497920542
    outer loop
      vertex 25.451612188494 25.201612188494 54.03127907553335
      vertex 27.954320588427915 28.114830468907968 59.56698729810778
      vertex 28.12706633983418 27.87706633983418 59.56698729810778
    endloop
  endfacet
  facet normal 0.8539854423547185 0.1661680444458314 -0.493048725027521
    outer loop
      vertex 25.477216083532987 24.977216083532987 54
      vertex 28.12706633983418 27.87706633983418 59.56698729810778
      vertex 28.37706633983418 27.87706633983418 60
    endloop
  endfacet
  facet normal 0.8937794277946357 0.03186805059280477 -0.44737317957439976
    outer loop
      vertex 25.477216083532987 24.977216083532987 54
      vertex 28.37706633983418 27.87706633983418 60
      vertex 28.318400078735067 27.768698867892528 59.875074859410134
    endloop
  endfacet
  facet normal 0.8660043465874632 -0.00697344406715062 0.49998784262166157
    outer loop
      vertex 24.884843828480427 24.384843828480427 66
      vertex 28.11876313856988 27.61876313856988 60.44379165489802
      vertex 28.12706633983418 27.87706633983418 60.43301270189222
    endloop
  endfacet
  facet normal 0.6277386315402504 0.4560788122858828 0.6308219459212497
    outer loop
      vertex 24.680101624034297 24.84061150451435 66.05846002733949
      vertex 28.12706633983418 27.87706633983418 60.43301270189222
      vertex 27.954320588427915 28.114830468907968 60.43301270189222
    endloop
  endfacet
  facet normal 0.6378465006733971 0.46342260907862476 0.6151352103184
    outer loop
      vertex 25.451612188494 25.201612188494 54.03127907553335
      vertex 28.57863239878901 28.32863239878901 48.43301270189222
      vertex 28.405886647382747 28.5663965278628 48.43301270189222
    endloop
  endfacet
  facet normal 0.8656584903598046 0.029106197919168995 0.4997881624355205
    outer loop
      vertex 25.477216083532987 24.977216083532987 54
      vertex 28.82863239878901 28.32863239878901 48
      vertex 28.57863239878901 28.32863239878901 48.43301270189222
    endloop
  endfacet
  facet normal -0.04390434342332869 0.9076386347845776 -0.41745001769667534
    outer loop
      vertex 25.135652088278295 25.456671849238397 54.00812629731339
      vertex 26.382707963057474 28.016758831269485 59.443226519430716
      vertex 27.425379673473742 28.124116266669894 59.56698729810778
    endloop
  endfacet
  facet normal -0.043904343423323694 0.907638634784577 -0.41745001769667694
    outer loop
      vertex 25.135652088278295 25.456671849238397 54.00812629731339
      vertex 27.425379673473742 28.124116266669894 59.56698729810778
      vertex 28.031574837021655 28.352594597981756 60
    endloop
  endfacet
  facet normal 0.18288541299260988 0.8476372595115147 -0.4980602393308784
    outer loop
      vertex 25.278866437087736 25.43937631756779 54.03127907553335
      vertex 28.031574837021655 28.352594597981756 60
      vertex 27.954320588427915 28.114830468907968 59.56698729810778
    endloop
  endfacet
  facet normal 0.7329996781371357 0.5325554391808738 -0.42319756148839266
    outer loop
      vertex 28.405886647382747 28.5663965278628 47.56698729810778
      vertex 28.483140895976486 28.80416065693659 48
      vertex 28.57863239878901 28.32863239878901 47.56698729810778
    endloop
  endfacet
  facet normal 0.7329996781371398 0.5325554391808713 -0.423197561488389
    outer loop
      vertex 28.57863239878901 28.32863239878901 47.56698729810778
      vertex 28.483140895976486 28.80416065693659 48
      vertex 28.82863239878901 28.32863239878901 48
    endloop
  endfacet
  facet normal 0.7329996781371357 0.5325554391808738 0.42319756148839266
    outer loop
      vertex 28.405886647382747 28.5663965278628 48.43301270189222
      vertex 28.57863239878901 28.32863239878901 48.43301270189222
      vertex 28.483140895976486 28.80416065693659 48
    endloop
  endfacet
  facet normal 0.7329996781371398 0.5325554391808713 0.423197561488389
    outer loop
      vertex 28.57863239878901 28.32863239878901 48.43301270189222
      vertex 28.82863239878901 28.32863239878901 48
      vertex 28.483140895976486 28.80416065693659 48
    endloop
  endfacet
  facet normal 0.7329996781371357 0.5325554391808738 -0.42319756148839266
    outer loop
      vertex 27.954320588427915 28.114830468907968 59.56698729810778
      vertex 28.031574837021655 28.352594597981756 60
      vertex 28.12706633983418 27.87706633983418 59.56698729810778
    endloop
  endfacet
  facet normal 0.7329996781371357 0.5325554391808738 0.42319756148839266
    outer loop
      vertex 27.954320588427915 28.114830468907968 60.43301270189222
      vertex 28.12706633983418 27.87706633983418 60.43301270189222
      vertex 28.031574837021655 28.352594597981756 60
    endloop
  endfacet
  facet normal 0.7329996781371398 0.5325554391808713 -0.423197561488389
    outer loop
      vertex 28.12706633983418 27.87706633983418 59.56698729810778
      vertex 28.031574837021655 28.352594597981756 60
      vertex 28.37706633983418 27.87706633983418 60
    endloop
  endfacet
  facet normal 0.7329996781371398 0.5325554391808713 0.423197561488389
    outer loop
      vertex 28.12706633983418 27.87706633983418 60.43301270189222
      vertex 28.37706633983418 27.87706633983418 60
      vertex 28.031574837021655 28.352594597981756 60
    endloop
  endfacet
  facet normal -0.04435909162960614 0.9203524485790677 -0.38856613514858784
    outer loop
      vertex 22.146746244430325 24.81774152953337 66.17216810404554
      vertex 26.448102001314524 27.302711588280232 71.56698729810778
      vertex 24.546719695107374 24.867739456067476 66.01660918464935
    endloop
  endfacet
  facet normal 0.015103321238941397 0.8603207564696416 0.5095292785258344
    outer loop
      vertex 24.546719695107374 24.867739456067476 66.01660918464935
      vertex 24.680101624034297 24.84061150451435 66.05846002733949
      vertex 27.954320588427915 28.114830468907968 60.43301270189222
    endloop
  endfacet
  facet normal 0.8379160774393638 0.2527097074210767 -0.4837710728679259
    outer loop
      vertex 24.884843828480427 24.384843828480427 66
      vertex 24.85284737544056 24.60284737544056 66.05846002733949
      vertex 27.296275895739853 27.046275895739853 71.56698729810778
    endloop
  endfacet
  facet normal 0.6877143125459901 0.4996536951826358 -0.5266832152344838
    outer loop
      vertex 24.680101624034297 24.84061150451435 66.05846002733949
      vertex 27.296275895739853 27.046275895739853 71.56698729810778
      vertex 24.85284737544056 24.60284737544056 66.05846002733949
    endloop
  endfacet
  facet normal 0.3203778512160998 0.8050712410243892 -0.4992177173594747
    outer loop
      vertex 24.546719695107374 24.867739456067476 66.01660918464935
      vertex 27.20078439292733 27.52180415388743 72
      vertex 24.680101624034297 24.84061150451435 66.05846002733949
    endloop
  endfacet
  facet normal 0.882789884747083 -0.0909511901699457 0.4608794857605427
    outer loop
      vertex 24.790931909829393 22.308339063655957 65.77010022970065
      vertex 28.11876313856988 27.61876313856988 60.44379165489802
      vertex 24.816100298134852 22.55262832001354 65.77010022970066
    endloop
  endfacet
  facet normal 0.8827898847470843 -0.09095119016995021 0.4608794857605393
    outer loop
      vertex 24.816100298134852 22.55262832001354 65.77010022970066
      vertex 28.11876313856988 27.61876313856988 60.44379165489802
      vertex 24.884843828480427 24.384843828480427 66
    endloop
  endfacet
  facet normal 0.9060599413259098 0.0429678528506379 -0.4209621673569904
    outer loop
      vertex 25.0882594723825 22.328634203893085 66.22794412714522
      vertex 24.884843828480427 24.384843828480427 66
      vertex 27.546275895739853 27.046275895739853 72
    endloop
  endfacet
  facet normal 0.8660043465874669 -0.006973444067163736 0.499987842621655
    outer loop
      vertex 24.884843828480427 24.384843828480427 66
      vertex 28.12706633983418 27.87706633983418 60.43301270189222
      vertex 24.85284737544056 24.60284737544056 66.05846002733949
    endloop
  endfacet
  facet normal 0.6277386315402507 0.4560788122858824 0.6308219459212497
    outer loop
      vertex 24.680101624034297 24.84061150451435 66.05846002733949
      vertex 24.85284737544056 24.60284737544056 66.05846002733949
      vertex 28.12706633983418 27.87706633983418 60.43301270189222
    endloop
  endfacet
  facet normal 0.8379160774393629 0.25270970742107846 -0.4837710728679264
    outer loop
      vertex 24.884843828480427 24.384843828480427 66
      vertex 27.296275895739853 27.046275895739853 71.56698729810778
      vertex 27.546275895739853 27.046275895739853 72
    endloop
  endfacet
  facet normal -0.0443590916296102 0.9203524485790681 -0.38856613514858673
    outer loop
      vertex 24.546719695107374 24.867739456067476 66.01660918464935
      vertex 26.448102001314524 27.302711588280232 71.56698729810778
      vertex 27.20078439292733 27.52180415388743 72
    endloop
  endfacet
  facet normal 0.6877143125459904 0.49965369518263564 -0.5266832152344838
    outer loop
      vertex 24.680101624034297 24.84061150451435 66.05846002733949
      vertex 27.12353014433359 27.284040024813642 71.56698729810778
      vertex 27.296275895739853 27.046275895739853 71.56698729810778
    endloop
  endfacet
  facet normal 0.3203778512160976 0.80507124102439 -0.49921771735947496
    outer loop
      vertex 24.680101624034297 24.84061150451435 66.05846002733949
      vertex 27.20078439292733 27.52180415388743 72
      vertex 27.12353014433359 27.284040024813642 71.56698729810778
    endloop
  endfacet
  facet normal 0.4445832697877458 0.3230086527404824 0.8354706018045249
    outer loop
      vertex 21.29779656400404 21.04779656400404 77.94413933225836
      vertex 27.296275895739853 27.046275895739853 72.43301270189222
      vertex 27.12353014433359 27.284040024813642 72.43301270189222
    endloop
  endfacet
  facet normal 0.36609086235000954 0.2659805806114402 -0.8917577088208588
    outer loop
      vertex 21.125050812597777 21.28556069307783 77.94413933225836
      vertex 29.058043316705767 29.21855319718582 83.56698729810778
      vertex 21.29779656400404 21.04779656400404 77.94413933225836
    endloop
  endfacet
  facet normal 0.36609086235000987 0.2659805806114409 -0.8917577088208585
    outer loop
      vertex 21.29779656400404 21.04779656400404 77.94413933225836
      vertex 29.058043316705767 29.21855319718582 83.56698729810778
      vertex 29.23078906811203 28.98078906811203 83.56698729810778
    endloop
  endfacet
  facet normal 0.732999678137138 0.5325554391808754 -0.423197561488387
    outer loop
      vertex 27.296275895739853 27.046275895739853 71.56698729810778
      vertex 27.12353014433359 27.284040024813642 71.56698729810778
      vertex 27.20078439292733 27.52180415388743 72
    endloop
  endfacet
  facet normal 0.732999678137138 0.5325554391808754 0.423197561488387
    outer loop
      vertex 27.296275895739853 27.046275895739853 72.43301270189222
      vertex 27.20078439292733 27.52180415388743 72
      vertex 27.12353014433359 27.284040024813642 72.43301270189222
    endloop
  endfacet
  facet normal 0.7329996781371418 0.5325554391808728 -0.4231975614883832
    outer loop
      vertex 27.296275895739853 27.046275895739853 71.56698729810778
      vertex 27.20078439292733 27.52180415388743 72
      vertex 27.546275895739853 27.046275895739853 72
    endloop
  endfacet
  facet normal 0.7329996781371418 0.5325554391808728 0.4231975614883832
    outer loop
      vertex 27.296275895739853 27.046275895739853 72.43301270189222
      vertex 27.546275895739853 27.046275895739853 72
      vertex 27.20078439292733 27.52180415388743 72
    endloop
  endfacet
  facet normal 0.732999678137138 0.5325554391808754 -0.423197561488387
    outer loop
      vertex 29.23078906811203 28.98078906811203 83.56698729810778
      vertex 29.058043316705767 29.21855319718582 83.56698729810778
      vertex 29.135297565299506 29.456317326259608 84
    endloop
  endfacet
  facet normal 0.7329996781371418 0.5325554391808728 -0.4231975614883832
    outer loop
      vertex 29.23078906811203 28.98078906811203 83.56698729810778
      vertex 29.135297565299506 29.456317326259608 84
      vertex 29.48078906811203 28.98078906811203 84
    endloop
  endfacet
  facet normal 0.7329996781371418 0.5325554391808728 0.4231975614883832
    outer loop
      vertex 29.48078906811203 28.98078906811203 84
      vertex 29.135297565299506 29.456317326259608 84
      vertex 29.23078906811203 28.98078906811203 84.43301270189222
    endloop
  endfacet
  facet normal 0 0 1
    outer loop
      vertex 5.5 10.25 156.4330127018922
      vertex 0 5.226251859505506 156.4330127018922
      vertex 3.6955181300451474 3.6955181300451474 156.4330127018922
    endloop
  endfacet
  facet normal 0.006219467358004802 0.48073934610967023 -0.8768414904233429
    outer loop
      vertex -16.73782306973825 21.27086852551225 101.98039518091902
      vertex 7.601291619790613 26.185514478676858 104.84754966514097
      vertex 16.09140152843601 20.846147119974592 101.98039518091902
    endloop
  endfacet
  facet normal 0.04549619945704219 0.6448021921020922 0.7629942522033187
    outer loop
      vertex -15.330059277727974 27.50215088446407 98.22905791769806
      vertex 16.09140152843601 20.846147119974592 101.98039518091902
      vertex 20.475693433084647 20.6362033135647 101.8963887913619
    endloop
  endfacet
  facet normal 0.007666232861695618 0.6978393254252502 0.7162133095410487
    outer loop
      vertex -29.547354405954298 29.862372783621822 84.43301270189222
      vertex 20.07610057606318 23.49823947954903 90.10271679205864
      vertex 23.290556252519217 23.45106613299927 90.11427291714703
    endloop
  endfacet
  facet normal 0.0076662328616932075 0.6978393254252397 0.716213309541059
    outer loop
      vertex -29.547354405954298 29.862372783621822 84.43301270189222
      vertex 23.290556252519217 23.45106613299927 90.11427291714703
      vertex 29.058043316705767 29.21855319718582 84.43301270189222
    endloop
  endfacet
  facet normal 0.06140239371502957 0.8702352842713733 0.4887947381623359
    outer loop
      vertex -30.373858433788424 30.68887681145595 96.43301270189222
      vertex 26.514421908860445 26.674931789340498 96.43301270189222
      vertex 26.591676157454184 26.912695918414286 96
    endloop
  endfacet
  facet normal 0.06140239371502957 0.8702352842713733 -0.4887947381623359
    outer loop
      vertex -30.296604185194685 30.926640940529737 96
      vertex 26.591676157454184 26.912695918414286 96
      vertex 26.514421908860445 26.674931789340498 95.56698729810778
    endloop
  endfacet
  facet normal -0.06374790460459481 0.7192835359288676 -0.6917856601579631
    outer loop
      vertex -25.54804624865291 25.86306462632043 107.56698729810778
      vertex 30.68644618820954 30.846956068689593 107.56698729810778
      vertex 7.601291619790613 26.185514478676858 104.84754966514097
    endloop
  endfacet
  facet normal -0.005787950310873822 0.49852027935022664 0.8668587143864741
    outer loop
      vertex -29.843374312359288 30.15839269002681 120.43301270189222
      vertex 15.239735692644006 21.272441846671672 125.84423533764819
      vertex 30.576227495141683 30.736737375621736 120.50383058469397
    endloop
  endfacet
  facet normal 0.014428237333917803 0.8569515259061214 -0.5151950195941399
    outer loop
      vertex -19.122133260303997 24.158208455347868 90.10271679205864
      vertex 26.514421908860445 26.674931789340498 95.56698729810778
      vertex 20.07610057606318 23.49823947954903 90.10271679205864
    endloop
  endfacet
  facet normal 0.0454961994570429 0.6448021921020948 0.7629942522033166
    outer loop
      vertex -15.330059277727974 27.50215088446407 98.22905791769806
      vertex 20.475693433084647 20.6362033135647 101.8963887913619
      vertex 26.514421908860445 26.674931789340498 96.43301270189222
    endloop
  endfacet
  facet normal 0.00962109380811336 0.8757857651905308 0.4826041110926966
    outer loop
      vertex -29.547354405954298 29.862372783621822 84.43301270189222
      vertex 29.058043316705767 29.21855319718582 84.43301270189222
      vertex 29.135297565299506 29.456317326259608 84
    endloop
  endfacet
  facet normal -0.006964534505488962 0.7276984409869776 -0.6858618477829511
    outer loop
      vertex -21.76560366635042 24.97101444686978 113.85014107029525
      vertex 25.40266378740452 25.563173667884573 113.99945439926049
      vertex 21.988652351494935 25.389770360906066 113.85014107029525
    endloop
  endfacet
  facet normal -0.006964534505489323 0.7276984409870003 -0.685861847782927
    outer loop
      vertex -21.76560366635042 24.97101444686978 113.85014107029525
      vertex 30.700816638624094 30.861326519104146 119.56698729810778
      vertex 25.40266378740452 25.563173667884573 113.99945439926049
    endloop
  endfacet
  facet normal -0.0668764958586396 0.7545842127690484 0.6527864889390597
    outer loop
      vertex -23.64087394663298 26.032091486940406 108.43301270189222
      vertex 21.988652351494935 25.389770360906066 113.85014107029525
      vertex 30.68644618820954 30.846956068689593 108.43301270189222
    endloop
  endfacet
  facet normal -0.07796392441427098 0.8796864395060574 -0.46911980840621237
    outer loop
      vertex -25.54804624865291 25.86306462632043 107.56698729810778
      vertex 30.76370043680328 31.08472019776338 108
      vertex 30.68644618820954 30.846956068689593 107.56698729810778
    endloop
  endfacet
  facet normal -0.07796392441427107 0.8796864395060583 0.4691198084062108
    outer loop
      vertex -25.47079200005917 26.100828755394218 108
      vertex 30.68644618820954 30.846956068689593 108.43301270189222
      vertex 30.76370043680328 31.08472019776338 108
    endloop
  endfacet
  facet normal -0.0057879503108732395 0.4985202793501611 0.866858714386512
    outer loop
      vertex -29.843374312359288 30.15839269002681 120.43301270189222
      vertex 30.576227495141683 30.736737375621736 120.50383058469397
      vertex 30.700816638624094 30.861326519104146 120.43301270189222
    endloop
  endfacet
  facet normal -0.010185351572940449 0.8772715795232539 -0.47988627233346753
    outer loop
      vertex -29.843374312359288 30.15839269002681 119.56698729810778
      vertex 30.778070887217833 31.099090648177935 120
      vertex 30.700816638624094 30.861326519104146 119.56698729810778
    endloop
  endfacet
  facet normal -0.010185351572940446 0.8772715795232536 0.47988627233346787
    outer loop
      vertex -29.76612006376555 30.396156819100597 120
      vertex 30.700816638624094 30.861326519104146 120.43301270189222
      vertex 30.778070887217833 31.099090648177935 120
    endloop
  endfacet
  facet normal 0.04114190369906274 0.46267564278124146 -0.8855724664514937
    outer loop
      vertex -21.384909179895022 24.529167451029473 125.84423533764819
      vertex 21.351177077719107 29.71790538019009 130.54057218125894
      vertex 15.239735692644006 21.272441846671672 125.84423533764819
    endloop
  endfacet
  facet normal -0.022226399177084095 0.6232547147856826 0.7817029791916098
    outer loop
      vertex -28.428591919779954 28.743610297447482 132.4330127018922
      vertex 19.706858023016284 23.40131518467492 138.06109454233604
      vertex 23.05516521788942 23.376184978849523 138.17633438911022
    endloop
  endfacet
  facet normal -0.022226399176680775 0.6232547147877658 0.7817029791899605
    outer loop
      vertex -28.428591919779954 28.743610297447482 132.4330127018922
      vertex 23.05516521788942 23.376184978849523 138.17633438911022
      vertex 23.205564378707468 23.36607425918752 138.18867204898893
    endloop
  endfacet
  facet normal 0.022621646885358122 0.885448883100395 -0.46418588572732045
    outer loop
      vertex -20.042293260472945 24.416835426994567 138.06109454233604
      vertex 21.062931929043664 25.958542798358984 143.00517196904778
      vertex 19.706858023016284 23.40131518467492 138.06109454233604
    endloop
  endfacet
  facet normal -0.028103828267684677 0.7880648292061294 -0.6149504043457605
    outer loop
      vertex -28.428591919779954 28.743610297447482 131.5669872981078
      vertex 30.691428092602724 30.851937973082777 131.5669872981078
      vertex 21.351177077719107 29.71790538019009 130.54057218125894
    endloop
  endfacet
  facet normal 0.05862054415864175 0.7046697585604002 -0.7071097249882595
    outer loop
      vertex -30.496441040476146 30.81145941814367 143.5669872981078
      vertex 24.56042466647342 26.089721019855883 143.42584537038528
      vertex 21.062931929043664 25.958542798358984 143.00517196904778
    endloop
  endfacet
  facet normal 0.05862054415863367 0.7046697585603089 -0.7071097249883512
    outer loop
      vertex -30.496441040476146 30.81145941814367 143.5669872981078
      vertex 25.733883377167007 26.133733184633623 143.5669872981078
      vertex 24.56042466647342 26.089721019855883 143.42584537038528
    endloop
  endfacet
  facet normal 0.07227127182287141 0.8687633388126547 -0.4899256315035919
    outer loop
      vertex -30.419186791882407 31.04922354721746 144
      vertex 26.032096293731097 26.3531160546912 144
      vertex 25.733883377167007 26.133733184633623 143.5669872981078
    endloop
  endfacet
  facet normal 0.07227127182287148 0.8687633388126556 0.48992563150359036
    outer loop
      vertex -30.419186791882407 31.04922354721746 144
      vertex 25.954842045137358 26.11535192561741 144.4330127018922
      vertex 26.032096293731097 26.3531160546912 144
    endloop
  endfacet
  facet normal 0.03090537422209268 0.8744745634323352 -0.48408583510986886
    outer loop
      vertex -22.008424752889 23.90504128566419 150.1519895732928
      vertex 25.154508497187475 25.475528258147577 156
      vertex 19.41653319319723 22.44101490800351 150.1519895732928
    endloop
  endfacet
  facet normal 0 0 1
    outer loop
      vertex -5.5 13.75 156.4330127018922
      vertex 5.5 13.75 156.4330127018922
      vertex 25.077254248593736 25.23776412907379 156.4330127018922
    endloop
  endfacet
  facet normal -0.022226399177089986 0.6232547147856491 0.7817029791916364
    outer loop
      vertex -28.428591919779954 28.743610297447482 132.4330127018922
      vertex 23.205564378707468 23.36607425918752 138.18867204898893
      vertex 30.691428092602724 30.851937973082777 132.4330127018922
    endloop
  endfacet
  facet normal -0.031327798136062616 0.8784687855457859 -0.4767716034808053
    outer loop
      vertex -28.428591919779954 28.743610297447482 131.5669872981078
      vertex 30.768682341196463 31.089702102156565 132
      vertex 30.691428092602724 30.851937973082777 131.5669872981078
    endloop
  endfacet
  facet normal -0.031327798136062616 0.8784687855457859 0.4767716034808053
    outer loop
      vertex -28.428591919779954 28.743610297447482 132.4330127018922
      vertex 30.691428092602724 30.851937973082777 132.4330127018922
      vertex 30.768682341196463 31.089702102156565 132
    endloop
  endfacet
  facet normal 0.06679813833531624 0.8029715296679487 0.5922623837942523
    outer loop
      vertex -7.411786337649065 26.940144911395645 147.07802851905564
      vertex 22.128571128347957 22.28908100882801 150.0521005859922
      vertex 25.954842045137358 26.11535192561741 144.4330127018922
    endloop
  endfacet
  facet normal 0 0.8765515079563075 0.4813080654835563
    outer loop
      vertex -24.922745751406264 25.23776412907379 156.4330127018922
      vertex 25.077254248593736 25.23776412907379 156.4330127018922
      vertex 25.154508497187475 25.475528258147577 156
    endloop
  endfacet
  facet normal 0.06679813833531152 0.8029715296679332 0.5922623837942741
    outer loop
      vertex -7.411786337649065 26.940144911395645 147.07802851905564
      vertex 19.41653319319723 22.44101490800351 150.1519895732928
      vertex 21.976979835158488 22.29799959611859 150.05710621284751
    endloop
  endfacet
  facet normal 0.06679813833534341 0.8029715296680314 0.5922623837941373
    outer loop
      vertex -7.411786337649065 26.940144911395645 147.07802851905564
      vertex 21.976979835158488 22.29799959611859 150.05710621284751
      vertex 22.128571128347957 22.28908100882801 150.0521005859922
    endloop
  endfacet
  facet normal 0.5018676079263963 -0.01025794410784878 0.8648836214756974
    outer loop
      vertex 20.206894292727497 -16.220544123429242 126.06698570721626
      vertex 24.391709573881226 2.157634608792416 123.8566294730845
      vertex 20.868983923637458 16.17204213012718 126.06698570721626
    endloop
  endfacet
  facet normal 0.6376282121866703 0.05738356024095439 0.7682040028779487
    outer loop
      vertex 25.219970878909596 -0.6738133401949555 99.67596725917294
      vertex 20.713864725275684 17.482666174036332 102.05988737392839
      vertex 20.75655455161987 15.580139393480446 102.16656935184653
    endloop
  endfacet
  facet normal 0.637628212186688 0.05738356024096069 0.7682040028779337
    outer loop
      vertex 25.219970878909596 -0.6738133401949555 99.67596725917294
      vertex 20.64843918449091 20.39843918449091 101.8963887913619
      vertex 20.713864725275684 17.482666174036332 102.05988737392839
    endloop
  endfacet
  facet normal 0.5018676079264046 -0.010257944107845902 0.8648836214756925
    outer loop
      vertex 24.391709573881226 2.157634608792416 123.8566294730845
      vertex 21.05870373063653 20.37355256569461 126.00672862151798
      vertex 20.868983923637458 16.17204213012718 126.06698570721626
    endloop
  endfacet
  facet normal 0.5018676079264228 -0.01025794410784101 0.864883621475682
    outer loop
      vertex 24.391709573881226 2.157634608792416 123.8566294730845
      vertex 21.07693734961255 20.77735194551504 126.00093742470723
      vertex 21.05870373063653 20.37355256569461 126.00672862151798
    endloop
  endfacet
  facet normal 0.697645558798161 0.00804186567543068 0.7163979359864602
    outer loop
      vertex 24.113566566054317 -19.274564421858067 89.95797365446556
      vertex 26.19089293223912 0.31460100410766445 87.71512666973761
      vertex 23.66800974599315 19.378249396902675 89.95797365446556
    endloop
  endfacet
  facet normal 0.8856264420918272 -0.04095215134160859 0.46258915504826276
    outer loop
      vertex 26.9190513626924 -26.419051362692397 84
      vertex 29.48078906811203 28.98078906811203 84
      vertex 26.44089293223912 0.31460100410766445 87.28211396784539
    endloop
  endfacet
  facet normal 0.6663730557857378 0.052901547607580486 0.7437394549057491
    outer loop
      vertex 30.80022787699416 -25.372895167813486 96.43301270189222
      vertex 26.68716766026671 26.43716766026671 96.43301270189222
      vertex 25.219970878909596 -0.6738133401949555 99.67596725917294
    endloop
  endfacet
  facet normal 0.8410869635980638 0.06677161037736724 -0.5367627704237713
    outer loop
      vertex 30.368857202977672 -25.161822334240107 94.91730256473137
      vertex 23.66800974599315 19.378249396902675 89.95797365446556
      vertex 23.65053644581527 19.70559913328099 89.9713149375398
    endloop
  endfacet
  facet normal 0.841086963598041 0.06677161037736173 -0.5367627704238079
    outer loop
      vertex 30.368857202977672 -25.161822334240107 94.91730256473137
      vertex 23.65053644581527 19.70559913328099 89.9713149375398
      vertex 26.68716766026671 26.43716766026671 95.56698729810778
    endloop
  endfacet
  facet normal 0.5128964145495144 -0.03658426149605679 -0.8576706009611388
    outer loop
      vertex 26.81221149666781 -26.127822122121238 107.56698729810778
      vertex 20.75655455161987 15.580139393480446 102.16656935184653
      vertex 26.183212628046086 25.933212628046086 104.97015610087274
    endloop
  endfacet
  facet normal 0.9499467820103952 -0.02817949968229172 -0.31113827656807286
    outer loop
      vertex 24.176760763822248 -18.105796162824696 114.11919949782649
      vertex 25.36585239336491 21.979151396034226 114.1191994978265
      vertex 25.539965963684054 3.4654025140550506 116.32756426138346
    endloop
  endfacet
  facet normal 0.7553036892377843 -0.07061628895728925 -0.6515594192072532
    outer loop
      vertex 25.795371012707612 -23.692187397773427 119.56698729810778
      vertex 25.556812293778616 1.674107760969413 116.54123423384966
      vertex 30.807842363636638 29.92062856095302 119.56698729810778
    endloop
  endfacet
  facet normal 0.6660740735106041 -0.062273864026070956 0.7432814369108465
    outer loop
      vertex 25.636923520095685 -25.386923520095685 120.43301270189222
      vertex 30.807842363636638 29.92062856095302 120.43301270189222
      vertex 24.391709573881226 2.157634608792416 123.8566294730845
    endloop
  endfacet
  facet normal 0.865507775196789 -0.034569564145520086 0.4997011469955748
    outer loop
      vertex 26.19089293223912 0.31460100410766445 87.71512666973761
      vertex 26.44089293223912 0.31460100410766445 87.28211396784539
      vertex 29.23078906811203 28.98078906811203 84.43301270189222
    endloop
  endfacet
  facet normal 0.6976455587982813 0.00804186567546119 0.7163979359863426
    outer loop
      vertex 26.19089293223912 0.31460100410766445 87.71512666973761
      vertex 23.65053644581527 19.70559913328099 89.9713149375398
      vertex 23.66800974599315 19.378249396902675 89.95797365446556
    endloop
  endfacet
  facet normal 0.6976455587981635 0.008041865675431716 0.7163979359864575
    outer loop
      vertex 26.19089293223912 0.31460100410766445 87.71512666973761
      vertex 23.46330200392548 23.21330200392548 90.11427291714703
      vertex 23.65053644581527 19.70559913328099 89.9713149375398
    endloop
  endfacet
  facet normal 0.6376282121866836 0.057383560240959426 0.7682040028779372
    outer loop
      vertex 25.219970878909596 -0.6738133401949555 99.67596725917294
      vertex 26.68716766026671 26.43716766026671 96.43301270189222
      vertex 20.64843918449091 20.39843918449091 101.8963887913619
    endloop
  endfacet
  facet normal 0.8639858858923435 0.06858949364469435 -0.4988224837959761
    outer loop
      vertex 30.80022787699416 -25.372895167813486 95.56698729810778
      vertex 26.68716766026671 26.43716766026671 95.56698729810778
      vertex 26.93716766026671 26.43716766026671 96
    endloop
  endfacet
  facet normal 0.8639858858923435 0.06858949364469435 0.4988224837959761
    outer loop
      vertex 30.80022787699416 -25.372895167813486 96.43301270189222
      vertex 26.93716766026671 26.43716766026671 96
      vertex 26.68716766026671 26.43716766026671 96.43301270189222
    endloop
  endfacet
  facet normal 0.7353663280100102 -0.021814122221322136 0.6773186160890511
    outer loop
      vertex 24.176760763822248 -18.105796162824696 114.11919949782649
      vertex 30.193362886610842 25.558871755244745 108.99325119972508
      vertex 25.36585239336491 21.979151396034226 114.1191994978265
    endloop
  endfacet
  facet normal 0.7553036892377835 -0.07061628895728897 -0.6515594192072541
    outer loop
      vertex 25.556812293778616 1.674107760969413 116.54123423384966
      vertex 25.539965963684054 3.4654025140550506 116.32756426138346
      vertex 30.807842363636638 29.92062856095302 119.56698729810778
    endloop
  endfacet
  facet normal 0.5128964145495156 -0.03658426149605672 -0.8576706009611379
    outer loop
      vertex 26.81221149666781 -26.127822122121238 107.56698729810778
      vertex 26.183212628046086 25.933212628046086 104.97015610087274
      vertex 30.50369717961492 25.62530049724664 107.56698729810778
    endloop
  endfacet
  facet normal 0.8643778089290343 -0.061654990942026686 -0.49904876066671155
    outer loop
      vertex 26.81221149666781 -26.127822122121238 107.56698729810778
      vertex 30.50369717961492 25.62530049724664 107.56698729810778
      vertex 30.75369717961492 25.62530049724664 108
    endloop
  endfacet
  facet normal 0.8645367019279877 -0.058609339636647405 0.49914049758242807
    outer loop
      vertex 24.488070410135336 -19.612082654209637 113.57111042677391
      vertex 30.443362886610842 25.558871755244745 108.56023849783286
      vertex 30.193362886610842 25.558871755244745 108.99325119972508
    endloop
  endfacet
  facet normal 0.8761719804227437 -0.06249625448338737 0.47792978448474505
    outer loop
      vertex 24.488070410135336 -19.612082654209637 113.57111042677391
      vertex 30.75369717961492 25.62530049724664 108
      vertex 30.443362886610842 25.558871755244745 108.56023849783286
    endloop
  endfacet
  facet normal 0.8632005271455572 -0.08070398532609963 -0.49836905671210874
    outer loop
      vertex 25.886923520095685 -25.386923520095685 120
      vertex 30.807842363636638 29.92062856095302 119.56698729810778
      vertex 31.057842363636638 29.92062856095302 120
    endloop
  endfacet
  facet normal 0.8632005271455572 -0.08070398532609963 0.49836905671210874
    outer loop
      vertex 25.886923520095685 -25.386923520095685 120
      vertex 31.057842363636638 29.92062856095302 120
      vertex 30.807842363636638 29.92062856095302 120.43301270189222
    endloop
  endfacet
  facet normal 0.5209493369799019 -0.035754752552590925 -0.8528384289946739
    outer loop
      vertex 26.9317356565558 -26.681735656555798 131.5669872981078
      vertex 20.868983923637458 16.17204213012718 126.06698570721626
      vertex 21.05870373063653 20.37355256569461 126.00672862151798
    endloop
  endfacet
  facet normal 0.9029115592921675 -0.0006318899455778175 -0.4298259145417869
    outer loop
      vertex 23.364597672080627 -19.732316427455203 138.1761438037092
      vertex 23.39337539234198 21.388350954412136 138.1761438037092
      vertex 24.5508142519032 1.521925226239338 140.6367174554199
    endloop
  endfacet
  facet normal 0 0 1
    outer loop
      vertex 25.25 -25 156.4330127018922
      vertex 25.077254248593736 25.23776412907379 156.4330127018922
      vertex 5.5 13.75 156.4330127018922
    endloop
  endfacet
  facet normal 0.8373389108520465 -0.0362725056307692 0.5454794713904221
    outer loop
      vertex 20.719496765739674 -16.19258087741781 149.93718798415404
      vertex 22.84049596735289 0.3069184211250403 147.77850550031258
      vertex 22.23987575375624 18.904870036704008 149.93718798415404
    endloop
  endfacet
  facet normal 0.866015680192803 -0.0047387284142720925 -0.49999438608169644
    outer loop
      vertex 25.5 -25 156
      vertex 22.23987575375624 18.904870036704008 149.93718798415404
      vertex 22.24535354789749 19.140430680307528 149.94444326102322
    endloop
  endfacet
  facet normal 0.8660156801927816 -0.004738728414277511 -0.49999438608173347
    outer loop
      vertex 25.5 -25 156
      vertex 22.24535354789749 19.140430680307528 149.94444326102322
      vertex 22.303194461997904 21.627753606430968 150.02105290266803
    endloop
  endfacet
  facet normal 0.8912780044142838 -0.004234110177924678 -0.45343752729377496
    outer loop
      vertex 24.5508142519032 1.521925226239338 140.6367174554199
      vertex 23.39337539234198 21.388350954412136 138.1761438037092
      vertex 23.3988298065897 22.8988298065897 138.17276046125684
    endloop
  endfacet
  facet normal 0.8373389108519337 -0.03627250563079307 0.5454794713905937
    outer loop
      vertex 22.84049596735289 0.3069184211250403 147.77850550031258
      vertex 22.24535354789749 19.140430680307528 149.94444326102322
      vertex 22.23987575375624 18.904870036704008 149.93718798415404
    endloop
  endfacet
  facet normal 0.8373389108520636 -0.03627250563076592 0.5454794713903959
    outer loop
      vertex 22.84049596735289 0.3069184211250403 147.77850550031258
      vertex 22.303194461997904 21.627753606430968 150.02105290266803
      vertex 22.24535354789749 19.140430680307528 149.94444326102322
    endloop
  endfacet
  facet normal 0.8373389108521339 -0.03627250563075296 0.545479471390289
    outer loop
      vertex 22.84049596735289 0.3069184211250403 147.77850550031258
      vertex 22.306688550729252 21.806688550729252 150.02758785496016
      vertex 22.303194461997904 21.627753606430968 150.02105290266803
    endloop
  endfacet
  facet normal 0.8373389108509736 -0.03627250563095887 0.5454794713920563
    outer loop
      vertex 22.84049596735289 0.3069184211250403 147.77850550031258
      vertex 22.301316879754218 22.051316879754218 150.0521005859922
      vertex 22.306688550729252 21.806688550729252 150.02758785496016
    endloop
  endfacet
  facet normal 0.8912780044142724 -0.0042341101779282886 -0.4534375272937978
    outer loop
      vertex 26.13288187669245 -25.632881876692455 144
      vertex 24.5508142519032 1.521925226239338 140.6367174554199
      vertex 26.082199117367658 25.582199117367658 143.42214151119475
    endloop
  endfacet
  facet normal 0.7263599942391505 -0.0034506497739378124 0.6873057920496807
    outer loop
      vertex 25.88288187669245 -25.632881876692455 144.4330127018922
      vertex 26.127587796543622 25.877587796543622 144.4330127018922
      vertex 22.84049596735289 0.3069184211250403 147.77850550031258
    endloop
  endfacet
  facet normal 0.8818604454144113 0 -0.47151050339679207
    outer loop
      vertex 25.5 -25 156
      vertex 22.303194461997904 21.627753606430968 150.02105290266803
      vertex 25.5 25 156
    endloop
  endfacet
  facet normal 0.6097993986305761 -0.00042675952572379834 0.7925556834103803
    outer loop
      vertex 23.364597672080627 -19.732316427455203 138.1761438037092
      vertex 30.517825655891755 28.25410074599987 132.6982252762948
      vertex 23.39337539234198 21.388350954412136 138.1761438037092
    endloop
  endfacet
  facet normal 0.5209493369799127 -0.035754752552589 -0.8528384289946674
    outer loop
      vertex 26.9317356565558 -26.681735656555798 131.5669872981078
      vertex 21.05870373063653 20.37355256569461 126.00672862151798
      vertex 29.495155205824226 29.245155205824226 130.7881288336618
    endloop
  endfacet
  facet normal 0.8912780044142755 -0.004234110177928211 -0.4534375272937911
    outer loop
      vertex 26.13288187669245 -25.632881876692455 144
      vertex 26.082199117367658 25.582199117367658 143.42214151119475
      vertex 26.377587796543622 25.877587796543622 144
    endloop
  endfacet
  facet normal 0.866018074622484 -0.0041141102168661585 0.4999957685063835
    outer loop
      vertex 25.88288187669245 -25.632881876692455 144.4330127018922
      vertex 26.377587796543622 25.877587796543622 144
      vertex 26.127587796543622 25.877587796543622 144.4330127018922
    endloop
  endfacet
  facet normal 0.5209493369799132 -0.03575475255258902 -0.8528384289946671
    outer loop
      vertex 26.9317356565558 -26.681735656555798 131.5669872981078
      vertex 29.495155205824226 29.245155205824226 130.7881288336618
      vertex 30.719471223252945 28.505846168373694 131.5669872981078
    endloop
  endfacet
  facet normal 0.8644996320102104 -0.05933392794685746 -0.49911909525543896
    outer loop
      vertex 26.9317356565558 -26.681735656555798 131.5669872981078
      vertex 30.719471223252945 28.505846168373694 131.5669872981078
      vertex 30.969471223252945 28.505846168373694 132
    endloop
  endfacet
  facet normal 0.8644996320102109 -0.05933392794685749 0.4991190952554382
    outer loop
      vertex 27.1817356565558 -26.681735656555798 132
      vertex 30.969471223252945 28.505846168373694 132
      vertex 30.719471223252945 28.505846168373694 132.4330127018922
    endloop
  endfacet
  facet normal 0.8197907666479225 -0.056265386911357816 0.56989236277961
    outer loop
      vertex 23.364065465986414 -20.49278909795552 138.1761438037092
      vertex 30.719471223252945 28.505846168373694 132.4330127018922
      vertex 30.517825655891755 28.25410074599987 132.6982252762948
    endloop
  endfacet
  facet normal 0 0 1
    outer loop
      vertex 25.25 -25 156.4330127018922
      vertex 25.25 25 156.4330127018922
      vertex 25.077254248593736 25.23776412907379 156.4330127018922
    endloop
  endfacet
  facet normal 0.8660254037844338 0 0.5000000000000082
    outer loop
      vertex 25.5 -25 156
      vertex 25.5 25 156
      vertex 25.25 25 156.4330127018922
    endloop
  endfacet
  facet normal 0.00621946735800336 0.4807393461096727 -0.8768414904233417
    outer loop
      vertex 16.09140152843601 20.846147119974592 101.98039518091902
      vertex 26.01046687663982 26.170976757119874 104.97015610087274
      vertex 20.475693433084647 20.6362033135647 101.8963887913619
    endloop
  endfacet
  facet normal 0.5128964145495102 -0.03658426149605389 -0.8576706009611413
    outer loop
      vertex 20.75655455161987 15.580139393480446 102.16656935184653
      vertex 20.713864725275684 17.482666174036332 102.05988737392839
      vertex 26.183212628046086 25.933212628046086 104.97015610087274
    endloop
  endfacet
  facet normal 0.5128964145495164 -0.0365842614960593 -0.8576706009611373
    outer loop
      vertex 20.713864725275684 17.482666174036332 102.05988737392839
      vertex 20.64843918449091 20.39843918449091 101.8963887913619
      vertex 26.183212628046086 25.933212628046086 104.97015610087274
    endloop
  endfacet
  facet normal 0.43981119089176435 0.31954153447555284 0.8393207516268003
    outer loop
      vertex 20.475693433084647 20.6362033135647 101.8963887913619
      vertex 20.64843918449091 20.39843918449091 101.8963887913619
      vertex 26.68716766026671 26.43716766026671 96.43301270189222
    endloop
  endfacet
  facet normal 0.298899291076696 0.2171630465578743 -0.9292466976016387
    outer loop
      vertex 20.475693433084647 20.6362033135647 101.8963887913619
      vertex 26.183212628046086 25.933212628046086 104.97015610087274
      vertex 20.64843918449091 20.39843918449091 101.8963887913619
    endloop
  endfacet
  facet normal 0.006219467358004961 0.4807393461096704 -0.8768414904233428
    outer loop
      vertex 7.601291619790613 26.185514478676858 104.84754966514097
      vertex 26.01046687663982 26.170976757119874 104.97015610087274
      vertex 16.09140152843601 20.846147119974592 101.98039518091902
    endloop
  endfacet
  facet normal 0.014428237333916362 0.8569515259061222 -0.5151950195941387
    outer loop
      vertex 20.07610057606318 23.49823947954903 90.10271679205864
      vertex 26.514421908860445 26.674931789340498 95.56698729810778
      vertex 23.290556252519217 23.45106613299927 90.11427291714703
    endloop
  endfacet
  facet normal -0.005787950310874468 0.4985202793502274 0.8668587143864738
    outer loop
      vertex 15.239735692644006 21.272441846671672 125.84423533764819
      vertex 20.9065365195061 21.067046399986154 126.00019265205566
      vertex 30.576227495141683 30.736737375621736 120.50383058469397
    endloop
  endfacet
  facet normal 0.006219467358004955 0.4807393461096725 -0.8768414904233416
    outer loop
      vertex 7.601291619790613 26.185514478676858 104.84754966514097
      vertex 30.68644618820954 30.846956068689593 107.56698729810778
      vertex 26.01046687663982 26.170976757119874 104.97015610087274
    endloop
  endfacet
  facet normal 0.6976455587981587 0.008041865675430578 0.7163979359864623
    outer loop
      vertex 26.19089293223912 0.31460100410766445 87.71512666973761
      vertex 29.23078906811203 28.98078906811203 84.43301270189222
      vertex 23.46330200392548 23.21330200392548 90.11427291714703
    endloop
  endfacet
  facet normal 0.8410869635980415 0.0667716103773609 -0.536762770423807
    outer loop
      vertex 23.65053644581527 19.70559913328099 89.9713149375398
      vertex 23.46330200392548 23.21330200392548 90.11427291714703
      vertex 26.68716766026671 26.43716766026671 95.56698729810778
    endloop
  endfacet
  facet normal 0.8655077751967888 -0.03456956414552011 0.49970114699557544
    outer loop
      vertex 26.44089293223912 0.31460100410766445 87.28211396784539
      vertex 29.48078906811203 28.98078906811203 84
      vertex 29.23078906811203 28.98078906811203 84.43301270189222
    endloop
  endfacet
  facet normal 0.501867607926393 -0.010257944107848638 0.8648836214756994
    outer loop
      vertex 24.391709573881226 2.157634608792416 123.8566294730845
      vertex 30.674108035569017 29.74763178642202 120.53836147984038
      vertex 21.07693734961255 20.77735194551504 126.00093742470723
    endloop
  endfacet
  facet normal 0.7553036892377832 -0.07061628895728893 -0.6515594192072546
    outer loop
      vertex 25.539965963684054 3.4654025140550506 116.32756426138346
      vertex 25.36585239336491 21.979151396034226 114.1191994978265
      vertex 30.873562390030358 30.623562390030358 119.56698729810778
    endloop
  endfacet
  facet normal 0.6660740735105595 -0.06227386402605414 0.743281436910888
    outer loop
      vertex 24.391709573881226 2.157634608792416 123.8566294730845
      vertex 30.807842363636638 29.92062856095302 120.43301270189222
      vertex 30.674108035569017 29.74763178642202 120.53836147984038
    endloop
  endfacet
  facet normal 0.7553036892377957 -0.07061628895729344 -0.6515594192072395
    outer loop
      vertex 25.539965963684054 3.4654025140550506 116.32756426138346
      vertex 30.873562390030358 30.623562390030358 119.56698729810778
      vertex 30.807842363636638 29.92062856095302 119.56698729810778
    endloop
  endfacet
  facet normal 0.6237949311211203 0.4532135462136715 -0.6367710463235785
    outer loop
      vertex 23.46330200392548 23.21330200392548 90.11427291714703
      vertex 23.290556252519217 23.45106613299927 90.11427291714703
      vertex 26.68716766026671 26.43716766026671 95.56698729810778
    endloop
  endfacet
  facet normal 0.46625311222823373 0.33875271484867037 0.8172237352892667
    outer loop
      vertex 23.46330200392548 23.21330200392548 90.11427291714703
      vertex 29.058043316705767 29.21855319718582 84.43301270189222
      vertex 23.290556252519217 23.45106613299927 90.11427291714703
    endloop
  endfacet
  facet normal 0.62379493112112 0.4532135462136716 -0.6367710463235787
    outer loop
      vertex 23.290556252519217 23.45106613299927 90.11427291714703
      vertex 26.514421908860445 26.674931789340498 95.56698729810778
      vertex 26.68716766026671 26.43716766026671 95.56698729810778
    endloop
  endfacet
  facet normal 0.4662531122282339 0.33875271484866976 0.817223735289267
    outer loop
      vertex 23.46330200392548 23.21330200392548 90.11427291714703
      vertex 29.23078906811203 28.98078906811203 84.43301270189222
      vertex 29.058043316705767 29.21855319718582 84.43301270189222
    endloop
  endfacet
  facet normal 0.43981119089176407 0.3195415344755534 0.8393207516268002
    outer loop
      vertex 20.475693433084647 20.6362033135647 101.8963887913619
      vertex 26.68716766026671 26.43716766026671 96.43301270189222
      vertex 26.514421908860445 26.674931789340498 96.43301270189222
    endloop
  endfacet
  facet normal 0.2988992910766963 0.21716304655787488 -0.9292466976016382
    outer loop
      vertex 20.475693433084647 20.6362033135647 101.8963887913619
      vertex 26.01046687663982 26.170976757119874 104.97015610087274
      vertex 26.183212628046086 25.933212628046086 104.97015610087274
    endloop
  endfacet
  facet normal 0.732999678137138 0.5325554391808754 -0.423197561488387
    outer loop
      vertex 26.514421908860445 26.674931789340498 95.56698729810778
      vertex 26.591676157454184 26.912695918414286 96
      vertex 26.68716766026671 26.43716766026671 95.56698729810778
    endloop
  endfacet
  facet normal 0.7329996781371418 0.5325554391808728 -0.4231975614883832
    outer loop
      vertex 26.68716766026671 26.43716766026671 95.56698729810778
      vertex 26.591676157454184 26.912695918414286 96
      vertex 26.93716766026671 26.43716766026671 96
    endloop
  endfacet
  facet normal 0.7329996781371418 0.5325554391808728 0.4231975614883832
    outer loop
      vertex 26.68716766026671 26.43716766026671 96.43301270189222
      vertex 26.93716766026671 26.43716766026671 96
      vertex 26.591676157454184 26.912695918414286 96
    endloop
  endfacet
  facet normal 0.732999678137138 0.5325554391808754 0.423197561488387
    outer loop
      vertex 26.514421908860445 26.674931789340498 96.43301270189222
      vertex 26.68716766026671 26.43716766026671 96.43301270189222
      vertex 26.591676157454184 26.912695918414286 96
    endloop
  endfacet
  facet normal 0.732999678137138 0.5325554391808754 0.423197561488387
    outer loop
      vertex 29.23078906811203 28.98078906811203 84.43301270189222
      vertex 29.135297565299506 29.456317326259608 84
      vertex 29.058043316705767 29.21855319718582 84.43301270189222
    endloop
  endfacet
  facet normal 0.7353663280100091 -0.021814122221318864 0.6773186160890522
    outer loop
      vertex 25.36585239336491 21.979151396034226 114.1191994978265
      vertex 30.193362886610842 25.558871755244745 108.99325119972508
      vertex 25.5527602519932 24.963740361268925 114.01239664981773
    endloop
  endfacet
  facet normal 0.7353663280100092 -0.021814122221321196 0.6773186160890521
    outer loop
      vertex 25.5527602519932 24.963740361268925 114.01239664981773
      vertex 30.193362886610842 25.558871755244745 108.99325119972508
      vertex 25.575409538810785 25.325409538810785 113.99945439926049
    endloop
  endfacet
  facet normal 0.7553036892377843 -0.07061628895729057 -0.651559419207253
    outer loop
      vertex 25.36585239336491 21.979151396034226 114.1191994978265
      vertex 25.5527602519932 24.963740361268925 114.01239664981773
      vertex 30.873562390030358 30.623562390030358 119.56698729810778
    endloop
  endfacet
  facet normal 0.4871527243530417 0.35393717187615986 0.798380048297623
    outer loop
      vertex 25.40266378740452 25.563173667884573 113.99945439926049
      vertex 25.575409538810785 25.325409538810785 113.99945439926049
      vertex 30.859191939615805 30.609191939615805 108.43301270189222
    endloop
  endfacet
  facet normal 0.7553036892377833 -0.07061628895728823 -0.6515594192072545
    outer loop
      vertex 25.5527602519932 24.963740361268925 114.01239664981773
      vertex 25.575409538810785 25.325409538810785 113.99945439926049
      vertex 30.873562390030358 30.623562390030358 119.56698729810778
    endloop
  endfacet
  facet normal 0.48637013052654315 0.35336858417905426 -0.7991087159122242
    outer loop
      vertex 25.40266378740452 25.563173667884573 113.99945439926049
      vertex 30.873562390030358 30.623562390030358 119.56698729810778
      vertex 25.575409538810785 25.325409538810785 113.99945439926049
    endloop
  endfacet
  facet normal 0.30493763178065814 0.2215501578779122 0.9262443350802615
    outer loop
      vertex 21.079282270912376 20.829282270912376 126.00019265205566
      vertex 30.748973246547948 30.498973246547948 120.50383058469397
      vertex 20.9065365195061 21.067046399986154 126.00019265205566
    endloop
  endfacet
  facet normal 0.5018676079267372 -0.010257944108320921 0.8648836214754939
    outer loop
      vertex 21.07693734961255 20.77735194551504 126.00093742470723
      vertex 30.792813052145778 30.26894082027204 120.47566328271928
      vertex 21.079282270912376 20.829282270912376 126.00019265205566
    endloop
  endfacet
  facet normal 0.5018676079263977 -0.010257944107856317 0.8648836214756964
    outer loop
      vertex 21.07693734961255 20.77735194551504 126.00093742470723
      vertex 30.674108035569017 29.74763178642202 120.53836147984038
      vertex 30.792813052145778 30.26894082027204 120.47566328271928
    endloop
  endfacet
  facet normal 0.2988992910766966 0.21716304655787477 -0.9292466976016382
    outer loop
      vertex 26.01046687663982 26.170976757119874 104.97015610087274
      vertex 30.859191939615805 30.609191939615805 107.56698729810778
      vertex 26.183212628046086 25.933212628046086 104.97015610087274
    endloop
  endfacet
  facet normal -0.06687649585863643 0.7545842127690461 0.6527864889390624
    outer loop
      vertex 21.988652351494935 25.389770360906066 113.85014107029525
      vertex 25.40266378740452 25.563173667884573 113.99945439926049
      vertex 30.68644618820954 30.846956068689593 108.43301270189222
    endloop
  endfacet
  facet normal 0.30493763178067057 0.22155015787789906 0.9262443350802605
    outer loop
      vertex 20.9065365195061 21.067046399986154 126.00019265205566
      vertex 30.748973246547948 30.498973246547948 120.50383058469397
      vertex 30.576227495141683 30.736737375621736 120.50383058469397
    endloop
  endfacet
  facet normal 0.5018676079263885 -0.010257944107839773 0.8648836214757019
    outer loop
      vertex 21.079282270912376 20.829282270912376 126.00019265205566
      vertex 30.792813052145778 30.26894082027204 120.47566328271928
      vertex 30.748973246547948 30.498973246547948 120.50383058469397
    endloop
  endfacet
  facet normal 0.7353663280100092 -0.02181412222132245 0.6773186160890521
    outer loop
      vertex 25.575409538810785 25.325409538810785 113.99945439926049
      vertex 30.193362886610842 25.558871755244745 108.99325119972508
      vertex 30.859191939615805 30.609191939615805 108.43301270189222
    endloop
  endfacet
  facet normal 0.5128964145495156 -0.03658426149605695 -0.857670600961138
    outer loop
      vertex 26.183212628046086 25.933212628046086 104.97015610087274
      vertex 30.859191939615805 30.609191939615805 107.56698729810778
      vertex 30.50369717961492 25.62530049724664 107.56698729810778
    endloop
  endfacet
  facet normal 0.4871527243530416 0.35393717187616036 0.798380048297623
    outer loop
      vertex 25.40266378740452 25.563173667884573 113.99945439926049
      vertex 30.859191939615805 30.609191939615805 108.43301270189222
      vertex 30.68644618820954 30.846956068689593 108.43301270189222
    endloop
  endfacet
  facet normal 0.2988992910766966 0.2171630465578754 -0.9292466976016381
    outer loop
      vertex 26.01046687663982 26.170976757119874 104.97015610087274
      vertex 30.68644618820954 30.846956068689593 107.56698729810778
      vertex 30.859191939615805 30.609191939615805 107.56698729810778
    endloop
  endfacet
  facet normal 0.864536701927987 -0.058609339636647766 0.4991404975824291
    outer loop
      vertex 30.193362886610842 25.558871755244745 108.99325119972508
      vertex 30.443362886610842 25.558871755244745 108.56023849783286
      vertex 30.859191939615805 30.609191939615805 108.43301270189222
    endloop
  endfacet
  facet normal 0.8643778089290343 -0.06165499094202704 -0.4990487606667114
    outer loop
      vertex 30.50369717961492 25.62530049724664 107.56698729810778
      vertex 30.859191939615805 30.609191939615805 107.56698729810778
      vertex 30.75369717961492 25.62530049724664 108
    endloop
  endfacet
  facet normal 0.8761719804227438 -0.06249625448338787 0.47792978448474494
    outer loop
      vertex 30.443362886610842 25.558871755244745 108.56023849783286
      vertex 30.75369717961492 25.62530049724664 108
      vertex 31.109191939615805 30.609191939615805 108
    endloop
  endfacet
  facet normal 0.8643778089290343 -0.06165499094202704 -0.4990487606667114
    outer loop
      vertex 30.75369717961492 25.62530049724664 108
      vertex 30.859191939615805 30.609191939615805 107.56698729810778
      vertex 31.109191939615805 30.609191939615805 108
    endloop
  endfacet
  facet normal 0.8645367019279872 -0.058609339636647766 0.4991404975824291
    outer loop
      vertex 30.443362886610842 25.558871755244745 108.56023849783286
      vertex 31.109191939615805 30.609191939615805 108
      vertex 30.859191939615805 30.609191939615805 108.43301270189222
    endloop
  endfacet
  facet normal 0.732999678137138 0.5325554391808754 -0.423197561488387
    outer loop
      vertex 30.68644618820954 30.846956068689593 107.56698729810778
      vertex 30.76370043680328 31.08472019776338 108
      vertex 30.859191939615805 30.609191939615805 107.56698729810778
    endloop
  endfacet
  facet normal 0.7329996781371418 0.5325554391808728 -0.4231975614883832
    outer loop
      vertex 30.859191939615805 30.609191939615805 107.56698729810778
      vertex 30.76370043680328 31.08472019776338 108
      vertex 31.109191939615805 30.609191939615805 108
    endloop
  endfacet
  facet normal 0.732999678137138 0.5325554391808754 0.423197561488387
    outer loop
      vertex 30.68644618820954 30.846956068689593 108.43301270189222
      vertex 30.859191939615805 30.609191939615805 108.43301270189222
      vertex 30.76370043680328 31.08472019776338 108
    endloop
  endfacet
  facet normal 0.7329996781371418 0.5325554391808728 0.4231975614883832
    outer loop
      vertex 30.859191939615805 30.609191939615805 108.43301270189222
      vertex 31.109191939615805 30.609191939615805 108
      vertex 30.76370043680328 31.08472019776338 108
    endloop
  endfacet
  facet normal 0.486370130526544 0.3533685841790537 -0.7991087159122241
    outer loop
      vertex 25.40266378740452 25.563173667884573 113.99945439926049
      vertex 30.700816638624094 30.861326519104146 119.56698729810778
      vertex 30.873562390030358 30.623562390030358 119.56698729810778
    endloop
  endfacet
  facet normal 0.6660740735105621 -0.06227386402606194 0.743281436910885
    outer loop
      vertex 30.674108035569017 29.74763178642202 120.53836147984038
      vertex 30.807842363636638 29.92062856095302 120.43301270189222
      vertex 30.792813052145778 30.26894082027204 120.47566328271928
    endloop
  endfacet
  facet normal 0.8632005271455568 -0.08070398532610303 -0.4983690567121087
    outer loop
      vertex 30.807842363636638 29.92062856095302 119.56698729810778
      vertex 30.873562390030358 30.623562390030358 119.56698729810778
      vertex 31.123562390030358 30.623562390030358 120
    endloop
  endfacet
  facet normal 0.8632005271455568 -0.080703985326103 -0.4983690567121087
    outer loop
      vertex 30.807842363636638 29.92062856095302 119.56698729810778
      vertex 31.123562390030358 30.623562390030358 120
      vertex 31.057842363636638 29.92062856095302 120
    endloop
  endfacet
  facet normal 0.8632005271455568 -0.08070398532610303 0.4983690567121087
    outer loop
      vertex 30.807842363636638 29.92062856095302 120.43301270189222
      vertex 31.057842363636638 29.92062856095302 120
      vertex 30.873562390030358 30.623562390030358 120.43301270189222
    endloop
  endfacet
  facet normal 0.6660740735105305 -0.06227386402606672 0.7432814369109128
    outer loop
      vertex 30.807842363636638 29.92062856095302 120.43301270189222
      vertex 30.873562390030358 30.623562390030358 120.43301270189222
      vertex 30.792813052145778 30.26894082027204 120.47566328271928
    endloop
  endfacet
  facet normal 0.5018676079263329 -0.010257944107853686 0.864883621475734
    outer loop
      vertex 30.792813052145778 30.26894082027204 120.47566328271928
      vertex 30.873562390030358 30.623562390030358 120.43301270189222
      vertex 30.748973246547948 30.498973246547948 120.50383058469397
    endloop
  endfacet
  facet normal 0.8632005271455568 -0.08070398532610303 0.4983690567121087
    outer loop
      vertex 31.057842363636638 29.92062856095302 120
      vertex 31.123562390030358 30.623562390030358 120
      vertex 30.873562390030358 30.623562390030358 120.43301270189222
    endloop
  endfacet
  facet normal 0.7329996781371418 0.5325554391808728 -0.4231975614883832
    outer loop
      vertex 30.873562390030358 30.623562390030358 119.56698729810778
      vertex 30.778070887217833 31.099090648177935 120
      vertex 31.123562390030358 30.623562390030358 120
    endloop
  endfacet
  facet normal 0.732999678137138 0.5325554391808754 -0.423197561488387
    outer loop
      vertex 30.700816638624094 30.861326519104146 119.56698729810778
      vertex 30.778070887217833 31.099090648177935 120
      vertex 30.873562390030358 30.623562390030358 119.56698729810778
    endloop
  endfacet
  facet normal 0.30493763178062505 0.2215501578778646 0.9262443350802838
    outer loop
      vertex 30.576227495141683 30.736737375621736 120.50383058469397
      vertex 30.748973246547948 30.498973246547948 120.50383058469397
      vertex 30.873562390030358 30.623562390030358 120.43301270189222
    endloop
  endfacet
  facet normal 0.304937631780625 0.2215501578778646 0.9262443350802838
    outer loop
      vertex 30.576227495141683 30.736737375621736 120.50383058469397
      vertex 30.873562390030358 30.623562390030358 120.43301270189222
      vertex 30.700816638624094 30.861326519104146 120.43301270189222
    endloop
  endfacet
  facet normal 0.7329996781371418 0.5325554391808728 0.4231975614883832
    outer loop
      vertex 30.873562390030358 30.623562390030358 120.43301270189222
      vertex 31.123562390030358 30.623562390030358 120
      vertex 30.778070887217833 31.099090648177935 120
    endloop
  endfacet
  facet normal 0.732999678137138 0.5325554391808754 0.423197561488387
    outer loop
      vertex 30.700816638624094 30.861326519104146 120.43301270189222
      vertex 30.873562390030358 30.623562390030358 120.43301270189222
      vertex 30.778070887217833 31.099090648177935 120
    endloop
  endfacet
  facet normal 0.8373389108520453 -0.036272505630769364 0.5454794713904242
    outer loop
      vertex 22.84049596735289 0.3069184211250403 147.77850550031258
      vertex 26.127587796543622 25.877587796543622 144.4330127018922
      vertex 22.301316879754218 22.051316879754218 150.0521005859922
    endloop
  endfacet
  facet normal 0.6481960584894148 0.47094200297799643 -0.5983773889359959
    outer loop
      vertex 22.301316879754218 22.051316879754218 150.0521005859922
      vertex 22.128571128347957 22.28908100882801 150.0521005859922
      vertex 25.25 25 155.5669872981078
    endloop
  endfacet
  facet normal 0.8818604454144222 -4.701748889482916e-14 -0.4715105033967714
    outer loop
      vertex 22.303194461997904 21.627753606430968 150.02105290266803
      vertex 22.306688550729252 21.806688550729252 150.02758785496016
      vertex 25.5 25 156
    endloop
  endfacet
  facet normal 0.8639641195633062 0.06895409204364233 -0.49880991700009125
    outer loop
      vertex 22.306688550729252 21.806688550729252 150.02758785496016
      vertex 22.301316879754218 22.051316879754218 150.0521005859922
      vertex 25.5 25 156
    endloop
  endfacet
  facet normal 0.0411419036990645 0.46267564278124057 -0.8855724664514941
    outer loop
      vertex 15.239735692644006 21.272441846671672 125.84423533764819
      vertex 21.351177077719107 29.71790538019009 130.54057218125894
      vertex 20.9065365195061 21.067046399986154 126.00019265205566
    endloop
  endfacet
  facet normal 0.022621646885362594 0.8854488831003945 -0.4641858857273213
    outer loop
      vertex 19.706858023016284 23.40131518467492 138.06109454233604
      vertex 21.062931929043664 25.958542798358984 143.00517196904778
      vertex 23.05516521788942 23.376184978849523 138.17633438911022
    endloop
  endfacet
  facet normal 0.022621646885359455 0.885448883100394 -0.46418588572732244
    outer loop
      vertex 21.062931929043664 25.958542798358984 143.00517196904778
      vertex 24.56042466647342 26.089721019855883 143.42584537038528
      vertex 23.05516521788942 23.376184978849523 138.17633438911022
    endloop
  endfacet
  facet normal 0.030905374222092764 0.8744745634323351 -0.4840858351098689
    outer loop
      vertex 19.41653319319723 22.44101490800351 150.1519895732928
      vertex 25.154508497187475 25.475528258147577 156
      vertex 21.976979835158488 22.29799959611859 150.05710621284751
    endloop
  endfacet
  facet normal 0.5862028231326717 0.4259012810426783 0.6891838281311387
    outer loop
      vertex 22.301316879754218 22.051316879754218 150.0521005859922
      vertex 26.127587796543622 25.877587796543622 144.4330127018922
      vertex 22.128571128347957 22.28908100882801 150.0521005859922
    endloop
  endfacet
  facet normal 0.03533792348980336 0.8733307501629753 -0.48584424662972353
    outer loop
      vertex 21.976979835158488 22.29799959611859 150.05710621284751
      vertex 25.077254248593736 25.23776412907379 155.5669872981078
      vertex 22.128571128347957 22.28908100882801 150.0521005859922
    endloop
  endfacet
  facet normal 0.8912780044142714 -0.00423411017792806 -0.45343752729379927
    outer loop
      vertex 24.5508142519032 1.521925226239338 140.6367174554199
      vertex 23.3988298065897 22.8988298065897 138.17276046125684
      vertex 26.082199117367658 25.582199117367658 143.42214151119475
    endloop
  endfacet
  facet normal 0.5209493369799324 -0.03575475255261471 -0.8528384289946545
    outer loop
      vertex 21.05870373063653 20.37355256569461 126.00672862151798
      vertex 21.07693734961255 20.77735194551504 126.00093742470723
      vertex 29.495155205824226 29.245155205824226 130.7881288336618
    endloop
  endfacet
  facet normal 0.5209493369796616 -0.03575475255224317 -0.8528384289948354
    outer loop
      vertex 21.07693734961255 20.77735194551504 126.00093742470723
      vertex 21.079282270912376 20.829282270912376 126.00019265205566
      vertex 29.495155205824226 29.245155205824226 130.7881288336618
    endloop
  endfacet
  facet normal 0.30517048166124144 0.221719333218797 -0.9261271588716411
    outer loop
      vertex 21.079282270912376 20.829282270912376 126.00019265205566
      vertex 20.9065365195061 21.067046399986154 126.00019265205566
      vertex 29.495155205824226 29.245155205824226 130.7881288336618
    endloop
  endfacet
  facet normal 0.6097993986305855 -0.0004267595257393627 0.7925556834103731
    outer loop
      vertex 23.39337539234198 21.388350954412136 138.1761438037092
      vertex 30.517825655891755 28.25410074599987 132.6982252762948
      vertex 23.3988298065897 22.8988298065897 138.17276046125684
    endloop
  endfacet
  facet normal 0.6097993986305433 -0.0004267595256499835 0.7925556834104056
    outer loop
      vertex 23.3988298065897 22.8988298065897 138.17276046125684
      vertex 30.517825655891755 28.25410074599987 132.6982252762948
      vertex 23.385513324905475 23.04775372011617 138.18308647038518
    endloop
  endfacet
  facet normal 0.60979939863055 -0.00042675952566485255 0.7925556834104003
    outer loop
      vertex 23.378310130113732 23.128310130113732 138.18867204898893
      vertex 23.385513324905475 23.04775372011617 138.18308647038518
      vertex 30.517825655891755 28.25410074599987 132.6982252762948
    endloop
  endfacet
  facet normal 0.041141903699064855 0.46267564278124057 -0.8855724664514942
    outer loop
      vertex 20.9065365195061 21.067046399986154 126.00019265205566
      vertex 21.351177077719107 29.71790538019009 130.54057218125894
      vertex 29.32240945441796 29.482919334898014 130.7881288336618
    endloop
  endfacet
  facet normal 0.39012554853975107 0.28344280227555063 0.8760492190594895
    outer loop
      vertex 23.378310130113732 23.128310130113732 138.18867204898893
      vertex 30.691428092602724 30.851937973082777 132.4330127018922
      vertex 23.205564378707468 23.36607425918752 138.18867204898893
    endloop
  endfacet
  facet normal 0.30517048166125393 0.22171933321878295 -0.9261271588716404
    outer loop
      vertex 20.9065365195061 21.067046399986154 126.00019265205566
      vertex 29.32240945441796 29.482919334898014 130.7881288336618
      vertex 29.495155205824226 29.245155205824226 130.7881288336618
    endloop
  endfacet
  facet normal 0.8606340729352934 0.1114091109548846 -0.4968873136829419
    outer loop
      vertex 23.3988298065897 22.8988298065897 138.17276046125684
      vertex 23.385513324905475 23.04775372011617 138.18308647038518
      vertex 25.832199117367658 25.582199117367658 142.98912880930254
    endloop
  endfacet
  facet normal 0.8606340729352787 0.11140911095492849 -0.4968873136829576
    outer loop
      vertex 23.378310130113732 23.128310130113732 138.18867204898893
      vertex 25.832199117367658 25.582199117367658 142.98912880930254
      vertex 23.385513324905475 23.04775372011617 138.18308647038518
    endloop
  endfacet
  facet normal 0.6584085308431995 0.47836179845911675 -0.5810922442158893
    outer loop
      vertex 23.378310130113732 23.128310130113732 138.18867204898893
      vertex 23.205564378707468 23.36607425918752 138.18867204898893
      vertex 25.832199117367658 25.582199117367658 142.98912880930254
    endloop
  endfacet
  facet normal 0.09852882111979094 0.8647655380608772 -0.49241510495823126
    outer loop
      vertex 23.05516521788942 23.376184978849523 138.17633438911022
      vertex 25.736707614555133 26.057727375515235 143.42214151119475
      vertex 23.205564378707468 23.36607425918752 138.18867204898893
    endloop
  endfacet
  facet normal 0.022621646885361276 0.8854488831003937 -0.4641858857273228
    outer loop
      vertex 23.05516521788942 23.376184978849523 138.17633438911022
      vertex 24.56042466647342 26.089721019855883 143.42584537038528
      vertex 25.736707614555133 26.057727375515235 143.42214151119475
    endloop
  endfacet
  facet normal 0.8606340729352786 0.11140911095492702 -0.4968873136829581
    outer loop
      vertex 23.3988298065897 22.8988298065897 138.17276046125684
      vertex 25.832199117367658 25.582199117367658 142.98912880930254
      vertex 26.082199117367658 25.582199117367658 143.42214151119475
    endloop
  endfacet
  facet normal 0.6584085308432003 0.4783617984591161 -0.5810922442158892
    outer loop
      vertex 23.205564378707468 23.36607425918752 138.18867204898893
      vertex 25.659453365961394 25.819963246441446 142.98912880930254
      vertex 25.832199117367658 25.582199117367658 142.98912880930254
    endloop
  endfacet
  facet normal 0.0985288211198421 0.8647655380608619 -0.49241510495824786
    outer loop
      vertex 23.205564378707468 23.36607425918752 138.18867204898893
      vertex 25.736707614555133 26.057727375515235 143.42214151119475
      vertex 25.659453365961394 25.819963246441446 142.98912880930254
    endloop
  endfacet
  facet normal 0.586202823132664 0.42590128104268804 0.6891838281311393
    outer loop
      vertex 22.128571128347957 22.28908100882801 150.0521005859922
      vertex 26.127587796543622 25.877587796543622 144.4330127018922
      vertex 25.954842045137358 26.11535192561741 144.4330127018922
    endloop
  endfacet
  facet normal 0.0226216468853607 0.8854488831003804 -0.4641858857273484
    outer loop
      vertex 24.56042466647342 26.089721019855883 143.42584537038528
      vertex 25.733883377167007 26.133733184633623 143.5669872981078
      vertex 25.736707614555133 26.057727375515235 143.42214151119475
    endloop
  endfacet
  facet normal 0.8606340729352766 0.1114091109549484 -0.49688731368295685
    outer loop
      vertex 25.832199117367658 25.582199117367658 142.98912880930254
      vertex 26.127587796543622 25.877587796543622 143.5669872981078
      vertex 26.082199117367658 25.582199117367658 143.42214151119475
    endloop
  endfacet
  facet normal 0.6584085308432039 0.47836179845912 -0.5810922442158819
    outer loop
      vertex 25.659453365961394 25.819963246441446 142.98912880930254
      vertex 26.127587796543622 25.877587796543622 143.5669872981078
      vertex 25.832199117367658 25.582199117367658 142.98912880930254
    endloop
  endfacet
  facet normal 0.6584085308432038 0.47836179845912014 -0.5810922442158818
    outer loop
      vertex 25.659453365961394 25.819963246441446 142.98912880930254
      vertex 25.954842045137358 26.11535192561741 143.5669872981078
      vertex 26.127587796543622 25.877587796543622 143.5669872981078
    endloop
  endfacet
  facet normal 0.09852882111987143 0.8647655380608568 -0.4924151049582508
    outer loop
      vertex 25.659453365961394 25.819963246441446 142.98912880930254
      vertex 25.736707614555133 26.057727375515235 143.42214151119475
      vertex 25.954842045137358 26.11535192561741 143.5669872981078
    endloop
  endfacet
  facet normal 0.022621646885442322 0.8854488831003795 -0.46418588572734637
    outer loop
      vertex 25.736707614555133 26.057727375515235 143.42214151119475
      vertex 25.733883377167007 26.133733184633623 143.5669872981078
      vertex 26.032096293731097 26.3531160546912 144
    endloop
  endfacet
  facet normal 0.09852882111987128 0.8647655380608568 -0.4924151049582507
    outer loop
      vertex 25.736707614555133 26.057727375515235 143.42214151119475
      vertex 26.032096293731097 26.3531160546912 144
      vertex 25.954842045137358 26.11535192561741 143.5669872981078
    endloop
  endfacet
  facet normal 0.8606340729352766 0.1114091109549483 -0.49688731368295685
    outer loop
      vertex 26.082199117367658 25.582199117367658 143.42214151119475
      vertex 26.127587796543622 25.877587796543622 143.5669872981078
      vertex 26.377587796543622 25.877587796543622 144
    endloop
  endfacet
  facet normal 0.7329996781371335 0.5325554391808722 -0.4231975614883984
    outer loop
      vertex 25.954842045137358 26.11535192561741 143.5669872981078
      vertex 26.032096293731097 26.3531160546912 144
      vertex 26.127587796543622 25.877587796543622 143.5669872981078
    endloop
  endfacet
  facet normal 0.7329996781371335 0.5325554391808722 0.4231975614883984
    outer loop
      vertex 25.954842045137358 26.11535192561741 144.4330127018922
      vertex 26.127587796543622 25.877587796543622 144.4330127018922
      vertex 26.032096293731097 26.3531160546912 144
    endloop
  endfacet
  facet normal 0.7329996781371376 0.5325554391808698 -0.4231975614883947
    outer loop
      vertex 26.127587796543622 25.877587796543622 143.5669872981078
      vertex 26.032096293731097 26.3531160546912 144
      vertex 26.377587796543622 25.877587796543622 144
    endloop
  endfacet
  facet normal 0.7329996781371376 0.5325554391808697 0.4231975614883947
    outer loop
      vertex 26.377587796543622 25.877587796543622 144
      vertex 26.032096293731097 26.3531160546912 144
      vertex 26.127587796543622 25.877587796543622 144.4330127018922
    endloop
  endfacet
  facet normal 0.04114190369906482 0.4626756427812415 -0.8855724664514937
    outer loop
      vertex 21.351177077719107 29.71790538019009 130.54057218125894
      vertex 30.691428092602724 30.851937973082777 131.5669872981078
      vertex 29.32240945441796 29.482919334898014 130.7881288336618
    endloop
  endfacet
  facet normal 0.6097993986305815 -0.0004267595257344232 0.7925556834103762
    outer loop
      vertex 23.378310130113732 23.128310130113732 138.18867204898893
      vertex 30.517825655891755 28.25410074599987 132.6982252762948
      vertex 30.864173844008988 30.614173844008988 132.4330127018922
    endloop
  endfacet
  facet normal 0.3901255485397502 0.28344280227555085 0.87604921905949
    outer loop
      vertex 23.378310130113732 23.128310130113732 138.18867204898893
      vertex 30.864173844008988 30.614173844008988 132.4330127018922
      vertex 30.691428092602724 30.851937973082777 132.4330127018922
    endloop
  endfacet
  facet normal 0.8197907666479253 -0.056265386911365727 0.5698923627796051
    outer loop
      vertex 30.517825655891755 28.25410074599987 132.6982252762948
      vertex 30.719471223252945 28.505846168373694 132.4330127018922
      vertex 30.864173844008988 30.614173844008988 132.4330127018922
    endloop
  endfacet
  facet normal 0.30517048166125504 0.22171933321878332 -0.9261271588716398
    outer loop
      vertex 29.32240945441796 29.482919334898014 130.7881288336618
      vertex 30.691428092602724 30.851937973082777 131.5669872981078
      vertex 29.495155205824226 29.245155205824226 130.7881288336618
    endloop
  endfacet
  facet normal 0.520949336979913 -0.03575475255258955 -0.8528384289946672
    outer loop
      vertex 29.495155205824226 29.245155205824226 130.7881288336618
      vertex 30.864173844008988 30.614173844008988 131.5669872981078
      vertex 30.719471223252945 28.505846168373694 131.5669872981078
    endloop
  endfacet
  facet normal 0.3051704816612552 0.22171933321878318 -0.92612715887164
    outer loop
      vertex 29.495155205824226 29.245155205824226 130.7881288336618
      vertex 30.691428092602724 30.851937973082777 131.5669872981078
      vertex 30.864173844008988 30.614173844008988 131.5669872981078
    endloop
  endfacet
  facet normal 0.8644996320102106 -0.059333927946858385 -0.49911909525543846
    outer loop
      vertex 30.719471223252945 28.505846168373694 131.5669872981078
      vertex 31.114173844008988 30.614173844008988 132
      vertex 30.969471223252945 28.505846168373694 132
    endloop
  endfacet
  facet normal 0.8644996320102106 -0.059333927946858385 -0.49911909525543846
    outer loop
      vertex 30.719471223252945 28.505846168373694 131.5669872981078
      vertex 30.864173844008988 30.614173844008988 131.5669872981078
      vertex 31.114173844008988 30.614173844008988 132
    endloop
  endfacet
  facet normal 0.7329996781371335 0.5325554391808722 -0.4231975614883984
    outer loop
      vertex 30.691428092602724 30.851937973082777 131.5669872981078
      vertex 30.768682341196463 31.089702102156565 132
      vertex 30.864173844008988 30.614173844008988 131.5669872981078
    endloop
  endfacet
  facet normal 0.7329996781371376 0.5325554391808698 -0.4231975614883947
    outer loop
      vertex 30.864173844008988 30.614173844008988 131.5669872981078
      vertex 30.768682341196463 31.089702102156565 132
      vertex 31.114173844008988 30.614173844008988 132
    endloop
  endfacet
  facet normal 0.8644996320102106 -0.059333927946858385 0.49911909525543846
    outer loop
      vertex 30.719471223252945 28.505846168373694 132.4330127018922
      vertex 30.969471223252945 28.505846168373694 132
      vertex 31.114173844008988 30.614173844008988 132
    endloop
  endfacet
  facet normal 0.8644996320102106 -0.059333927946858385 0.49911909525543846
    outer loop
      vertex 30.719471223252945 28.505846168373694 132.4330127018922
      vertex 31.114173844008988 30.614173844008988 132
      vertex 30.864173844008988 30.614173844008988 132.4330127018922
    endloop
  endfacet
  facet normal 0.7329996781371335 0.5325554391808722 0.4231975614883984
    outer loop
      vertex 30.691428092602724 30.851937973082777 132.4330127018922
      vertex 30.864173844008988 30.614173844008988 132.4330127018922
      vertex 30.768682341196463 31.089702102156565 132
    endloop
  endfacet
  facet normal 0.7329996781371376 0.5325554391808698 0.4231975614883947
    outer loop
      vertex 30.864173844008988 30.614173844008988 132.4330127018922
      vertex 31.114173844008988 30.614173844008988 132
      vertex 30.768682341196463 31.089702102156565 132
    endloop
  endfacet
  facet normal 0.6481960584894063 0.470942002978007 -0.5983773889359968
    outer loop
      vertex 22.128571128347957 22.28908100882801 150.0521005859922
      vertex 25.077254248593736 25.23776412907379 155.5669872981078
      vertex 25.25 25 155.5669872981078
    endloop
  endfacet
  facet normal 0.8639641195633213 0.06895409204358852 -0.49880991700007266
    outer loop
      vertex 22.301316879754218 22.051316879754218 150.0521005859922
      vertex 25.25 25 155.5669872981078
      vertex 25.5 25 156
    endloop
  endfacet
  facet normal 0.03533792348983062 0.8733307501629682 -0.48584424662973413
    outer loop
      vertex 21.976979835158488 22.29799959611859 150.05710621284751
      vertex 25.154508497187475 25.475528258147577 156
      vertex 25.077254248593736 25.23776412907379 155.5669872981078
    endloop
  endfacet
  facet normal 0.7329996781371376 0.5325554391808698 -0.4231975614883947
    outer loop
      vertex 25.25 25 155.5669872981078
      vertex 25.154508497187475 25.475528258147577 156
      vertex 25.5 25 156
    endloop
  endfacet
  facet normal 0.7329996781371376 0.5325554391808698 0.4231975614883947
    outer loop
      vertex 25.25 25 156.4330127018922
      vertex 25.5 25 156
      vertex 25.154508497187475 25.475528258147577 156
    endloop
  endfacet
  facet normal 0.7329996781371335 0.5325554391808722 -0.4231975614883984
    outer loop
      vertex 25.25 25 155.5669872981078
      vertex 25.077254248593736 25.23776412907379 155.5669872981078
      vertex 25.154508497187475 25.475528258147577 156
    endloop
  endfacet
  facet normal 0.7329996781371335 0.5325554391808722 0.4231975614883984
    outer loop
      vertex 25.25 25 156.4330127018922
      vertex 25.154508497187475 25.475528258147577 156
      vertex 25.077254248593736 25.23776412907379 156.4330127018922
    endloop
  endfacet
  facet normal 1 0 0
    outer loop
      vertex -5.5 10.25 -0.4330127018922193
      vertex -5.5 13.75 -0.4330127018922193
      vertex -5.5 13.75 156.4330127018922
    endloop
  endfacet
  facet normal 0 1 0
    outer loop
      vertex -5.5 10.25 -0.4330127018922193
      vertex -5.5 10.25 156.4330127018922
      vertex 5.5 10.25 -0.4330127018922193
    endloop
  endfacet
  facet normal 1 0 0
    outer loop
      vertex -5.5 10.25 -0.4330127018922193
      vertex -5.5 13.75 156.4330127018922
      vertex -5.5 10.25 156.4330127018922
    endloop
  endfacet
  facet normal 0 -1 0
    outer loop
      vertex -5.5 13.75 -0.4330127018922193
      vertex 5.5 13.75 156.4330127018922
      vertex -5.5 13.75 156.4330127018922
    endloop
  endfacet
  facet normal 0 -1 0
    outer loop
      vertex -5.5 13.75 -0.4330127018922193
      vertex 5.5 13.75 -0.4330127018922193
      vertex 5.5 13.75 156.4330127018922
    endloop
  endfacet
  facet normal -1 0 0
    outer loop
      vertex 5.5 10.25 -0.4330127018922193
      vertex 5.5 10.25 156.4330127018922
      vertex 5.5 13.75 -0.4330127018922193
    endloop
  endfacet
  facet normal 0 1 0
    outer loop
      vertex -5.5 10.25 156.4330127018922
      vertex 5.5 10.25 156.4330127018922
      vertex 5.5 10.25 -0.4330127018922193
    endloop
  endfacet
  facet normal -1 0 0
    outer loop
      vertex 5.5 13.75 -0.4330127018922193
      vertex 5.5 10.25 156.4330127018922
      vertex 5.5 13.75 156.4330127018922
    endloop
  endfacet
  facet normal 0.9238795325112867 0.38268343236508967 0
    outer loop
      vertex -3.6955181300451474 -3.6955181300451474 -0.4330127018922193
      vertex -5.226251859505506 0 7
      vertex -3.6955181300451474 -3.6955181300451474 7
    endloop
  endfacet
  facet normal 0.9238795325112867 0.38268343236508967 0
    outer loop
      vertex -3.6955181300451474 -3.6955181300451474 -0.4330127018922193
      vertex -5.226251859505506 0 -0.4330127018922193
      vertex -5.226251859505506 0 7
    endloop
  endfacet
  facet normal 0.38268343236508967 0.9238795325112867 0
    outer loop
      vertex 0 -5.226251859505506 -0.4330127018922193
      vertex -3.6955181300451474 -3.6955181300451474 -0.4330127018922193
      vertex -3.6955181300451474 -3.6955181300451474 7
    endloop
  endfacet
  facet normal 0.38268343236508967 0.9238795325112867 0
    outer loop
      vertex 0 -5.226251859505506 -0.4330127018922193
      vertex -3.6955181300451474 -3.6955181300451474 7
      vertex 0 -5.226251859505506 7
    endloop
  endfacet
  facet normal 0.7339635123329723 0.30401764109530954 -0.60734737709707
    outer loop
      vertex -3.6955181300451474 -3.6955181300451474 7
      vertex -5.226251859505506 0 7
      vertex -0.2613125929752753 0 13
    endloop
  endfacet
  facet normal 0.30401764109530954 0.7339635123329723 -0.60734737709707
    outer loop
      vertex 0 -5.226251859505506 7
      vertex -3.6955181300451474 -3.6955181300451474 7
      vertex 0 -0.2613125929752753 13
    endloop
  endfacet
  facet normal 0.7339635123329717 0.3040176410953096 -0.6073473770970705
    outer loop
      vertex -3.6955181300451474 -3.6955181300451474 7
      vertex -0.2613125929752753 0 13
      vertex -0.18477590650225736 -0.18477590650225736 13
    endloop
  endfacet
  facet normal 0.3040176410953096 0.7339635123329717 -0.6073473770970705
    outer loop
      vertex -3.6955181300451474 -3.6955181300451474 7
      vertex -0.18477590650225736 -0.18477590650225736 13
      vertex 0 -0.2613125929752753 13
    endloop
  endfacet
  facet normal 0.9238795325112867 -0.38268343236508967 0
    outer loop
      vertex -5.226251859505506 0 -0.4330127018922193
      vertex -3.6955181300451474 3.6955181300451474 7
      vertex -5.226251859505506 0 7
    endloop
  endfacet
  facet normal 0.9238795325112867 -0.38268343236508967 0
    outer loop
      vertex -5.226251859505506 0 -0.4330127018922193
      vertex -3.6955181300451474 3.6955181300451474 -0.4330127018922193
      vertex -3.6955181300451474 3.6955181300451474 7
    endloop
  endfacet
  facet normal 0.7339635123329723 -0.30401764109530954 -0.60734737709707
    outer loop
      vertex -5.226251859505506 0 7
      vertex -3.6955181300451474 3.6955181300451474 7
      vertex -0.2613125929752753 0 13
    endloop
  endfacet
  facet normal 0.30401764109530954 -0.7339635123329723 -0.60734737709707
    outer loop
      vertex 0 0.2613125929752753 13
      vertex -3.6955181300451474 3.6955181300451474 7
      vertex 0 5.226251859505506 7
    endloop
  endfacet
  facet normal 0.7339635123329723 -0.30401764109530954 -0.60734737709707
    outer loop
      vertex -0.2613125929752753 0 13
      vertex -3.6955181300451474 3.6955181300451474 7
      vertex -0.18477590650225736 0.18477590650225736 13
    endloop
  endfacet
  facet normal 0.3040176410953095 -0.7339635123329722 -0.60734737709707
    outer loop
      vertex -0.18477590650225736 0.18477590650225736 13
      vertex -3.6955181300451474 3.6955181300451474 7
      vertex 0 0.2613125929752753 13
    endloop
  endfacet
  facet normal 0 0 -1
    outer loop
      vertex -0.18477590650225736 -0.18477590650225736 13
      vertex -0.18477590650225736 0.18477590650225736 13
      vertex 0 -0.2613125929752753 13
    endloop
  endfacet
  facet normal 0 0 -1
    outer loop
      vertex -0.18477590650225736 -0.18477590650225736 13
      vertex -0.2613125929752753 0 13
      vertex -0.18477590650225736 0.18477590650225736 13
    endloop
  endfacet
  facet normal 0 0 -1
    outer loop
      vertex -0.18477590650225736 0.18477590650225736 13
      vertex 0.18477590650225736 -0.18477590650225736 13
      vertex 0 -0.2613125929752753 13
    endloop
  endfacet
  facet normal 0 0 -1
    outer loop
      vertex -0.18477590650225736 0.18477590650225736 13
      vertex 0.2613125929752753 0 13
      vertex 0.18477590650225736 -0.18477590650225736 13
    endloop
  endfacet
  facet normal 0 0 -1
    outer loop
      vertex -0.18477590650225736 0.18477590650225736 13
      vertex 0.18477590650225736 0.18477590650225736 13
      vertex 0.2613125929752753 0 13
    endloop
  endfacet
  facet normal 0 0 -1
    outer loop
      vertex -0.18477590650225736 0.18477590650225736 13
      vertex 0 0.2613125929752753 13
      vertex 0.18477590650225736 0.18477590650225736 13
    endloop
  endfacet
  facet normal 0.38268343236508967 -0.9238795325112867 0
    outer loop
      vertex -3.6955181300451474 3.6955181300451474 -0.4330127018922193
      vertex 0 5.226251859505506 7
      vertex -3.6955181300451474 3.6955181300451474 7
    endloop
  endfacet
  facet normal 0.38268343236508967 -0.9238795325112867 0
    outer loop
      vertex -3.6955181300451474 3.6955181300451474 -0.4330127018922193
      vertex 0 5.226251859505506 -0.4330127018922193
      vertex 0 5.226251859505506 7
    endloop
  endfacet
  facet normal -0.38268343236508967 0.9238795325112867 0
    outer loop
      vertex 0 -5.226251859505506 -0.4330127018922193
      vertex 0 -5.226251859505506 7
      vertex 3.6955181300451474 -3.6955181300451474 -0.4330127018922193
    endloop
  endfacet
  facet normal -0.38268343236508967 0.9238795325112867 0
    outer loop
      vertex 0 -5.226251859505506 7
      vertex 3.6955181300451474 -3.6955181300451474 7
      vertex 3.6955181300451474 -3.6955181300451474 -0.4330127018922193
    endloop
  endfacet
  facet normal -0.30401764109530954 0.7339635123329723 -0.60734737709707
    outer loop
      vertex 0 -5.226251859505506 7
      vertex 0 -0.2613125929752753 13
      vertex 3.6955181300451474 -3.6955181300451474 7
    endloop
  endfacet
  facet normal -0.7339635123329723 0.30401764109530954 -0.60734737709707
    outer loop
      vertex 3.6955181300451474 -3.6955181300451474 7
      vertex 0.2613125929752753 0 13
      vertex 5.226251859505506 0 7
    endloop
  endfacet
  facet normal -0.30401764109530954 0.7339635123329723 -0.60734737709707
    outer loop
      vertex 0 -0.2613125929752753 13
      vertex 0.18477590650225736 -0.18477590650225736 13
      vertex 3.6955181300451474 -3.6955181300451474 7
    endloop
  endfacet
  facet normal -0.7339635123329722 0.3040176410953095 -0.60734737709707
    outer loop
      vertex 0.18477590650225736 -0.18477590650225736 13
      vertex 0.2613125929752753 0 13
      vertex 3.6955181300451474 -3.6955181300451474 7
    endloop
  endfacet
  facet normal -0.9238795325112867 0.38268343236508967 0
    outer loop
      vertex 3.6955181300451474 -3.6955181300451474 -0.4330127018922193
      vertex 3.6955181300451474 -3.6955181300451474 7
      vertex 5.226251859505506 0 -0.4330127018922193
    endloop
  endfacet
  facet normal -0.9238795325112867 0.38268343236508967 0
    outer loop
      vertex 3.6955181300451474 -3.6955181300451474 7
      vertex 5.226251859505506 0 7
      vertex 5.226251859505506 0 -0.4330127018922193
    endloop
  endfacet
  facet normal -0.30401764109530954 -0.7339635123329723 -0.60734737709707
    outer loop
      vertex 0 0.2613125929752753 13
      vertex 0 5.226251859505506 7
      vertex 3.6955181300451474 3.6955181300451474 7
    endloop
  endfacet
  facet normal -0.7339635123329723 -0.30401764109530954 -0.60734737709707
    outer loop
      vertex 0.2613125929752753 0 13
      vertex 3.6955181300451474 3.6955181300451474 7
      vertex 5.226251859505506 0 7
    endloop
  endfacet
  facet normal -0.3040176410953095 -0.7339635123329722 -0.60734737709707
    outer loop
      vertex 0.18477590650225736 0.18477590650225736 13
      vertex 0 0.2613125929752753 13
      vertex 3.6955181300451474 3.6955181300451474 7
    endloop
  endfacet
  facet normal -0.7339635123329722 -0.3040176410953095 -0.60734737709707
    outer loop
      vertex 0.18477590650225736 0.18477590650225736 13
      vertex 3.6955181300451474 3.6955181300451474 7
      vertex 0.2613125929752753 0 13
    endloop
  endfacet
  facet normal -0.38268343236508967 -0.9238795325112867 0
    outer loop
      vertex 0 5.226251859505506 -0.4330127018922193
      vertex 3.6955181300451474 3.6955181300451474 7
      vertex 0 5.226251859505506 7
    endloop
  endfacet
  facet normal -0.38268343236508967 -0.9238795325112867 0
    outer loop
      vertex 0 5.226251859505506 -0.4330127018922193
      vertex 3.6955181300451474 3.6955181300451474 -0.4330127018922193
      vertex 3.6955181300451474 3.6955181300451474 7
    endloop
  endfacet
  facet normal -0.9238795325112867 -0.38268343236508967 0
    outer loop
      vertex 3.6955181300451474 3.6955181300451474 -0.4330127018922193
      vertex 5.226251859505506 0 -0.4330127018922193
      vertex 5.226251859505506 0 7
    endloop
  endfacet
  facet normal -0.9238795325112867 -0.38268343236508967 0
    outer loop
      vertex 3.6955181300451474 3.6955181300451474 -0.4330127018922193
      vertex 5.226251859505506 0 7
      vertex 3.6955181300451474 3.6955181300451474 7
    endloop
  endfacet
  facet normal -0.9238795325112867 -0.38268343236508967 0
    outer loop
      vertex -3.6955181300451474 -3.6955181300451474 163
      vertex -5.226251859505506 0 156.4330127018922
      vertex -3.6955181300451474 -3.6955181300451474 156.4330127018922
    endloop
  endfacet
  facet normal -0.9238795325112867 -0.38268343236508967 0
    outer loop
      vertex -3.6955181300451474 -3.6955181300451474 163
      vertex -5.226251859505506 0 163
      vertex -5.226251859505506 0 156.4330127018922
    endloop
  endfacet
  facet normal -0.38268343236508967 -0.9238795325112867 0
    outer loop
      vertex -3.6955181300451474 -3.6955181300451474 163
      vertex -3.6955181300451474 -3.6955181300451474 156.4330127018922
      vertex 0 -5.226251859505506 163
    endloop
  endfacet
  facet normal -0.38268343236508967 -0.9238795325112867 0
    outer loop
      vertex 0 -5.226251859505506 163
      vertex -3.6955181300451474 -3.6955181300451474 156.4330127018922
      vertex 0 -5.226251859505506 156.4330127018922
    endloop
  endfacet
  facet normal -0.7339635123329723 -0.30401764109530954 0.60734737709707
    outer loop
      vertex -3.6955181300451474 -3.6955181300451474 163
      vertex -0.2613125929752753 0 169
      vertex -5.226251859505506 0 163
    endloop
  endfacet
  facet normal -0.30401764109530954 -0.7339635123329723 0.60734737709707
    outer loop
      vertex -3.6955181300451474 -3.6955181300451474 163
      vertex 0 -5.226251859505506 163
      vertex 0 -0.2613125929752753 169
    endloop
  endfacet
  facet normal -0.7339635123329717 -0.3040176410953096 0.6073473770970705
    outer loop
      vertex -3.6955181300451474 -3.6955181300451474 163
      vertex -0.18477590650225736 -0.18477590650225736 169
      vertex -0.2613125929752753 0 169
    endloop
  endfacet
  facet normal -0.3040176410953096 -0.7339635123329717 0.6073473770970705
    outer loop
      vertex -3.6955181300451474 -3.6955181300451474 163
      vertex 0 -0.2613125929752753 169
      vertex -0.18477590650225736 -0.18477590650225736 169
    endloop
  endfacet
  facet normal -0.9238795325112867 0.38268343236508967 0
    outer loop
      vertex -5.226251859505506 0 163
      vertex -3.6955181300451474 3.6955181300451474 156.4330127018922
      vertex -5.226251859505506 0 156.4330127018922
    endloop
  endfacet
  facet normal -0.9238795325112867 0.38268343236508967 0
    outer loop
      vertex -5.226251859505506 0 163
      vertex -3.6955181300451474 3.6955181300451474 163
      vertex -3.6955181300451474 3.6955181300451474 156.4330127018922
    endloop
  endfacet
  facet normal -0.7339635123329723 0.30401764109530954 0.60734737709707
    outer loop
      vertex -5.226251859505506 0 163
      vertex -0.2613125929752753 0 169
      vertex -3.6955181300451474 3.6955181300451474 163
    endloop
  endfacet
  facet normal -0.7339635123329717 0.3040176410953096 0.6073473770970705
    outer loop
      vertex -3.6955181300451474 3.6955181300451474 163
      vertex -0.2613125929752753 0 169
      vertex -0.18477590650225736 0.18477590650225736 169
    endloop
  endfacet
  facet normal -0.3040176410953096 0.7339635123329717 0.6073473770970705
    outer loop
      vertex -3.6955181300451474 3.6955181300451474 163
      vertex -0.18477590650225736 0.18477590650225736 169
      vertex 0 0.2613125929752753 169
    endloop
  endfacet
  facet normal 0 0 1
    outer loop
      vertex -0.18477590650225736 -0.18477590650225736 169
      vertex 0 -0.2613125929752753 169
      vertex -0.18477590650225736 0.18477590650225736 169
    endloop
  endfacet
  facet normal 0 0 1
    outer loop
      vertex -0.18477590650225736 -0.18477590650225736 169
      vertex -0.18477590650225736 0.18477590650225736 169
      vertex -0.2613125929752753 0 169
    endloop
  endfacet
  facet normal 0 0 1
    outer loop
      vertex -0.18477590650225736 0.18477590650225736 169
      vertex 0 -0.2613125929752753 169
      vertex 0.18477590650225736 -0.18477590650225736 169
    endloop
  endfacet
  facet normal 0 0 1
    outer loop
      vertex -0.18477590650225736 0.18477590650225736 169
      vertex 0.18477590650225736 -0.18477590650225736 169
      vertex 0.2613125929752753 0 169
    endloop
  endfacet
  facet normal 0 0 1
    outer loop
      vertex -0.18477590650225736 0.18477590650225736 169
      vertex 0.2613125929752753 0 169
      vertex 0.18477590650225736 0.18477590650225736 169
    endloop
  endfacet
  facet normal 0 0 1
    outer loop
      vertex -0.18477590650225736 0.18477590650225736 169
      vertex 0.18477590650225736 0.18477590650225736 169
      vertex 0 0.2613125929752753 169
    endloop
  endfacet
  facet normal -0.30401764109530954 0.7339635123329723 0.60734737709707
    outer loop
      vertex -3.6955181300451474 3.6955181300451474 163
      vertex 0 0.2613125929752753 169
      vertex 0 5.226251859505506 163
    endloop
  endfacet
  facet normal -0.38268343236508967 0.9238795325112867 0
    outer loop
      vertex -3.6955181300451474 3.6955181300451474 163
      vertex 0 5.226251859505506 156.4330127018922
      vertex -3.6955181300451474 3.6955181300451474 156.4330127018922
    endloop
  endfacet
  facet normal -0.38268343236508967 0.9238795325112867 0
    outer loop
      vertex -3.6955181300451474 3.6955181300451474 163
      vertex 0 5.226251859505506 163
      vertex 0 5.226251859505506 156.4330127018922
    endloop
  endfacet
  facet normal 0.38268343236508967 -0.9238795325112867 0
    outer loop
      vertex 0 -5.226251859505506 163
      vertex 0 -5.226251859505506 156.4330127018922
      vertex 3.6955181300451474 -3.6955181300451474 163
    endloop
  endfacet
  facet normal 0.38268343236508967 -0.9238795325112867 0
    outer loop
      vertex 3.6955181300451474 -3.6955181300451474 163
      vertex 0 -5.226251859505506 156.4330127018922
      vertex 3.6955181300451474 -3.6955181300451474 156.4330127018922
    endloop
  endfacet
  facet normal 0.30401764109530954 -0.7339635123329723 0.60734737709707
    outer loop
      vertex 0 -5.226251859505506 163
      vertex 3.6955181300451474 -3.6955181300451474 163
      vertex 0 -0.2613125929752753 169
    endloop
  endfacet
  facet normal 0.30401764109530954 -0.7339635123329723 0.60734737709707
    outer loop
      vertex 0 -0.2613125929752753 169
      vertex 3.6955181300451474 -3.6955181300451474 163
      vertex 0.18477590650225736 -0.18477590650225736 169
    endloop
  endfacet
  facet normal 0.7339635123329722 -0.3040176410953095 0.60734737709707
    outer loop
      vertex 0.18477590650225736 -0.18477590650225736 169
      vertex 3.6955181300451474 -3.6955181300451474 163
      vertex 0.2613125929752753 0 169
    endloop
  endfacet
  facet normal 0.7339635123329723 -0.30401764109530954 0.60734737709707
    outer loop
      vertex 3.6955181300451474 -3.6955181300451474 163
      vertex 5.226251859505506 0 163
      vertex 0.2613125929752753 0 169
    endloop
  endfacet
  facet normal 0.9238795325112867 -0.38268343236508967 0
    outer loop
      vertex 3.6955181300451474 -3.6955181300451474 163
      vertex 3.6955181300451474 -3.6955181300451474 156.4330127018922
      vertex 5.226251859505506 0 163
    endloop
  endfacet
  facet normal 0.9238795325112867 -0.38268343236508967 0
    outer loop
      vertex 5.226251859505506 0 163
      vertex 3.6955181300451474 -3.6955181300451474 156.4330127018922
      vertex 5.226251859505506 0 156.4330127018922
    endloop
  endfacet
  facet normal 0.30401764109530954 0.7339635123329723 0.60734737709707
    outer loop
      vertex 0 0.2613125929752753 169
      vertex 0.18477590650225736 0.18477590650225736 169
      vertex 3.6955181300451474 3.6955181300451474 163
    endloop
  endfacet
  facet normal 0.7339635123329723 0.30401764109530954 0.60734737709707
    outer loop
      vertex 0.2613125929752753 0 169
      vertex 3.6955181300451474 3.6955181300451474 163
      vertex 0.18477590650225736 0.18477590650225736 169
    endloop
  endfacet
  facet normal 0.30401764109530954 0.7339635123329723 0.60734737709707
    outer loop
      vertex 0 0.2613125929752753 169
      vertex 3.6955181300451474 3.6955181300451474 163
      vertex 0 5.226251859505506 163
    endloop
  endfacet
  facet normal 0.7339635123329723 0.30401764109530954 0.60734737709707
    outer loop
      vertex 0.2613125929752753 0 169
      vertex 5.226251859505506 0 163
      vertex 3.6955181300451474 3.6955181300451474 163
    endloop
  endfacet
  facet normal 0.38268343236508967 0.9238795325112867 0
    outer loop
      vertex 0 5.226251859505506 163
      vertex 3.6955181300451474 3.6955181300451474 156.4330127018922
      vertex 0 5.226251859505506 156.4330127018922
    endloop
  endfacet
  facet normal 0.38268343236508967 0.9238795325112867 0
    outer loop
      vertex 0 5.226251859505506 163
      vertex 3.6955181300451474 3.6955181300451474 163
      vertex 3.6955181300451474 3.6955181300451474 156.4330127018922
    endloop
  endfacet
  facet normal 0.9238795325112867 0.38268343236508967 0
    outer loop
      vertex 5.226251859505506 0 163
      vertex 5.226251859505506 0 156.4330127018922
      vertex 3.6955181300451474 3.6955181300451474 163
    endloop
  endfacet
  facet normal 0.9238795325112867 0.38268343236508967 0
    outer loop
      vertex 3.6955181300451474 3.6955181300451474 163
      vertex 5.226251859505506 0 156.4330127018922
      vertex 3.6955181300451474 3.6955181300451474 156.4330127018922
    endloop
  endfacet
endsolid OpenSCAD_Model
