solid OpenSCAD_Model
  facet normal -0.27998096330565564 -0.8616928014882811 -0.4231975614883845
    outer loop
      vertex -30.61679406206527 -30.50617819102403 12
      vertex -30.41453981347153 -30.359231877950915 11.566987298107781
      vertex -30.05777706769032 -30.687813823025373 12
    endloop
  endfacet
  facet normal -0.27998096330565564 -0.8616928014882811 0.4231975614883845
    outer loop
      vertex -30.61679406206527 -30.50617819102403 12
      vertex -30.05777706769032 -30.687813823025373 12
      vertex -30.41453981347153 -30.359231877950915 12.433012701892219
    endloop
  endfacet
  facet normal -0.2799809633056537 -0.8616928014882809 -0.42319756148838605
    outer loop
      vertex -30.05777706769032 -30.687813823025373 12
      vertex -30.41453981347153 -30.359231877950915 11.566987298107781
      vertex -30.13503131628406 -30.450049693951584 11.566987298107781
    endloop
  endfacet
  facet normal -0.2799809633056537 -0.8616928014882809 0.42319756148838605
    outer loop
      vertex -30.05777706769032 -30.687813823025373 12
      vertex -30.13503131628406 -30.450049693951584 12.433012701892219
      vertex -30.41453981347153 -30.359231877950915 12.433012701892219
    endloop
  endfacet
  facet normal -0.906037429662969 0 -0.4231975614883914
    outer loop
      vertex -30.61679406206527 -30.50617819102403 12
      vertex -30.61679406206527 -29.91839293873156 12
      vertex -30.41453981347153 -30.359231877950915 11.566987298107781
    endloop
  endfacet
  facet normal -0.9060374296629689 0 0.42319756148839127
    outer loop
      vertex -30.61679406206527 -30.50617819102403 12
      vertex -30.41453981347153 -30.359231877950915 12.433012701892219
      vertex -30.41453981347153 -30.065339251804676 12.433012701892219
    endloop
  endfacet
  facet normal -0.9060374296629689 0 -0.42319756148839127
    outer loop
      vertex -30.61679406206527 -29.91839293873156 12
      vertex -30.41453981347153 -30.065339251804676 11.566987298107781
      vertex -30.41453981347153 -30.359231877950915 11.566987298107781
    endloop
  endfacet
  facet normal -0.906037429662969 0 0.4231975614883914
    outer loop
      vertex -30.61679406206527 -30.50617819102403 12
      vertex -30.41453981347153 -30.065339251804676 12.433012701892219
      vertex -30.61679406206527 -29.91839293873156 12
    endloop
  endfacet
  facet normal -0.9043608650736303 0.012307424803424095 -0.42659108408168006
    outer loop
      vertex -30.61679406206527 -29.91839293873156 12
      vertex -30.362989586182223 -26.277381259720862 11.566987298107781
      vertex -30.41453981347153 -30.065339251804676 11.566987298107781
    endloop
  endfacet
  facet normal -0.9043608650736303 0.012307424803424095 0.42659108408168006
    outer loop
      vertex -30.61679406206527 -29.91839293873156 12
      vertex -30.41453981347153 -30.065339251804676 12.433012701892219
      vertex -30.565243834775963 -26.130434946647746 12
    endloop
  endfacet
  facet normal -0.15713769702226515 -0.4836201031950595 -0.861057106096999
    outer loop
      vertex -30.41453981347153 -30.359231877950915 11.566987298107781
      vertex -27.81813855751284 -27.762830621992222 9.634868806233705
      vertex -30.13503131628406 -30.450049693951584 11.566987298107781
    endloop
  endfacet
  facet normal -0.5969934500894379 0 -0.8022461097134157
    outer loop
      vertex -30.41453981347153 -30.359231877950915 11.566987298107781
      vertex -30.41453981347153 -30.065339251804676 11.566987298107781
      vertex -27.81813855751284 -27.762830621992222 9.634868806233705
    endloop
  endfacet
  facet normal -0.6022353051190094 0.008195805477624149 -0.7982765598718197
    outer loop
      vertex -30.41453981347153 -30.065339251804676 11.566987298107781
      vertex -30.362989586182223 -26.277381259720862 11.566987298107781
      vertex -27.81813855751284 -27.468937995845984 9.634868806233705
    endloop
  endfacet
  facet normal -0.5969934500894378 0 -0.8022461097134156
    outer loop
      vertex -30.41453981347153 -30.065339251804676 11.566987298107781
      vertex -27.81813855751284 -27.468937995845984 9.634868806233705
      vertex -27.81813855751284 -27.762830621992222 9.634868806233705
    endloop
  endfacet
  facet normal -0.15713769702226574 -0.4836201031950591 -0.8610571060969994
    outer loop
      vertex -30.13503131628406 -30.450049693951584 11.566987298107781
      vertex -27.81813855751284 -27.762830621992222 9.634868806233705
      vertex -27.538630060325367 -27.85364843799289 9.634868806233705
    endloop
  endfacet
  facet normal -0.1658143489679705 -0.5103240920461566 0.843845319210573
    outer loop
      vertex -30.41453981347153 -30.359231877950915 12.433012701892219
      vertex -30.13503131628406 -30.450049693951584 12.433012701892219
      vertex -23.32405683585315 -23.268748900332533 18.11432419036392
    endloop
  endfacet
  facet normal -0.6252938338145992 0 0.7803894036911576
    outer loop
      vertex -30.41453981347153 -30.359231877950915 12.433012701892219
      vertex -23.32405683585315 -23.268748900332533 18.11432419036392
      vertex -30.41453981347153 -30.065339251804676 12.433012701892219
    endloop
  endfacet
  facet normal -0.9043608650736303 0.012307424803424095 -0.42659108408168006
    outer loop
      vertex -30.61679406206527 -29.91839293873156 12
      vertex -30.565243834775963 -26.130434946647746 12
      vertex -30.362989586182223 -26.277381259720862 11.566987298107781
    endloop
  endfacet
  facet normal -0.9043608650736303 0.012307424803424095 0.42659108408168006
    outer loop
      vertex -30.41453981347153 -30.065339251804676 12.433012701892219
      vertex -30.362989586182223 -26.277381259720862 12.433012701892219
      vertex -30.565243834775963 -26.130434946647746 12
    endloop
  endfacet
  facet normal -0.6162908384968084 0.008387086886185757 0.7874739736387892
    outer loop
      vertex -30.41453981347153 -30.065339251804676 12.433012701892219
      vertex -29.758402046599386 -25.987482474205702 12.903085831676327
      vertex -30.362989586182223 -26.277381259720862 12.433012701892219
    endloop
  endfacet
  facet normal -0.6328835468735223 0.012593437469306723 0.7741445739844054
    outer loop
      vertex -30.41453981347153 -30.065339251804676 12.433012701892219
      vertex -23.324174761070967 -22.974974199404112 18.11422970175195
      vertex -29.758402046599386 -25.987482474205702 12.903085831676327
    endloop
  endfacet
  facet normal 0.033478477079819755 -0.617990026426532 -0.7854727995352547
    outer loop
      vertex -30.13503131628406 -30.450049693951584 11.566987298107781
      vertex -27.538630060325367 -27.85364843799289 9.634868806233705
      vertex -16.62178167633928 -27.660440741353522 9.948156585264082
    endloop
  endfacet
  facet normal -0.15713769702226535 -0.4836201031950601 -0.8610571060969986
    outer loop
      vertex -27.81813855751284 -27.762830621992222 9.634868806233705
      vertex -22.655652787694795 -22.600344852174178 5.7931921019835935
      vertex -27.538630060325367 -27.85364843799289 9.634868806233705
    endloop
  endfacet
  facet normal -0.5969934500894386 0 -0.8022461097134151
    outer loop
      vertex -27.81813855751284 -27.762830621992222 9.634868806233705
      vertex -27.81813855751284 -27.468937995845984 9.634868806233705
      vertex -22.655652787694795 -22.600344852174178 5.7931921019835935
    endloop
  endfacet
  facet normal -0.6022353051190096 0.008195805477623542 -0.7982765598718193
    outer loop
      vertex -30.362989586182223 -26.277381259720862 11.566987298107781
      vertex -22.644796831988575 -19.91872716291235 5.8095166328659005
      vertex -27.81813855751284 -27.468937995845984 9.634868806233705
    endloop
  endfacet
  facet normal -0.2799809633056557 -0.8616928014882813 -0.42319756148838406
    outer loop
      vertex -25.404508497187475 -25.293892626146235 0
      vertex -25.202254248593736 -25.14694631307312 -0.4330127018922193
      vertex -24.845491502812525 -25.475528258147577 0
    endloop
  endfacet
  facet normal -0.2799809633056557 -0.8616928014882813 0.42319756148838406
    outer loop
      vertex -25.404508497187475 -25.293892626146235 0
      vertex -24.845491502812525 -25.475528258147577 0
      vertex -25.202254248593736 -25.14694631307312 0.4330127018922193
    endloop
  endfacet
  facet normal -0.9060374296629692 0 -0.4231975614883909
    outer loop
      vertex -25.404508497187475 -25.293892626146235 0
      vertex -25.202254248593736 -24.85305368692688 -0.4330127018922193
      vertex -25.202254248593736 -25.14694631307312 -0.4330127018922193
    endloop
  endfacet
  facet normal -0.9060374296629691 0 0.4231975614883909
    outer loop
      vertex -25.404508497187475 -25.293892626146235 0
      vertex -25.202254248593736 -25.14694631307312 0.4330127018922193
      vertex -25.404508497187475 -24.706107373853765 0
    endloop
  endfacet
  facet normal -0.9060374296629691 0 -0.4231975614883909
    outer loop
      vertex -25.404508497187475 -25.293892626146235 0
      vertex -25.404508497187475 -24.706107373853765 0
      vertex -25.202254248593736 -24.85305368692688 -0.4330127018922193
    endloop
  endfacet
  facet normal -0.9060374296629694 -8.913622160965582e-16 0.42319756148839005
    outer loop
      vertex -25.202254248593736 -25.14694631307312 0.4330127018922193
      vertex -25.20343612235941 -24.852195005373385 0.4304823898907254
      vertex -25.404508497187475 -24.706107373853765 0
    endloop
  endfacet
  facet normal -0.9060374296629297 0 0.42319756148847537
    outer loop
      vertex -25.202254248593736 -25.14694631307312 0.4330127018922193
      vertex -25.202254248593736 -24.85305368692688 0.4330127018922193
      vertex -25.20343612235941 -24.852195005373385 0.4304823898907254
    endloop
  endfacet
  facet normal -0.2799809633056537 -0.8616928014882811 -0.42319756148838555
    outer loop
      vertex -25.202254248593736 -25.14694631307312 -0.4330127018922193
      vertex -24.922745751406264 -25.23776412907379 -0.4330127018922193
      vertex -24.845491502812525 -25.475528258147577 0
    endloop
  endfacet
  facet normal -0.2799809633056537 -0.8616928014882811 0.42319756148838555
    outer loop
      vertex -25.202254248593736 -25.14694631307312 0.4330127018922193
      vertex -24.845491502812525 -25.475528258147577 0
      vertex -24.922745751406264 -25.23776412907379 0.4330127018922193
    endloop
  endfacet
  facet normal -0.09959489673762326 -0.8795830094261047 0.4652038113265404
    outer loop
      vertex -24.922745751406264 -25.23776412907379 0.4330127018922193
      vertex -24.845491502812525 -25.475528258147577 0
      vertex -22.376144290507323 -22.691162668174847 5.7931921019835935
    endloop
  endfacet
  facet normal -0.2651369353286404 -0.8160075809580584 0.5136477716719057
    outer loop
      vertex -25.202254248593736 -25.14694631307312 0.4330127018922193
      vertex -24.922745751406264 -25.23776412907379 0.4330127018922193
      vertex -22.655652787694795 -22.600344852174178 5.7931921019835935
    endloop
  endfacet
  facet normal -0.9032437869483138 0 0.4291277913853511
    outer loop
      vertex -25.202254248593736 -25.14694631307312 0.4330127018922193
      vertex -22.655652787694795 -22.600344852174178 5.7931921019835935
      vertex -25.202254248593736 -24.85305368692688 0.4330127018922193
    endloop
  endfacet
  facet normal -0.15713769702226568 -0.48362010319505955 -0.861057106096999
    outer loop
      vertex -27.538630060325367 -27.85364843799289 9.634868806233705
      vertex -22.655652787694795 -22.600344852174178 5.7931921019835935
      vertex -22.376144290507323 -22.691162668174847 5.7931921019835935
    endloop
  endfacet
  facet normal -0.5969934500894389 0 -0.802246109713415
    outer loop
      vertex -27.81813855751284 -27.468937995845984 9.634868806233705
      vertex -22.655652787694795 -22.30645222602794 5.7931921019835935
      vertex -22.655652787694795 -22.600344852174178 5.7931921019835935
    endloop
  endfacet
  facet normal 0.033478477079816375 -0.6179900264265297 -0.7854727995352564
    outer loop
      vertex -27.538630060325367 -27.85364843799289 9.634868806233705
      vertex -22.376144290507323 -22.691162668174847 5.7931921019835935
      vertex -22.080085323893172 -22.710122079228224 5.820727530681787
    endloop
  endfacet
  facet normal -0.6252938338145962 -2.6609963709222757e-15 0.7803894036911598
    outer loop
      vertex -30.41453981347153 -30.065339251804676 12.433012701892219
      vertex -23.32405683585315 -23.268748900332533 18.11432419036392
      vertex -23.324174761070967 -22.974974199404112 18.11422970175195
    endloop
  endfacet
  facet normal -0.16581434896797081 -0.5103240920461544 0.8438453192105744
    outer loop
      vertex -30.13503131628406 -30.450049693951584 12.433012701892219
      vertex -23.044548338665678 -23.3595667163332 18.11432419036392
      vertex -23.32405683585315 -23.268748900332533 18.11432419036392
    endloop
  endfacet
  facet normal 0.04353001235113137 -0.6508500027089367 0.7579573945799906
    outer loop
      vertex -30.13503131628406 -30.450049693951584 12.433012701892219
      vertex -19.191825599866885 -23.325744672640337 17.922102315865278
      vertex -23.044548338665678 -23.3595667163332 18.11432419036392
    endloop
  endfacet
  facet normal -0.6328835468735202 0.01259343746930045 0.7741445739844074
    outer loop
      vertex -29.758402046599386 -25.987482474205702 12.903085831676327
      vertex -23.324174761070967 -22.974974199404112 18.11422970175195
      vertex -23.32277101206505 -22.775016408688764 18.112124479628257
    endloop
  endfacet
  facet normal -0.22790727328966198 -0.701426463006094 -0.6753215469511039
    outer loop
      vertex -27.006850298779735 -27.32186867644726 23.56698729810778
      vertex -23.32405683585315 -23.268748900332533 18.11432419036392
      vertex -23.044548338665678 -23.3595667163332 18.11432419036392
    endloop
  endfacet
  facet normal -0.9060374296629683 0 -0.4231975614883927
    outer loop
      vertex -28.65495967890759 -28.54434380786635 36
      vertex -28.65495967890759 -27.95655855557388 36
      vertex -28.452705430313852 -28.103504868646997 35.56698729810778
    endloop
  endfacet
  facet normal -0.9060374296629683 0 0.4231975614883927
    outer loop
      vertex -28.65495967890759 -28.54434380786635 36
      vertex -28.452705430313852 -28.103504868646997 36.43301270189222
      vertex -28.65495967890759 -27.95655855557388 36
    endloop
  endfacet
  facet normal -0.2799809633056554 -0.8616928014882804 -0.42319756148838594
    outer loop
      vertex -28.65495967890759 -28.54434380786635 36
      vertex -28.452705430313852 -28.397397494793235 35.56698729810778
      vertex -28.09594268453264 -28.725979439867693 36
    endloop
  endfacet
  facet normal -0.2799809633056554 -0.8616928014882804 0.42319756148838594
    outer loop
      vertex -28.65495967890759 -28.54434380786635 36
      vertex -28.09594268453264 -28.725979439867693 36
      vertex -28.452705430313852 -28.397397494793235 36.43301270189222
    endloop
  endfacet
  facet normal -0.2799809633056535 -0.8616928014882803 -0.42319756148838744
    outer loop
      vertex -28.17319693312638 -28.488215310793905 35.56698729810778
      vertex -28.09594268453264 -28.725979439867693 36
      vertex -28.452705430313852 -28.397397494793235 35.56698729810778
    endloop
  endfacet
  facet normal -0.2799809633056535 -0.8616928014882802 0.4231975614883875
    outer loop
      vertex -28.09594268453264 -28.725979439867693 36
      vertex -28.17319693312638 -28.488215310793905 36.43301270189222
      vertex -28.452705430313852 -28.397397494793235 36.43301270189222
    endloop
  endfacet
  facet normal -0.9060374296629682 0 -0.4231975614883927
    outer loop
      vertex -28.65495967890759 -28.54434380786635 36
      vertex -28.452705430313852 -28.103504868646997 35.56698729810778
      vertex -28.452705430313852 -28.397397494793235 35.56698729810778
    endloop
  endfacet
  facet normal -0.9060374296629682 0 0.4231975614883927
    outer loop
      vertex -28.65495967890759 -28.54434380786635 36
      vertex -28.452705430313852 -28.397397494793235 36.43301270189222
      vertex -28.452705430313852 -28.103504868646997 36.43301270189222
    endloop
  endfacet
  facet normal -0.17184075789388972 -0.5288714715857441 -0.8311231680498281
    outer loop
      vertex -28.17319693312638 -28.488215310793905 35.56698729810778
      vertex -28.452705430313852 -28.397397494793235 35.56698729810778
      vertex -26.90460231218085 -27.219620689848373 34.49744694678488
    endloop
  endfacet
  facet normal -0.6445764569155078 0 -0.764539855854651
    outer loop
      vertex -28.452705430313852 -28.397397494793235 35.56698729810778
      vertex -28.452705430313852 -28.103504868646997 35.56698729810778
      vertex -27.18411080936832 -27.128802873847704 34.49744694678488
    endloop
  endfacet
  facet normal -0.9010175145228736 0.03413677767788453 -0.43243741620354026
    outer loop
      vertex -28.65495967890759 -27.95655855557388 36
      vertex -28.576826780531892 -25.894292733028223 36
      vertex -28.452705430313852 -28.103504868646997 35.56698729810778
    endloop
  endfacet
  facet normal -0.9010175145228736 0.03413677767788453 0.43243741620354026
    outer loop
      vertex -28.65495967890759 -27.95655855557388 36
      vertex -28.452705430313852 -28.103504868646997 36.43301270189222
      vertex -28.576826780531892 -25.894292733028223 36
    endloop
  endfacet
  facet normal -0.9010175145228736 0.03413677767788453 -0.43243741620354026
    outer loop
      vertex -28.452705430313852 -28.103504868646997 35.56698729810778
      vertex -28.576826780531892 -25.894292733028223 36
      vertex -28.374572531938153 -26.04123904610134 35.56698729810778
    endloop
  endfacet
  facet normal -0.9010175145228736 0.03413677767788453 0.43243741620354026
    outer loop
      vertex -28.452705430313852 -28.103504868646997 36.43301270189222
      vertex -28.374572531938153 -26.04123904610134 36.43301270189222
      vertex -28.576826780531892 -25.894292733028223 36
    endloop
  endfacet
  facet normal -0.7871963347211544 0.02982444384718942 0.6159808707669306
    outer loop
      vertex -28.452705430313852 -28.103504868646997 36.43301270189222
      vertex -28.153945874455108 -25.83926890872982 36.70518486997083
      vertex -28.374572531938153 -26.04123904610134 36.43301270189222
    endloop
  endfacet
  facet normal -0.6445764569155078 0 -0.7645398558546511
    outer loop
      vertex -28.452705430313852 -28.103504868646997 35.56698729810778
      vertex -27.18411080936832 -26.834910247701465 34.49744694678488
      vertex -27.18411080936832 -27.128802873847704 34.49744694678488
    endloop
  endfacet
  facet normal -0.6588488576492509 0.02496175336703703 -0.7518610866663602
    outer loop
      vertex -28.452705430313852 -28.103504868646997 35.56698729810778
      vertex -28.374572531938153 -26.04123904610134 35.56698729810778
      vertex -27.18411080936832 -26.834910247701465 34.49744694678488
    endloop
  endfacet
  facet normal -0.1718407578938895 -0.5288714715857442 -0.8311231680498282
    outer loop
      vertex -28.452705430313852 -28.397397494793235 35.56698729810778
      vertex -27.18411080936832 -27.128802873847704 34.49744694678488
      vertex -26.90460231218085 -27.219620689848373 34.49744694678488
    endloop
  endfacet
  facet normal 0.02495043187367145 -0.874393932732495 -0.48457478922238434
    outer loop
      vertex -28.17319693312638 -28.488215310793905 35.56698729810778
      vertex -16.572862957522492 -27.656071010174244 34.66271288104041
      vertex -28.09594268453264 -28.725979439867693 36
    endloop
  endfacet
  facet normal -0.03247425882835488 -0.6250557955466485 -0.779904272950915
    outer loop
      vertex -28.17319693312638 -28.488215310793905 35.56698729810778
      vertex -26.90460231218085 -27.219620689848373 34.49744694678488
      vertex -16.65011720611623 -27.418306881100456 34.229700179148196
    endloop
  endfacet
  facet normal -0.2799809633056558 -0.8616928014882818 -0.42319756148838306
    outer loop
      vertex -26.929596050185996 -27.559632805521048 24
      vertex -27.488613044560946 -27.377997173519706 24
      vertex -27.286358795967207 -27.23105086044659 23.56698729810778
    endloop
  endfacet
  facet normal -0.2799809633056558 -0.8616928014882818 0.42319756148838306
    outer loop
      vertex -26.929596050185996 -27.559632805521048 24
      vertex -27.286358795967207 -27.23105086044659 24.43301270189222
      vertex -27.488613044560946 -27.377997173519706 24
    endloop
  endfacet
  facet normal -0.2799809633056538 -0.8616928014882814 -0.42319756148838455
    outer loop
      vertex -26.929596050185996 -27.559632805521048 24
      vertex -27.286358795967207 -27.23105086044659 23.56698729810778
      vertex -27.006850298779735 -27.32186867644726 23.56698729810778
    endloop
  endfacet
  facet normal -0.2799809633056538 -0.8616928014882814 0.42319756148838455
    outer loop
      vertex -26.929596050185996 -27.559632805521048 24
      vertex -27.006850298779735 -27.32186867644726 24.43301270189222
      vertex -27.286358795967207 -27.23105086044659 24.43301270189222
    endloop
  endfacet
  facet normal -0.22790727328966157 -0.7014264630060945 -0.6753215469511036
    outer loop
      vertex -27.286358795967207 -27.23105086044659 23.56698729810778
      vertex -23.32405683585315 -23.268748900332533 18.11432419036392
      vertex -27.006850298779735 -27.32186867644726 23.56698729810778
    endloop
  endfacet
  facet normal -0.7100399281695733 6.441202773673486e-15 0.7041614164415336
    outer loop
      vertex -27.286358795967207 -27.23105086044659 24.43301270189222
      vertex -21.803791575480716 -21.45459101381386 29.96134973445991
      vertex -27.28510505604046 -26.935904494373606 24.43427690834651
    endloop
  endfacet
  facet normal -0.19307517694069115 -0.5942242935075656 0.7807813170502708
    outer loop
      vertex -27.286358795967207 -27.23105086044659 24.43301270189222
      vertex -27.006850298779735 -27.32186867644726 24.43301270189222
      vertex -21.803791575480716 -21.7484836399601 29.96134973445991
    endloop
  endfacet
  facet normal -0.6774540655427946 0 0.7355650814710679
    outer loop
      vertex -28.452705430313852 -28.397397494793235 36.43301270189222
      vertex -22.39781414779152 -22.342506212270905 42.00955625880074
      vertex -28.452705430313852 -28.103504868646997 36.43301270189222
    endloop
  endfacet
  facet normal -0.182347762151925 -0.5612087056157297 0.8073376507876382
    outer loop
      vertex -28.17319693312638 -28.488215310793905 36.43301270189222
      vertex -22.39781414779152 -22.342506212270905 42.00955625880074
      vertex -28.452705430313852 -28.397397494793235 36.43301270189222
    endloop
  endfacet
  facet normal -0.6780573434371897 0.0011162028847220243 0.7350081585275233
    outer loop
      vertex -28.452705430313852 -28.103504868646997 36.43301270189222
      vertex -22.405386284216682 -22.056185722549827 42.00258233530262
      vertex -28.153945874455108 -25.83926890872982 36.70518486997083
    endloop
  endfacet
  facet normal -0.6445764569155066 0 -0.764539855854652
    outer loop
      vertex -27.18411080936832 -27.128802873847704 34.49744694678488
      vertex -27.18411080936832 -26.834910247701465 34.49744694678488
      vertex -21.803791575480716 -21.45459101381386 29.96134973445991
    endloop
  endfacet
  facet normal -0.1718407578938894 -0.5288714715857431 -0.831123168049829
    outer loop
      vertex -27.18411080936832 -27.128802873847704 34.49744694678488
      vertex -21.803791575480716 -21.7484836399601 29.96134973445991
      vertex -26.90460231218085 -27.219620689848373 34.49744694678488
    endloop
  endfacet
  facet normal -0.6774540655427945 -2.940760995352925e-15 0.7355650814710681
    outer loop
      vertex -28.452705430313852 -28.103504868646997 36.43301270189222
      vertex -22.39781414779152 -22.342506212270905 42.00955625880074
      vertex -22.405386284216682 -22.056185722549827 42.00258233530262
    endloop
  endfacet
  facet normal -0.18234776215191817 -0.5612087056157351 0.8073376507876359
    outer loop
      vertex -28.17319693312638 -28.488215310793905 36.43301270189222
      vertex -22.118305650604047 -22.43332402827157 42.00955625880074
      vertex -22.39781414779152 -22.342506212270905 42.00955625880074
    endloop
  endfacet
  facet normal -0.6022353051190099 0.00819580547762392 -0.7982765598718191
    outer loop
      vertex -27.81813855751284 -27.468937995845984 9.634868806233705
      vertex -22.644796831988575 -19.91872716291235 5.8095166328659005
      vertex -22.655652787694795 -22.30645222602794 5.7931921019835935
    endloop
  endfacet
  facet normal -0.6328835468735227 0.012593437469306907 0.7741445739844054
    outer loop
      vertex -29.758402046599386 -25.987482474205702 12.903085831676327
      vertex -23.32277101206505 -22.775016408688764 18.112124479628257
      vertex -23.294156404594744 -18.69899308270606 18.06921075042647
    endloop
  endfacet
  facet normal -0.6328835468735274 0.01259343746931324 0.7741445739844014
    outer loop
      vertex -29.758402046599386 -25.987482474205702 12.903085831676327
      vertex -23.294156404594744 -18.69899308270606 18.06921075042647
      vertex -23.29213691473584 -18.428005747835673 18.066453435806412
    endloop
  endfacet
  facet normal -0.6780573434371849 0.0011162028847021747 0.735008158527528
    outer loop
      vertex -28.153945874455108 -25.83926890872982 36.70518486997083
      vertex -22.405386284216682 -22.056185722549827 42.00258233530262
      vertex -22.407736606956668 -21.964367662701434 42.00027468584746
    endloop
  endfacet
  facet normal -0.6780573434372289 0.0011162028848231362 0.7350081585274871
    outer loop
      vertex -28.153945874455108 -25.83926890872982 36.70518486997083
      vertex -22.407736606956668 -21.964367662701434 42.00027468584746
      vertex -22.409103952036304 -21.910950755218902 41.99893216676513
    endloop
  endfacet
  facet normal -0.678057343437189 0.0011162028847207634 0.7350081585275241
    outer loop
      vertex -28.153945874455108 -25.83926890872982 36.70518486997083
      vertex -22.409103952036304 -21.910950755218902 41.99893216676513
      vertex -22.489423963714902 -18.77315716037873 41.92007047341743
    endloop
  endfacet
  facet normal -0.6780573434371804 0.0011162028847088216 0.7350081585275321
    outer loop
      vertex -28.153945874455108 -25.83926890872982 36.70518486997083
      vertex -22.489423963714902 -18.77315716037873 41.92007047341743
      vertex -22.489139946965047 -18.480866250167885 41.9198886028998
    endloop
  endfacet
  facet normal -0.7173074695074301 0.014894552919466097 0.6965975498680544
    outer loop
      vertex -27.28510505604046 -26.935904494373606 24.43427690834651
      vertex -21.747082305683975 -19.474278627402256 29.977402210069606
      vertex -23.541504745591176 -0.9027021942470287 27.73253650838156
    endloop
  endfacet
  facet normal -0.6588488576492512 0.024961753367036953 -0.7518610866663603
    outer loop
      vertex -28.374572531938153 -26.04123904610134 35.56698729810778
      vertex -23.582417226330335 0.04585555140974004 32.233756636465664
      vertex -27.18411080936832 -26.834910247701465 34.49744694678488
    endloop
  endfacet
  facet normal -0.6588488576492497 0.024961753367036675 -0.7518610866663614
    outer loop
      vertex -27.18411080936832 -26.834910247701465 34.49744694678488
      vertex -23.582417226330335 0.04585555140974004 32.233756636465664
      vertex -21.803791575480716 -21.45459101381386 29.96134973445991
    endloop
  endfacet
  facet normal 0.03347847707981977 -0.617990026426533 -0.785472799535254
    outer loop
      vertex -27.538630060325367 -27.85364843799289 9.634868806233705
      vertex -22.080085323893172 -22.710122079228224 5.820727530681787
      vertex -16.62178167633928 -27.660440741353522 9.948156585264082
    endloop
  endfacet
  facet normal -0.09959489673762946 -0.879583009426103 0.4652038113265419
    outer loop
      vertex -24.845491502812525 -25.475528258147577 0
      vertex -22.080085323893172 -22.710122079228224 5.820727530681787
      vertex -22.376144290507323 -22.691162668174847 5.7931921019835935
    endloop
  endfacet
  facet normal 0.03347847707982024 -0.6179900264265328 -0.785472799535254
    outer loop
      vertex -16.62178167633928 -27.660440741353522 9.948156585264082
      vertex -22.080085323893172 -22.710122079228224 5.820727530681787
      vertex -20.878980446863604 -22.692417907524234 5.857991915360931
    endloop
  endfacet
  facet normal 0.03347847707981986 -0.6179900264265328 -0.7854727995352538
    outer loop
      vertex -16.62178167633928 -27.660440741353522 9.948156585264082
      vertex -20.878980446863604 -22.692417907524234 5.857991915360931
      vertex -18.089420032751143 -22.62797676013436 5.926188099926336
    endloop
  endfacet
  facet normal 0.024950431873671425 -0.874393932732495 -0.4845747892223843
    outer loop
      vertex -28.17319693312638 -28.488215310793905 35.56698729810778
      vertex -16.65011720611623 -27.418306881100456 34.229700179148196
      vertex -16.572862957522492 -27.656071010174244 34.66271288104041
    endloop
  endfacet
  facet normal -0.19307517694069115 -0.5942242935075653 0.7807813170502709
    outer loop
      vertex -27.006850298779735 -27.32186867644726 24.43301270189222
      vertex -21.524283078293244 -21.83930145596077 29.96134973445991
      vertex -21.803791575480716 -21.7484836399601 29.96134973445991
    endloop
  endfacet
  facet normal -0.1718407578938889 -0.5288714715857432 -0.831123168049829
    outer loop
      vertex -26.90460231218085 -27.219620689848373 34.49744694678488
      vertex -21.803791575480716 -21.7484836399601 29.96134973445991
      vertex -21.524283078293244 -21.83930145596077 29.96134973445991
    endloop
  endfacet
  facet normal -0.032474258828354655 -0.6250557955466475 -0.7799042729509159
    outer loop
      vertex -26.90460231218085 -27.219620689848373 34.49744694678488
      vertex -21.524283078293244 -21.83930145596077 29.96134973445991
      vertex -17.16713625008694 -22.093098637337604 29.983329720793126
    endloop
  endfacet
  facet normal -0.032474258828354884 -0.625055795546647 -0.779904272950916
    outer loop
      vertex -26.90460231218085 -27.219620689848373 34.49744694678488
      vertex -17.16713625008694 -22.093098637337604 29.983329720793126
      vertex -16.65011720611623 -27.418306881100456 34.229700179148196
    endloop
  endfacet
  facet normal -0.9032437869483135 0 0.4291277913853512
    outer loop
      vertex -25.202254248593736 -24.85305368692688 0.4330127018922193
      vertex -22.655652787694795 -22.600344852174178 5.7931921019835935
      vertex -22.655652787694795 -22.30645222602794 5.7931921019835935
    endloop
  endfacet
  facet normal -0.26513693532864047 -0.8160075809580585 0.5136477716719055
    outer loop
      vertex -24.922745751406264 -25.23776412907379 0.4330127018922193
      vertex -22.376144290507323 -22.691162668174847 5.7931921019835935
      vertex -22.655652787694795 -22.600344852174178 5.7931921019835935
    endloop
  endfacet
  facet normal -0.7100399281695697 0 0.7041614164415375
    outer loop
      vertex -27.286358795967207 -27.23105086044659 24.43301270189222
      vertex -21.803791575480716 -21.7484836399601 29.96134973445991
      vertex -21.803791575480716 -21.45459101381386 29.96134973445991
    endloop
  endfacet
  facet normal -0.7173074695074303 0.014894552919466385 0.6965975498680542
    outer loop
      vertex -27.28510505604046 -26.935904494373606 24.43427690834651
      vertex -21.803791575480716 -21.45459101381386 29.96134973445991
      vertex -21.747082305683975 -19.474278627402256 29.977402210069606
    endloop
  endfacet
  facet normal -0.6445764569155057 0 -0.7645398558546527
    outer loop
      vertex -27.18411080936832 -27.128802873847704 34.49744694678488
      vertex -21.803791575480716 -21.45459101381386 29.96134973445991
      vertex -21.803791575480716 -21.7484836399601 29.96134973445991
    endloop
  endfacet
  facet normal -0.2799809633056554 -0.8616928014882804 -0.42319756148838594
    outer loop
      vertex -28.37362099725539 -28.26300512621415 48
      vertex -28.17136674866165 -28.116058813141034 47.56698729810778
      vertex -27.81460400288044 -28.444640758215492 48
    endloop
  endfacet
  facet normal -0.2799809633056554 -0.8616928014882804 0.42319756148838594
    outer loop
      vertex -28.37362099725539 -28.26300512621415 48
      vertex -27.81460400288044 -28.444640758215492 48
      vertex -28.17136674866165 -28.116058813141034 48.43301270189222
    endloop
  endfacet
  facet normal -0.2799809633056535 -0.8616928014882803 -0.4231975614883875
    outer loop
      vertex -28.17136674866165 -28.116058813141034 47.56698729810778
      vertex -27.89185825147418 -28.206876629141703 47.56698729810778
      vertex -27.81460400288044 -28.444640758215492 48
    endloop
  endfacet
  facet normal -0.2799809633056535 -0.8616928014882803 0.4231975614883875
    outer loop
      vertex -28.17136674866165 -28.116058813141034 48.43301270189222
      vertex -27.81460400288044 -28.444640758215492 48
      vertex -27.89185825147418 -28.206876629141703 48.43301270189222
    endloop
  endfacet
  facet normal -0.2799809633056554 -0.8616928014882804 -0.42319756148838594
    outer loop
      vertex -27.698972300678083 -27.588356429636843 60
      vertex -27.496718052084343 -27.441410116563727 59.56698729810778
      vertex -27.139955306303133 -27.769992061638185 60
    endloop
  endfacet
  facet normal -0.2799809633056554 -0.8616928014882804 0.42319756148838594
    outer loop
      vertex -27.698972300678083 -27.588356429636843 60
      vertex -27.139955306303133 -27.769992061638185 60
      vertex -27.496718052084343 -27.441410116563727 60.43301270189222
    endloop
  endfacet
  facet normal -0.2799809633056535 -0.8616928014882803 -0.42319756148838744
    outer loop
      vertex -27.217209554896872 -27.532227932564396 59.56698729810778
      vertex -27.139955306303133 -27.769992061638185 60
      vertex -27.496718052084343 -27.441410116563727 59.56698729810778
    endloop
  endfacet
  facet normal -0.2799809633056535 -0.8616928014882802 0.4231975614883875
    outer loop
      vertex -27.139955306303133 -27.769992061638185 60
      vertex -27.217209554896872 -27.532227932564396 60.43301270189222
      vertex -27.496718052084343 -27.441410116563727 60.43301270189222
    endloop
  endfacet
  facet normal -0.18758711654666196 -0.5773337803818385 -0.7946677165556207
    outer loop
      vertex -28.17136674866165 -28.116058813141034 47.56698729810778
      vertex -22.39781414779152 -22.342506212270905 42.00955625880074
      vertex -27.89185825147418 -28.206876629141703 47.56698729810778
    endloop
  endfacet
  facet normal -0.16723366175791685 -0.5146922876538766 0.8409071003414453
    outer loop
      vertex -28.17136674866165 -28.116058813141034 48.43301270189222
      vertex -27.89185825147418 -28.206876629141703 48.43301270189222
      vertex -21.281009848378936 -21.22570191285832 54.0206848348823
    endloop
  endfacet
  facet normal -0.674236751462453 -0.03579802271394463 -0.7376471409468964
    outer loop
      vertex -28.17136674866165 -28.116058813141034 47.56698729810778
      vertex -22.405386284216682 -22.056185722549827 42.00258233530262
      vertex -22.39781414779152 -22.342506212270905 42.00955625880074
    endloop
  endfacet
  facet normal -0.6742367514624487 -0.0357980227139586 -0.7376471409468996
    outer loop
      vertex -28.17136674866165 -28.116058813141034 47.56698729810778
      vertex -22.407736606956668 -21.964367662701434 42.00027468584746
      vertex -22.405386284216682 -22.056185722549827 42.00258233530262
    endloop
  endfacet
  facet normal -0.18758711654665433 -0.5773337803818446 -0.794667716555618
    outer loop
      vertex -27.89185825147418 -28.206876629141703 47.56698729810778
      vertex -22.39781414779152 -22.342506212270905 42.00955625880074
      vertex -22.118305650604047 -22.43332402827157 42.00955625880074
    endloop
  endfacet
  facet normal -0.18906286217763724 -0.5818756584153495 0.7909968092785857
    outer loop
      vertex -27.217209554896872 -27.532227932564396 60.43301270189222
      vertex -21.78050802575198 -21.725200090231365 66.00426968979164
      vertex -27.496718052084343 -27.441410116563727 60.43301270189222
    endloop
  endfacet
  facet normal -0.17858414430574773 -0.5496254809303308 -0.816100198575326
    outer loop
      vertex -27.217209554896872 -27.532227932564396 59.56698729810778
      vertex -27.496718052084343 -27.441410116563727 59.56698729810778
      vertex -21.281009848378936 -21.22570191285832 54.0206848348823
    endloop
  endfacet
  facet normal -0.27998096330565625 -0.861692801488283 -0.4231975614883802
    outer loop
      vertex -28.599116094643335 -28.488500223602095 84
      vertex -28.396861846049596 -28.34155391052898 83.56698729810778
      vertex -28.040099100268385 -28.670135855603437 84
    endloop
  endfacet
  facet normal -0.27998096330565625 -0.861692801488283 0.4231975614883802
    outer loop
      vertex -28.599116094643335 -28.488500223602095 84
      vertex -28.040099100268385 -28.670135855603437 84
      vertex -28.396861846049596 -28.34155391052898 84.43301270189222
    endloop
  endfacet
  facet normal -0.2799809633056542 -0.8616928014882829 -0.4231975614883817
    outer loop
      vertex -28.040099100268385 -28.670135855603437 84
      vertex -28.396861846049596 -28.34155391052898 83.56698729810778
      vertex -28.117353348862125 -28.43237172652965 83.56698729810778
    endloop
  endfacet
  facet normal -0.9053484606330582 -0.0051921056790610225 -0.4246377360385781
    outer loop
      vertex -28.599116094643335 -28.488500223602095 84
      vertex -28.60078020198667 -28.19832950776101 84
      vertex -28.39852595339293 -28.051383194687894 83.56698729810778
    endloop
  endfacet
  facet normal -0.9053484606330582 -0.005192105679060989 -0.4246377360385781
    outer loop
      vertex -28.599116094643335 -28.488500223602095 84
      vertex -28.39852595339293 -28.051383194687894 83.56698729810778
      vertex -28.396861846049596 -28.34155391052898 83.56698729810778
    endloop
  endfacet
  facet normal -0.9053484606330582 -0.0051921056790610225 0.4246377360385781
    outer loop
      vertex -28.599116094643335 -28.488500223602095 84
      vertex -28.396861846049596 -28.34155391052898 84.43301270189222
      vertex -28.60078020198667 -28.19832950776101 84
    endloop
  endfacet
  facet normal -0.27998096330565625 -0.861692801488283 -0.4231975614883802
    outer loop
      vertex -27.01973701110259 -27.64977376643764 72
      vertex -27.57875400547754 -27.4681381344363 72
      vertex -27.3764997568838 -27.321191821363183 71.56698729810778
    endloop
  endfacet
  facet normal -0.27998096330565625 -0.861692801488283 0.4231975614883802
    outer loop
      vertex -27.01973701110259 -27.64977376643764 72
      vertex -27.3764997568838 -27.321191821363183 72.43301270189222
      vertex -27.57875400547754 -27.4681381344363 72
    endloop
  endfacet
  facet normal -0.2799809633056542 -0.8616928014882829 -0.4231975614883817
    outer loop
      vertex -27.01973701110259 -27.64977376643764 72
      vertex -27.3764997568838 -27.321191821363183 71.56698729810778
      vertex -27.096991259696328 -27.41200963736385 71.56698729810778
    endloop
  endfacet
  facet normal -0.2799809633056542 -0.8616928014882829 0.4231975614883817
    outer loop
      vertex -27.01973701110259 -27.64977376643764 72
      vertex -27.096991259696328 -27.41200963736385 72.43301270189222
      vertex -27.3764997568838 -27.321191821363183 72.43301270189222
    endloop
  endfacet
  facet normal -0.19139271936288263 -0.5890462215183486 -0.7851072384648083
    outer loop
      vertex -27.3764997568838 -27.321191821363183 71.56698729810778
      vertex -21.78050802575198 -21.725200090231365 66.00426968979164
      vertex -27.096991259696328 -27.41200963736385 71.56698729810778
    endloop
  endfacet
  facet normal -0.16790490580017217 -0.5167581643921507 -0.8395051769597911
    outer loop
      vertex -21.531292522873077 -21.47598458735246 77.9677344281646
      vertex -28.117353348862125 -28.43237172652965 83.56698729810778
      vertex -28.396861846049596 -28.34155391052898 83.56698729810778
    endloop
  endfacet
  facet normal -0.18563934593994383 -0.5713391588513481 0.7994433055583265
    outer loop
      vertex -27.3764997568838 -27.321191821363183 72.43301270189222
      vertex -27.096991259696328 -27.41200963736385 72.43301270189222
      vertex -21.531292522873077 -21.47598458735246 77.9677344281646
    endloop
  endfacet
  facet normal -0.5949123227450646 -0.05536615986984444 0.8018814853750764
    outer loop
      vertex -28.17136674866165 -28.116058813141034 48.43301270189222
      vertex -21.281009848378936 -21.22570191285832 54.0206848348823
      vertex -26.375879903298102 1.7008174337769664 51.82379205810577
    endloop
  endfacet
  facet normal -0.6938237176830714 -0.00801607020180103 0.7201002648235602
    outer loop
      vertex -27.496718052084343 -27.441410116563727 60.43301270189222
      vertex -21.78050802575198 -21.725200090231365 66.00426968979164
      vertex -24.319917354300287 0.010450887470949383 63.79948239211947
    endloop
  endfacet
  facet normal -0.6298420015267835 -0.003612096750848515 -0.7767148806800328
    outer loop
      vertex -28.396861846049596 -28.34155391052898 83.56698729810778
      vertex -28.39852595339293 -28.051383194687894 83.56698729810778
      vertex -24.4293504025812 0.7922520856921442 80.21422615062806
    endloop
  endfacet
  facet normal -0.6754554113534709 -0.022452454216570276 0.7370589356170689
    outer loop
      vertex -27.3764997568838 -27.321191821363183 72.43301270189222
      vertex -21.531292522873077 -21.47598458735246 77.9677344281646
      vertex -24.719892484654775 -0.5338834305532896 75.68358122134455
    endloop
  endfacet
  facet normal -0.6298420015267722 -0.0036120967508511395 -0.7767148806800421
    outer loop
      vertex -21.531292522873077 -21.47598458735246 77.9677344281646
      vertex -28.396861846049596 -28.34155391052898 83.56698729810778
      vertex -24.4293504025812 0.7922520856921442 80.21422615062806
    endloop
  endfacet
  facet normal 0.006425082011484731 -0.6968069432241142 -0.717229950710239
    outer loop
      vertex -27.89185825147418 -28.206876629141703 47.56698729810778
      vertex -22.118305650604047 -22.43332402827157 42.00955625880074
      vertex -17.79951884624936 -22.332067513106665 41.94987151841435
    endloop
  endfacet
  facet normal -0.1672336617579168 -0.5146922876538766 0.8409071003414452
    outer loop
      vertex -27.89185825147418 -28.206876629141703 48.43301270189222
      vertex -21.001501351191465 -21.31651972885899 54.0206848348823
      vertex -21.281009848378936 -21.22570191285832 54.0206848348823
    endloop
  endfacet
  facet normal -0.031002044816933527 -0.6106747454361835 0.7912744331163628
    outer loop
      vertex -27.89185825147418 -28.206876629141703 48.43301270189222
      vertex -17.881545613650317 -21.334634687121703 54.12894393752897
      vertex -21.001501351191465 -21.31651972885899 54.0206848348823
    endloop
  endfacet
  facet normal -0.18906286217763643 -0.5818756584153496 0.7909968092785858
    outer loop
      vertex -27.217209554896872 -27.532227932564396 60.43301270189222
      vertex -21.50099952856451 -21.816017906232034 66.00426968979164
      vertex -21.78050802575198 -21.725200090231365 66.00426968979164
    endloop
  endfacet
  facet normal -0.19139271936288269 -0.5890462215183478 -0.7851072384648088
    outer loop
      vertex -27.096991259696328 -27.41200963736385 71.56698729810778
      vertex -21.78050802575198 -21.725200090231365 66.00426968979164
      vertex -21.50099952856451 -21.816017906232034 66.00426968979164
    endloop
  endfacet
  facet normal -0.023909744729784216 -0.6854048485738095 0.727769549829113
    outer loop
      vertex -27.217209554896872 -27.532227932564396 60.43301270189222
      vertex -17.705913136051404 -21.917228369956185 66.03363256202853
      vertex -21.50099952856451 -21.816017906232034 66.00426968979164
    endloop
  endfacet
  facet normal -0.01308628161338216 -0.698322230777555 -0.7156638954393287
    outer loop
      vertex -27.096991259696328 -27.41200963736385 71.56698729810778
      vertex -21.50099952856451 -21.816017906232034 66.00426968979164
      vertex -17.705913136051404 -21.917228369956185 66.03363256202853
    endloop
  endfacet
  facet normal -0.16790490580017153 -0.5167581643921508 -0.8395051769597912
    outer loop
      vertex -21.531292522873077 -21.47598458735246 77.9677344281646
      vertex -21.251784025685605 -21.56680240335313 77.9677344281646
      vertex -28.117353348862125 -28.43237172652965 83.56698729810778
    endloop
  endfacet
  facet normal -0.03323973761728753 -0.6114965357414501 -0.7905486111678012
    outer loop
      vertex -21.251784025685605 -21.56680240335313 77.9677344281646
      vertex -16.323008064429654 -21.732649350242518 77.88878117297112
      vertex -28.117353348862125 -28.43237172652965 83.56698729810778
    endloop
  endfacet
  facet normal -0.6425333489930489 -0.040257350123509755 -0.7651994780400794
    outer loop
      vertex -27.496718052084343 -27.441410116563727 59.56698729810778
      vertex -21.369864083529237 -20.070547992815545 54.03452223778377
      vertex -21.281009848378936 -21.22570191285832 54.0206848348823
    endloop
  endfacet
  facet normal -0.17858414430574673 -0.5496254809303305 -0.8161001985753263
    outer loop
      vertex -27.217209554896872 -27.532227932564396 59.56698729810778
      vertex -21.281009848378936 -21.22570191285832 54.0206848348823
      vertex -21.001501351191465 -21.31651972885899 54.0206848348823
    endloop
  endfacet
  facet normal 0.02157506366885239 -0.677556357496981 -0.7351543368865536
    outer loop
      vertex -27.217209554896872 -27.532227932564396 59.56698729810778
      vertex -21.001501351191465 -21.31651972885899 54.0206848348823
      vertex -17.881545613650317 -21.334634687121703 54.12894393752897
    endloop
  endfacet
  facet normal -0.18563934593994302 -0.5713391588513484 0.7994433055583264
    outer loop
      vertex -27.096991259696328 -27.41200963736385 72.43301270189222
      vertex -21.251784025685605 -21.56680240335313 77.9677344281646
      vertex -21.531292522873077 -21.47598458735246 77.9677344281646
    endloop
  endfacet
  facet normal -0.9043608650736304 0.012307424803423443 -0.4265910840816799
    outer loop
      vertex -30.565243834775963 -26.130434946647746 12
      vertex -29.650817673805783 26.0536641900752 11.566987298107781
      vertex -30.362989586182223 -26.277381259720862 11.566987298107781
    endloop
  endfacet
  facet normal -0.9043608650736304 0.012307424803423443 0.4265910840816799
    outer loop
      vertex -30.565243834775963 -26.130434946647746 12
      vertex -30.362989586182223 -26.277381259720862 12.433012701892219
      vertex -29.650817673805783 26.0536641900752 12.433012701892219
    endloop
  endfacet
  facet normal -0.6162908384968083 0.008387086886185313 0.7874739736387893
    outer loop
      vertex -30.362989586182223 -26.277381259720862 12.433012701892219
      vertex -29.758402046599386 -25.987482474205702 12.903085831676327
      vertex -29.650817673805783 26.0536641900752 12.433012701892219
    endloop
  endfacet
  facet normal -0.903459769159528 0.0011768782939161153 0.4286712732009152
    outer loop
      vertex -25.202254248593736 -24.85305368692688 0.4330127018922193
      vertex -22.655652787694795 -22.30645222602794 5.7931921019835935
      vertex -23.621100241133163 0.7501270614395064 3.695132872591454
    endloop
  endfacet
  facet normal -0.9060374296629691 0 -0.4231975614883908
    outer loop
      vertex -25.404508497187475 -24.706107373853765 0
      vertex -25.202254248593736 24.85305368692688 -0.4330127018922193
      vertex -25.202254248593736 -24.85305368692688 -0.4330127018922193
    endloop
  endfacet
  facet normal -0.9060374296629693 0 0.4231975614883904
    outer loop
      vertex -25.404508497187475 -24.706107373853765 0
      vertex -25.20343612235941 -24.852195005373385 0.4304823898907254
      vertex -25.404508497187475 25.293892626146235 0
    endloop
  endfacet
  facet normal -0.9060374296629295 0 0.4231975614884753
    outer loop
      vertex -25.20343612235941 -24.852195005373385 0.4304823898907254
      vertex -25.202254248593736 -24.85305368692688 0.4330127018922193
      vertex -25.202254248593736 24.85305368692688 0.4330127018922193
    endloop
  endfacet
  facet normal 0 0 -1
    outer loop
      vertex -25.202254248593736 -25.14694631307312 -0.4330127018922193
      vertex -24.922745751406264 25.23776412907379 -0.4330127018922193
      vertex -24.922745751406264 -25.23776412907379 -0.4330127018922193
    endloop
  endfacet
  facet normal 0 0 -1
    outer loop
      vertex -25.202254248593736 -25.14694631307312 -0.4330127018922193
      vertex -25.202254248593736 -24.85305368692688 -0.4330127018922193
      vertex -24.922745751406264 25.23776412907379 -0.4330127018922193
    endloop
  endfacet
  facet normal -0.6328835468735221 0.012593437469306482 0.7741445739844057
    outer loop
      vertex -29.758402046599386 -25.987482474205702 12.903085831676327
      vertex -23.29213691473584 -18.428005747835673 18.066453435806412
      vertex -22.551267082578256 18.804428072578833 18.066453435806412
    endloop
  endfacet
  facet normal -0.9010175145228737 0.03413677767788412 0.4324374162035402
    outer loop
      vertex -28.576826780531892 -25.894292733028223 36
      vertex -28.374572531938153 -26.04123904610134 36.43301270189222
      vertex -26.592456454929945 26.4818405838887 36
    endloop
  endfacet
  facet normal -0.9010175145228737 0.03413677767788412 -0.4324374162035402
    outer loop
      vertex -28.374572531938153 -26.04123904610134 35.56698729810778
      vertex -28.576826780531892 -25.894292733028223 36
      vertex -26.390202206336205 26.334894270815585 35.56698729810778
    endloop
  endfacet
  facet normal -0.9059623748250519 -0.0005755457914944607 -0.42335782046443204
    outer loop
      vertex -27.488613044560946 -27.377997173519706 24
      vertex -27.3207004761353 26.825933970912526 23.56698729810778
      vertex -27.286358795967207 -27.23105086044659 23.56698729810778
    endloop
  endfacet
  facet normal -0.9059623748250519 -0.0005755457914944607 0.42335782046443204
    outer loop
      vertex -27.488613044560946 -27.377997173519706 24
      vertex -27.286358795967207 -27.23105086044659 24.43301270189222
      vertex -27.3207004761353 26.825933970912526 24.43301270189222
    endloop
  endfacet
  facet normal -0.6594255780999648 -0.0004189242586950994 0.751769732996742
    outer loop
      vertex -27.286358795967207 -27.23105086044659 24.43301270189222
      vertex -27.28510505604046 -26.935904494373606 24.43427690834651
      vertex -27.3207004761353 26.825933970912526 24.43301270189222
    endloop
  endfacet
  facet normal -0.808789174734966 -0.0005138129558800888 -0.5880984669490127
    outer loop
      vertex -27.286358795967207 -27.23105086044659 23.56698729810778
      vertex -27.30647555068604 26.80920213189632 23.5474389242806
      vertex -23.32405683585315 -23.268748900332533 18.11432419036392
    endloop
  endfacet
  facet normal -0.7871963347211542 0.029824443847189047 0.6159808707669309
    outer loop
      vertex -28.374572531938153 -26.04123904610134 36.43301270189222
      vertex -28.153945874455108 -25.83926890872982 36.70518486997083
      vertex -22.319192469019793 21.820593634046528 41.8541558057724
    endloop
  endfacet
  facet normal -0.6780573434371899 0.0011162028847217374 0.7350081585275233
    outer loop
      vertex -28.153945874455108 -25.83926890872982 36.70518486997083
      vertex -22.489139946965047 -18.480866250167885 41.9198886028998
      vertex -22.429839026267718 17.542535321164067 41.9198886028998
    endloop
  endfacet
  facet normal -0.6022353051190096 0.008195805477623707 -0.7982765598718193
    outer loop
      vertex -30.362989586182223 -26.277381259720862 11.566987298107781
      vertex -29.07243971446096 25.77440739607579 11.12778066370734
      vertex -22.644796831988575 -19.91872716291235 5.8095166328659005
    endloop
  endfacet
  facet normal -0.8087891747349248 -0.0005138129558706917 -0.5880984669490692
    outer loop
      vertex -23.32405683585315 -23.268748900332533 18.11432419036392
      vertex -27.30647555068604 26.80920213189632 23.5474389242806
      vertex -23.324174761070967 -22.974974199404112 18.11422970175195
    endloop
  endfacet
  facet normal -0.8087891747349939 -0.0005138129558865508 -0.5880984669489743
    outer loop
      vertex -23.324174761070967 -22.974974199404112 18.11422970175195
      vertex -27.30647555068604 26.80920213189632 23.5474389242806
      vertex -23.32277101206505 -22.775016408688764 18.112124479628257
    endloop
  endfacet
  facet normal -0.8087891747349678 -0.0005138129558805128 -0.5880984669490104
    outer loop
      vertex -23.32277101206505 -22.775016408688764 18.112124479628257
      vertex -27.30647555068604 26.80920213189632 23.5474389242806
      vertex -23.294156404594744 -18.69899308270606 18.06921075042647
    endloop
  endfacet
  facet normal -0.6339930649560183 0.0008258615403915865 -0.7733382904915481
    outer loop
      vertex -22.644796831988575 -19.91872716291235 5.8095166328659005
      vertex -29.07243971446096 25.77440739607579 11.12778066370734
      vertex -22.63847155908402 -15.062974764587937 5.809516632865899
    endloop
  endfacet
  facet normal -0.806759375809112 6.383783333358262e-15 -0.5908801143583121
    outer loop
      vertex -23.294156404594744 -18.69899308270606 18.06921075042647
      vertex -27.30647555068604 26.80920213189632 23.5474389242806
      vertex -23.29213691473584 -18.428005747835673 18.066453435806412
    endloop
  endfacet
  facet normal -0.6594255781005691 -0.000418924258695512 0.7517697329962116
    outer loop
      vertex -27.28510505604046 -26.935904494373606 24.43427690834651
      vertex -23.541504745591176 -0.9027021942470287 27.73253650838156
      vertex -27.3207004761353 26.825933970912526 24.43301270189222
    endloop
  endfacet
  facet normal -0.9034597691595271 0.00117687829391633 0.4286712732009171
    outer loop
      vertex -22.655652787694795 -22.30645222602794 5.7931921019835935
      vertex -22.644796831988575 -19.91872716291235 5.8095166328659005
      vertex -23.621100241133163 0.7501270614395064 3.695132872591454
    endloop
  endfacet
  facet normal -0.9034597691595269 0.0011768782939164015 0.4286712732009176
    outer loop
      vertex -22.644796831988575 -19.91872716291235 5.8095166328659005
      vertex -22.63847155908402 -15.062974764587937 5.809516632865899
      vertex -23.621100241133163 0.7501270614395064 3.695132872591454
    endloop
  endfacet
  facet normal -0.6588488576492391 0.024961753367038535 -0.7518610866663709
    outer loop
      vertex -21.803791575480716 -21.45459101381386 29.96134973445991
      vertex -23.582417226330335 0.04585555140974004 32.233756636465664
      vertex -21.747082305683975 -19.474278627402256 29.977402210069606
    endloop
  endfacet
  facet normal -0.7173074695074381 0.014894552919464411 0.6965975498680462
    outer loop
      vertex -21.747082305683975 -19.474278627402256 29.977402210069606
      vertex -21.69432978568097 -17.632137666130475 29.99233466368316
      vertex -23.521036063329348 -0.7603618528778651 27.750570225170637
    endloop
  endfacet
  facet normal -0.6588488576492538 0.02496175336703567 -0.751861086666358
    outer loop
      vertex -21.747082305683975 -19.474278627402256 29.977402210069606
      vertex -23.582417226330335 0.04585555140974004 32.233756636465664
      vertex -21.69432978568097 -17.632137666130475 29.99233466368316
    endloop
  endfacet
  facet normal 0 0 -1
    outer loop
      vertex -24.922745751406264 -25.23776412907379 -0.4330127018922193
      vertex -24.922745751406264 25.23776412907379 -0.4330127018922193
      vertex -5.226251859505506 0 -0.4330127018922193
    endloop
  endfacet
  facet normal -0.717307469507422 0.014894552919467733 0.6965975498680627
    outer loop
      vertex -21.747082305683975 -19.474278627402256 29.977402210069606
      vertex -23.521036063329348 -0.7603618528778651 27.750570225170637
      vertex -23.541504745591176 -0.9027021942470287 27.73253650838156
    endloop
  endfacet
  facet normal -0.717307469507431 0.014894552919466146 0.6965975498680536
    outer loop
      vertex -21.69432978568097 -17.632137666130475 29.99233466368316
      vertex -20.97658199795486 16.93391155616647 29.99233466368316
      vertex -23.521036063329348 -0.7603618528778651 27.750570225170637
    endloop
  endfacet
  facet normal -0.7048671969990186 0.014636236499958603 -0.7091882790739452
    outer loop
      vertex -21.69432978568097 -17.632137666130475 29.99233466368316
      vertex -23.582417226330335 0.04585555140974004 32.233756636465664
      vertex -20.970069813119437 17.54069940817815 29.998385052786688
    endloop
  endfacet
  facet normal -0.8986989826804923 -0.04771565258822687 -0.43596256149711715
    outer loop
      vertex -28.37362099725539 -28.26300512621415 48
      vertex -31.21366662965813 29.184044187758136 47.56698729810778
      vertex -28.17136674866165 -28.116058813141034 47.56698729810778
    endloop
  endfacet
  facet normal -0.8986989826804924 -0.04771565258822687 0.43596256149711726
    outer loop
      vertex -28.37362099725539 -28.26300512621415 48
      vertex -28.17136674866165 -28.116058813141034 48.43301270189222
      vertex -31.41592087825187 29.03709787468502 48
    endloop
  endfacet
  facet normal -0.8971552289181812 -0.056210455414172564 -0.43812427452367597
    outer loop
      vertex -27.698972300678083 -27.588356429636843 60
      vertex -30.986960573996043 28.265118244637858 59.56698729810778
      vertex -27.496718052084343 -27.441410116563727 59.56698729810778
    endloop
  endfacet
  facet normal -0.8971552289181812 -0.056210455414172564 0.43812427452367597
    outer loop
      vertex -27.698972300678083 -27.588356429636843 60
      vertex -27.496718052084343 -27.441410116563727 60.43301270189222
      vertex -30.986960573996043 28.265118244637858 60.43301270189222
    endloop
  endfacet
  facet normal -0.8962764465099254 -0.060877677685795405 -0.4392976664986113
    outer loop
      vertex -27.3764997568838 -27.321191821363183 71.56698729810778
      vertex -27.57875400547754 -27.4681381344363 72
      vertex -31.232857125957814 26.329685378287277 72
    endloop
  endfacet
  facet normal -0.8962764465099254 -0.06087767768579541 0.43929766649861135
    outer loop
      vertex -27.57875400547754 -27.4681381344363 72
      vertex -27.3764997568838 -27.321191821363183 72.43301270189222
      vertex -31.232857125957814 26.329685378287277 72
    endloop
  endfacet
  facet normal -0.9053484606330578 -0.005192105679064299 -0.42463773603857907
    outer loop
      vertex -28.60078020198667 -28.19832950776101 84
      vertex -28.924369327418038 28.225968204084328 84
      vertex -28.39852595339293 -28.051383194687894 83.56698729810778
    endloop
  endfacet
  facet normal -0.9053484606330578 -0.005192105679064299 0.42463773603857907
    outer loop
      vertex -28.60078020198667 -28.19832950776101 84
      vertex -28.39852595339293 -28.051383194687894 84.43301270189222
      vertex -28.924369327418038 28.225968204084328 84
    endloop
  endfacet
  facet normal -0.6742367514624521 -0.03579802271394667 -0.737647140946897
    outer loop
      vertex -28.17136674866165 -28.116058813141034 47.56698729810778
      vertex -30.939804516611726 28.882867346910583 47.33128331932426
      vertex -22.407736606956668 -21.964367662701434 42.00027468584746
    endloop
  endfacet
  facet normal -0.6742367514624334 -0.03579802271394172 -0.7376471409469144
    outer loop
      vertex -22.407736606956668 -21.964367662701434 42.00027468584746
      vertex -30.939804516611726 28.882867346910583 47.33128331932426
      vertex -22.409103952036304 -21.910950755218902 41.99893216676513
    endloop
  endfacet
  facet normal -0.674236751462451 -0.035798022713946394 -0.7376471409468979
    outer loop
      vertex -22.409103952036304 -21.910950755218902 41.99893216676513
      vertex -30.939804516611726 28.882867346910583 47.33128331932426
      vertex -22.489423963714902 -18.77315716037873 41.92007047341743
    endloop
  endfacet
  facet normal -0.6425333489930519 -0.04025735012350556 -0.7651994780400772
    outer loop
      vertex -27.496718052084343 -27.441410116563727 59.56698729810778
      vertex -30.597326501572574 28.073792680194284 59.24987962597217
      vertex -21.369864083529237 -20.070547992815545 54.03452223778377
    endloop
  endfacet
  facet normal -0.5392636043695784 -1.6111579169628132e-14 -0.8421370227001843
    outer loop
      vertex -22.489423963714902 -18.77315716037873 41.92007047341743
      vertex -30.939804516611726 28.882867346910583 47.33128331932426
      vertex -22.489139946965047 -18.480866250167885 41.9198886028998
    endloop
  endfacet
  facet normal -0.6425333489930414 -0.04025735012350255 -0.765199478040086
    outer loop
      vertex -21.369864083529237 -20.070547992815545 54.03452223778377
      vertex -30.597326501572574 28.073792680194284 59.24987962597217
      vertex -21.639991405480085 -16.558744257919173 54.07658956954581
    endloop
  endfacet
  facet normal -0.642533348993066 -0.04025735012350998 -0.765199478040065
    outer loop
      vertex -21.639991405480085 -16.558744257919173 54.07658956954581
      vertex -30.597326501572574 28.073792680194284 59.24987962597217
      vertex -21.65857412400431 -16.31715869801871 54.07948348408786
    endloop
  endfacet
  facet normal -0.587141151378786 -0.039880318074729984 0.8085015946724236
    outer loop
      vertex -27.3764997568838 -27.321191821363183 72.43301270189222
      vertex -24.719892484654775 -0.5338834305532896 75.68358122134455
      vertex -31.030602877364075 26.476631691360392 72.43301270189222
    endloop
  endfacet
  facet normal -0.6806096447470541 -0.046228967350528526 -0.7311862923051775
    outer loop
      vertex -27.3764997568838 -27.321191821363183 71.56698729810778
      vertex -30.38325772548612 26.000433326981646 70.99452690105967
      vertex -21.78050802575198 -21.725200090231365 66.00426968979164
    endloop
  endfacet
  facet normal -0.6806096447470408 -0.0462289673505248 -0.73118629230519
    outer loop
      vertex -21.78050802575198 -21.725200090231365 66.00426968979164
      vertex -30.38325772548612 26.000433326981646 70.99452690105967
      vertex -21.91584533373427 -18.277286263383104 65.91225262200741
    endloop
  endfacet
  facet normal -0.5949123227450507 -0.05536615986984034 0.8018814853750871
    outer loop
      vertex -21.281009848378936 -21.22570191285832 54.0206848348823
      vertex -21.369864083529237 -20.070547992815545 54.03452223778377
      vertex -26.375879903298102 1.7008174337769664 51.82379205810577
    endloop
  endfacet
  facet normal -0.5949123227450707 -0.05536615986984647 0.8018814853750718
    outer loop
      vertex -21.369864083529237 -20.070547992815545 54.03452223778377
      vertex -21.639991405480085 -16.558744257919173 54.07658956954581
      vertex -26.375879903298102 1.7008174337769664 51.82379205810577
    endloop
  endfacet
  facet normal -0.5949123227450184 -0.05536615986982803 0.8018814853751117
    outer loop
      vertex -21.639991405480085 -16.558744257919173 54.07658956954581
      vertex -21.65857412400431 -16.31715869801871 54.07948348408786
      vertex -26.375879903298102 1.7008174337769664 51.82379205810577
    endloop
  endfacet
  facet normal -0.6938237176830672 -0.008016070201799667 0.7201002648235643
    outer loop
      vertex -21.91584533373427 -18.277286263383104 65.91225262200741
      vertex -21.922261290847814 -17.721958889127585 65.91225262200741
      vertex -24.319917354300287 0.010450887470949383 63.79948239211947
    endloop
  endfacet
  facet normal -0.6938237176830836 -0.008016070201803649 0.7201002648235485
    outer loop
      vertex -21.78050802575198 -21.725200090231365 66.00426968979164
      vertex -21.91584533373427 -18.277286263383104 65.91225262200741
      vertex -24.319917354300287 0.010450887470949383 63.79948239211947
    endloop
  endfacet
  facet normal -0.6754554113534678 -0.022452454216569526 0.7370589356170715
    outer loop
      vertex -21.531292522873077 -21.47598458735246 77.9677344281646
      vertex -21.567604856375752 -19.68964546934855 77.98887294822875
      vertex -24.719892484654775 -0.5338834305532896 75.68358122134455
    endloop
  endfacet
  facet normal -0.6298420015267716 -0.0036120967508510033 -0.7767148806800427
    outer loop
      vertex -21.531292522873077 -21.47598458735246 77.9677344281646
      vertex -24.4293504025812 0.7922520856921442 80.21422615062806
      vertex -21.567604856375752 -19.68964546934855 77.98887294822875
    endloop
  endfacet
  facet normal -0.6754554113534752 -0.02245245421657155 0.7370589356170648
    outer loop
      vertex -21.567604856375752 -19.68964546934855 77.98887294822875
      vertex -21.61659888003614 -17.27944671397253 78.01739386804492
      vertex -24.719892484654775 -0.5338834305532896 75.68358122134455
    endloop
  endfacet
  facet normal -0.6298420015267827 -0.0036120967508535564 -0.7767148806800336
    outer loop
      vertex -21.567604856375752 -19.68964546934855 77.98887294822875
      vertex -24.4293504025812 0.7922520856921442 80.21422615062806
      vertex -21.61659888003614 -17.27944671397253 78.01739386804492
    endloop
  endfacet
  facet normal -0.5383314263675028 -0.00621959497148243 -0.8427102657636968
    outer loop
      vertex -21.91584533373427 -18.277286263383104 65.91225262200741
      vertex -22.501114715402878 21.837494270817793 65.9900625365346
      vertex -21.922261290847814 -17.721958889127585 65.91225262200741
    endloop
  endfacet
  facet normal -0.6938237176830738 -0.008016070201801338 0.7201002648235578
    outer loop
      vertex -21.922261290847814 -17.721958889127585 65.91225262200741
      vertex -22.32618191089214 17.239025632318977 65.91225262200741
      vertex -24.319917354300287 0.010450887470949383 63.79948239211947
    endloop
  endfacet
  facet normal 0.058230278282865894 -0.870644751313988 0.4884536331121962
    outer loop
      vertex -30.05777706769032 -30.687813823025373 12
      vertex 25.771498790594638 -26.710920960860623 12.433012701892219
      vertex -30.13503131628406 -30.450049693951584 12.433012701892219
    endloop
  endfacet
  facet normal 0.058230278282865894 -0.870644751313988 -0.4884536331121962
    outer loop
      vertex -30.05777706769032 -30.687813823025373 12
      vertex -30.13503131628406 -30.450049693951584 11.566987298107781
      vertex 26.57883606998146 -26.899855830941558 12
    endloop
  endfacet
  facet normal 0 -0.876551507956312 -0.48130806548354826
    outer loop
      vertex -24.922745751406264 -25.23776412907379 -0.4330127018922193
      vertex 25.154508497187475 -25.475528258147577 0
      vertex -24.845491502812525 -25.475528258147577 0
    endloop
  endfacet
  facet normal 0.04353001235113115 -0.6508500027089364 0.7579573945799908
    outer loop
      vertex -30.13503131628406 -30.450049693951584 12.433012701892219
      vertex 21.97057831818288 -26.424759160525664 12.897026281214632
      vertex -19.191825599866885 -23.325744672640337 17.922102315865278
    endloop
  endfacet
  facet normal -0.022830960763550474 -0.8007933761014082 -0.5985054018325331
    outer loop
      vertex -27.006850298779735 -27.32186867644726 23.56698729810778
      vertex -23.044548338665678 -23.3595667163332 18.11432419036392
      vertex 21.108215396831277 -24.474716033073488 17.922102315865278
    endloop
  endfacet
  facet normal 0.03309287489973417 -0.8735687558144729 0.48557439233924216
    outer loop
      vertex -28.09594268453264 -28.725979439867693 36
      vertex 26.26543960776819 -26.425949488248246 36.43301270189222
      vertex -28.17319693312638 -28.488215310793905 36.43301270189222
    endloop
  endfacet
  facet normal 0.026186753945829148 -0.6912645133608947 0.7221271539595405
    outer loop
      vertex -28.17319693312638 -28.488215310793905 36.43301270189222
      vertex 26.26543960776819 -26.425949488248246 36.43301270189222
      vertex -22.118305650604047 -22.43332402827157 42.00955625880074
    endloop
  endfacet
  facet normal 0.043522260958936056 -0.6507341058056582 -0.7580573437031878
    outer loop
      vertex -30.13503131628406 -30.450049693951584 11.566987298107781
      vertex -16.62178167633928 -27.660440741353522 9.948156585264082
      vertex 26.50158182138772 -26.66209170186777 11.566987298107781
    endloop
  endfacet
  facet normal 0 -0.9032437869483139 0.42912779138535084
    outer loop
      vertex -24.845491502812525 -25.475528258147577 0
      vertex 25.154508497187475 -25.475528258147577 0
      vertex -22.080085323893172 -22.710122079228224 5.820727530681787
    endloop
  endfacet
  facet normal -1.4323333475026017e-16 -0.9032437869483143 0.42912779138534984
    outer loop
      vertex -22.080085323893172 -22.710122079228224 5.820727530681787
      vertex 25.154508497187475 -25.475528258147577 0
      vertex -20.878980446863604 -22.692417907524234 5.857991915360931
    endloop
  endfacet
  facet normal 0.00843929365065362 -0.8758843030083349 0.4824473712917104
    outer loop
      vertex -20.878980446863604 -22.692417907524234 5.857991915360931
      vertex 25.154508497187475 -25.475528258147577 0
      vertex -18.089420032751143 -22.62797676013436 5.926188099926336
    endloop
  endfacet
  facet normal 0.03347847707981991 -0.6179900264265328 -0.785472799535254
    outer loop
      vertex -16.62178167633928 -27.660440741353522 9.948156585264082
      vertex -18.089420032751143 -22.62797676013436 5.926188099926336
      vertex 16.95174998151179 -20.72968559521693 5.926188099926335
    endloop
  endfacet
  facet normal -0.022830960763550467 -0.800793376101408 -0.5985054018325332
    outer loop
      vertex -23.044548338665678 -23.3595667163332 18.11432419036392
      vertex -19.191825599866885 -23.325744672640337 17.922102315865278
      vertex 21.108215396831277 -24.474716033073488 17.922102315865278
    endloop
  endfacet
  facet normal -0.05590000000057569 -0.8793549575489344 -0.47287424188048927
    outer loop
      vertex -26.929596050185996 -27.559632805521048 24
      vertex -27.006850298779735 -27.32186867644726 23.56698729810778
      vertex 30.915806145010176 -31.236825905970278 24
    endloop
  endfacet
  facet normal -0.05590000000057569 -0.8793549575489344 0.47287424188048927
    outer loop
      vertex -26.929596050185996 -27.559632805521048 24
      vertex 30.915806145010176 -31.236825905970278 24
      vertex -27.006850298779735 -27.32186867644726 24.43301270189222
    endloop
  endfacet
  facet normal 0.034216350545654355 -0.9032256902805154 -0.4277997122166207
    outer loop
      vertex -28.09594268453264 -28.725979439867693 36
      vertex -16.572862957522492 -27.656071010174244 34.66271288104041
      vertex 26.34269385636193 -26.663713617322035 36
    endloop
  endfacet
  facet normal -0.04369497398350094 -0.6873594274055019 0.7250019081391177
    outer loop
      vertex -27.006850298779735 -27.32186867644726 24.43301270189222
      vertex 30.838551896416437 -30.99906177689649 24.43301270189222
      vertex -21.524283078293244 -21.83930145596077 29.96134973445991
    endloop
  endfacet
  facet normal 0.024950431873671505 -0.874393932732495 -0.48457478922238434
    outer loop
      vertex -16.572862957522492 -27.656071010174244 34.66271288104041
      vertex -16.65011720611623 -27.418306881100456 34.229700179148196
      vertex 19.939830194345518 -24.020960503809413 29.98332972079313
    endloop
  endfacet
  facet normal -0.03247425882835483 -0.6250557955466471 -0.7799042729509161
    outer loop
      vertex -16.65011720611623 -27.418306881100456 34.229700179148196
      vertex -17.16713625008694 -22.093098637337604 29.983329720793126
      vertex 19.939830194345518 -24.020960503809413 29.98332972079313
    endloop
  endfacet
  facet normal 0.02618675394582912 -0.6912645133608949 0.7221271539595404
    outer loop
      vertex -22.118305650604047 -22.43332402827157 42.00955625880074
      vertex 26.26543960776819 -26.425949488248246 36.43301270189222
      vertex -17.79951884624936 -22.332067513106665 41.94987151841435
    endloop
  endfacet
  facet normal -0.04369497398350058 -0.6873594274055007 0.725001908139119
    outer loop
      vertex -21.524283078293244 -21.83930145596077 29.96134973445991
      vertex 30.838551896416437 -30.99906177689649 24.43301270189222
      vertex -17.16713625008694 -22.093098637337604 29.983329720793126
    endloop
  endfacet
  facet normal -0.04462488255940377 -0.8790158506641029 -0.4746996462373052
    outer loop
      vertex -27.89185825147418 -28.206876629141703 47.56698729810778
      vertex 31.038053879315417 -31.19856375979547 47.56698729810778
      vertex -27.81460400288044 -28.444640758215492 48
    endloop
  endfacet
  facet normal -0.04462488255940378 -0.8790158506641029 0.47469964623730526
    outer loop
      vertex -27.89185825147418 -28.206876629141703 48.43301270189222
      vertex -27.81460400288044 -28.444640758215492 48
      vertex 31.115308127909156 -31.436327888869258 48
    endloop
  endfacet
  facet normal -0.030643477919535034 -0.8784363271369916 -0.4768758710891832
    outer loop
      vertex -27.217209554896872 -27.532227932564396 59.56698729810778
      vertex 29.422089435742006 -29.743109196702104 60
      vertex -27.139955306303133 -27.769992061638185 60
    endloop
  endfacet
  facet normal -0.03064347791953503 -0.8784363271369916 0.47687587108918317
    outer loop
      vertex -27.139955306303133 -27.769992061638185 60
      vertex 29.422089435742006 -29.743109196702104 60
      vertex -27.217209554896872 -27.532227932564396 60.43301270189222
    endloop
  endfacet
  facet normal -0.03100204481693347 -0.6106747454361835 0.7912744331163628
    outer loop
      vertex -27.89185825147418 -28.206876629141703 48.43301270189222
      vertex 21.980723015108182 -29.372284105868093 49.48759888648175
      vertex -17.881545613650317 -21.334634687121703 54.12894393752897
    endloop
  endfacet
  facet normal 0.0064250820114848525 -0.6968069432241145 -0.7172299507102389
    outer loop
      vertex -27.89185825147418 -28.206876629141703 47.56698729810778
      vertex -17.79951884624936 -22.332067513106665 41.94987151841435
      vertex 18.269331864934774 -21.999485689499856 41.94987151841435
    endloop
  endfacet
  facet normal -0.014438163599225524 -0.877544666879013 -0.4792774739794104
    outer loop
      vertex -27.01973701110259 -27.64977376643764 72
      vertex -27.096991259696328 -27.41200963736385 71.56698729810778
      vertex 28.160648745666304 -28.321158626146357 71.56698729810778
    endloop
  endfacet
  facet normal -0.014438163599225524 -0.877544666879013 0.4792774739794104
    outer loop
      vertex -27.01973701110259 -27.64977376643764 72
      vertex 28.160648745666304 -28.321158626146357 72.43301270189222
      vertex -27.096991259696328 -27.41200963736385 72.43301270189222
    endloop
  endfacet
  facet normal 0.004532125598219205 -0.8762011520779187 -0.4819242688793436
    outer loop
      vertex -28.040099100268385 -28.670135855603437 84
      vertex -28.117353348862125 -28.43237172652965 83.56698729810778
      vertex 28.058945378802246 -28.37996513976235 84
    endloop
  endfacet
  facet normal -0.013086281613383845 -0.6983222307775534 -0.7156638954393301
    outer loop
      vertex -27.096991259696328 -27.41200963736385 71.56698729810778
      vertex -17.705913136051404 -21.917228369956185 66.03363256202853
      vertex 18.20272106207168 -22.59014193157286 66.03363256202853
    endloop
  endfacet
  facet normal -0.033239737617285624 -0.6114965357414521 -0.7905486111677997
    outer loop
      vertex -16.323008064429654 -21.732649350242518 77.88878117297112
      vertex 20.552325373455943 -23.73711926361501 77.88878117297114
      vertex -28.117353348862125 -28.43237172652965 83.56698729810778
    endloop
  endfacet
  facet normal 0.021575063668851476 -0.6775563574969803 -0.7351543368865543
    outer loop
      vertex -27.217209554896872 -27.532227932564396 59.56698729810778
      vertex -17.881545613650317 -21.334634687121703 54.12894393752897
      vertex 15.013884873262768 -20.28716313834712 54.12894393752897
    endloop
  endfacet
  facet normal -0.023909744729783217 -0.6854048485738105 0.7277695498291122
    outer loop
      vertex -27.217209554896872 -27.532227932564396 60.43301270189222
      vertex 29.344835187148266 -29.505345067628316 60.43301270189222
      vertex -17.705913136051404 -21.917228369956185 66.03363256202853
    endloop
  endfacet
  facet normal -0.011213970481564292 -0.6815797537550613 0.7316579023951212
    outer loop
      vertex -27.096991259696328 -27.41200963736385 72.43301270189222
      vertex 28.160648745666304 -28.321158626146357 72.43301270189222
      vertex -21.251784025685605 -21.56680240335313 77.9677344281646
    endloop
  endfacet
  facet normal -0.011213970481564287 -0.6815797537550614 0.7316579023951212
    outer loop
      vertex -21.251784025685605 -21.56680240335313 77.9677344281646
      vertex 28.160648745666304 -28.321158626146357 72.43301270189222
      vertex -16.323008064429654 -21.732649350242518 77.88878117297112
    endloop
  endfacet
  facet normal 0 0 -1
    outer loop
      vertex -24.922745751406264 -25.23776412907379 -0.4330127018922193
      vertex -5.226251859505506 0 -0.4330127018922193
      vertex -3.6955181300451474 -3.6955181300451474 -0.4330127018922193
    endloop
  endfacet
  facet normal 0 0 -1
    outer loop
      vertex -24.922745751406264 -25.23776412907379 -0.4330127018922193
      vertex -3.6955181300451474 -3.6955181300451474 -0.4330127018922193
      vertex 0 -5.226251859505506 -0.4330127018922193
    endloop
  endfacet
  facet normal 0 0 -1
    outer loop
      vertex -24.922745751406264 -25.23776412907379 -0.4330127018922193
      vertex 0 -5.226251859505506 -0.4330127018922193
      vertex 3.6955181300451474 -3.6955181300451474 -0.4330127018922193
    endloop
  endfacet
  facet normal -0.2799809633056542 -0.8616928014882829 0.4231975614883817
    outer loop
      vertex -28.040099100268385 -28.670135855603437 84
      vertex -28.117353348862125 -28.43237172652965 84.43301270189222
      vertex -28.396861846049596 -28.34155391052898 84.43301270189222
    endloop
  endfacet
  facet normal -0.9053484606330582 -0.005192105679060989 0.4246377360385781
    outer loop
      vertex -28.60078020198667 -28.19832950776101 84
      vertex -28.396861846049596 -28.34155391052898 84.43301270189222
      vertex -28.39852595339293 -28.051383194687894 84.43301270189222
    endloop
  endfacet
  facet normal -0.5341020282839989 -0.0030630351680415763 0.8454144789382766
    outer loop
      vertex -28.396861846049596 -28.34155391052898 84.43301270189222
      vertex -28.39565527575556 -28.066513799832126 84.4347714713598
      vertex -28.39852595339293 -28.051383194687894 84.43301270189222
    endloop
  endfacet
  facet normal -0.534102028287143 -0.00306303516886936 0.8454144789362873
    outer loop
      vertex -28.39852595339293 -28.051383194687894 84.43301270189222
      vertex -28.39565527575556 -28.066513799832126 84.4347714713598
      vertex -28.39556689104945 -28.046366329382597 84.43490030622608
    endloop
  endfacet
  facet normal -0.27998096330565625 -0.8616928014882831 -0.4231975614883802
    outer loop
      vertex -28.126908636578218 -28.0716007010576 95.56698729810778
      vertex -27.770145890797007 -28.40018264613206 96
      vertex -28.329162885171957 -28.218547014130717 96
    endloop
  endfacet
  facet normal -0.27998096330565625 -0.861692801488283 0.4231975614883802
    outer loop
      vertex -28.329162885171957 -28.218547014130717 96
      vertex -27.770145890797007 -28.40018264613206 96
      vertex -28.126908636578218 -28.0716007010576 96.43301270189222
    endloop
  endfacet
  facet normal -0.2799809633056543 -0.8616928014882829 -0.4231975614883818
    outer loop
      vertex -28.126908636578218 -28.0716007010576 95.56698729810778
      vertex -27.847400139390746 -28.16241851705827 95.56698729810778
      vertex -27.770145890797007 -28.40018264613206 96
    endloop
  endfacet
  facet normal -0.2799809633056543 -0.8616928014882829 0.4231975614883818
    outer loop
      vertex -28.126908636578218 -28.0716007010576 96.43301270189222
      vertex -27.770145890797007 -28.40018264613206 96
      vertex -27.847400139390746 -28.16241851705827 96.43301270189222
    endloop
  endfacet
  facet normal -0.8246070415280128 -4.319150775190467e-16 0.5657059545933896
    outer loop
      vertex -28.396861846049596 -28.34155391052898 84.43301270189222
      vertex -24.567664890395893 -24.512356954875276 90.01468061150304
      vertex -28.39565527575556 -28.066513799832126 84.4347714713598
    endloop
  endfacet
  facet normal -0.8246070415280216 2.923437240715122e-14 0.5657059545933767
    outer loop
      vertex -28.39565527575556 -28.066513799832126 84.4347714713598
      vertex -24.567664890395893 -24.512356954875276 90.01468061150304
      vertex -28.39556689104945 -28.046366329382597 84.43490030622608
    endloop
  endfacet
  facet normal -0.23377711971109025 -0.7194919927030725 0.6539721177051424
    outer loop
      vertex -28.396861846049596 -28.34155391052898 84.43301270189222
      vertex -28.117353348862125 -28.43237172652965 84.43301270189222
      vertex -24.28815639320842 -24.603174770875945 90.01468061150304
    endloop
  endfacet
  facet normal -0.23377711971109086 -0.7194919927030718 0.6539721177051427
    outer loop
      vertex -28.396861846049596 -28.34155391052898 84.43301270189222
      vertex -24.28815639320842 -24.603174770875945 90.01468061150304
      vertex -24.567664890395893 -24.512356954875276 90.01468061150304
    endloop
  endfacet
  facet normal -0.8246070415280092 -1.2523304512504704e-14 0.5657059545933948
    outer loop
      vertex -28.39556689104945 -28.046366329382597 84.43490030622608
      vertex -24.567664890395893 -24.512356954875276 90.01468061150304
      vertex -24.573120812238752 -24.223920250571897 90.0067277315075
    endloop
  endfacet
  facet normal -0.2403895668557735 -0.7398430124207058 -0.6283670687736183
    outer loop
      vertex -28.126908636578218 -28.0716007010576 95.56698729810778
      vertex -24.567664890395893 -24.512356954875276 90.01468061150304
      vertex -27.847400139390746 -28.16241851705827 95.56698729810778
    endloop
  endfacet
  facet normal 0.09705764215371372 -0.8650061063155912 -0.49228472466277257
    outer loop
      vertex -27.847400139390746 -28.16241851705827 95.56698729810778
      vertex -23.9517650246493 -24.581801779984353 90.0434476740022
      vertex -27.463005063247444 -28.093041818582495 95.52087010833077
    endloop
  endfacet
  facet normal -0.8323219629522025 -0.031003003911913973 -0.5534247588749804
    outer loop
      vertex -28.126908636578218 -28.0716007010576 95.56698729810778
      vertex -24.573120812238752 -24.223920250571897 90.0067277315075
      vertex -24.567664890395893 -24.512356954875276 90.01468061150304
    endloop
  endfacet
  facet normal -0.8513748797880326 0.10107742991320921 0.5147272746105975
    outer loop
      vertex -28.39556689104945 -28.046366329382597 84.43490030622608
      vertex -24.573120812238752 -24.223920250571897 90.0067277315075
      vertex -24.489501938771273 -22.342441448340477 89.77556835976182
    endloop
  endfacet
  facet normal -0.8323219629522075 -0.03100300391189945 -0.5534247588749738
    outer loop
      vertex -28.126908636578218 -28.0716007010576 95.56698729810778
      vertex -24.489501938771273 -22.342441448340477 89.77556835976182
      vertex -24.573120812238752 -24.223920250571897 90.0067277315075
    endloop
  endfacet
  facet normal -0.24038956685577445 -0.7398430124207052 -0.6283670687736184
    outer loop
      vertex -27.847400139390746 -28.16241851705827 95.56698729810778
      vertex -24.567664890395893 -24.512356954875276 90.01468061150304
      vertex -24.28815639320842 -24.603174770875945 90.01468061150304
    endloop
  endfacet
  facet normal 0.09705764215371299 -0.865006106315591 -0.49228472466277295
    outer loop
      vertex -27.847400139390746 -28.16241851705827 95.56698729810778
      vertex -24.28815639320842 -24.603174770875945 90.01468061150304
      vertex -23.9517650246493 -24.581801779984353 90.0434476740022
    endloop
  endfacet
  facet normal 0.10381282873376833 -0.866231153384985 -0.488739690935381
    outer loop
      vertex -27.463005063247444 -28.093041818582495 95.52087010833077
      vertex -23.9517650246493 -24.581801779984353 90.0434476740022
      vertex -22.100960032643616 -24.45604408740967 90.2136856802698
    endloop
  endfacet
  facet normal -0.8100122848663577 -1.3268668392175396e-14 0.5864129077412796
    outer loop
      vertex -28.126908636578218 -28.0716007010576 96.43301270189222
      vertex -24.074129221703412 -23.724928660036557 102.03111784344972
      vertex -28.117554716377853 -27.768354154710998 96.44593327402482
    endloop
  endfacet
  facet normal -0.228296196668408 -0.702623446086085 0.6739444632882252
    outer loop
      vertex -28.126908636578218 -28.0716007010576 96.43301270189222
      vertex -27.847400139390746 -28.16241851705827 96.43301270189222
      vertex -24.06364907409612 -24.008341138575503 102.04559407375955
    endloop
  endfacet
  facet normal -0.8302365438715031 0.06564169935014029 0.553532698696949
    outer loop
      vertex -28.117554716377853 -27.768354154710998 96.44593327402482
      vertex -24.074129221703412 -23.724928660036557 102.03111784344972
      vertex -24.068558530149705 -21.690810989649858 101.79825364380399
    endloop
  endfacet
  facet normal -0.8302365438714941 0.0656416993501221 0.5535326986969645
    outer loop
      vertex -28.117554716377853 -27.768354154710998 96.44593327402482
      vertex -24.068558530149705 -21.690810989649858 101.79825364380399
      vertex -24.068463309771253 -21.65604161630805 101.79427327314338
    endloop
  endfacet
  facet normal -0.8302365438715232 0.06564169935018166 0.5535326986969141
    outer loop
      vertex -28.117554716377853 -27.768354154710998 96.44593327402482
      vertex -24.068463309771253 -21.65604161630805 101.79427327314338
      vertex -24.064610130427234 -21.581420184789195 101.7912034865249
    endloop
  endfacet
  facet normal -0.8100122848663578 -1.2212329502970856e-14 0.5864129077412794
    outer loop
      vertex -28.126908636578218 -28.0716007010576 96.43301270189222
      vertex -24.06364907409612 -24.008341138575503 102.04559407375955
      vertex -24.074129221703412 -23.724928660036557 102.03111784344972
    endloop
  endfacet
  facet normal -0.22829619666840809 -0.7026234460860853 0.6739444632882248
    outer loop
      vertex -27.847400139390746 -28.16241851705827 96.43301270189222
      vertex -23.784140576908648 -24.099158954576172 102.04559407375955
      vertex -24.06364907409612 -24.008341138575503 102.04559407375955
    endloop
  endfacet
  facet normal -0.8460041526772584 -0.0583540468131431 -0.5299733756268928
    outer loop
      vertex -24.06364907409612 -24.008341138575503 102.04559407375955
      vertex -27.29930437850998 -27.243996442989364 107.56698729810778
      vertex -24.074129221703412 -23.724928660036557 102.03111784344972
    endloop
  endfacet
  facet normal -0.24858727226487795 -0.765072955400919 -0.5940267173974674
    outer loop
      vertex -23.784140576908648 -24.099158954576172 102.04559407375955
      vertex -27.01979588132251 -27.334814258990033 107.56698729810778
      vertex -24.06364907409612 -24.008341138575503 102.04559407375955
    endloop
  endfacet
  facet normal 0.04215328435116865 -0.8725804457729517 -0.48664819559214056
    outer loop
      vertex -23.784140576908648 -24.099158954576172 102.04559407375955
      vertex -23.459106318964103 -24.089143074299155 102.05578952967004
      vertex -27.01979588132251 -27.334814258990033 107.56698729810778
    endloop
  endfacet
  facet normal -0.846004152677259 -0.05835404681314094 -0.5299733756268918
    outer loop
      vertex -24.074129221703412 -23.724928660036557 102.03111784344972
      vertex -27.29930437850998 -27.243996442989364 107.56698729810778
      vertex -24.068558530149705 -21.690810989649858 101.79825364380399
    endloop
  endfacet
  facet normal 0.04393091740296272 -0.8729518807274788 -0.4858241332318638
    outer loop
      vertex -26.6638549096773 -27.293891665012353 107.52444285945009
      vertex -23.459106318964103 -24.089143074299155 102.05578952967004
      vertex -20.987750297468683 -24.010130682383096 102.13729005305147
    endloop
  endfacet
  facet normal -0.9060374296629709 0 -0.423197561488387
    outer loop
      vertex -29.708041332370392 -29.597425461329152 120
      vertex -29.505787083776653 -29.156586522109798 119.56698729810778
      vertex -29.505787083776653 -29.450479148256036 119.56698729810778
    endloop
  endfacet
  facet normal -0.9060374296629709 0 -0.42319756148838705
    outer loop
      vertex -29.708041332370392 -29.597425461329152 120
      vertex -29.708041332370392 -29.009640209036682 120
      vertex -29.505787083776653 -29.156586522109798 119.56698729810778
    endloop
  endfacet
  facet normal -0.9051704987869548 0.006501425653309132 -0.42499894069309124
    outer loop
      vertex -29.708041332370392 -29.009640209036682 120
      vertex -29.70775825576436 -28.970228454393933 120
      vertex -29.505787083776653 -29.156586522109798 119.56698729810778
    endloop
  endfacet
  facet normal -0.905170498786955 0.006501425653309215 -0.4249989406930911
    outer loop
      vertex -29.70775825576436 -28.970228454393933 120
      vertex -29.50550400717062 -29.11717476746705 119.56698729810778
      vertex -29.505787083776653 -29.156586522109798 119.56698729810778
    endloop
  endfacet
  facet normal -0.9060374296629709 0 0.423197561488387
    outer loop
      vertex -29.708041332370392 -29.597425461329152 120
      vertex -29.505787083776653 -29.450479148256036 120.43301270189222
      vertex -29.505787083776653 -29.156586522109798 120.43301270189222
    endloop
  endfacet
  facet normal -0.9060374296629709 0 0.42319756148838705
    outer loop
      vertex -29.708041332370392 -29.597425461329152 120
      vertex -29.505787083776653 -29.156586522109798 120.43301270189222
      vertex -29.708041332370392 -29.009640209036682 120
    endloop
  endfacet
  facet normal -0.9051704987869548 0.006501425653309132 0.42499894069309124
    outer loop
      vertex -29.708041332370392 -29.009640209036682 120
      vertex -29.505787083776653 -29.156586522109798 120.43301270189222
      vertex -29.70775825576436 -28.970228454393933 120
    endloop
  endfacet
  facet normal -0.905170498786955 0.006501425653309215 0.4249989406930911
    outer loop
      vertex -29.70775825576436 -28.970228454393933 120
      vertex -29.505787083776653 -29.156586522109798 120.43301270189222
      vertex -29.50550400717062 -29.11717476746705 120.43301270189222
    endloop
  endfacet
  facet normal -0.27998096330565625 -0.861692801488283 -0.4231975614883802
    outer loop
      vertex -29.708041332370392 -29.597425461329152 120
      vertex -29.505787083776653 -29.450479148256036 119.56698729810778
      vertex -29.149024337995442 -29.779061093330494 120
    endloop
  endfacet
  facet normal -0.2799809633056543 -0.8616928014882829 -0.4231975614883817
    outer loop
      vertex -29.22627858658918 -29.541296964256706 119.56698729810778
      vertex -29.149024337995442 -29.779061093330494 120
      vertex -29.505787083776653 -29.450479148256036 119.56698729810778
    endloop
  endfacet
  facet normal -0.27998096330565625 -0.861692801488283 0.4231975614883802
    outer loop
      vertex -29.708041332370392 -29.597425461329152 120
      vertex -29.149024337995442 -29.779061093330494 120
      vertex -29.505787083776653 -29.450479148256036 120.43301270189222
    endloop
  endfacet
  facet normal -0.2799809633056542 -0.8616928014882829 0.4231975614883817
    outer loop
      vertex -29.149024337995442 -29.779061093330494 120
      vertex -29.22627858658918 -29.541296964256706 120.43301270189222
      vertex -29.505787083776653 -29.450479148256036 120.43301270189222
    endloop
  endfacet
  facet normal -0.5812482220751742 0.004174840106923646 -0.8137155983785308
    outer loop
      vertex -29.505787083776653 -29.156586522109798 119.56698729810778
      vertex -29.50550400717062 -29.11717476746705 119.56698729810778
      vertex -29.489545691280014 -29.136641283125336 119.5554881793153
    endloop
  endfacet
  facet normal -0.5152476822810452 0 0.8570413210015086
    outer loop
      vertex -29.505787083776653 -29.450479148256036 120.43301270189222
      vertex -29.495562539218252 -29.400661439165646 120.4391596317508
      vertex -29.505787083776653 -29.156586522109798 120.43301270189222
    endloop
  endfacet
  facet normal -0.5152476822810452 0 0.8570413210015086
    outer loop
      vertex -29.495562539218252 -29.400661439165646 120.4391596317508
      vertex -29.495562539218252 -29.106768813019407 120.4391596317508
      vertex -29.505787083776653 -29.156586522109798 120.43301270189222
    endloop
  endfacet
  facet normal -0.5287713535699066 0.0037979227642100967 0.8487558137806928
    outer loop
      vertex -29.505787083776653 -29.156586522109798 120.43301270189222
      vertex -29.495562539218252 -29.106768813019407 120.4391596317508
      vertex -29.50550400717062 -29.11717476746705 120.43301270189222
    endloop
  endfacet
  facet normal -0.27998096330565625 -0.861692801488283 -0.4231975614883802
    outer loop
      vertex -26.94254163272877 -27.57257838806382 108
      vertex -27.50155862710372 -27.39094275606248 108
      vertex -27.29930437850998 -27.243996442989364 107.56698729810778
    endloop
  endfacet
  facet normal -0.2799809633056542 -0.8616928014882829 -0.4231975614883817
    outer loop
      vertex -26.94254163272877 -27.57257838806382 108
      vertex -27.29930437850998 -27.243996442989364 107.56698729810778
      vertex -27.01979588132251 -27.334814258990033 107.56698729810778
    endloop
  endfacet
  facet normal -0.27998096330565625 -0.861692801488283 0.4231975614883802
    outer loop
      vertex -26.94254163272877 -27.57257838806382 108
      vertex -27.29930437850998 -27.243996442989364 108.43301270189222
      vertex -27.50155862710372 -27.39094275606248 108
    endloop
  endfacet
  facet normal -0.2799809633056542 -0.8616928014882829 0.4231975614883817
    outer loop
      vertex -26.94254163272877 -27.57257838806382 108
      vertex -27.01979588132251 -27.334814258990033 108.43301270189222
      vertex -27.29930437850998 -27.243996442989364 108.43301270189222
    endloop
  endfacet
  facet normal -0.24858727226487784 -0.7650729554009194 -0.5940267173974673
    outer loop
      vertex -24.06364907409612 -24.008341138575503 102.04559407375955
      vertex -27.01979588132251 -27.334814258990033 107.56698729810778
      vertex -27.29930437850998 -27.243996442989364 107.56698729810778
    endloop
  endfacet
  facet normal 0.042153284351151 -0.8725804457729477 -0.48664819559214967
    outer loop
      vertex -27.01979588132251 -27.334814258990033 107.56698729810778
      vertex -23.459106318964103 -24.089143074299155 102.05578952967004
      vertex -26.6638549096773 -27.293891665012353 107.52444285945009
    endloop
  endfacet
  facet normal -0.18719577233111653 -0.5761293467322854 0.7956335328875893
    outer loop
      vertex -27.29930437850998 -27.243996442989364 108.43301270189222
      vertex -27.01979588132251 -27.334814258990033 108.43301270189222
      vertex -21.564369705114096 -21.50906176959348 113.93506799675023
    endloop
  endfacet
  facet normal -0.5784788366762789 1.9000342698173502e-14 -0.8156973921238557
    outer loop
      vertex -21.564369705114096 -21.50906176959348 113.93506799675023
      vertex -29.505787083776653 -29.156586522109798 119.56698729810778
      vertex -21.577360503959795 -21.22815994229294 113.94428085224827
    endloop
  endfacet
  facet normal -0.15156265618750414 -0.4664618917988356 -0.8714597321441995
    outer loop
      vertex -21.284861207926625 -21.59987958559415 113.93506799675023
      vertex -29.22627858658918 -29.541296964256706 119.56698729810778
      vertex -21.564369705114096 -21.50906176959348 113.93506799675023
    endloop
  endfacet
  facet normal -0.15156265618750261 -0.46646189179883674 -0.871459732144199
    outer loop
      vertex -21.564369705114096 -21.50906176959348 113.93506799675023
      vertex -29.22627858658918 -29.541296964256706 119.56698729810778
      vertex -29.505787083776653 -29.450479148256036 119.56698729810778
    endloop
  endfacet
  facet normal -0.5784788366762655 0 -0.815697392123865
    outer loop
      vertex -21.564369705114096 -21.50906176959348 113.93506799675023
      vertex -29.505787083776653 -29.450479148256036 119.56698729810778
      vertex -29.505787083776653 -29.156586522109798 119.56698729810778
    endloop
  endfacet
  facet normal -0.5812482220740249 0.004174840105473735 -0.8137155983793591
    outer loop
      vertex -21.577360503959795 -21.22815994229294 113.94428085224827
      vertex -29.505787083776653 -29.156586522109798 119.56698729810778
      vertex -29.489545691280014 -29.136641283125336 119.5554881793153
    endloop
  endfacet
  facet normal 0.029269420872166683 -0.5975407947138914 -0.8013041243214083
    outer loop
      vertex -21.284861207926625 -21.59987958559415 113.93506799675023
      vertex -29.133902223870095 -29.521351725272243 119.5554881793153
      vertex -29.22627858658918 -29.541296964256706 119.56698729810778
    endloop
  endfacet
  facet normal -0.505027695721856 -0.0028449210654179946 0.8630984491806272
    outer loop
      vertex -29.505787083776653 -29.450479148256036 120.43301270189222
      vertex -20.077990693294804 -20.022682757774188 125.98060652264023
      vertex -29.495562539218252 -29.400661439165646 120.4391596317508
    endloop
  endfacet
  facet normal -0.1307509067195876 -0.40240991308161295 0.9060742034986177
    outer loop
      vertex -29.22627858658918 -29.541296964256706 120.43301270189222
      vertex -20.077990693294804 -20.022682757774188 125.98060652264023
      vertex -29.505787083776653 -29.450479148256036 120.43301270189222
    endloop
  endfacet
  facet normal -0.832321962952207 -0.031003003911900542 -0.5534247588749746
    outer loop
      vertex -28.126908636578218 -28.0716007010576 95.56698729810778
      vertex -24.77080459495688 -19.806010286777912 90.05654132178105
      vertex -24.489501938771273 -22.342441448340477 89.77556835976182
    endloop
  endfacet
  facet normal -0.7066920427886789 0 -0.7075212764710076
    outer loop
      vertex -24.47645521784226 -22.166187631472734 89.76253692993542
      vertex -24.77080459495688 -19.806010286777912 90.05654132178105
      vertex -24.77080459495688 -19.512117660631674 90.05654132178105
    endloop
  endfacet
  facet normal -0.7066920427886586 5.132978278265225e-15 -0.707521276471028
    outer loop
      vertex -24.489501938771273 -22.342441448340477 89.77556835976182
      vertex -24.77080459495688 -19.806010286777912 90.05654132178105
      vertex -24.47645521784226 -22.166187631472734 89.76253692993542
    endloop
  endfacet
  facet normal -0.4339184913812612 0.05151592669912384 -0.8994780998633266
    outer loop
      vertex -24.47645521784226 -22.166187631472734 89.76253692993542
      vertex -24.77080459495688 -19.512117660631674 90.05654132178105
      vertex -24.109000213303702 -19.071115263831953 89.76253692993542
    endloop
  endfacet
  facet normal -0.6231148519100668 0 -0.7821303480425085
    outer loop
      vertex -24.064610130427234 -21.581420184789195 101.7912034865249
      vertex -24.064610130427234 -21.390131634701067 101.7912034865249
      vertex -24.057426506557082 -21.44230070738494 101.78548037050565
    endloop
  endfacet
  facet normal -0.451273619917836 0.03567943076216232 -0.8916720799636718
    outer loop
      vertex -24.057426506557082 -21.44230070738494 101.78548037050565
      vertex -24.064610130427234 -21.390131634701067 101.7912034865249
      vertex -24.05286623441596 -21.384622362384054 101.78548037050565
    endloop
  endfacet
  facet normal -0.5341020282889594 -0.003063035167368397 0.8454144789351452
    outer loop
      vertex -28.39852595339293 -28.051383194687894 84.43301270189222
      vertex -28.39556689104945 -28.046366329382597 84.43490030622608
      vertex -22.836562091706877 0.3684412602889359 88.04982691283858
    endloop
  endfacet
  facet normal -0.851374879788033 0.10107742991321098 0.5147272746105963
    outer loop
      vertex -28.39556689104945 -28.046366329382597 84.43490030622608
      vertex -24.489501938771273 -22.342441448340477 89.77556835976182
      vertex -22.836562091706877 0.3684412602889359 88.04982691283858
    endloop
  endfacet
  facet normal -0.4339184913812615 0.05151592669912416 -0.8994780998633266
    outer loop
      vertex -24.77080459495688 -19.512117660631674 90.05654132178105
      vertex -23.42485798709064 -13.308587406720985 89.76253692993542
      vertex -24.109000213303702 -19.071115263831953 89.76253692993542
    endloop
  endfacet
  facet normal -0.4512736199178431 0.03567943076218222 -0.8916720799636673
    outer loop
      vertex -24.05286623441596 -21.384622362384054 101.78548037050565
      vertex -24.064610130427234 -21.390131634701067 101.7912034865249
      vertex -23.60828361156685 -15.761539110216852 101.78548037050565
    endloop
  endfacet
  facet normal -0.8302365438715029 0.06564169935013994 0.5535326986969493
    outer loop
      vertex -28.117554716377853 -27.768354154710998 96.44593327402482
      vertex -24.064610130427234 -21.581420184789195 101.7912034865249
      vertex -23.6425568299376 -0.19881638777760405 99.88854014121976
    endloop
  endfacet
  facet normal -0.5812482220749372 0.004174840106881273 -0.8137155983787006
    outer loop
      vertex -21.577360503959795 -21.22815994229294 113.94428085224827
      vertex -29.489545691280014 -29.136641283125336 119.5554881793153
      vertex -21.65103155198921 -19.51055547652908 114.00571741533804
    endloop
  endfacet
  facet normal -0.51524768228126 0 0.8570413210013795
    outer loop
      vertex -29.495562539218252 -29.400661439165646 120.4391596317508
      vertex -23.741022144050934 -1.3624424536756279 123.89875198575712
      vertex -29.495562539218252 -29.106768813019407 120.4391596317508
    endloop
  endfacet
  facet normal -0.5287713535698495 0.0037979227641344784 0.8487558137807285
    outer loop
      vertex -29.50550400717062 -29.11717476746705 120.43301270189222
      vertex -29.495562539218252 -29.106768813019407 120.4391596317508
      vertex -23.741022144050934 -1.0685498275293912 123.89875198575712
    endloop
  endfacet
  facet normal -0.5050276957217993 -0.0028449210654942336 0.8630984491806604
    outer loop
      vertex -29.495562539218252 -29.400661439165646 120.4391596317508
      vertex -20.077999438127176 -20.019703106688503 125.98061122718998
      vertex -23.741022144050934 -1.3624424536756279 123.89875198575712
    endloop
  endfacet
  facet normal 0.004272277089986851 -0.8259643355230084 0.5637061859626001
    outer loop
      vertex -28.117353348862125 -28.43237172652965 84.43301270189222
      vertex -3.658500183284002 -28.29383008340823 84.45063794430362
      vertex -24.28815639320842 -24.603174770875945 90.01468061150304
    endloop
  endfacet
  facet normal 0.029269420872241388 -0.5975407947139405 -0.801304124321369
    outer loop
      vertex -21.284861207926625 -21.59987958559415 113.93506799675023
      vertex -17.441002908947237 -21.522925572455193 114.01808809129292
      vertex -29.133902223870095 -29.521351725272243 119.5554881793153
    endloop
  endfacet
  facet normal -0.6619947346426561 -0.05513046632661316 0.7474781622147965
    outer loop
      vertex -27.29930437850998 -27.243996442989364 108.43301270189222
      vertex -21.564369705114096 -21.50906176959348 113.93506799675023
      vertex -21.577360503959795 -21.22815994229294 113.94428085224827
    endloop
  endfacet
  facet normal -0.18719577233111712 -0.5761293467322859 0.795633532887589
    outer loop
      vertex -27.01979588132251 -27.334814258990033 108.43301270189222
      vertex -21.284861207926625 -21.59987958559415 113.93506799675023
      vertex -21.564369705114096 -21.50906176959348 113.93506799675023
    endloop
  endfacet
  facet normal -0.6619947346426636 -0.05513046632660101 0.7474781622147907
    outer loop
      vertex -27.29930437850998 -27.243996442989364 108.43301270189222
      vertex -21.577360503959795 -21.22815994229294 113.94428085224827
      vertex -21.65103155198921 -19.51055547652908 114.00571741533804
    endloop
  endfacet
  facet normal -0.6619947346426674 -0.05513046632659598 0.7474781622147877
    outer loop
      vertex -27.29930437850998 -27.243996442989364 108.43301270189222
      vertex -21.65103155198921 -19.51055547652908 114.00571741533804
      vertex -21.776384794843526 -16.588005906735205 114.11025335746358
    endloop
  endfacet
  facet normal -0.5050276957227149 -0.0028449210641463187 0.8630984491801289
    outer loop
      vertex -29.495562539218252 -29.400661439165646 120.4391596317508
      vertex -20.077990693294804 -20.022682757774188 125.98060652264023
      vertex -20.077999438127176 -20.019703106688503 125.98061122718998
    endloop
  endfacet
  facet normal -0.13075090671957884 -0.402409913081622 0.9060742034986149
    outer loop
      vertex -29.22627858658918 -29.541296964256706 120.43301270189222
      vertex -19.798482196107326 -20.11350057377485 125.98060652264023
      vertex -20.077990693294804 -20.022682757774188 125.98060652264023
    endloop
  endfacet
  facet normal 0.00034144184938007913 -0.5073980655778864 0.8617117188858942
    outer loop
      vertex -29.22627858658918 -29.541296964256706 120.43301270189222
      vertex -14.338866983195567 -20.32966022949361 125.85116284694426
      vertex -19.798482196107326 -20.11350057377485 125.98060652264023
    endloop
  endfacet
  facet normal -0.9060374296629656 0 -0.42319756148839843
    outer loop
      vertex -30.46197170925326 -30.406663773732642 131.5669872981078
      vertex -30.664225957847 -30.553610086805758 132
      vertex -30.664225957847 -29.96582483451329 132
    endloop
  endfacet
  facet normal -0.2799809633056546 -0.8616928014882779 -0.4231975614883916
    outer loop
      vertex -30.46197170925326 -30.406663773732642 131.5669872981078
      vertex -30.105208963472048 -30.7352457188071 132
      vertex -30.664225957847 -30.553610086805758 132
    endloop
  endfacet
  facet normal -0.27998096330565264 -0.8616928014882778 -0.4231975614883931
    outer loop
      vertex -30.182463212065787 -30.49748158973331 131.5669872981078
      vertex -30.105208963472048 -30.7352457188071 132
      vertex -30.46197170925326 -30.406663773732642 131.5669872981078
    endloop
  endfacet
  facet normal -0.9060374296629655 0 -0.4231975614883984
    outer loop
      vertex -30.46197170925326 -30.406663773732642 131.5669872981078
      vertex -30.664225957847 -29.96582483451329 132
      vertex -30.46197170925326 -30.112771147586404 131.5669872981078
    endloop
  endfacet
  facet normal -0.8945903375508989 0.06952734067316958 -0.44144544041080086
    outer loop
      vertex -30.46197170925326 -30.112771147586404 131.5669872981078
      vertex -30.664225957847 -29.96582483451329 132
      vertex -30.326136385040687 -28.365013109351047 131.5669872981078
    endloop
  endfacet
  facet normal -0.47377148024700966 0 -0.8806478209276154
    outer loop
      vertex -30.46197170925326 -30.406663773732642 131.5669872981078
      vertex -30.46197170925326 -30.112771147586404 131.5669872981078
      vertex -29.276447716187576 -29.22113978066696 130.92919833898512
    endloop
  endfacet
  facet normal -0.12133686390891883 -0.3734364685049545 -0.9196861255054882
    outer loop
      vertex -30.182463212065787 -30.49748158973331 131.5669872981078
      vertex -30.46197170925326 -30.406663773732642 131.5669872981078
      vertex -28.996939219000105 -29.31195759666763 130.92919833898512
    endloop
  endfacet
  facet normal -0.12133686390891879 -0.37343646850495454 -0.9196861255054882
    outer loop
      vertex -30.46197170925326 -30.406663773732642 131.5669872981078
      vertex -29.276447716187576 -29.22113978066696 130.92919833898512
      vertex -28.996939219000105 -29.31195759666763 130.92919833898512
    endloop
  endfacet
  facet normal -0.9060374296629654 0 0.42319756148839843
    outer loop
      vertex -30.664225957847 -30.553610086805758 132
      vertex -30.46197170925326 -30.112771147586404 132.4330127018922
      vertex -30.664225957847 -29.96582483451329 132
    endloop
  endfacet
  facet normal -0.2799809633056546 -0.8616928014882779 0.4231975614883916
    outer loop
      vertex -30.664225957847 -30.553610086805758 132
      vertex -30.105208963472048 -30.7352457188071 132
      vertex -30.46197170925326 -30.406663773732642 132.4330127018922
    endloop
  endfacet
  facet normal -0.2799809633056527 -0.8616928014882778 0.42319756148839316
    outer loop
      vertex -30.105208963472048 -30.7352457188071 132
      vertex -30.182463212065787 -30.49748158973331 132.4330127018922
      vertex -30.46197170925326 -30.406663773732642 132.4330127018922
    endloop
  endfacet
  facet normal -0.9060374296629655 0 0.4231975614883984
    outer loop
      vertex -30.664225957847 -30.553610086805758 132
      vertex -30.46197170925326 -30.406663773732642 132.4330127018922
      vertex -30.46197170925326 -30.112771147586404 132.4330127018922
    endloop
  endfacet
  facet normal -0.7328968822218712 0 0.680339738681683
    outer loop
      vertex -30.46197170925326 -30.406663773732642 132.4330127018922
      vertex -30.265949829278522 -28.472756297833293 132.6441775310394
      vertex -30.46197170925326 -30.112771147586404 132.4330127018922
    endloop
  endfacet
  facet normal -0.8945903375508989 0.06952734067316958 -0.44144544041080086
    outer loop
      vertex -30.664225957847 -29.96582483451329 132
      vertex -30.528390633634427 -28.21806679627793 132
      vertex -30.326136385040687 -28.365013109351047 131.5669872981078
    endloop
  endfacet
  facet normal -0.5034738380780298 0.03912986267648764 -0.8631239471929261
    outer loop
      vertex -30.46197170925326 -30.112771147586404 131.5669872981078
      vertex -30.326136385040687 -28.365013109351047 131.5669872981078
      vertex -29.276447716187576 -28.92724715452072 130.92919833898512
    endloop
  endfacet
  facet normal -0.4737714802470097 0 -0.8806478209276154
    outer loop
      vertex -30.46197170925326 -30.112771147586404 131.5669872981078
      vertex -29.276447716187576 -28.92724715452072 130.92919833898512
      vertex -29.276447716187576 -29.22113978066696 130.92919833898512
    endloop
  endfacet
  facet normal -0.8994080793692433 0.04367495466099392 0.4349225276996919
    outer loop
      vertex -30.664225957847 -29.96582483451329 132
      vertex -30.46197170925326 -30.112771147586404 132.4330127018922
      vertex -30.46820407787226 -28.03191735861394 132.21116482914718
    endloop
  endfacet
  facet normal -0.974547564968118 0.0757415966924537 0.21099823256413602
    outer loop
      vertex -30.664225957847 -29.96582483451329 132
      vertex -30.46820407787226 -28.03191735861394 132.21116482914718
      vertex -30.528390633634427 -28.21806679627793 132
    endloop
  endfacet
  facet normal -0.7328968822218713 0 0.680339738681683
    outer loop
      vertex -30.46197170925326 -30.112771147586404 132.4330127018922
      vertex -30.265949829278522 -28.472756297833293 132.6441775310394
      vertex -30.265949829278522 -28.178863671687054 132.6441775310394
    endloop
  endfacet
  facet normal -0.8994080793692433 0.043674954660993935 0.4349225276996919
    outer loop
      vertex -30.46197170925326 -30.112771147586404 132.4330127018922
      vertex -30.265949829278522 -28.178863671687054 132.6441775310394
      vertex -30.46820407787226 -28.03191735861394 132.21116482914718
    endloop
  endfacet
  facet normal -0.17317805733038416 -0.5329872560457167 0.8282112926977824
    outer loop
      vertex -30.182463212065787 -30.49748158973331 132.4330127018922
      vertex -23.706774916799287 -23.65146698127867 138.19275746982692
      vertex -30.46197170925326 -30.406663773732642 132.4330127018922
    endloop
  endfacet
  facet normal -0.6373173854150067 -0.01951673946272692 0.7703542348351984
    outer loop
      vertex -30.46197170925326 -30.406663773732642 132.4330127018922
      vertex -23.706774916799287 -23.65146698127867 138.19275746982692
      vertex -30.265949829278522 -28.472756297833293 132.6441775310394
    endloop
  endfacet
  facet normal -0.03877729348884318 -0.44306524514877693 -0.8956503280024711
    outer loop
      vertex -30.182463212065787 -30.49748158973331 131.5669872981078
      vertex -28.996939219000105 -29.31195759666763 130.92919833898512
      vertex -22.928124509069377 -29.473246106452677 130.74623533335068
    endloop
  endfacet
  facet normal -0.473771480247005 0 -0.8806478209276178
    outer loop
      vertex -29.276447716187576 -29.22113978066696 130.92919833898512
      vertex -29.276447716187576 -28.92724715452072 130.92919833898512
      vertex -20.077990693294804 -20.022682757774188 125.98060652264023
    endloop
  endfacet
  facet normal -0.12133686390891754 -0.37343646850495055 -0.91968612550549
    outer loop
      vertex -29.276447716187576 -29.22113978066696 130.92919833898512
      vertex -20.077990693294804 -20.022682757774188 125.98060652264023
      vertex -28.996939219000105 -29.31195759666763 130.92919833898512
    endloop
  endfacet
  facet normal -0.1731780573303841 -0.5329872560457156 0.8282112926977833
    outer loop
      vertex -30.182463212065787 -30.49748158973331 132.4330127018922
      vertex -23.427266419611815 -23.74228479727934 138.19275746982692
      vertex -23.706774916799287 -23.65146698127867 138.19275746982692
    endloop
  endfacet
  facet normal -0.6373173854146249 -0.019516739463583895 0.7703542348354925
    outer loop
      vertex -30.265949829278522 -28.472756297833293 132.6441775310394
      vertex -23.712485953740877 -23.601870082699637 138.1892892298107
      vertex -23.713058434996167 -23.584570848763452 138.18925388553149
    endloop
  endfacet
  facet normal -0.6373173854151866 -0.019516739462317266 0.7703542348350598
    outer loop
      vertex -30.265949829278522 -28.472756297833293 132.6441775310394
      vertex -23.706774916799287 -23.65146698127867 138.19275746982692
      vertex -23.712485953740877 -23.601870082699637 138.1892892298107
    endloop
  endfacet
  facet normal -0.6373173854150229 -0.01951673946269014 0.7703542348351857
    outer loop
      vertex -30.265949829278522 -28.472756297833293 132.6441775310394
      vertex -23.713058434996167 -23.584570848763452 138.18925388553149
      vertex -23.722195867924565 -23.308455974531398 138.18868975181024
    endloop
  endfacet
  facet normal -0.6373173854150015 -0.01951673946273524 0.7703542348352025
    outer loop
      vertex -30.265949829278522 -28.472756297833293 132.6441775310394
      vertex -23.722195867924565 -23.308455974531398 138.18868975181024
      vertex -23.767569032480345 -21.93737005543118 138.18588846917817
    endloop
  endfacet
  facet normal 0.019626574409828623 -0.6599807663887864 0.7510260884774947
    outer loop
      vertex -30.182463212065787 -30.49748158973331 132.4330127018922
      vertex -23.140483228997 -23.77051998433205 138.1604506666512
      vertex -23.427266419611815 -23.74228479727934 138.19275746982692
    endloop
  endfacet
  facet normal 0.01962657440984023 -0.6599807663887938 0.7510260884774879
    outer loop
      vertex -30.182463212065787 -30.49748158973331 132.4330127018922
      vertex -20.45703062804215 -23.735367123848025 138.12121531811005
      vertex -23.140483228997 -23.77051998433205 138.1604506666512
    endloop
  endfacet
  facet normal -0.27998096330565264 -0.8616928014882778 -0.42319756148839316
    outer loop
      vertex -26.126739431146195 -26.07143149562558 143.5669872981078
      vertex -25.847230933958723 -26.162249311626248 143.5669872981078
      vertex -25.769976685364984 -26.400013440700036 144
    endloop
  endfacet
  facet normal -0.2799809633056546 -0.8616928014882779 -0.4231975614883916
    outer loop
      vertex -26.328993679739934 -26.218377808698694 144
      vertex -26.126739431146195 -26.07143149562558 143.5669872981078
      vertex -25.769976685364984 -26.400013440700036 144
    endloop
  endfacet
  facet normal -0.9878630094403097 -1.2050601485738557e-15 0.15532763623880552
    outer loop
      vertex -26.328993679739934 -26.218377808698694 144
      vertex -25.385577630625136 -25.274961759583896 150
      vertex -26.319038312115747 -25.620637188782037 144.0633148077152
    endloop
  endfacet
  facet normal -0.3031246731305489 -0.9329218162055161 0.19435101591527454
    outer loop
      vertex -26.328993679739934 -26.218377808698694 144
      vertex -25.769976685364984 -26.400013440700036 144
      vertex -25.385577630625136 -25.274961759583896 150
    endloop
  endfacet
  facet normal -0.9841345915281242 0.11271694561242562 0.13701823210645123
    outer loop
      vertex -26.319038312115747 -25.620637188782037 144.0633148077152
      vertex -25.385577630625136 -24.687176507291426 150
      vertex -26.170837959264166 -24.776099206253456 144.4330127018922
    endloop
  endfacet
  facet normal -0.879860789995062 -0.13321505717461932 -0.4561784067349399
    outer loop
      vertex -26.328993679739934 -26.218377808698694 144
      vertex -23.712485953740877 -23.601870082699637 138.1892892298107
      vertex -26.126739431146195 -26.07143149562558 143.5669872981078
    endloop
  endfacet
  facet normal -0.9061148947220503 -0.030847940324486543 -0.42190544217938736
    outer loop
      vertex -26.328993679739934 -26.218377808698694 144
      vertex -26.137774031709426 -26.00492273120718 143.5737158074868
      vertex -23.712485953740877 -23.601870082699637 138.1892892298107
    endloop
  endfacet
  facet normal -0.2687671623601051 -0.8271802709290058 -0.4934946928009596
    outer loop
      vertex -26.126739431146195 -26.07143149562558 143.5669872981078
      vertex -23.706774916799287 -23.65146698127867 138.19275746982692
      vertex -25.847230933958723 -26.162249311626248 143.5669872981078
    endloop
  endfacet
  facet normal -0.13803434054173894 -0.8783442948755023 -0.45766562083126155
    outer loop
      vertex -25.769976685364984 -26.400013440700036 144
      vertex -25.847230933958723 -26.162249311626248 143.5669872981078
      vertex -23.140483228997 -23.77051998433205 138.1604506666512
    endloop
  endfacet
  facet normal 0.005987367652275002 -0.9128126123250185 -0.40833477222613773
    outer loop
      vertex -25.769976685364984 -26.400013440700036 144
      vertex -23.140483228997 -23.77051998433205 138.1604506666512
      vertex -25.16259893002217 -26.20232693364838 143.5669872981078
    endloop
  endfacet
  facet normal 0.005987367652078051 -0.9128126123249922 -0.40833477222619957
    outer loop
      vertex -25.16259893002217 -26.20232693364838 143.5669872981078
      vertex -23.140483228997 -23.77051998433205 138.1604506666512
      vertex -25.122464679112138 -26.19985829555627 143.56205726126785
    endloop
  endfacet
  facet normal -0.13803434054176245 -0.8783442948754941 -0.4576656208312699
    outer loop
      vertex -25.847230933958723 -26.162249311626248 143.5669872981078
      vertex -23.427266419611815 -23.74228479727934 138.19275746982692
      vertex -23.140483228997 -23.77051998433205 138.1604506666512
    endloop
  endfacet
  facet normal -0.8798607899950466 -0.13321505717466567 -0.4561784067349562
    outer loop
      vertex -26.126739431146195 -26.07143149562558 143.5669872981078
      vertex -23.712485953740877 -23.601870082699637 138.1892892298107
      vertex -23.706774916799287 -23.65146698127867 138.19275746982692
    endloop
  endfacet
  facet normal -0.9061148947221216 -0.030847940324134595 -0.4219054421792605
    outer loop
      vertex -26.137774031709426 -26.00492273120718 143.5737158074868
      vertex -23.713058434996167 -23.584570848763452 138.18925388553149
      vertex -23.712485953740877 -23.601870082699637 138.1892892298107
    endloop
  endfacet
  facet normal -0.9061148947220211 -0.030847940324630983 -0.4219054421794396
    outer loop
      vertex -26.137774031709426 -26.00492273120718 143.5737158074868
      vertex -23.722195867924565 -23.308455974531398 138.18868975181024
      vertex -23.713058434996167 -23.584570848763452 138.18925388553149
    endloop
  endfacet
  facet normal -0.2687671623601048 -0.827180270929006 -0.4934946928009594
    outer loop
      vertex -25.847230933958723 -26.162249311626248 143.5669872981078
      vertex -23.706774916799287 -23.65146698127867 138.19275746982692
      vertex -23.427266419611815 -23.74228479727934 138.19275746982692
    endloop
  endfacet
  facet normal -0.9878630094403097 0 0.15532763623880544
    outer loop
      vertex -26.319038312115747 -25.620637188782037 144.0633148077152
      vertex -25.385577630625136 -25.274961759583896 150
      vertex -25.385577630625136 -24.687176507291426 150
    endloop
  endfacet
  facet normal -0.3031246731305489 -0.9329218162055161 0.19435101591527454
    outer loop
      vertex -25.769976685364984 -26.400013440700036 144
      vertex -24.826560636250186 -25.456597391585237 150
      vertex -25.385577630625136 -25.274961759583896 150
    endloop
  endfacet
  facet normal -0.30901455219606583 -0.9510490000414106 -0.003975682494579161
    outer loop
      vertex -25.385577630625136 -25.274961759583896 150
      vertex -24.826560636250186 -25.456597391585237 150
      vertex -25.404508497187475 -25.293892626146235 156
    endloop
  endfacet
  facet normal -0.9999950225689846 0 -0.0031551287225427267
    outer loop
      vertex -25.385577630625136 -25.274961759583896 150
      vertex -25.404264758313854 -24.705863634980144 155.92274874280542
      vertex -25.385577630625136 -24.687176507291426 150
    endloop
  endfacet
  facet normal -0.9841345915281242 0.11271694561242569 0.13701823210645123
    outer loop
      vertex -26.170837959264166 -24.776099206253456 144.4330127018922
      vertex -25.385577630625136 -24.687176507291426 150
      vertex -25.18412728629356 -22.711663482771975 149.82177888713036
    endloop
  endfacet
  facet normal -0.9999950225689846 8.60188078801718e-16 -0.0031551287225429093
    outer loop
      vertex -25.385577630625136 -24.687176507291426 150
      vertex -25.404240512527572 -24.66310268131008 155.91506421778814
      vertex -25.386655585723325 -21.841171116674378 150.34165000148582
    endloop
  endfacet
  facet normal 0.06417875060407274 -0.9979340701027697 -0.0029461328925507275
    outer loop
      vertex -24.826560636250186 -25.456597391585237 150
      vertex -23.18090226420782 -25.35147699166166 150.24203582059965
      vertex -24.845491502812525 -25.475528258147577 156
    endloop
  endfacet
  facet normal -0.9999950225689848 1.0073679067757827e-15 -0.003155128722542823
    outer loop
      vertex -25.385577630625136 -25.274961759583896 150
      vertex -25.404508497187475 -25.293892626146235 156
      vertex -25.404264758313854 -24.705863634980144 155.92274874280542
    endloop
  endfacet
  facet normal -0.9999950225689848 -2.4781759754351123e-14 -0.0031551287225428043
    outer loop
      vertex -25.385577630625136 -24.687176507291426 150
      vertex -25.404264758313854 -24.705863634980144 155.92274874280542
      vertex -25.404240512527572 -24.66310268131008 155.91506421778814
    endloop
  endfacet
  facet normal -0.30901455219606583 -0.9510490000414106 -0.00397568249457916
    outer loop
      vertex -24.826560636250186 -25.456597391585237 150
      vertex -24.845491502812525 -25.475528258147577 156
      vertex -25.404508497187475 -25.293892626146235 156
    endloop
  endfacet
  facet normal -0.2799809633056546 -0.8616928014882779 0.4231975614883916
    outer loop
      vertex -25.404508497187475 -25.293892626146235 156
      vertex -24.845491502812525 -25.475528258147577 156
      vertex -25.202254248593736 -25.14694631307312 156.4330127018922
    endloop
  endfacet
  facet normal -0.9060374296629655 0 0.4231975614883984
    outer loop
      vertex -25.404508497187475 -25.293892626146235 156
      vertex -25.202254248593736 -25.14694631307312 156.4330127018922
      vertex -25.202254248593736 -24.85305368692688 156.4330127018922
    endloop
  endfacet
  facet normal -0.9999950225689848 0 -0.0031551287225504857
    outer loop
      vertex -25.404508497187475 -25.293892626146235 156
      vertex -25.404508497187475 -24.706107373853765 156
      vertex -25.404264758313854 -24.705863634980144 155.92274874280542
    endloop
  endfacet
  facet normal -0.9999950225689848 -2.6163823210876756e-14 -0.0031551287225505677
    outer loop
      vertex -25.404264758313854 -24.705863634980144 155.92274874280542
      vertex -25.404508497187475 -24.706107373853765 156
      vertex -25.404240512527572 -24.66310268131008 155.91506421778814
    endloop
  endfacet
  facet normal -0.9060374296629654 0 0.42319756148839843
    outer loop
      vertex -25.404508497187475 -25.293892626146235 156
      vertex -25.202254248593736 -24.85305368692688 156.4330127018922
      vertex -25.404508497187475 -24.706107373853765 156
    endloop
  endfacet
  facet normal -0.27998096330565264 -0.8616928014882778 0.42319756148839316
    outer loop
      vertex -25.202254248593736 -25.14694631307312 156.4330127018922
      vertex -24.845491502812525 -25.475528258147577 156
      vertex -24.922745751406264 -25.23776412907379 156.4330127018922
    endloop
  endfacet
  facet normal 0 0 1
    outer loop
      vertex -25.202254248593736 -25.14694631307312 156.4330127018922
      vertex -24.922745751406264 -25.23776412907379 156.4330127018922
      vertex -25.202254248593736 -24.85305368692688 156.4330127018922
    endloop
  endfacet
  facet normal 0 0 1
    outer loop
      vertex -25.202254248593736 -24.85305368692688 156.4330127018922
      vertex -24.922745751406264 -25.23776412907379 156.4330127018922
      vertex -24.75 -25 156.4330127018922
    endloop
  endfacet
  facet normal 0 0 1
    outer loop
      vertex -25.202254248593736 -24.85305368692688 156.4330127018922
      vertex -24.75 -25 156.4330127018922
      vertex -24.922745751406264 -24.76223587092621 156.4330127018922
    endloop
  endfacet
  facet normal -0.637317385415002 -0.01951673946273381 0.7703542348352019
    outer loop
      vertex -30.265949829278522 -28.472756297833293 132.6441775310394
      vertex -23.767569032480345 -21.93737005543118 138.18588846917817
      vertex -23.88887374870894 -18.148805953327823 138.1815149148906
    endloop
  endfacet
  facet normal -0.5034738380780298 0.03912986267648803 -0.8631239471929262
    outer loop
      vertex -30.326136385040687 -28.365013109351047 131.5669872981078
      vertex -22.287409993113062 0.753495977905345 128.19796344315435
      vertex -29.276447716187576 -28.92724715452072 130.92919833898512
    endloop
  endfacet
  facet normal -0.5034738380780254 0.03912986267648716 -0.8631239471929286
    outer loop
      vertex -29.276447716187576 -28.92724715452072 130.92919833898512
      vertex -22.266812518547777 0.6169505730243241 128.17975830289924
      vertex -20.059333973867734 -19.18719410911332 125.99427710597836
    endloop
  endfacet
  facet normal -0.9061148947220367 -0.030847940324549513 -0.4219054421794123
    outer loop
      vertex -26.328993679739934 -26.218377808698694 144
      vertex -25.562578766193578 -1.7347483127084087 140.56385207350405
      vertex -26.137774031709426 -26.00492273120718 143.5737158074868
    endloop
  endfacet
  facet normal -0.9061148947220392 -0.03084794032454877 -0.4219054421794068
    outer loop
      vertex -26.137774031709426 -26.00492273120718 143.5737158074868
      vertex -25.562578766193578 -1.7347483127084087 140.56385207350405
      vertex -23.722195867924565 -23.308455974531398 138.18868975181024
    endloop
  endfacet
  facet normal -0.9841345915281242 0.11271694561242596 0.13701823210645112
    outer loop
      vertex -26.170837959264166 -24.776099206253456 144.4330127018922
      vertex -25.18412728629356 -22.711663482771975 149.82177888713036
      vertex -25.09621961025851 -21.94413927088981 149.82177888713036
    endloop
  endfacet
  facet normal -0.8979056282265963 0.052130604401313854 -0.43709024569733324
    outer loop
      vertex -25.385577630625136 -24.687176507291426 150
      vertex -25.184401337129586 -21.988117429747494 149.9086372995936
      vertex -25.18412728629356 -22.711663482771975 149.82177888713036
    endloop
  endfacet
  facet normal -0.8979056282266196 0.05213060440131724 -0.4370902456972847
    outer loop
      vertex -25.385577630625136 -24.687176507291426 150
      vertex -25.386655585723325 -21.841171116674378 150.34165000148582
      vertex -25.184401337129586 -21.988117429747494 149.9086372995936
    endloop
  endfacet
  facet normal -0.71992115421975 0.08245550383451128 -0.6891404948153169
    outer loop
      vertex -25.18412728629356 -22.711663482771975 149.82177888713036
      vertex -25.184401337129586 -21.988117429747494 149.9086372995936
      vertex -25.09621961025851 -21.94413927088981 149.82177888713036
    endloop
  endfacet
  facet normal -0.9999950225689846 3.611708462563076e-18 -0.0031551287225433425
    outer loop
      vertex -25.404240512527572 -24.66310268131008 155.91506421778814
      vertex -25.39449651833288 -1.7274109041483467 152.82677636917717
      vertex -25.386655585723325 -21.841171116674378 150.34165000148582
    endloop
  endfacet
  facet normal -0.9999950225689846 8.741662887198515e-16 -0.003155128722536877
    outer loop
      vertex -25.404508497187475 -24.706107373853765 156
      vertex -25.39449651833288 -1.7274109041483467 152.82677636917717
      vertex -25.404240512527572 -24.66310268131008 155.91506421778814
    endloop
  endfacet
  facet normal -0.03877729348884314 -0.44306524514877305 -0.8956503280024731
    outer loop
      vertex -28.996939219000105 -29.31195759666763 130.92919833898512
      vertex -14.338866983195567 -20.32966022949361 125.85116284694426
      vertex -22.928124509069377 -29.473246106452677 130.74623533335068
    endloop
  endfacet
  facet normal 0.0059873676522723285 -0.9128126123250179 -0.4083347722261398
    outer loop
      vertex -25.122464679112138 -26.19985829555627 143.56205726126785
      vertex -23.140483228997 -23.77051998433205 138.1604506666512
      vertex -21.73546161238512 -25.991525397867925 143.1460024074378
    endloop
  endfacet
  facet normal 0.00598736765226918 -0.9128126123250181 -0.40833477222613895
    outer loop
      vertex -21.73546161238512 -25.991525397867925 143.1460024074378
      vertex -23.140483228997 -23.77051998433205 138.1604506666512
      vertex -20.45703062804215 -23.735367123848025 138.12121531811005
    endloop
  endfacet
  facet normal -0.12133686390890679 -0.37343646850495965 -0.9196861255054877
    outer loop
      vertex -28.996939219000105 -29.31195759666763 130.92919833898512
      vertex -20.077990693294804 -20.022682757774188 125.98060652264023
      vertex -19.798482196107326 -20.11350057377485 125.98060652264023
    endloop
  endfacet
  facet normal -0.47377148007379627 -2.3061598245398153e-10 -0.8806478210208007
    outer loop
      vertex -29.276447716187576 -28.92724715452072 130.92919833898512
      vertex -20.077999438127176 -20.019703106688503 125.98061122718998
      vertex -20.077990693294804 -20.022682757774188 125.98060652264023
    endloop
  endfacet
  facet normal -0.4737714802488194 2.338665206654585e-12 -0.8806478209266418
    outer loop
      vertex -29.276447716187576 -28.92724715452072 130.92919833898512
      vertex -20.078850700341512 -19.729650138674657 125.9810691897835
      vertex -20.077999438127176 -20.019703106688503 125.98061122718998
    endloop
  endfacet
  facet normal -0.5034738380780311 0.03912986267649396 -0.8631239471929251
    outer loop
      vertex -29.276447716187576 -28.92724715452072 130.92919833898512
      vertex -20.059333973867734 -19.18719410911332 125.99427710597836
      vertex -20.078850700341512 -19.729650138674657 125.9810691897835
    endloop
  endfacet
  facet normal -0.038777293488845406 -0.44306524514877027 -0.8956503280024745
    outer loop
      vertex -28.996939219000105 -29.31195759666763 130.92919833898512
      vertex -19.798482196107326 -20.11350057377485 125.98060652264023
      vertex -14.338866983195567 -20.32966022949361 125.85116284694426
    endloop
  endfacet
  facet normal -0.9011110695388437 -0.03356531637694364 0.4322871845094149
    outer loop
      vertex -28.329162885171957 -28.218547014130717 96
      vertex -28.126908636578218 -28.0716007010576 96.43301270189222
      vertex -30.443319967073855 28.53915870361921 96
    endloop
  endfacet
  facet normal -0.9011110695388437 -0.03356531637694364 -0.4322871845094149
    outer loop
      vertex -28.126908636578218 -28.0716007010576 95.56698729810778
      vertex -28.329162885171957 -28.218547014130717 96
      vertex -30.241065718480115 28.686105016692327 95.56698729810778
    endloop
  endfacet
  facet normal -0.5303275200921254 -0.01975406983336897 0.8475626809610926
    outer loop
      vertex -28.126908636578218 -28.0716007010576 96.43301270189222
      vertex -28.117554716377853 -27.768354154710998 96.44593327402482
      vertex -30.241065718480115 28.686105016692327 96.43301270189222
    endloop
  endfacet
  facet normal -0.8513748797862737 0.1010774299133025 0.5147272746134886
    outer loop
      vertex -24.489501938771273 -22.342441448340477 89.77556835976182
      vertex -24.47645521784226 -22.166187631472734 89.76253692993542
      vertex -22.836562091706877 0.3684412602889359 88.04982691283858
    endloop
  endfacet
  facet normal -0.8513748797880325 0.10107742991321092 0.5147272746105971
    outer loop
      vertex -24.47645521784226 -22.166187631472734 89.76253692993542
      vertex -24.109000213303702 -19.071115263831953 89.76253692993542
      vertex -22.836562091706877 0.3684412602889359 88.04982691283858
    endloop
  endfacet
  facet normal -0.8302365438713323 0.06564169935015864 0.553532698697203
    outer loop
      vertex -24.064610130427234 -21.581420184789195 101.7912034865249
      vertex -24.057426506557082 -21.44230070738494 101.78548037050565
      vertex -23.619216073725287 -0.05501880926832144 99.90649613799587
    endloop
  endfacet
  facet normal -0.8302365438716863 0.06564169935011967 0.553532698696677
    outer loop
      vertex -24.057426506557082 -21.44230070738494 101.78548037050565
      vertex -24.05286623441596 -21.384622362384054 101.78548037050565
      vertex -23.619216073725287 -0.05501880926832144 99.90649613799587
    endloop
  endfacet
  facet normal -0.8302365438714986 0.06564169935014041 0.5535326986969559
    outer loop
      vertex -24.05286623441596 -21.384622362384054 101.78548037050565
      vertex -23.60828361156685 -15.761539110216852 101.78548037050565
      vertex -23.619216073725287 -0.05501880926832144 99.90649613799587
    endloop
  endfacet
  facet normal -0.8960984214618654 -0.061809352908832514 -0.4395306848748385
    outer loop
      vertex -27.50155862710372 -27.39094275606248 108
      vertex -31.01345037688036 26.6028763940016 107.56698729810778
      vertex -27.29930437850998 -27.243996442989364 107.56698729810778
    endloop
  endfacet
  facet normal -0.8960984214618654 -0.0618093529088325 0.4395306848748384
    outer loop
      vertex -27.50155862710372 -27.39094275606248 108
      vertex -27.29930437850998 -27.243996442989364 108.43301270189222
      vertex -31.2157046254741 26.455930080928486 108
    endloop
  endfacet
  facet normal -0.5812482220751982 0.004174840106894027 -0.8137155983785139
    outer loop
      vertex -29.50550400717062 -29.11717476746705 119.56698729810778
      vertex -29.0923026834845 28.411384076037546 119.56698729810778
      vertex -29.489545691280014 -29.136641283125336 119.5554881793153
    endloop
  endfacet
  facet normal -0.9051704987869613 0.006501425653262782 -0.4249989406930784
    outer loop
      vertex -29.70775825576436 -28.970228454393933 120
      vertex -29.0923026834845 28.411384076037546 119.56698729810778
      vertex -29.50550400717062 -29.11717476746705 119.56698729810778
    endloop
  endfacet
  facet normal -0.9051704987869613 0.006501425653262782 0.4249989406930784
    outer loop
      vertex -29.70775825576436 -28.970228454393933 120
      vertex -29.50550400717062 -29.11717476746705 120.43301270189222
      vertex -29.29455693207824 28.55833038911066 120
    endloop
  endfacet
  facet normal -0.6619947346426635 -0.05513046632659981 0.7474781622147909
    outer loop
      vertex -27.29930437850998 -27.243996442989364 108.43301270189222
      vertex -21.776384794843526 -16.588005906735205 114.11025335746358
      vertex -25.935080134736626 1.3607531055569617 111.75097244090078
    endloop
  endfacet
  facet normal -0.5152476822812636 0 0.8570413210013774
    outer loop
      vertex -29.495562539218252 -29.106768813019407 120.4391596317508
      vertex -23.741022144050934 -1.3624424536756279 123.89875198575712
      vertex -23.741022144050934 -1.0685498275293912 123.89875198575712
    endloop
  endfacet
  facet normal -0.8323219629522071 -0.031003003911900476 -0.5534247588749744
    outer loop
      vertex -28.126908636578218 -28.0716007010576 95.56698729810778
      vertex -30.241065718480115 28.686105016692327 95.56698729810778
      vertex -24.77080459495688 -19.806010286777912 90.05654132178105
    endloop
  endfacet
  facet normal -0.8460041526772595 -0.05835404681314011 -0.5299733756268914
    outer loop
      vertex -27.29930437850998 -27.243996442989364 107.56698729810778
      vertex -30.630881548283597 26.001697744111645 107.02248143447329
      vertex -24.068558530149705 -21.690810989649858 101.79825364380399
    endloop
  endfacet
  facet normal -0.8460041526778687 -0.05835404681333277 -0.5299733756258976
    outer loop
      vertex -24.068558530149705 -21.690810989649858 101.79825364380399
      vertex -30.630881548283597 26.001697744111645 107.02248143447329
      vertex -24.068463309771253 -21.65604161630805 101.79427327314338
    endloop
  endfacet
  facet normal -0.6231148519092987 1.122652153578978e-13 -0.7821303480431203
    outer loop
      vertex -24.068463309771253 -21.65604161630805 101.79427327314338
      vertex -30.630881548283597 26.001697744111645 107.02248143447329
      vertex -24.064610130427234 -21.581420184789195 101.7912034865249
    endloop
  endfacet
  facet normal -0.6231148519097964 0 -0.782130348042724
    outer loop
      vertex -24.064610130427234 -21.581420184789195 101.7912034865249
      vertex -30.630881548283597 26.295590370257884 107.02248143447329
      vertex -24.064610130427234 -21.390131634701067 101.7912034865249
    endloop
  endfacet
  facet normal -0.830236543871497 0.0656416993501404 0.5535326986969581
    outer loop
      vertex -24.064610130427234 -21.581420184789195 101.7912034865249
      vertex -23.619216073725287 -0.05501880926832144 99.90649613799587
      vertex -23.6425568299376 -0.19881638777760405 99.88854014121976
    endloop
  endfacet
  facet normal -0.7066920427886858 0 -0.7075212764710009
    outer loop
      vertex -24.77080459495688 -19.806010286777912 90.05654132178105
      vertex -30.117885705906158 28.407196574182095 95.3973555119935
      vertex -24.77080459495688 -19.512117660631674 90.05654132178105
    endloop
  endfacet
  facet normal -0.581248222074946 0.004174840106892254 -0.813715598378694
    outer loop
      vertex -21.65103155198921 -19.51055547652908 114.00571741533804
      vertex -29.489545691280014 -29.136641283125336 119.5554881793153
      vertex -29.028613712298 28.38374122727564 119.52135156761962
    endloop
  endfacet
  facet normal -0.5812482220749356 0.00417484010689472 -0.8137155983787014
    outer loop
      vertex -21.776384794843526 -16.588005906735205 114.11025335746358
      vertex -21.65103155198921 -19.51055547652908 114.00571741533804
      vertex -28.977335603992003 28.06667623466714 119.48309618085564
    endloop
  endfacet
  facet normal -0.5812482220746752 0.004174840106959078 -0.8137155983788871
    outer loop
      vertex -21.776384794843526 -16.588005906735205 114.11025335746358
      vertex -28.977335603992003 28.06667623466714 119.48309618085564
      vertex -21.78394145019139 -16.411826181878418 114.11655508582832
    endloop
  endfacet
  facet normal -0.5287713535700241 0.003797922764183839 0.8487558137806196
    outer loop
      vertex -29.50550400717062 -29.11717476746705 120.43301270189222
      vertex -23.741022144050934 -1.0685498275293912 123.89875198575712
      vertex -29.0923026834845 28.411384076037546 120.43301270189222
    endloop
  endfacet
  facet normal -0.8513748797880292 0.1010774299132111 0.514727274610603
    outer loop
      vertex -24.109000213303702 -19.071115263831953 89.76253692993542
      vertex -23.42485798709064 -13.308587406720985 89.76253692993542
      vertex -22.808346544854505 0.5126647973765008 88.06817500475762
    endloop
  endfacet
  facet normal -0.5050276957217359 -0.0028449210654776427 0.8630984491806973
    outer loop
      vertex -20.077999438127176 -20.019703106688503 125.98061122718998
      vertex -20.078850700341512 -19.729650138674657 125.9810691897835
      vertex -23.741022144050934 -1.3624424536756279 123.89875198575712
    endloop
  endfacet
  facet normal -0.5050276957218095 -0.002844921065497217 0.8630984491806543
    outer loop
      vertex -20.078850700341512 -19.729650138674657 125.9810691897835
      vertex -20.059333973867734 -19.18719410911332 125.99427710597836
      vertex -23.741022144050934 -1.3624424536756279 123.89875198575712
    endloop
  endfacet
  facet normal -0.505027695721795 -0.0028449210654931984 0.8630984491806628
    outer loop
      vertex -20.059333973867734 -19.18719410911332 125.99427710597836
      vertex -19.90913894242865 -15.012610808795696 126.09592137459053
      vertex -23.741022144050934 -1.3624424536756279 123.89875198575712
    endloop
  endfacet
  facet normal -0.6619947346427507 -0.05513046632663045 0.7474781622147114
    outer loop
      vertex -21.776384794843526 -16.588005906735205 114.11025335746358
      vertex -21.78394145019139 -16.411826181878418 114.11655508582832
      vertex -25.935080134736626 1.3607531055569617 111.75097244090078
    endloop
  endfacet
  facet normal -0.8513748797880664 0.10107742991320759 0.5147272746105419
    outer loop
      vertex -24.109000213303702 -19.071115263831953 89.76253692993542
      vertex -22.808346544854505 0.5126647973765008 88.06817500475762
      vertex -22.836562091706877 0.3684412602889359 88.04982691283858
    endloop
  endfacet
  facet normal -0.4339184913812571 0.051515926699123124 -0.8994780998633288
    outer loop
      vertex -24.77080459495688 -19.512117660631674 90.05654132178105
      vertex -20.202770526614653 13.83104531528932 89.76253692993542
      vertex -23.42485798709064 -13.308587406720985 89.76253692993542
    endloop
  endfacet
  facet normal -0.4512736199175222 0.03567943076215604 -0.8916720799638308
    outer loop
      vertex -24.064610130427234 -21.390131634701067 101.7912034865249
      vertex -21.092214322680988 20.71928181000091 101.97184846696712
      vertex -23.60828361156685 -15.761539110216852 101.78548037050565
    endloop
  endfacet
  facet normal -0.8302365438715055 0.0656416993501392 0.5535326986969457
    outer loop
      vertex -23.60828361156685 -15.761539110216852 101.78548037050565
      vertex -21.17675000266124 14.992510217436855 101.78548037050567
      vertex -23.619216073725287 -0.05501880926832144 99.90649613799587
    endloop
  endfacet
  facet normal -0.505027695721799 -0.002844921065494712 0.8630984491806605
    outer loop
      vertex -23.741022144050934 -1.3624424536756279 123.89875198575712
      vertex -19.90913894242865 -15.012610808795696 126.09592137459053
      vertex -20.086343005792 16.44448685144512 126.09592137459055
    endloop
  endfacet
  facet normal -0.7328968822218809 0 0.6803397386816724
    outer loop
      vertex -30.265949829278522 -28.472756297833293 132.6441775310394
      vertex -25.38556202499254 19.67604454630259 137.90158174018623
      vertex -30.265949829278522 -28.178863671687054 132.6441775310394
    endloop
  endfacet
  facet normal -0.974547564968118 0.0757415966924527 0.21099823256413686
    outer loop
      vertex -30.528390633634427 -28.21806679627793 132
      vertex -30.46820407787226 -28.03191735861394 132.21116482914718
      vertex -25.58781627358628 20.116883485521946 137.46856903829402
    endloop
  endfacet
  facet normal -0.8994080793692435 0.043674954660992485 0.4349225276996915
    outer loop
      vertex -30.46820407787226 -28.03191735861394 132.21116482914718
      vertex -30.265949829278522 -28.178863671687054 132.6441775310394
      vertex -25.58781627358628 20.116883485521946 137.46856903829402
    endloop
  endfacet
  facet normal -0.8945903375508989 0.06952734067316942 -0.4414454404108008
    outer loop
      vertex -30.326136385040687 -28.365013109351047 131.5669872981078
      vertex -30.528390633634427 -28.21806679627793 132
      vertex -26.09761301719706 26.042305081676442 131.5669872981078
    endloop
  endfacet
  facet normal -0.906114894722015 -0.030847940324540885 -0.4219054421794595
    outer loop
      vertex -23.722195867924565 -23.308455974531398 138.18868975181024
      vertex -25.562578766193578 -1.7347483127084087 140.56385207350405
      vertex -23.767569032480345 -21.93737005543118 138.18588846917817
    endloop
  endfacet
  facet normal -0.9017876754906178 -0.029371784319975638 -0.43118010925724415
    outer loop
      vertex -23.767569032480345 -21.93737005543118 138.18588846917817
      vertex -25.562578766193578 -1.7347483127084087 140.56385207350405
      vertex -23.88887374870894 -18.148805953327823 138.1815149148906
    endloop
  endfacet
  facet normal -0.6373173854150057 -0.019516739462729766 0.7703542348351988
    outer loop
      vertex -30.265949829278522 -28.472756297833293 132.6441775310394
      vertex -23.88887374870894 -18.148805953327823 138.1815149148906
      vertex -24.87737656396298 14.130665261428145 138.1815149148906
    endloop
  endfacet
  facet normal -0.5034738380778719 0.03912986267644269 -0.8631239471930202
    outer loop
      vertex -29.276447716187576 -28.92724715452072 130.92919833898512
      vertex -22.287409993113062 0.753495977905345 128.19796344315435
      vertex -22.266812518547777 0.6169505730243241 128.17975830289924
    endloop
  endfacet
  facet normal -0.901576319743405 -0.030693428252277825 0.431529898315354
    outer loop
      vertex -26.328993679739934 -26.218377808698694 144
      vertex -26.319038312115747 -25.620637188782037 144.0633148077152
      vertex -28.15636067409091 27.4579595507572 144
    endloop
  endfacet
  facet normal -0.8979056282266197 0.05213060440131788 -0.43709024569728494
    outer loop
      vertex -25.184401337129586 -21.988117429747494 149.9086372995936
      vertex -25.386655585723325 -21.841171116674378 150.34165000148582
      vertex -25.39449651833288 -1.1396256518558738 152.82677636917717
    endloop
  endfacet
  facet normal -0.7199211542197529 0.08245550383452652 -0.6891404948153121
    outer loop
      vertex -25.184401337129586 -21.988117429747494 149.9086372995936
      vertex -25.19224226973914 -1.286571964928992 152.39376366728496
      vertex -25.09621961025851 -21.94413927088981 149.82177888713036
    endloop
  endfacet
  facet normal -0.9841345915281244 0.11271694561242565 0.1370182321064513
    outer loop
      vertex -26.170837959264166 -24.776099206253456 144.4330127018922
      vertex -25.09621961025851 -21.94413927088981 149.82177888713036
      vertex -20.71226074001148 16.332319948309003 149.82177888713034
    endloop
  endfacet
  facet normal -0.8979056282266197 0.0521306044013179 -0.4370902456972851
    outer loop
      vertex -25.184401337129586 -21.988117429747494 149.9086372995936
      vertex -25.39449651833288 -1.1396256518558738 152.82677636917717
      vertex -25.19224226973914 -1.286571964928992 152.39376366728496
    endloop
  endfacet
  facet normal -0.9999950225689846 0 -0.003155128722543322
    outer loop
      vertex -25.386655585723325 -21.841171116674378 150.34165000148582
      vertex -25.39449651833288 -1.7274109041483467 152.82677636917717
      vertex -25.39449651833288 -1.1396256518558738 152.82677636917717
    endloop
  endfacet
  facet normal -0.9999950225689846 -8.0925025002931135e-16 -0.0031551287225490567
    outer loop
      vertex -25.404508497187475 -24.706107373853765 156
      vertex -25.394612848658227 -1.4134472934938176 152.86364641682053
      vertex -25.39449651833288 -1.7274109041483467 152.82677636917717
    endloop
  endfacet
  facet normal -0.9060374296629656 0 0.4231975614883985
    outer loop
      vertex -25.404508497187475 -24.706107373853765 156
      vertex -25.202254248593736 -24.85305368692688 156.4330127018922
      vertex -25.202254248593736 25.14694631307312 156.4330127018922
    endloop
  endfacet
  facet normal 0 0 1
    outer loop
      vertex -25.202254248593736 -24.85305368692688 156.4330127018922
      vertex -24.922745751406264 -24.76223587092621 156.4330127018922
      vertex -25.202254248593736 25.14694631307312 156.4330127018922
    endloop
  endfacet
  facet normal -0.9015763197433456 -0.030693428252275622 0.43152989831547833
    outer loop
      vertex -26.319038312115747 -25.620637188782037 144.0633148077152
      vertex -26.170837959264166 -24.776099206253456 144.4330127018922
      vertex -28.15636067409091 27.4579595507572 144
    endloop
  endfacet
  facet normal -0.9017876754906253 -0.029371784319978642 -0.43118010925722855
    outer loop
      vertex -23.88887374870894 -18.148805953327823 138.1815149148906
      vertex -25.562578766193578 -1.7347483127084087 140.56385207350405
      vertex -25.36032451759984 -1.5878019996352906 140.13083937161184
    endloop
  endfacet
  facet normal -0.5034738380780284 0.039129862676487576 -0.8631239471929271
    outer loop
      vertex -30.326136385040687 -28.365013109351047 131.5669872981078
      vertex -26.050750963009847 25.701550401342992 131.52420375323018
      vertex -22.287409993113062 0.753495977905345 128.19796344315435
    endloop
  endfacet
  facet normal -0.9061148947220379 -0.03084794032454909 -0.42190544217940956
    outer loop
      vertex -26.328993679739934 -26.218377808698694 144
      vertex -28.15636067409091 27.4579595507572 144
      vertex -25.562578766193578 -1.7347483127084087 140.56385207350405
    endloop
  endfacet
  facet normal -0.895987711097953 -0.027438069507423505 -0.4432303846795215
    outer loop
      vertex -23.88887374870894 -18.148805953327823 138.1815149148906
      vertex -25.36032451759984 -1.5878019996352906 140.13083937161184
      vertex -24.87737656396298 14.130665261428145 138.1815149148906
    endloop
  endfacet
  facet normal -0.7199211542198164 0.08245550383451808 -0.6891404948152468
    outer loop
      vertex -25.09621961025851 -21.94413927088981 149.82177888713036
      vertex -25.19224226973914 -1.286571964928992 152.39376366728496
      vertex -20.71226074001148 16.332319948309003 149.82177888713034
    endloop
  endfacet
  facet normal -0.9999950225689846 0 -0.003155128722555963
    outer loop
      vertex -25.39449651833288 -1.7274109041483467 152.82677636917717
      vertex -25.394612848658227 -1.4134472934938176 152.86364641682053
      vertex -25.39449651833288 -1.1396256518558738 152.82677636917717
    endloop
  endfacet
  facet normal -0.9999950225689848 0 -0.0031551287225430576
    outer loop
      vertex -25.404508497187475 -24.706107373853765 156
      vertex -25.404508497187475 25.293892626146235 156
      vertex -25.394612848658227 -1.4134472934938176 152.86364641682053
    endloop
  endfacet
  facet normal -0.5034738380780505 0.03912986267648275 -0.8631239471929143
    outer loop
      vertex -20.059333973867734 -19.18719410911332 125.99427710597836
      vertex -22.266812518547777 0.6169505730243241 128.17975830289924
      vertex -19.90913894242865 -15.012610808795696 126.09592137459053
    endloop
  endfacet
  facet normal 0.004741797424949218 -0.5716691567928349 -0.8204705299576274
    outer loop
      vertex -27.847400139390746 -28.16241851705827 95.56698729810778
      vertex -27.463005063247444 -28.093041818582495 95.52087010833077
      vertex 19.633801576507008 -19.794311456987064 90.01085541950324
    endloop
  endfacet
  facet normal 0.10381282873376856 -0.8662311533849852 -0.48873969093538094
    outer loop
      vertex -27.463005063247444 -28.093041818582495 95.52087010833077
      vertex -22.100960032643616 -24.45604408740967 90.2136856802698
      vertex 13.976724256387406 -20.132340829252215 90.2136856802698
    endloop
  endfacet
  facet normal 0.004532125598219204 -0.8762011520779187 0.4819242688793436
    outer loop
      vertex -28.040099100268385 -28.670135855603437 84
      vertex 27.981691130208507 -28.142201010688563 84.43301270189222
      vertex -28.117353348862125 -28.43237172652965 84.43301270189222
    endloop
  endfacet
  facet normal 0.007265957765231653 -0.8759808942075744 -0.4822910727362184
    outer loop
      vertex -27.770145890797007 -28.40018264613206 96
      vertex -27.847400139390746 -28.16241851705827 95.56698729810778
      vertex 27.61972312846387 -27.94074288942397 96
    endloop
  endfacet
  facet normal 0.007265957765231653 -0.8759808942075744 0.48229107273621846
    outer loop
      vertex -27.770145890797007 -28.40018264613206 96
      vertex 27.542468879870132 -27.70297876035018 96.43301270189222
      vertex -27.847400139390746 -28.16241851705827 96.43301270189222
    endloop
  endfacet
  facet normal 0.004276359540235868 -0.825959994745184 0.5637125152323819
    outer loop
      vertex -24.28815639320842 -24.603174770875945 90.01468061150304
      vertex -3.658500183284002 -28.29383008340823 84.45063794430362
      vertex -3.658500182793396 -28.293830083405876 84.45063794430335
    endloop
  endfacet
  facet normal 0.04393091740296501 -0.8729518807274798 -0.485824133231862
    outer loop
      vertex -26.6638549096773 -27.293891665012353 107.52444285945009
      vertex -20.987750297468683 -24.010130682383096 102.13729005305147
      vertex 16.808932635865848 -22.108029326387808 102.13729005305147
    endloop
  endfacet
  facet normal 0.006737784698669262 -0.8123045654849259 0.5831945602881596
    outer loop
      vertex -27.847400139390746 -28.16241851705827 96.43301270189222
      vertex 27.01145440701506 -27.66257185906894 96.49542853025632
      vertex -23.784140576908648 -24.099158954576172 102.04559407375955
    endloop
  endfacet
  facet normal -0.0022353505314962807 -0.8767175194110702 -0.48100040994338134
    outer loop
      vertex -26.94254163272877 -27.57257838806382 108
      vertex -27.01979588132251 -27.334814258990033 107.56698729810778
      vertex 27.390089537316552 -27.711109298276654 108
    endloop
  endfacet
  facet normal 0.0005898251810693347 -0.8765069555715048 -0.4813888334195423
    outer loop
      vertex -29.22627858658918 -29.541296964256706 119.56698729810778
      vertex 29.41862957772764 -29.739649338687745 120
      vertex -29.149024337995442 -29.779061093330494 120
    endloop
  endfacet
  facet normal 0.00033689447548512964 -0.5006404618415544 -0.865655251511355
    outer loop
      vertex -29.22627858658918 -29.541296964256706 119.56698729810778
      vertex -29.133902223870095 -29.521351725272243 119.5554881793153
      vertex 29.3413753291339 -29.501885209613956 119.56698729810778
    endloop
  endfacet
  facet normal 0.0005898251810693342 -0.8765069555715048 0.48138883341954225
    outer loop
      vertex -29.149024337995442 -29.779061093330494 120
      vertex 29.41862957772764 -29.739649338687745 120
      vertex -29.22627858658918 -29.541296964256706 120.43301270189222
    endloop
  endfacet
  facet normal -0.0018180921822712746 -0.7130663606807175 -0.7010941875428535
    outer loop
      vertex -27.01979588132251 -27.334814258990033 107.56698729810778
      vertex -26.6638549096773 -27.293891665012353 107.52444285945009
      vertex 21.833453044395007 -21.99396292487506 102.00824611475385
    endloop
  endfacet
  facet normal 0.02926942087223989 -0.5975407947139391 -0.8013041243213702
    outer loop
      vertex -17.441002908947237 -21.522925572455193 114.01808809129292
      vertex 15.349930692707659 -19.91672287488039 114.01808809129291
      vertex -29.133902223870095 -29.521351725272243 119.5554881793153
    endloop
  endfacet
  facet normal -0.002235350531496281 -0.8767175194110703 0.48100040994338134
    outer loop
      vertex -26.94254163272877 -27.57257838806382 108
      vertex 27.312835288722813 -27.473345169202865 108.43301270189222
      vertex -27.01979588132251 -27.334814258990033 108.43301270189222
    endloop
  endfacet
  facet normal 0.00427227708998822 -0.8259643355229881 0.5637061859626298
    outer loop
      vertex -24.28815639320842 -24.603174770875945 90.01468061150304
      vertex 27.633626078124657 -28.116582909975037 84.47318729717784
      vertex -23.9517650246493 -24.581801779984353 90.0434476740022
    endloop
  endfacet
  facet normal 0.004272277089981001 -0.82596433552302 0.5637061859625832
    outer loop
      vertex -23.9517650246493 -24.581801779984353 90.0434476740022
      vertex 27.633626078124657 -28.116582909975037 84.47318729717784
      vertex -22.100960032643616 -24.45604408740967 90.2136856802698
    endloop
  endfacet
  facet normal 0.006737784698652826 -0.8123045654850001 0.5831945602880567
    outer loop
      vertex -23.784140576908648 -24.099158954576172 102.04559407375955
      vertex 27.01145440701506 -27.66257185906894 96.49542853025632
      vertex -23.459106318964103 -24.089143074299155 102.05578952967004
    endloop
  endfacet
  facet normal 0.006737784698672811 -0.8123045654849108 0.5831945602881808
    outer loop
      vertex -23.459106318964103 -24.089143074299155 102.05578952967004
      vertex 27.01145440701506 -27.66257185906894 96.49542853025632
      vertex -20.987750297468683 -24.010130682383096 102.13729005305147
    endloop
  endfacet
  facet normal 0.004272277089973798 -0.8259643355210662 0.5637061859654461
    outer loop
      vertex -28.117353348862125 -28.43237172652965 84.43301270189222
      vertex 27.981691130208507 -28.142201010688563 84.43301270189222
      vertex -3.658500183284002 -28.29383008340823 84.45063794430362
    endloop
  endfacet
  facet normal 0.004272277089981596 -0.8259643355230177 0.5637061859625866
    outer loop
      vertex -24.28815639320842 -24.603174770875945 90.01468061150304
      vertex -3.658500182793396 -28.293830083405876 84.45063794430335
      vertex 27.633626078124657 -28.116582909975037 84.47318729717784
    endloop
  endfacet
  facet normal -0.0017628096648125162 -0.6913842347105484 0.7224851088401719
    outer loop
      vertex -27.01979588132251 -27.334814258990033 108.43301270189222
      vertex 26.76547990788787 -27.400569418213195 108.50132016310381
      vertex -21.284861207926625 -21.59987958559415 113.93506799675023
    endloop
  endfacet
  facet normal 0.00034144184937878817 -0.5073980655778849 0.861711718885895
    outer loop
      vertex -29.22627858658918 -29.541296964256706 120.43301270189222
      vertex 29.3413753291339 -29.501885209613956 120.43301270189222
      vertex -14.338866983195567 -20.32966022949361 125.85116284694426
    endloop
  endfacet
  facet normal -0.0017628096648132988 -0.6913842347105519 0.7224851088401685
    outer loop
      vertex -21.284861207926625 -21.59987958559415 113.93506799675023
      vertex 26.76547990788787 -27.400569418213195 108.50132016310381
      vertex -17.441002908947237 -21.522925572455193 114.01808809129292
    endloop
  endfacet
  facet normal -0.04182937860321911 -0.7145566491128852 -0.6983259255492622
    outer loop
      vertex -25.16259893002217 -26.20232693364838 143.5669872981078
      vertex -25.122464679112138 -26.19985829555627 143.56205726126785
      vertex 4.355737926264418 -27.729517327910497 143.36153933725083
    endloop
  endfacet
  facet normal -0.04182937860319512 -0.714556649112351 -0.6983259255498104
    outer loop
      vertex -25.122464679112138 -26.19985829555627 143.56205726126785
      vertex -21.73546161238512 -25.991525397867925 143.1460024074378
      vertex 4.355737926264418 -27.729517327910497 143.36153933725083
    endloop
  endfacet
  facet normal 0.025999751840266084 -0.8742909377428985 -0.48470544569345203
    outer loop
      vertex -30.182463212065787 -30.49748158973331 131.5669872981078
      vertex 28.589213671017905 -28.749723551497954 131.5669872981078
      vertex -30.105208963472048 -30.7352457188071 132
    endloop
  endfacet
  facet normal 0.025999751840266087 -0.8742909377428983 0.4847054456934521
    outer loop
      vertex -30.105208963472048 -30.7352457188071 132
      vertex 28.589213671017905 -28.749723551497954 132.4330127018922
      vertex -30.182463212065787 -30.49748158973331 132.4330127018922
    endloop
  endfacet
  facet normal 0.02118072392441669 -0.7122419896820906 -0.7016143706251564
    outer loop
      vertex -30.182463212065787 -30.49748158973331 131.5669872981078
      vertex -22.928124509069377 -29.473246106452677 130.74623533335068
      vertex 28.589213671017905 -28.749723551497954 131.5669872981078
    endloop
  endfacet
  facet normal 0.06417875060407147 -0.9979340701027697 -0.0029461328925510957
    outer loop
      vertex -24.845491502812525 -25.475528258147577 156
      vertex -23.18090226420782 -25.35147699166166 150.24203582059965
      vertex 20.22217040772314 -22.560155340347176 150.24203582059968
    endloop
  endfacet
  facet normal 0 -0.8765515079563075 0.4813080654835563
    outer loop
      vertex -24.922745751406264 -25.23776412907379 156.4330127018922
      vertex -24.845491502812525 -25.475528258147577 156
      vertex 25.154508497187475 -25.475528258147577 156
    endloop
  endfacet
  facet normal 0 0 1
    outer loop
      vertex -24.922745751406264 -25.23776412907379 156.4330127018922
      vertex 25.25 -25 156.4330127018922
      vertex -24.75 -25 156.4330127018922
    endloop
  endfacet
  facet normal 0 0 1
    outer loop
      vertex -24.922745751406264 -24.76223587092621 156.4330127018922
      vertex -24.75 -25 156.4330127018922
      vertex 25.25 -25 156.4330127018922
    endloop
  endfacet
  facet normal 0.019626574409837033 -0.6599807663887911 0.7510260884774903
    outer loop
      vertex -30.182463212065787 -30.49748158973331 132.4330127018922
      vertex 28.589213671017905 -28.749723551497954 132.4330127018922
      vertex -20.45703062804215 -23.735367123848025 138.12121531811005
    endloop
  endfacet
  facet normal -0.03877729348884397 -0.44306524514877244 -0.8956503280024735
    outer loop
      vertex -22.928124509069377 -29.473246106452677 130.74623533335068
      vertex -14.338866983195567 -20.32966022949361 125.85116284694426
      vertex 20.337704044408426 -23.364571197228468 125.85116284694426
    endloop
  endfacet
  facet normal -0.05146949441387777 -0.8792353768573078 -0.473599032122499
    outer loop
      vertex -25.769976685364984 -26.400013440700036 144
      vertex -25.16259893002217 -26.20232693364838 143.5669872981078
      vertex 29.225646513055256 -29.386156393535313 143.5669872981078
    endloop
  endfacet
  facet normal -0.057648525051534436 -0.98478959675359 0.16390880905334024
    outer loop
      vertex -25.769976685364984 -26.400013440700036 144
      vertex 29.302900761648996 -29.6239205226091 144
      vertex -24.826560636250186 -25.456597391585237 150
    endloop
  endfacet
  facet normal 0.005987367652271683 -0.9128126123250183 -0.4083347722261385
    outer loop
      vertex -21.73546161238512 -25.991525397867925 143.1460024074378
      vertex -20.45703062804215 -23.735367123848025 138.12121531811005
      vertex 19.17012841867224 -23.475442614672595 138.12121531811005
    endloop
  endfacet
  facet normal -0.014434717214842584 -0.8775444521523039 0.4792779709475915
    outer loop
      vertex -24.826560636250186 -25.456597391585237 150
      vertex 29.225646513055256 -29.386156393535313 144.4330127018922
      vertex -23.18090226420782 -25.35147699166166 150.24203582059965
    endloop
  endfacet
  facet normal 0 0 1
    outer loop
      vertex -24.922745751406264 -24.76223587092621 156.4330127018922
      vertex 25.25 -25 156.4330127018922
      vertex -3.6955181300451474 -3.6955181300451474 156.4330127018922
    endloop
  endfacet
  facet normal 0 0 1
    outer loop
      vertex -24.922745751406264 -24.76223587092621 156.4330127018922
      vertex -3.6955181300451474 -3.6955181300451474 156.4330127018922
      vertex -5.226251859505506 0 156.4330127018922
    endloop
  endfacet
  facet normal 0 0 1
    outer loop
      vertex -24.922745751406264 -24.76223587092621 156.4330127018922
      vertex -5.226251859505506 0 156.4330127018922
      vertex -3.6955181300451474 3.6955181300451474 156.4330127018922
    endloop
  endfacet
  facet normal -0.8998660817457319 0 0.4361662927411789
    outer loop
      vertex -25.202254248593736 -24.85305368692688 0.4330127018922193
      vertex -23.621100241133163 0.7501270614395064 3.695132872591454
      vertex -25.202254248593736 24.85305368692688 0.4330127018922193
    endloop
  endfacet
  facet normal -0.6162908384968074 0.008387086886185315 0.7874739736387899
    outer loop
      vertex -29.758402046599386 -25.987482474205702 12.903085831676327
      vertex -22.551267082578256 18.804428072578833 18.066453435806412
      vertex -29.650817673805783 26.0536641900752 12.433012701892219
    endloop
  endfacet
  facet normal -0.6588488576492503 0.024961753367036696 -0.751861086666361
    outer loop
      vertex -28.374572531938153 -26.04123904610134 35.56698729810778
      vertex -26.390202206336205 26.334894270815585 35.56698729810778
      vertex -23.582417226330335 0.04585555140974004 32.233756636465664
    endloop
  endfacet
  facet normal -0.7871963347211544 0.029824443847189058 0.6159808707669308
    outer loop
      vertex -28.374572531938153 -26.04123904610134 36.43301270189222
      vertex -22.319192469019793 21.820593634046528 41.8541558057724
      vertex -26.390202206336205 26.334894270815585 36.43301270189222
    endloop
  endfacet
  facet normal -0.7871963347211555 0.029824443847189394 0.6159808707669293
    outer loop
      vertex -28.153945874455108 -25.83926890872982 36.70518486997083
      vertex -22.429839026267718 17.542535321164067 41.9198886028998
      vertex -22.319192469019793 21.820593634046528 41.8541558057724
    endloop
  endfacet
  facet normal -0.6022353051190102 0.008195805477623726 -0.7982765598718188
    outer loop
      vertex -30.362989586182223 -26.277381259720862 11.566987298107781
      vertex -29.650817673805783 26.0536641900752 11.566987298107781
      vertex -29.07243971446096 25.77440739607579 11.12778066370734
    endloop
  endfacet
  facet normal -0.9043608650736304 0.012307424803423445 -0.42659108408167995
    outer loop
      vertex -30.565243834775963 -26.130434946647746 12
      vertex -29.853071922399522 26.200610503148315 12
      vertex -29.650817673805783 26.0536641900752 11.566987298107781
    endloop
  endfacet
  facet normal -0.9043608650736304 0.012307424803423445 0.42659108408167995
    outer loop
      vertex -30.565243834775963 -26.130434946647746 12
      vertex -29.650817673805783 26.0536641900752 12.433012701892219
      vertex -29.853071922399522 26.200610503148315 12
    endloop
  endfacet
  facet normal -0.9060374296628525 0 -0.42319756148864024
    outer loop
      vertex -25.404508497187475 -24.706107373853765 0
      vertex -25.404508497187475 25.293892626146235 0
      vertex -25.40215848198234 24.707814759841753 -0.005031224018964701
    endloop
  endfacet
  facet normal -0.9060374296629704 3.1308121803577393e-17 -0.4231975614883879
    outer loop
      vertex -25.404508497187475 -24.706107373853765 0
      vertex -25.40215848198234 24.707814759841753 -0.005031224018964701
      vertex -25.202254248593736 24.85305368692688 -0.4330127018922193
    endloop
  endfacet
  facet normal -0.9060374296629691 5.2392956507229626e-18 0.42319756148839094
    outer loop
      vertex -25.20343612235941 -24.852195005373385 0.4304823898907254
      vertex -25.202254248593736 24.85305368692688 0.4330127018922193
      vertex -25.404508497187475 25.293892626146235 0
    endloop
  endfacet
  facet normal 0 0 -1
    outer loop
      vertex -25.202254248593736 -24.85305368692688 -0.4330127018922193
      vertex -25.202254248593736 24.85305368692688 -0.4330127018922193
      vertex -24.922745751406264 25.23776412907379 -0.4330127018922193
    endloop
  endfacet
  facet normal -0.6339930649560178 0.0008258615403917046 -0.7733382904915485
    outer loop
      vertex -22.63847155908402 -15.062974764587937 5.809516632865899
      vertex -29.07243971446096 25.77440739607579 11.12778066370734
      vertex -22.594384858829567 22.395397539183787 5.8133762204098485
    endloop
  endfacet
  facet normal -0.7440590447731421 0.014805663854135644 -0.6679497961741716
    outer loop
      vertex -23.29213691473584 -18.428005747835673 18.066453435806412
      vertex -27.30647555068604 27.10309475804256 23.5474389242806
      vertex -22.551267082578256 18.804428072578833 18.066453435806412
    endloop
  endfacet
  facet normal -0.8998660817457321 -1.026640279787296e-16 0.4361662927411783
    outer loop
      vertex -23.621100241133163 0.7501270614395064 3.695132872591454
      vertex -22.59625560607152 17.34514709533158 5.809516632865901
      vertex -25.202254248593736 24.85305368692688 0.4330127018922193
    endloop
  endfacet
  facet normal -0.9059623748250519 -0.0005755457914944608 -0.42335782046443204
    outer loop
      vertex -27.488613044560946 -27.377997173519706 24
      vertex -27.52295472472904 26.67898765783941 24
      vertex -27.3207004761353 26.825933970912526 23.56698729810778
    endloop
  endfacet
  facet normal -0.9059623748250519 -0.0005755457914944608 0.42335782046443204
    outer loop
      vertex -27.488613044560946 -27.377997173519706 24
      vertex -27.3207004761353 26.825933970912526 24.43301270189222
      vertex -27.52295472472904 26.67898765783941 24
    endloop
  endfacet
  facet normal -0.8087891747349909 -0.0005138129558800858 -0.5880984669489784
    outer loop
      vertex -27.286358795967207 -27.23105086044659 23.56698729810778
      vertex -27.3207004761353 26.825933970912526 23.56698729810778
      vertex -27.30647555068604 26.80920213189632 23.5474389242806
    endloop
  endfacet
  facet normal -0.8067593758091409 0 -0.5908801143582726
    outer loop
      vertex -23.29213691473584 -18.428005747835673 18.066453435806412
      vertex -27.30647555068604 26.80920213189632 23.5474389242806
      vertex -27.30647555068604 27.10309475804256 23.5474389242806
    endloop
  endfacet
  facet normal -0.9010175145228737 0.03413677767788412 0.4324374162035402
    outer loop
      vertex -28.374572531938153 -26.04123904610134 36.43301270189222
      vertex -26.390202206336205 26.334894270815585 36.43301270189222
      vertex -26.592456454929945 26.4818405838887 36
    endloop
  endfacet
  facet normal -0.9010175145228737 0.03413677767788412 -0.4324374162035402
    outer loop
      vertex -28.576826780531892 -25.894292733028223 36
      vertex -26.592456454929945 26.4818405838887 36
      vertex -26.390202206336205 26.334894270815585 35.56698729810778
    endloop
  endfacet
  facet normal -0.6594255781005692 -0.0004189242586955059 0.7517697329962119
    outer loop
      vertex -23.541504745591176 -0.9027021942470287 27.73253650838156
      vertex -20.93736374082403 20.588163179157174 30.028771853597235
      vertex -27.3207004761353 26.825933970912526 24.43301270189222
    endloop
  endfacet
  facet normal -0.9034597691595282 0.0011768782939159696 0.42867127320091486
    outer loop
      vertex -22.63847155908402 -15.062974764587937 5.809516632865899
      vertex -22.59625560607152 17.34514709533158 5.809516632865901
      vertex -23.621100241133163 0.7501270614395064 3.695132872591454
    endloop
  endfacet
  facet normal -0.6594255781005687 -0.000418924258695601 0.7517697329962124
    outer loop
      vertex -23.541504745591176 -0.9027021942470287 27.73253650838156
      vertex -23.521036063329348 -0.7603618528778651 27.750570225170637
      vertex -20.93736374082403 20.588163179157174 30.028771853597235
    endloop
  endfacet
  facet normal -0.7048671969988347 0.014636236499954852 -0.7091882790741278
    outer loop
      vertex -21.69432978568097 -17.632137666130475 29.99233466368316
      vertex -20.970069813119437 17.54069940817815 29.998385052786688
      vertex -20.97658199795486 16.93391155616647 29.99233466368316
    endloop
  endfacet
  facet normal -0.6339930649557397 0.000825861540391401 -0.7733382904917764
    outer loop
      vertex -22.63847155908402 -15.062974764587937 5.809516632865899
      vertex -22.594384858829567 22.395397539183787 5.8133762204098485
      vertex -22.59625560607152 17.34514709533158 5.809516632865901
    endloop
  endfacet
  facet normal -0.6594255781005922 -0.0004189242586902005 0.7517697329961915
    outer loop
      vertex -23.521036063329348 -0.7603618528778651 27.750570225170637
      vertex -20.97658199795486 16.93391155616647 29.99233466368316
      vertex -20.970069813119437 17.54069940817815 29.998385052786688
    endloop
  endfacet
  facet normal -0.6594255781005749 -0.00041892425869423405 0.7517697329962068
    outer loop
      vertex -23.521036063329348 -0.7603618528778651 27.750570225170637
      vertex -20.970069813119437 17.54069940817815 29.998385052786688
      vertex -20.93736374082403 20.588163179157174 30.028771853597235
    endloop
  endfacet
  facet normal -0.7048671969990198 0.014636236499958953 -0.709188279073944
    outer loop
      vertex -23.582417226330335 0.04585555140974004 32.233756636465664
      vertex -20.93736374082403 20.588163179157174 30.028771853597235
      vertex -20.970069813119437 17.54069940817815 29.998385052786688
    endloop
  endfacet
  facet normal -0.7048671969989806 0.014636236499949645 -0.7091882790739832
    outer loop
      vertex -23.582417226330335 0.04585555140974004 32.233756636465664
      vertex -20.934156510824135 20.87884857530352 30.031583334051376
      vertex -20.93736374082403 20.588163179157174 30.028771853597235
    endloop
  endfacet
  facet normal -0.7048671969990191 0.014636236499958686 -0.7091882790739445
    outer loop
      vertex -23.582417226330335 0.04585555140974004 32.233756636465664
      vertex -26.390202206336205 26.334894270815585 35.56698729810778
      vertex -20.934156510824135 20.87884857530352 30.031583334051376
    endloop
  endfacet
  facet normal -0.7078785716524632 -0.03758420633667016 0.7053335063849662
    outer loop
      vertex -28.17136674866165 -28.116058813141034 48.43301270189222
      vertex -26.375879903298102 1.7008174337769664 51.82379205810577
      vertex -31.21366662965813 29.184044187758136 48.43301270189222
    endloop
  endfacet
  facet normal -0.5661652733203976 -0.035472576904449334 0.823528129194017
    outer loop
      vertex -27.496718052084343 -27.441410116563727 60.43301270189222
      vertex -24.319917354300287 0.010450887470949383 63.79948239211947
      vertex -30.986960573996043 28.265118244637858 60.43301270189222
    endloop
  endfacet
  facet normal -0.5949123227450647 -0.05536615986984455 0.8018814853750763
    outer loop
      vertex -21.65857412400431 -16.31715869801871 54.07948348408786
      vertex -25.181445274241952 21.536278557631388 54.07948348408786
      vertex -26.375879903298102 1.7008174337769664 51.82379205810577
    endloop
  endfacet
  facet normal -0.6298420015267739 -0.003612096750850741 -0.7767148806800407
    outer loop
      vertex -28.39852595339293 -28.051383194687894 83.56698729810778
      vertex -28.7221150788243 28.372914517157444 83.56698729810778
      vertex -24.4293504025812 0.7922520856921442 80.21422615062806
    endloop
  endfacet
  facet normal -0.8986989826804924 -0.04771565258822687 -0.4359625614971173
    outer loop
      vertex -28.37362099725539 -28.26300512621415 48
      vertex -31.41592087825187 29.03709787468502 48
      vertex -31.21366662965813 29.184044187758136 47.56698729810778
    endloop
  endfacet
  facet normal -0.6742367514624535 -0.035798022713946734 -0.7376471409468958
    outer loop
      vertex -28.17136674866165 -28.116058813141034 47.56698729810778
      vertex -31.21366662965813 29.184044187758136 47.56698729810778
      vertex -30.939804516611726 28.882867346910583 47.33128331932426
    endloop
  endfacet
  facet normal -0.8986989826804924 -0.04771565258822687 0.4359625614971173
    outer loop
      vertex -28.17136674866165 -28.116058813141034 48.43301270189222
      vertex -31.21366662965813 29.184044187758136 48.43301270189222
      vertex -31.41592087825187 29.03709787468502 48
    endloop
  endfacet
  facet normal -0.8971552289181811 -0.05621045541417256 -0.438124274523676
    outer loop
      vertex -27.698972300678083 -27.588356429636843 60
      vertex -31.189214822589783 28.118171931564742 60
      vertex -30.986960573996043 28.265118244637858 59.56698729810778
    endloop
  endfacet
  facet normal -0.8971552289181811 -0.05621045541417256 0.438124274523676
    outer loop
      vertex -27.698972300678083 -27.588356429636843 60
      vertex -30.986960573996043 28.265118244637858 60.43301270189222
      vertex -31.189214822589783 28.118171931564742 60
    endloop
  endfacet
  facet normal -0.6425333489930584 -0.04025735012350589 -0.7651994780400716
    outer loop
      vertex -27.496718052084343 -27.441410116563727 59.56698729810778
      vertex -30.986960573996043 28.265118244637858 59.56698729810778
      vertex -30.597326501572574 28.073792680194284 59.24987962597217
    endloop
  endfacet
  facet normal -0.5392636043695211 0 -0.8421370227002211
    outer loop
      vertex -22.489139946965047 -18.480866250167885 41.9198886028998
      vertex -30.939804516611726 28.882867346910583 47.33128331932426
      vertex -30.939804516611726 29.17675997305682 47.33128331932426
    endloop
  endfacet
  facet normal -0.5357314577155323 0.0008819091841214572 -0.8443879602707405
    outer loop
      vertex -22.489139946965047 -18.480866250167885 41.9198886028998
      vertex -30.939804516611726 29.17675997305682 47.33128331932426
      vertex -22.429839026267718 17.542535321164067 41.9198886028998
    endloop
  endfacet
  facet normal -0.7306477902181929 -0.06799852821186952 -0.6793599979468109
    outer loop
      vertex -21.65857412400431 -16.31715869801871 54.07948348408786
      vertex -30.597326501572574 28.073792680194284 59.24987962597217
      vertex -25.181445274241952 21.536278557631388 54.07948348408786
    endloop
  endfacet
  facet normal -0.680609644747064 -0.046228967350528984 -0.7311862923051683
    outer loop
      vertex -27.3764997568838 -27.321191821363183 71.56698729810778
      vertex -31.030602877364075 26.476631691360392 71.56698729810778
      vertex -30.38325772548612 26.000433326981646 70.99452690105967
    endloop
  endfacet
  facet normal -0.8962764465099253 -0.060877677685795405 -0.4392976664986115
    outer loop
      vertex -27.3764997568838 -27.321191821363183 71.56698729810778
      vertex -31.232857125957814 26.329685378287277 72
      vertex -31.030602877364075 26.476631691360392 71.56698729810778
    endloop
  endfacet
  facet normal -0.8962764465099253 -0.060877677685795405 0.4392976664986115
    outer loop
      vertex -27.3764997568838 -27.321191821363183 72.43301270189222
      vertex -31.030602877364075 26.476631691360392 72.43301270189222
      vertex -31.232857125957814 26.329685378287277 72
    endloop
  endfacet
  facet normal -0.9053484606330578 -0.005192105679064299 -0.42463773603857907
    outer loop
      vertex -28.39852595339293 -28.051383194687894 83.56698729810778
      vertex -28.924369327418038 28.225968204084328 84
      vertex -28.7221150788243 28.372914517157444 83.56698729810778
    endloop
  endfacet
  facet normal -0.5383314263678141 -0.006219594971487358 -0.8427102657634981
    outer loop
      vertex -21.91584533373427 -18.277286263383104 65.91225262200741
      vertex -30.38325772548612 26.000433326981646 70.99452690105967
      vertex -22.501114715402878 21.837494270817793 65.9900625365346
    endloop
  endfacet
  facet normal -0.6754554113534718 -0.022452454216570505 0.7370589356170678
    outer loop
      vertex -24.719892484654775 -0.5338834305532896 75.68358122134455
      vertex -21.61659888003614 -17.27944671397253 78.01739386804492
      vertex -22.81252655400556 18.69861658272676 78.01739386804492
    endloop
  endfacet
  facet normal -0.7044703397032285 -0.023416924023784872 -0.7093470153230238
    outer loop
      vertex -21.61659888003614 -17.27944671397253 78.01739386804492
      vertex -24.4293504025812 0.7922520856921442 80.21422615062806
      vertex -22.81252655400556 18.69861658272676 78.01739386804492
    endloop
  endfacet
  facet normal -0.5383314263677883 -0.006219594971486967 -0.8427102657635146
    outer loop
      vertex -21.922261290847814 -17.721958889127585 65.91225262200741
      vertex -22.501114715402878 21.837494270817793 65.9900625365346
      vertex -22.32618191089214 17.239025632318977 65.91225262200741
    endloop
  endfacet
  facet normal -0.5661652733204084 -0.03547257690444809 0.8235281291940095
    outer loop
      vertex -24.319917354300287 0.010450887470949383 63.79948239211947
      vertex -22.32618191089214 17.239025632318977 65.91225262200741
      vertex -22.501114715402878 21.837494270817793 65.9900625365346
    endloop
  endfacet
  facet normal -0.587141151378813 -0.039880318074725446 0.8085015946724042
    outer loop
      vertex -24.719892484654775 -0.5338834305532896 75.68358122134455
      vertex -22.81252655400556 18.69861658272676 78.01739386804492
      vertex -22.854785692072902 19.581045647598888 78.03023178063872
    endloop
  endfacet
  facet normal -0.7044703397032777 -0.023416924023774353 -0.7093470153229752
    outer loop
      vertex -24.4293504025812 0.7922520856921442 80.21422615062806
      vertex -22.854785692072902 19.581045647598888 78.03023178063872
      vertex -22.81252655400556 18.69861658272676 78.01739386804492
    endloop
  endfacet
  facet normal -0.5871411513787694 -0.03988031807473319 0.8085015946724355
    outer loop
      vertex -24.719892484654775 -0.5338834305532896 75.68358122134455
      vertex -22.854785692072902 19.581045647598888 78.03023178063872
      vertex -23.001885122610013 22.652684560943158 78.07491914810991
    endloop
  endfacet
  facet normal -0.7044703397032156 -0.023416924023786805 -0.7093470153230366
    outer loop
      vertex -24.4293504025812 0.7922520856921442 80.21422615062806
      vertex -23.001885122610013 22.652684560943158 78.07491914810991
      vertex -22.854785692072902 19.581045647598888 78.03023178063872
    endloop
  endfacet
  facet normal -0.899866081745732 0 0.43616629274117846
    outer loop
      vertex -25.202254248593736 24.85305368692688 0.4330127018922193
      vertex -22.59625560607152 17.34514709533158 5.809516632865901
      vertex -25.202254248593736 25.14694631307312 0.4330127018922193
    endloop
  endfacet
  facet normal -0.6339930649560219 0.0008258615403824651 -0.773338290491545
    outer loop
      vertex -29.07243971446096 25.77440739607579 11.12778066370734
      vertex -22.594331655867602 22.539023720346986 5.813485984831626
      vertex -22.594384858829567 22.395397539183787 5.8133762204098485
    endloop
  endfacet
  facet normal -0.6162908384968075 0.008387086886185266 0.7874739736387897
    outer loop
      vertex -27.280513010356636 27.22520507483602 14.275576750877933
      vertex -22.551267082578256 18.804428072578833 18.066453435806412
      vertex -22.488693230207492 22.42075990868068 18.07690864182274
    endloop
  endfacet
  facet normal -0.7440590447731424 0.01480566385413533 -0.6679497961741714
    outer loop
      vertex -27.30647555068604 27.10309475804256 23.5474389242806
      vertex -22.488693230207492 22.42075990868068 18.07690864182274
      vertex -22.551267082578256 18.804428072578833 18.066453435806412
    endloop
  endfacet
  facet normal -0.7871963347211653 0.029824443847162912 0.615980870766918
    outer loop
      vertex -26.390202206336205 26.334894270815585 36.43301270189222
      vertex -22.319192469019793 21.820593634046528 41.8541558057724
      vertex -22.310121043714606 22.171332847284184 41.84876666241291
    endloop
  endfacet
  facet normal -0.7871963347211475 0.029824443847207577 0.6159808707669387
    outer loop
      vertex -26.390202206336205 26.334894270815585 36.43301270189222
      vertex -22.310121043714606 22.171332847284184 41.84876666241291
      vertex -22.308016367337135 22.25270843181652 41.84751631835541
    endloop
  endfacet
  facet normal -0.9043608650736306 0.012307424803423115 -0.4265910840816798
    outer loop
      vertex -29.650817673805783 26.0536641900752 11.566987298107781
      vertex -29.853071922399522 26.200610503148315 12
      vertex -29.60326394228554 29.547956006764924 11.566987298107781
    endloop
  endfacet
  facet normal -0.9043608650736306 0.012307424803423115 0.4265910840816798
    outer loop
      vertex -29.650817673805783 26.0536641900752 12.433012701892219
      vertex -29.60326394228554 29.547956006764924 12.433012701892219
      vertex -29.853071922399522 26.200610503148315 12
    endloop
  endfacet
  facet normal -0.6022353051190104 0.008195805477623509 -0.7982765598718189
    outer loop
      vertex -29.650817673805783 26.0536641900752 11.566987298107781
      vertex -29.60326394228554 29.547956006764924 11.566987298107781
      vertex -29.07243971446096 25.77440739607579 11.12778066370734
    endloop
  endfacet
  facet normal -0.6162908384968069 0.008387086886185068 0.7874739736387905
    outer loop
      vertex -29.650817673805783 26.0536641900752 12.433012701892219
      vertex -27.280513010356636 27.22520507483602 14.275576750877933
      vertex -29.60326394228554 29.547956006764924 12.433012701892219
    endloop
  endfacet
  facet normal -0.9043608650736306 0.012307424803423115 -0.4265910840816798
    outer loop
      vertex -29.853071922399522 26.200610503148315 12
      vertex -29.80551819087928 29.69490231983804 12
      vertex -29.60326394228554 29.547956006764924 11.566987298107781
    endloop
  endfacet
  facet normal -0.9043608650736306 0.012307424803423115 0.4265910840816798
    outer loop
      vertex -29.853071922399522 26.200610503148315 12
      vertex -29.60326394228554 29.547956006764924 12.433012701892219
      vertex -29.80551819087928 29.69490231983804 12
    endloop
  endfacet
  facet normal -0.16463177034689316 0.5066844892926513 0.8462666296757145
    outer loop
      vertex -29.60326394228554 29.547956006764924 12.433012701892219
      vertex -27.280513010356636 27.22520507483602 14.275576750877933
      vertex -29.32375544509807 29.638773822765593 12.433012701892219
    endloop
  endfacet
  facet normal -0.16463177034689305 0.5066844892926518 0.8462666296757142
    outer loop
      vertex -29.32375544509807 29.638773822765593 12.433012701892219
      vertex -27.280513010356636 27.22520507483602 14.275576750877933
      vertex -27.001004513169164 27.316022890836688 14.275576750877933
    endloop
  endfacet
  facet normal -0.27998096330565564 0.8616928014882811 -0.4231975614883845
    outer loop
      vertex -29.60326394228554 29.547956006764924 11.566987298107781
      vertex -29.80551819087928 29.69490231983804 12
      vertex -29.24650119650433 29.87653795183938 12
    endloop
  endfacet
  facet normal -0.27998096330565364 0.8616928014882809 -0.42319756148838594
    outer loop
      vertex -29.60326394228554 29.547956006764924 11.566987298107781
      vertex -29.24650119650433 29.87653795183938 12
      vertex -29.32375544509807 29.638773822765593 11.566987298107781
    endloop
  endfacet
  facet normal -0.27998096330565564 0.8616928014882811 0.4231975614883845
    outer loop
      vertex -29.60326394228554 29.547956006764924 12.433012701892219
      vertex -29.24650119650433 29.87653795183938 12
      vertex -29.80551819087928 29.69490231983804 12
    endloop
  endfacet
  facet normal -0.27998096330565364 0.8616928014882809 0.42319756148838594
    outer loop
      vertex -29.60326394228554 29.547956006764924 12.433012701892219
      vertex -29.32375544509807 29.638773822765593 12.433012701892219
      vertex -29.24650119650433 29.87653795183938 12
    endloop
  endfacet
  facet normal -0.6339930649560178 0.0008258615403916235 -0.7733382904915485
    outer loop
      vertex -29.07243971446096 25.77440739607579 11.12778066370734
      vertex -29.60326394228554 29.547956006764924 11.566987298107781
      vertex -22.594331655867602 22.539023720346986 5.813485984831626
    endloop
  endfacet
  facet normal -0.16867542401071964 0.5191295756038484 -0.8378860811996892
    outer loop
      vertex -29.60326394228554 29.547956006764924 11.566987298107781
      vertex -29.32375544509807 29.638773822765593 11.566987298107781
      vertex -22.31482315868013 22.629841536347655 5.813485984831626
    endloop
  endfacet
  facet normal -0.9060374296629705 0 -0.42319756148838794
    outer loop
      vertex -25.40215848198234 24.707814759841753 -0.005031224018964701
      vertex -25.202254248593736 25.14694631307312 -0.4330127018922193
      vertex -25.202254248593736 24.85305368692688 -0.4330127018922193
    endloop
  endfacet
  facet normal -0.9060374296629693 -2.6165401530760638e-15 -0.42319756148839016
    outer loop
      vertex -25.40215848198234 24.707814759841753 -0.005031224018964701
      vertex -25.404508497187475 25.293892626146235 0
      vertex -25.202254248593736 25.14694631307312 -0.4330127018922193
    endloop
  endfacet
  facet normal -0.9060374296629692 0 0.4231975614883909
    outer loop
      vertex -25.202254248593736 24.85305368692688 0.4330127018922193
      vertex -25.202254248593736 25.14694631307312 0.4330127018922193
      vertex -25.404508497187475 25.293892626146235 0
    endloop
  endfacet
  facet normal -0.27998096330565564 0.8616928014882813 -0.42319756148838406
    outer loop
      vertex -25.202254248593736 25.14694631307312 -0.4330127018922193
      vertex -25.404508497187475 25.293892626146235 0
      vertex -24.845491502812525 25.475528258147577 0
    endloop
  endfacet
  facet normal -0.27998096330565564 0.8616928014882813 0.42319756148838406
    outer loop
      vertex -25.202254248593736 25.14694631307312 0.4330127018922193
      vertex -24.845491502812525 25.475528258147577 0
      vertex -25.404508497187475 25.293892626146235 0
    endloop
  endfacet
  facet normal 0 0 -1
    outer loop
      vertex -25.202254248593736 24.85305368692688 -0.4330127018922193
      vertex -25.202254248593736 25.14694631307312 -0.4330127018922193
      vertex -24.922745751406264 25.23776412907379 -0.4330127018922193
    endloop
  endfacet
  facet normal -0.2799809633056537 0.8616928014882811 -0.42319756148838555
    outer loop
      vertex -25.202254248593736 25.14694631307312 -0.4330127018922193
      vertex -24.845491502812525 25.475528258147577 0
      vertex -24.922745751406264 25.23776412907379 -0.4330127018922193
    endloop
  endfacet
  facet normal -0.2799809633056537 0.8616928014882811 0.42319756148838555
    outer loop
      vertex -25.202254248593736 25.14694631307312 0.4330127018922193
      vertex -24.922745751406264 25.23776412907379 0.4330127018922193
      vertex -24.845491502812525 25.475528258147577 0
    endloop
  endfacet
  facet normal -0.08542298135070962 0.8796988038853975 0.4677958194551951
    outer loop
      vertex -24.922745751406264 25.23776412907379 0.4330127018922193
      vertex -22.013703923231493 22.643740678566544 5.842334990076683
      vertex -24.845491502812525 25.475528258147577 0
    endloop
  endfacet
  facet normal -0.26371985886995275 0.8116462680702367 0.5212313992511098
    outer loop
      vertex -25.202254248593736 25.14694631307312 0.4330127018922193
      vertex -22.594331655867602 22.539023720346986 5.813485984831626
      vertex -24.922745751406264 25.23776412907379 0.4330127018922193
    endloop
  endfacet
  facet normal -0.16867542401071883 0.5191295756038493 -0.8378860811996888
    outer loop
      vertex -29.60326394228554 29.547956006764924 11.566987298107781
      vertex -22.31482315868013 22.629841536347655 5.813485984831626
      vertex -22.594331655867602 22.539023720346986 5.813485984831626
    endloop
  endfacet
  facet normal 0.041601075331890405 0.658462733454204 -0.7514626931413484
    outer loop
      vertex -29.32375544509807 29.638773822765593 11.566987298107781
      vertex -22.013703923231493 22.643740678566544 5.842334990076683
      vertex -22.31482315868013 22.629841536347655 5.813485984831626
    endloop
  endfacet
  facet normal -0.6162908384968071 0.008387086886185774 0.7874739736387901
    outer loop
      vertex -29.650817673805783 26.0536641900752 12.433012701892219
      vertex -22.551267082578256 18.804428072578833 18.066453435806412
      vertex -27.280513010356636 27.22520507483602 14.275576750877933
    endloop
  endfacet
  facet normal -0.1646317703468934 0.5066844892926522 0.8462666296757139
    outer loop
      vertex -27.280513010356636 27.22520507483602 14.275576750877933
      vertex -22.48847848726299 22.433170551742375 18.076944522332575
      vertex -27.001004513169164 27.316022890836688 14.275576750877933
    endloop
  endfacet
  facet normal -0.6162908384968067 0.008387086886199739 0.7874739736387903
    outer loop
      vertex -27.280513010356636 27.22520507483602 14.275576750877933
      vertex -22.488693230207492 22.42075990868068 18.07690864182274
      vertex -22.48847848726299 22.433170551742375 18.076944522332575
    endloop
  endfacet
  facet normal -0.16463177034689241 0.5066844892926519 0.8462666296757144
    outer loop
      vertex -27.001004513169164 27.316022890836688 14.275576750877933
      vertex -22.48847848726299 22.433170551742375 18.076944522332575
      vertex -22.20896999007552 22.523988367743044 18.076944522332575
    endloop
  endfacet
  facet normal -0.7440590447730765 0.014805663854304846 -0.6679497961742412
    outer loop
      vertex -27.30647555068604 27.10309475804256 23.5474389242806
      vertex -22.48847848726299 22.433170551742375 18.076944522332575
      vertex -22.488693230207492 22.42075990868068 18.07690864182274
    endloop
  endfacet
  facet normal -0.20692709512594518 0.6368561140646185 -0.7426947335758156
    outer loop
      vertex -27.041284513832935 27.356302891500455 23.56698729810778
      vertex -22.20896999007552 22.523988367743044 18.076944522332575
      vertex -22.48847848726299 22.433170551742375 18.076944522332575
    endloop
  endfacet
  facet normal -0.7440590447731439 0.014805663854131743 -0.6679497961741699
    outer loop
      vertex -27.30647555068604 27.10309475804256 23.5474389242806
      vertex -27.320793011020406 27.265485075499786 23.56698729810778
      vertex -22.48847848726299 22.433170551742375 18.076944522332575
    endloop
  endfacet
  facet normal -0.9059623748250498 -0.0005755457915091262 -0.4233578204644361
    outer loop
      vertex -27.52295472472904 26.67898765783941 24
      vertex -27.320793011020406 26.971592449353547 23.56698729810778
      vertex -27.3207004761353 26.825933970912526 23.56698729810778
    endloop
  endfacet
  facet normal -0.9059623748250498 -0.0005755457915091897 -0.4233578204644361
    outer loop
      vertex -27.52295472472904 26.67898765783941 24
      vertex -27.523047259614145 26.824646136280432 24
      vertex -27.320793011020406 26.971592449353547 23.56698729810778
    endloop
  endfacet
  facet normal -0.9059623748250498 -0.0005755457915091897 0.4233578204644361
    outer loop
      vertex -27.52295472472904 26.67898765783941 24
      vertex -27.3207004761353 26.825933970912526 24.43301270189222
      vertex -27.523047259614145 26.824646136280432 24
    endloop
  endfacet
  facet normal -0.9059623748250498 -0.0005755457915093255 0.42335782046443604
    outer loop
      vertex -27.523047259614145 26.824646136280432 24
      vertex -27.3207004761353 26.825933970912526 24.43301270189222
      vertex -27.320793011020406 26.971592449353547 24.43301270189222
    endloop
  endfacet
  facet normal -0.9060374296629695 0 -0.4231975614883899
    outer loop
      vertex -27.523047259614145 26.824646136280432 24
      vertex -27.523047259614145 27.4124313885729 24
      vertex -27.320793011020406 26.971592449353547 23.56698729810778
    endloop
  endfacet
  facet normal -0.9060374296629695 0 0.4231975614883899
    outer loop
      vertex -27.523047259614145 26.824646136280432 24
      vertex -27.320793011020406 26.971592449353547 24.43301270189222
      vertex -27.523047259614145 27.4124313885729 24
    endloop
  endfacet
  facet normal -0.8087891747349962 -0.0005138129558932437 -0.5880984669489709
    outer loop
      vertex -27.30647555068604 26.80920213189632 23.5474389242806
      vertex -27.3207004761353 26.825933970912526 23.56698729810778
      vertex -27.320793011020406 26.971592449353547 23.56698729810778
    endloop
  endfacet
  facet normal -0.6594255781005571 -0.00041892425870619746 0.7517697329962223
    outer loop
      vertex -27.3207004761353 26.825933970912526 24.43301270189222
      vertex -27.237574112130854 26.888373550463996 24.50596297600745
      vertex -27.320793011020406 26.971592449353547 24.43301270189222
    endloop
  endfacet
  facet normal -0.8067593758091157 0 -0.590880114358307
    outer loop
      vertex -27.30647555068604 26.80920213189632 23.5474389242806
      vertex -27.320793011020406 26.971592449353547 23.56698729810778
      vertex -27.30647555068604 27.10309475804256 23.5474389242806
    endloop
  endfacet
  facet normal -0.8067593758091157 0 -0.590880114358307
    outer loop
      vertex -27.320793011020406 26.971592449353547 23.56698729810778
      vertex -27.320793011020406 27.265485075499786 23.56698729810778
      vertex -27.30647555068604 27.10309475804256 23.5474389242806
    endloop
  endfacet
  facet normal -0.6591887794873926 0 0.7519774950076109
    outer loop
      vertex -27.237574112130854 26.888373550463996 24.50596297600745
      vertex -27.237574112130854 27.182266176610234 24.50596297600745
      vertex -27.320793011020406 26.971592449353547 24.43301270189222
    endloop
  endfacet
  facet normal -0.6591887794873926 0 0.7519774950076109
    outer loop
      vertex -27.320793011020406 26.971592449353547 24.43301270189222
      vertex -27.237574112130854 27.182266176610234 24.50596297600745
      vertex -27.320793011020406 27.265485075499786 24.43301270189222
    endloop
  endfacet
  facet normal -0.9060374296629696 0 -0.4231975614883899
    outer loop
      vertex -27.320793011020406 26.971592449353547 23.56698729810778
      vertex -27.523047259614145 27.4124313885729 24
      vertex -27.320793011020406 27.265485075499786 23.56698729810778
    endloop
  endfacet
  facet normal -0.9060374296629696 0 0.4231975614883899
    outer loop
      vertex -27.523047259614145 27.4124313885729 24
      vertex -27.320793011020406 26.971592449353547 24.43301270189222
      vertex -27.320793011020406 27.265485075499786 24.43301270189222
    endloop
  endfacet
  facet normal -0.17647326877438943 0.5431288740584433 0.8208947627875877
    outer loop
      vertex -27.320793011020406 27.265485075499786 24.43301270189222
      vertex -27.237574112130854 27.182266176610234 24.50596297600745
      vertex -27.041284513832935 27.356302891500455 24.43301270189222
    endloop
  endfacet
  facet normal -0.2799809633056558 0.8616928014882818 -0.42319756148838306
    outer loop
      vertex -27.523047259614145 27.4124313885729 24
      vertex -26.964030265239195 27.594067020574244 24
      vertex -27.320793011020406 27.265485075499786 23.56698729810778
    endloop
  endfacet
  facet normal -0.2799809633056558 0.8616928014882818 0.42319756148838306
    outer loop
      vertex -27.523047259614145 27.4124313885729 24
      vertex -27.320793011020406 27.265485075499786 24.43301270189222
      vertex -26.964030265239195 27.594067020574244 24
    endloop
  endfacet
  facet normal -0.2799809633056538 0.8616928014882815 -0.42319756148838455
    outer loop
      vertex -27.320793011020406 27.265485075499786 23.56698729810778
      vertex -26.964030265239195 27.594067020574244 24
      vertex -27.041284513832935 27.356302891500455 23.56698729810778
    endloop
  endfacet
  facet normal -0.1764732687743894 0.5431288740584432 0.8208947627875876
    outer loop
      vertex -27.237574112130854 27.182266176610234 24.50596297600745
      vertex -26.958065614943383 27.273083992610903 24.50596297600745
      vertex -27.041284513832935 27.356302891500455 24.43301270189222
    endloop
  endfacet
  facet normal -0.2799809633056538 0.8616928014882814 0.42319756148838455
    outer loop
      vertex -26.964030265239195 27.594067020574244 24
      vertex -27.320793011020406 27.265485075499786 24.43301270189222
      vertex -27.041284513832935 27.356302891500455 24.43301270189222
    endloop
  endfacet
  facet normal -0.007912594154697694 0.6546821384160769 0.7558628767790463
    outer loop
      vertex -27.041284513832935 27.356302891500455 24.43301270189222
      vertex -26.958065614943383 27.273083992610903 24.50596297600745
      vertex -26.433886349240552 27.275781134943234 24.509114138681586
    endloop
  endfacet
  facet normal -0.20692709512594457 0.6368561140646187 -0.7426947335758156
    outer loop
      vertex -27.320793011020406 27.265485075499786 23.56698729810778
      vertex -27.041284513832935 27.356302891500455 23.56698729810778
      vertex -22.48847848726299 22.433170551742375 18.076944522332575
    endloop
  endfacet
  facet normal -0.659425578100565 -0.00041892425868779454 0.7517697329962155
    outer loop
      vertex -27.3207004761353 26.825933970912526 24.43301270189222
      vertex -20.93736374082403 20.588163179157174 30.028771853597235
      vertex -27.237574112130854 26.888373550463996 24.50596297600745
    endloop
  endfacet
  facet normal -0.6591887794874112 0 0.7519774950075947
    outer loop
      vertex -27.237574112130854 26.888373550463996 24.50596297600745
      vertex -20.934156510824135 20.87884857530352 30.031583334051376
      vertex -27.237574112130854 27.182266176610234 24.50596297600745
    endloop
  endfacet
  facet normal -0.1764732687743954 0.5431288740584617 0.8208947627875743
    outer loop
      vertex -27.237574112130854 27.182266176610234 24.50596297600745
      vertex -20.934156510824135 20.87884857530352 30.031583334051376
      vertex -26.958065614943383 27.273083992610903 24.50596297600745
    endloop
  endfacet
  facet normal -0.007912594154697687 0.6546821384160959 0.75586287677903
    outer loop
      vertex -26.958065614943383 27.273083992610903 24.50596297600745
      vertex -20.654648013636663 20.969666391304187 30.031583334051376
      vertex -26.433886349240552 27.275781134943234 24.509114138681586
    endloop
  endfacet
  facet normal -0.2799809633056554 0.8616928014882804 -0.42319756148838594
    outer loop
      vertex -26.390202206336205 26.334894270815585 35.56698729810778
      vertex -26.592456454929945 26.4818405838887 36
      vertex -26.033439460554995 26.663476215890043 36
    endloop
  endfacet
  facet normal -0.2799809633056535 0.8616928014882803 -0.4231975614883875
    outer loop
      vertex -26.390202206336205 26.334894270815585 35.56698729810778
      vertex -26.033439460554995 26.663476215890043 36
      vertex -26.110693709148734 26.425712086816254 35.56698729810778
    endloop
  endfacet
  facet normal -0.2799809633056554 0.8616928014882804 0.42319756148838594
    outer loop
      vertex -26.592456454929945 26.4818405838887 36
      vertex -26.390202206336205 26.334894270815585 36.43301270189222
      vertex -26.033439460554995 26.663476215890043 36
    endloop
  endfacet
  facet normal -0.2799809633056535 0.8616928014882802 0.4231975614883875
    outer loop
      vertex -26.033439460554995 26.663476215890043 36
      vertex -26.390202206336205 26.334894270815585 36.43301270189222
      vertex -26.110693709148734 26.425712086816254 36.43301270189222
    endloop
  endfacet
  facet normal -0.19379591514103792 0.5964424976013861 -0.7789091669313362
    outer loop
      vertex -26.390202206336205 26.334894270815585 35.56698729810778
      vertex -26.110693709148734 26.425712086816254 35.56698729810778
      vertex -20.654648013636663 20.969666391304187 30.031583334051376
    endloop
  endfacet
  facet normal -0.22403557964347953 0.6895106152102539 0.6887547971275317
    outer loop
      vertex -26.390202206336205 26.334894270815585 36.43301270189222
      vertex -22.308016367337135 22.25270843181652 41.84751631835541
      vertex -26.110693709148734 26.425712086816254 36.43301270189222
    endloop
  endfacet
  facet normal -0.8998660817457322 -2.352197841422996e-16 0.43616629274117813
    outer loop
      vertex -25.202254248593736 25.14694631307312 0.4330127018922193
      vertex -22.59625560607152 17.34514709533158 5.809516632865901
      vertex -22.594384858829567 22.395397539183787 5.8133762204098485
    endloop
  endfacet
  facet normal -0.8998660817457333 -6.203180417630468e-15 0.436166292741176
    outer loop
      vertex -25.202254248593736 25.14694631307312 0.4330127018922193
      vertex -22.594384858829567 22.395397539183787 5.8133762204098485
      vertex -22.594331655867602 22.539023720346986 5.813485984831626
    endloop
  endfacet
  facet normal -0.2637198588699533 0.8116462680702364 0.5212313992511095
    outer loop
      vertex -24.922745751406264 25.23776412907379 0.4330127018922193
      vertex -22.594331655867602 22.539023720346986 5.813485984831626
      vertex -22.31482315868013 22.629841536347655 5.813485984831626
    endloop
  endfacet
  facet normal -0.08542298135070785 0.8796988038853981 0.46779581945519405
    outer loop
      vertex -24.922745751406264 25.23776412907379 0.4330127018922193
      vertex -22.31482315868013 22.629841536347655 5.813485984831626
      vertex -22.013703923231493 22.643740678566544 5.842334990076683
    endloop
  endfacet
  facet normal -0.030669946849924103 0.8935275154391845 0.4479597454161485
    outer loop
      vertex -24.845491502812525 25.475528258147577 0
      vertex -22.013703923231493 22.643740678566544 5.842334990076683
      vertex -19.357630838595774 22.6558657026333 6
    endloop
  endfacet
  facet normal -0.6591887794874144 -8.657102526551192e-15 0.7519774950075919
    outer loop
      vertex -27.237574112130854 26.888373550463996 24.50596297600745
      vertex -20.93736374082403 20.588163179157174 30.028771853597235
      vertex -20.934156510824135 20.87884857530352 30.031583334051376
    endloop
  endfacet
  facet normal -0.17647326877439604 0.5431288740584614 0.8208947627875742
    outer loop
      vertex -26.958065614943383 27.273083992610903 24.50596297600745
      vertex -20.934156510824135 20.87884857530352 30.031583334051376
      vertex -20.654648013636663 20.969666391304187 30.031583334051376
    endloop
  endfacet
  facet normal -0.007912594154695718 0.6546821384160969 0.7558628767790292
    outer loop
      vertex -26.433886349240552 27.275781134943234 24.509114138681586
      vertex -20.654648013636663 20.969666391304187 30.031583334051376
      vertex -16.589166752171007 21.026891786204473 30.024576850729833
    endloop
  endfacet
  facet normal -0.19379591514103786 0.596442497601387 -0.7789091669313354
    outer loop
      vertex -26.390202206336205 26.334894270815585 35.56698729810778
      vertex -20.654648013636663 20.969666391304187 30.031583334051376
      vertex -20.934156510824135 20.87884857530352 30.031583334051376
    endloop
  endfacet
  facet normal -0.2240355796434741 0.689510615210256 0.6887547971275313
    outer loop
      vertex -26.110693709148734 26.425712086816254 36.43301270189222
      vertex -22.308016367337135 22.25270843181652 41.84751631835541
      vertex -22.028507870149667 22.34352624781719 41.8475163183554
    endloop
  endfacet
  facet normal 0.00884246679753627 0.8016512526922815 0.5977265928815868
    outer loop
      vertex -26.110693709148734 26.425712086816254 36.43301270189222
      vertex -22.028507870149667 22.34352624781719 41.8475163183554
      vertex -18.9948341216945 22.291819158989327 41.87198552101568
    endloop
  endfacet
  facet normal 0.041601075331891446 0.658462733454204 -0.7514626931413483
    outer loop
      vertex -29.32375544509807 29.638773822765593 11.566987298107781
      vertex -19.357630838595774 22.6558657026333 6
      vertex -22.013703923231493 22.643740678566544 5.842334990076683
    endloop
  endfacet
  facet normal -0.009610481080979913 0.615528913656077 0.788055705586072
    outer loop
      vertex -27.001004513169164 27.316022890836688 14.275576750877933
      vertex -22.20896999007552 22.523988367743044 18.076944522332575
      vertex -12.342192360981596 27.391969707402442 14.395023605579501
    endloop
  endfacet
  facet normal -0.009610481080979902 0.615528913656076 0.7880557055860727
    outer loop
      vertex -29.32375544509807 29.638773822765593 12.433012701892219
      vertex -27.001004513169164 27.316022890836688 14.275576750877933
      vertex -12.342192360981596 27.391969707402442 14.395023605579501
    endloop
  endfacet
  facet normal -0.00961048108097969 0.6155289136560766 0.7880557055860723
    outer loop
      vertex -22.20896999007552 22.523988367743044 18.076944522332575
      vertex -17.270826610656652 22.547460972558575 18.118832254819377
      vertex -12.342192360981596 27.391969707402442 14.395023605579501
    endloop
  endfacet
  facet normal -0.7078785716524633 -0.03758420633667021 0.705333506384966
    outer loop
      vertex -26.375879903298102 1.7008174337769664 51.82379205810577
      vertex -25.43047541696456 24.911990930793852 54.00943203904034
      vertex -31.21366662965813 29.184044187758136 48.43301270189222
    endloop
  endfacet
  facet normal -0.7078785716524644 -0.03758420633667009 0.7053335063849652
    outer loop
      vertex -26.375879903298102 1.7008174337769664 51.82379205810577
      vertex -25.181445274241952 21.536278557631388 54.07948348408786
      vertex -25.43047541696456 24.911990930793852 54.00943203904034
    endloop
  endfacet
  facet normal -0.5357314577155323 0.000881909184121405 -0.8443879602707406
    outer loop
      vertex -30.939804516611726 29.17675997305682 47.33128331932426
      vertex -22.319192469019793 21.820593634046528 41.8541558057724
      vertex -22.429839026267718 17.542535321164067 41.9198886028998
    endloop
  endfacet
  facet normal -0.5661652733203986 -0.03547257690444965 0.8235281291940163
    outer loop
      vertex -24.319917354300287 0.010450887470949383 63.79948239211947
      vertex -22.501114715402878 21.837494270817793 65.9900625365346
      vertex -30.986960573996043 28.265118244637858 60.43301270189222
    endloop
  endfacet
  facet normal -0.5871411513787875 -0.03988031807473047 0.8085015946724224
    outer loop
      vertex -24.719892484654775 -0.5338834305532896 75.68358122134455
      vertex -23.001885122610013 22.652684560943158 78.07491914810991
      vertex -31.030602877364075 26.476631691360392 72.43301270189222
    endloop
  endfacet
  facet normal -0.7044703397032295 -0.023416924023784574 -0.7093470153230229
    outer loop
      vertex -24.4293504025812 0.7922520856921442 80.21422615062806
      vertex -28.7221150788243 28.372914517157444 83.56698729810778
      vertex -23.001885122610013 22.652684560943158 78.07491914810991
    endloop
  endfacet
  facet normal -0.5383314263678038 -0.006219594971460181 -0.8427102657635047
    outer loop
      vertex -30.38325772548612 26.000433326981646 70.99452690105967
      vertex -22.513548739671467 22.16434817800461 65.99559317653248
      vertex -22.501114715402878 21.837494270817793 65.9900625365346
    endloop
  endfacet
  facet normal -0.535731457715532 0.0008819091841215706 -0.8443879602707408
    outer loop
      vertex -30.939804516611726 29.17675997305682 47.33128331932426
      vertex -31.30788989326797 31.252581957747356 47.56698729810778
      vertex -22.308016367337135 22.25270843181652 41.84751631835541
    endloop
  endfacet
  facet normal -0.5661652733203976 -0.035472576904447765 0.8235281291940171
    outer loop
      vertex -30.986960573996043 28.265118244637858 60.43301270189222
      vertex -22.501114715402878 21.837494270817793 65.9900625365346
      vertex -29.3229531551369 28.97375259347005 61.60752061152279
    endloop
  endfacet
  facet normal -0.8986989826804922 -0.04771565258822754 -0.43596256149711743
    outer loop
      vertex -31.41592087825187 29.03709787468502 48
      vertex -31.30788989326797 30.958689331601118 47.56698729810778
      vertex -31.21366662965813 29.184044187758136 47.56698729810778
    endloop
  endfacet
  facet normal -0.8986989826804923 -0.047715652588227526 0.4359625614971174
    outer loop
      vertex -31.41592087825187 29.03709787468502 48
      vertex -31.21366662965813 29.184044187758136 48.43301270189222
      vertex -31.51014414186171 30.811743018528002 48
    endloop
  endfacet
  facet normal -0.6742367514624532 -0.03579802271394722 -0.7376471409468958
    outer loop
      vertex -31.21366662965813 29.184044187758136 47.56698729810778
      vertex -31.30788989326797 30.958689331601118 47.56698729810778
      vertex -30.939804516611726 28.882867346910583 47.33128331932426
    endloop
  endfacet
  facet normal -0.5392636043695145 0 -0.8421370227002254
    outer loop
      vertex -30.939804516611726 28.882867346910583 47.33128331932426
      vertex -31.30788989326797 30.958689331601118 47.56698729810778
      vertex -30.939804516611726 29.17675997305682 47.33128331932426
    endloop
  endfacet
  facet normal -0.8986989826804923 -0.047715652588227526 -0.4359625614971174
    outer loop
      vertex -31.41592087825187 29.03709787468502 48
      vertex -31.51014414186171 30.811743018528002 48
      vertex -31.30788989326797 30.958689331601118 47.56698729810778
    endloop
  endfacet
  facet normal -0.8986989826804923 -0.047715652588227526 0.4359625614971173
    outer loop
      vertex -31.21366662965813 29.184044187758136 48.43301270189222
      vertex -31.30788989326797 30.958689331601118 48.43301270189222
      vertex -31.51014414186171 30.811743018528002 48
    endloop
  endfacet
  facet normal -0.5392636043695141 0 -0.8421370227002256
    outer loop
      vertex -30.939804516611726 29.17675997305682 47.33128331932426
      vertex -31.30788989326797 30.958689331601118 47.56698729810778
      vertex -31.30788989326797 31.252581957747356 47.56698729810778
    endloop
  endfacet
  facet normal -0.7078785716524626 -0.037584206336670666 0.7053335063849666
    outer loop
      vertex -31.21366662965813 29.184044187758136 48.43301270189222
      vertex -30.506442133149513 30.157241571482658 49.194646613849265
      vertex -31.30788989326797 30.958689331601118 48.43301270189222
    endloop
  endfacet
  facet normal -0.6888723643059146 0 0.7248826565007465
    outer loop
      vertex -31.30788989326797 31.252581957747356 48.43301270189222
      vertex -30.506442133149513 30.157241571482658 49.194646613849265
      vertex -30.506442133149513 30.451134197628896 49.194646613849265
    endloop
  endfacet
  facet normal -0.9060374296629683 0 -0.4231975614883927
    outer loop
      vertex -31.51014414186171 30.811743018528002 48
      vertex -31.51014414186171 31.399528270820472 48
      vertex -31.30788989326797 30.958689331601118 47.56698729810778
    endloop
  endfacet
  facet normal -0.9060374296629683 0 0.4231975614883927
    outer loop
      vertex -31.51014414186171 30.811743018528002 48
      vertex -31.30788989326797 30.958689331601118 48.43301270189222
      vertex -31.51014414186171 31.399528270820472 48
    endloop
  endfacet
  facet normal -0.9060374296629682 0 -0.4231975614883927
    outer loop
      vertex -31.30788989326797 30.958689331601118 47.56698729810778
      vertex -31.51014414186171 31.399528270820472 48
      vertex -31.30788989326797 31.252581957747356 47.56698729810778
    endloop
  endfacet
  facet normal -0.9060374296629682 0 0.4231975614883927
    outer loop
      vertex -31.30788989326797 30.958689331601118 48.43301270189222
      vertex -31.30788989326797 31.252581957747356 48.43301270189222
      vertex -31.51014414186171 31.399528270820472 48
    endloop
  endfacet
  facet normal -0.2799809633056554 0.8616928014882804 -0.42319756148838594
    outer loop
      vertex -31.30788989326797 31.252581957747356 47.56698729810778
      vertex -31.51014414186171 31.399528270820472 48
      vertex -30.95112714748676 31.581163902821814 48
    endloop
  endfacet
  facet normal -0.2799809633056535 0.8616928014882803 -0.4231975614883875
    outer loop
      vertex -31.30788989326797 31.252581957747356 47.56698729810778
      vertex -30.95112714748676 31.581163902821814 48
      vertex -31.028381396080498 31.343399773748025 47.56698729810778
    endloop
  endfacet
  facet normal -0.2799809633056554 0.8616928014882804 0.42319756148838594
    outer loop
      vertex -31.30788989326797 31.252581957747356 48.43301270189222
      vertex -30.95112714748676 31.581163902821814 48
      vertex -31.51014414186171 31.399528270820472 48
    endloop
  endfacet
  facet normal -0.2799809633056535 0.8616928014882803 0.4231975614883875
    outer loop
      vertex -31.30788989326797 31.252581957747356 48.43301270189222
      vertex -31.028381396080498 31.343399773748025 48.43301270189222
      vertex -30.95112714748676 31.581163902821814 48
    endloop
  endfacet
  facet normal -0.6888723643059147 0 0.7248826565007463
    outer loop
      vertex -31.30788989326797 30.958689331601118 48.43301270189222
      vertex -30.506442133149513 30.157241571482658 49.194646613849265
      vertex -31.30788989326797 31.252581957747356 48.43301270189222
    endloop
  endfacet
  facet normal -0.1860695987862346 0.5726633409532 0.7983951417286109
    outer loop
      vertex -31.30788989326797 31.252581957747356 48.43301270189222
      vertex -30.22693363596204 30.541952013629565 49.194646613849265
      vertex -31.028381396080498 31.343399773748025 48.43301270189222
    endloop
  endfacet
  facet normal -0.18606959878623475 0.5726633409532004 0.7983951417286107
    outer loop
      vertex -31.30788989326797 31.252581957747356 48.43301270189222
      vertex -30.506442133149513 30.451134197628896 49.194646613849265
      vertex -30.22693363596204 30.541952013629565 49.194646613849265
    endloop
  endfacet
  facet normal -0.13915377990136737 0.4282712975381481 -0.8928717272061831
    outer loop
      vertex -31.30788989326797 31.252581957747356 47.56698729810778
      vertex -31.028381396080498 31.343399773748025 47.56698729810778
      vertex -22.028507870149667 22.34352624781719 41.8475163183554
    endloop
  endfacet
  facet normal -0.7078785716524633 -0.037584206336669854 0.7053335063849662
    outer loop
      vertex -31.21366662965813 29.184044187758136 48.43301270189222
      vertex -25.43047541696456 24.911990930793852 54.00943203904034
      vertex -30.506442133149513 30.157241571482658 49.194646613849265
    endloop
  endfacet
  facet normal -0.6888723643059163 0 0.7248826565007449
    outer loop
      vertex -30.506442133149513 30.157241571482658 49.194646613849265
      vertex -25.443958334886126 25.388650399365506 54.00563933397446
      vertex -30.506442133149513 30.451134197628896 49.194646613849265
    endloop
  endfacet
  facet normal -0.18606959878623536 0.5726633409532024 0.798395141728609
    outer loop
      vertex -30.506442133149513 30.451134197628896 49.194646613849265
      vertex -25.16444983769865 25.479468215366172 54.00563933397446
      vertex -30.22693363596204 30.541952013629565 49.194646613849265
    endloop
  endfacet
  facet normal 0.020501323450008595 0.699424012013334 0.7144128688342404
    outer loop
      vertex -31.028381396080498 31.343399773748025 48.43301270189222
      vertex -30.22693363596204 30.541952013629565 49.194646613849265
      vertex -24.74649894726157 30.45267634225887 49.12477858916507
    endloop
  endfacet
  facet normal -0.8971552289181809 -0.056210455414173834 -0.43812427452367625
    outer loop
      vertex -31.189214822589783 28.118171931564742 60
      vertex -31.347807013776027 30.64940589044232 60
      vertex -30.986960573996043 28.265118244637858 59.56698729810778
    endloop
  endfacet
  facet normal -0.897155228918181 -0.05621045541417384 0.43812427452367625
    outer loop
      vertex -31.189214822589783 28.118171931564742 60
      vertex -30.986960573996043 28.265118244637858 60.43301270189222
      vertex -31.145552765182288 30.796352203515436 60.43301270189222
    endloop
  endfacet
  facet normal -0.6425333489930588 -0.040257350123506834 -0.7651994780400712
    outer loop
      vertex -30.597326501572574 28.073792680194284 59.24987962597217
      vertex -30.986960573996043 28.265118244637858 59.56698729810778
      vertex -31.145552765182288 30.796352203515436 59.56698729810778
    endloop
  endfacet
  facet normal -0.5661652733203969 -0.03547257690445011 0.8235281291940174
    outer loop
      vertex -30.986960573996043 28.265118244637858 60.43301270189222
      vertex -29.3229531551369 28.97375259347005 61.60752061152279
      vertex -31.145552765182288 30.796352203515436 60.43301270189222
    endloop
  endfacet
  facet normal -0.8971552289181809 -0.056210455414173834 0.43812427452367625
    outer loop
      vertex -31.189214822589783 28.118171931564742 60
      vertex -31.145552765182288 30.796352203515436 60.43301270189222
      vertex -31.347807013776027 30.64940589044232 60
    endloop
  endfacet
  facet normal -0.8971552289181809 -0.056210455414173834 -0.43812427452367625
    outer loop
      vertex -30.986960573996043 28.265118244637858 59.56698729810778
      vertex -31.347807013776027 30.64940589044232 60
      vertex -31.145552765182288 30.796352203515436 59.56698729810778
    endloop
  endfacet
  facet normal -0.9060374296629682 0 -0.4231975614883927
    outer loop
      vertex -31.145552765182288 30.796352203515436 59.56698729810778
      vertex -31.347807013776027 31.23719114273479 60
      vertex -31.145552765182288 31.090244829661675 59.56698729810778
    endloop
  endfacet
  facet normal -0.9060374296629681 0 -0.4231975614883927
    outer loop
      vertex -31.145552765182288 30.796352203515436 59.56698729810778
      vertex -31.347807013776027 30.64940589044232 60
      vertex -31.347807013776027 31.23719114273479 60
    endloop
  endfacet
  facet normal -0.9060374296629683 0 0.4231975614883927
    outer loop
      vertex -31.347807013776027 30.64940589044232 60
      vertex -31.145552765182288 30.796352203515436 60.43301270189222
      vertex -31.347807013776027 31.23719114273479 60
    endloop
  endfacet
  facet normal -0.9060374296629682 0 0.4231975614883927
    outer loop
      vertex -31.145552765182288 30.796352203515436 60.43301270189222
      vertex -31.145552765182288 31.090244829661675 60.43301270189222
      vertex -31.347807013776027 31.23719114273479 60
    endloop
  endfacet
  facet normal -0.2799809633056554 0.8616928014882804 -0.42319756148838594
    outer loop
      vertex -31.145552765182288 31.090244829661675 59.56698729810778
      vertex -31.347807013776027 31.23719114273479 60
      vertex -30.788790019401077 31.418826774736132 60
    endloop
  endfacet
  facet normal -0.2799809633056554 0.8616928014882804 0.42319756148838594
    outer loop
      vertex -31.145552765182288 31.090244829661675 60.43301270189222
      vertex -30.788790019401077 31.418826774736132 60
      vertex -31.347807013776027 31.23719114273479 60
    endloop
  endfacet
  facet normal -0.2799809633056535 0.8616928014882803 -0.4231975614883875
    outer loop
      vertex -31.145552765182288 31.090244829661675 59.56698729810778
      vertex -30.788790019401077 31.418826774736132 60
      vertex -30.866044267994816 31.181062645662344 59.56698729810778
    endloop
  endfacet
  facet normal -0.2799809633056535 0.8616928014882803 0.4231975614883875
    outer loop
      vertex -31.145552765182288 31.090244829661675 60.43301270189222
      vertex -30.866044267994816 31.181062645662344 60.43301270189222
      vertex -30.788790019401077 31.418826774736132 60
    endloop
  endfacet
  facet normal -0.5416829927561373 0 0.8405828545472209
    outer loop
      vertex -31.145552765182288 30.796352203515436 60.43301270189222
      vertex -29.3229531551369 29.267645219616288 61.60752061152279
      vertex -31.145552765182288 31.090244829661675 60.43301270189222
    endloop
  endfacet
  facet normal -0.140702138442195 0.43303665512889794 0.8903269981038255
    outer loop
      vertex -31.145552765182288 31.090244829661675 60.43301270189222
      vertex -29.04344465794943 29.358463035616957 61.60752061152279
      vertex -30.866044267994816 31.181062645662344 60.43301270189222
    endloop
  endfacet
  facet normal -0.5416829927561375 0 0.8405828545472209
    outer loop
      vertex -31.145552765182288 30.796352203515436 60.43301270189222
      vertex -29.3229531551369 28.97375259347005 61.60752061152279
      vertex -29.3229531551369 29.267645219616288 61.60752061152279
    endloop
  endfacet
  facet normal -0.14070213844219484 0.43303665512889805 0.8903269981038255
    outer loop
      vertex -31.145552765182288 31.090244829661675 60.43301270189222
      vertex -29.3229531551369 29.267645219616288 61.60752061152279
      vertex -29.04344465794943 29.358463035616957 61.60752061152279
    endloop
  endfacet
  facet normal -0.7306477902181933 -0.06799852821186889 -0.6793599979468108
    outer loop
      vertex -25.443958334886126 25.094757773219268 54.00563933397445
      vertex -30.597326501572574 28.073792680194284 59.24987962597217
      vertex -31.145552765182288 30.796352203515436 59.56698729810778
    endloop
  endfacet
  facet normal -0.6982477376444839 0 -0.7158561984605287
    outer loop
      vertex -25.443958334886126 25.388650399365506 54.00563933397446
      vertex -31.145552765182288 30.796352203515436 59.56698729810778
      vertex -31.145552765182288 31.090244829661675 59.56698729810778
    endloop
  endfacet
  facet normal -0.18915512101948317 0.5821596019340597 -0.7907657921711598
    outer loop
      vertex -25.443958334886126 25.388650399365506 54.00563933397446
      vertex -31.145552765182288 31.090244829661675 59.56698729810778
      vertex -30.866044267994816 31.181062645662344 59.56698729810778
    endloop
  endfacet
  facet normal -0.7078785716524627 -0.03758420633666731 0.7053335063849666
    outer loop
      vertex -30.506442133149513 30.157241571482658 49.194646613849265
      vertex -25.43047541696456 24.911990930793852 54.00943203904034
      vertex -25.443958334886126 25.094757773219268 54.00563933397445
    endloop
  endfacet
  facet normal -0.6888723643059247 -1.730914360835313e-14 0.724882656500737
    outer loop
      vertex -30.506442133149513 30.157241571482658 49.194646613849265
      vertex -25.443958334886126 25.094757773219268 54.00563933397445
      vertex -25.443958334886126 25.388650399365506 54.00563933397446
    endloop
  endfacet
  facet normal -0.18606959878622834 0.5726633409532084 0.7983951417286063
    outer loop
      vertex -30.506442133149513 30.451134197628896 49.194646613849265
      vertex -25.443958334886126 25.388650399365506 54.00563933397446
      vertex -25.16444983769865 25.479468215366172 54.00563933397446
    endloop
  endfacet
  facet normal -0.5357314577155408 0.0008819091841088662 -0.8443879602707353
    outer loop
      vertex -30.939804516611726 29.17675997305682 47.33128331932426
      vertex -22.310121043714606 22.171332847284184 41.84876666241291
      vertex -22.319192469019793 21.820593634046528 41.8541558057724
    endloop
  endfacet
  facet normal -0.5357314577154793 0.0008819091842149512 -0.8443879602707741
    outer loop
      vertex -30.939804516611726 29.17675997305682 47.33128331932426
      vertex -22.308016367337135 22.25270843181652 41.84751631835541
      vertex -22.310121043714606 22.171332847284184 41.84876666241291
    endloop
  endfacet
  facet normal -0.13915377990139072 0.42827129753812765 -0.8928717272061895
    outer loop
      vertex -31.30788989326797 31.252581957747356 47.56698729810778
      vertex -22.028507870149667 22.34352624781719 41.8475163183554
      vertex -22.308016367337135 22.25270843181652 41.84751631835541
    endloop
  endfacet
  facet normal 0.016082431183243207 0.5476970335757613 -0.8365221544104782
    outer loop
      vertex -31.028381396080498 31.343399773748025 47.56698729810778
      vertex -18.9948341216945 22.291819158989327 41.87198552101568
      vertex -22.028507870149667 22.34352624781719 41.8475163183554
    endloop
  endfacet
  facet normal 0.020501323450008224 0.6994240120133365 0.714412868834238
    outer loop
      vertex -30.22693363596204 30.541952013629565 49.194646613849265
      vertex -25.16444983769865 25.479468215366172 54.00563933397446
      vertex -20.552830512943927 25.312935781843077 54.03633934560184
    endloop
  endfacet
  facet normal -0.7306477902181933 -0.06799852821187011 -0.6793599979468107
    outer loop
      vertex -25.181445274241952 21.536278557631388 54.07948348408786
      vertex -30.597326501572574 28.073792680194284 59.24987962597217
      vertex -25.43047541696456 24.911990930793852 54.00943203904034
    endloop
  endfacet
  facet normal -0.7306477902181989 -0.06799852821189345 -0.6793599979468022
    outer loop
      vertex -25.43047541696456 24.911990930793852 54.00943203904034
      vertex -30.597326501572574 28.073792680194284 59.24987962597217
      vertex -25.443958334886126 25.094757773219268 54.00563933397445
    endloop
  endfacet
  facet normal -0.6982477376444753 1.7307219590187236e-14 -0.7158561984605369
    outer loop
      vertex -25.443958334886126 25.094757773219268 54.00563933397445
      vertex -31.145552765182288 30.796352203515436 59.56698729810778
      vertex -25.443958334886126 25.388650399365506 54.00563933397446
    endloop
  endfacet
  facet normal -0.18915512101947587 0.5821596019340651 -0.7907657921711575
    outer loop
      vertex -25.443958334886126 25.388650399365506 54.00563933397446
      vertex -30.866044267994816 31.181062645662344 59.56698729810778
      vertex -25.16444983769865 25.479468215366172 54.00563933397446
    endloop
  endfacet
  facet normal -0.5416829927561403 0 0.8405828545472191
    outer loop
      vertex -29.3229531551369 28.97375259347005 61.60752061152279
      vertex -22.513548739671478 22.458240804150858 65.99559317653248
      vertex -29.3229531551369 29.267645219616288 61.60752061152279
    endloop
  endfacet
  facet normal -0.14070213844219576 0.43303665512890027 0.8903269981038243
    outer loop
      vertex -29.3229531551369 29.267645219616288 61.60752061152279
      vertex -22.513548739671478 22.458240804150858 65.99559317653248
      vertex -29.04344465794943 29.358463035616957 61.60752061152279
    endloop
  endfacet
  facet normal 0.020501323450008616 0.6994240120133369 0.7144128688342377
    outer loop
      vertex -30.22693363596204 30.541952013629565 49.194646613849265
      vertex -20.552830512943927 25.312935781843077 54.03633934560184
      vertex -24.74649894726157 30.45267634225887 49.12477858916507
    endloop
  endfacet
  facet normal -0.008430201161657882 0.5356935354836351 0.8443703972483979
    outer loop
      vertex -30.866044267994816 31.181062645662344 60.43301270189222
      vertex -29.04344465794943 29.358463035616957 61.60752061152279
      vertex -19.849512446999984 29.39851458152191 61.67390302374401
    endloop
  endfacet
  facet normal -0.5383314263678122 -0.006219594971484135 -0.8427102657634994
    outer loop
      vertex -30.38325772548612 26.000433326981646 70.99452690105967
      vertex -31.337015431899417 30.987814870232565 71.56698729810778
      vertex -22.513548739671467 22.16434817800461 65.99559317653248
    endloop
  endfacet
  facet normal -0.8962764465099254 -0.06087767768579607 -0.43929766649861157
    outer loop
      vertex -31.232857125957814 26.329685378287277 72
      vertex -31.337015431899417 30.987814870232565 71.56698729810778
      vertex -31.030602877364075 26.476631691360392 71.56698729810778
    endloop
  endfacet
  facet normal -0.8962764465099254 -0.06087767768579607 0.43929766649861157
    outer loop
      vertex -31.232857125957814 26.329685378287277 72
      vertex -31.030602877364075 26.476631691360392 72.43301270189222
      vertex -31.337015431899417 30.987814870232565 72.43301270189222
    endloop
  endfacet
  facet normal -0.6806096447470643 -0.0462289673505295 -0.7311862923051681
    outer loop
      vertex -31.030602877364075 26.476631691360392 71.56698729810778
      vertex -31.337015431899417 30.987814870232565 71.56698729810778
      vertex -30.38325772548612 26.000433326981646 70.99452690105967
    endloop
  endfacet
  facet normal -0.8962764465099253 -0.06087767768579606 -0.43929766649861146
    outer loop
      vertex -31.232857125957814 26.329685378287277 72
      vertex -31.539269680493156 30.84086855715945 72
      vertex -31.337015431899417 30.987814870232565 71.56698729810778
    endloop
  endfacet
  facet normal -0.8962764465099253 -0.06087767768579606 0.43929766649861146
    outer loop
      vertex -31.232857125957814 26.329685378287277 72
      vertex -31.337015431899417 30.987814870232565 72.43301270189222
      vertex -31.539269680493156 30.84086855715945 72
    endloop
  endfacet
  facet normal -0.5871411513787866 -0.03988031807473046 0.8085015946724231
    outer loop
      vertex -31.030602877364075 26.476631691360392 72.43301270189222
      vertex -28.450895606186965 28.101695044520113 74.38657760670196
      vertex -31.337015431899417 30.987814870232565 72.43301270189222
    endloop
  endfacet
  facet normal -0.9060374296629709 0 0.42319756148838705
    outer loop
      vertex -31.539269680493156 30.84086855715945 72
      vertex -31.337015431899417 30.987814870232565 72.43301270189222
      vertex -31.539269680493156 31.42865380945192 72
    endloop
  endfacet
  facet normal -0.9060374296629709 0 -0.423197561488387
    outer loop
      vertex -31.337015431899417 30.987814870232565 71.56698729810778
      vertex -31.539269680493156 30.84086855715945 72
      vertex -31.337015431899417 31.281707496378804 71.56698729810778
    endloop
  endfacet
  facet normal -0.9060374296629709 0 -0.42319756148838705
    outer loop
      vertex -31.539269680493156 30.84086855715945 72
      vertex -31.539269680493156 31.42865380945192 72
      vertex -31.337015431899417 31.281707496378804 71.56698729810778
    endloop
  endfacet
  facet normal -0.9060374296629709 0 0.423197561488387
    outer loop
      vertex -31.337015431899417 30.987814870232565 72.43301270189222
      vertex -31.337015431899417 31.281707496378804 72.43301270189222
      vertex -31.539269680493156 31.42865380945192 72
    endloop
  endfacet
  facet normal -0.27998096330565625 0.8616928014882831 -0.4231975614883802
    outer loop
      vertex -31.337015431899417 31.281707496378804 71.56698729810778
      vertex -31.539269680493156 31.42865380945192 72
      vertex -30.980252686118206 31.61028944145326 72
    endloop
  endfacet
  facet normal -0.27998096330565625 0.8616928014882831 0.4231975614883802
    outer loop
      vertex -31.337015431899417 31.281707496378804 72.43301270189222
      vertex -30.980252686118206 31.61028944145326 72
      vertex -31.539269680493156 31.42865380945192 72
    endloop
  endfacet
  facet normal -0.2799809633056543 0.8616928014882829 -0.4231975614883818
    outer loop
      vertex -31.337015431899417 31.281707496378804 71.56698729810778
      vertex -30.980252686118206 31.61028944145326 72
      vertex -31.057506934711945 31.372525312379473 71.56698729810778
    endloop
  endfacet
  facet normal -0.2799809633056543 0.8616928014882829 0.4231975614883818
    outer loop
      vertex -31.337015431899417 31.281707496378804 72.43301270189222
      vertex -31.057506934711945 31.372525312379473 72.43301270189222
      vertex -30.980252686118206 31.61028944145326 72
    endloop
  endfacet
  facet normal -0.5605435455478711 0 0.8281249504420342
    outer loop
      vertex -31.337015431899417 30.987814870232565 72.43301270189222
      vertex -28.450895606186965 28.101695044520113 74.38657760670196
      vertex -31.337015431899417 31.281707496378804 72.43301270189222
    endloop
  endfacet
  facet normal -0.1462337943768021 0.450061341532156 0.8809429415350573
    outer loop
      vertex -31.337015431899417 31.281707496378804 72.43301270189222
      vertex -28.171387108999493 28.48640548666702 74.38657760670196
      vertex -31.057506934711945 31.372525312379473 72.43301270189222
    endloop
  endfacet
  facet normal -0.533902448115499 0 -0.8455460814741422
    outer loop
      vertex -31.337015431899417 30.987814870232565 71.56698729810778
      vertex -31.337015431899417 31.281707496378804 71.56698729810778
      vertex -22.513548739671478 22.458240804150858 65.99559317653248
    endloop
  endfacet
  facet normal -0.13844077403289148 0.4260768911148304 -0.8940316744629884
    outer loop
      vertex -31.337015431899417 31.281707496378804 71.56698729810778
      vertex -31.057506934711945 31.372525312379473 71.56698729810778
      vertex -22.513548739671478 22.458240804150858 65.99559317653248
    endloop
  endfacet
  facet normal -0.5605435455478713 0 0.8281249504420342
    outer loop
      vertex -31.337015431899417 31.281707496378804 72.43301270189222
      vertex -28.450895606186965 28.101695044520113 74.38657760670196
      vertex -28.450895606186965 28.39558767066635 74.38657760670196
    endloop
  endfacet
  facet normal -0.14623379437680192 0.4500613415321557 0.8809429415350574
    outer loop
      vertex -31.337015431899417 31.281707496378804 72.43301270189222
      vertex -28.450895606186965 28.39558767066635 74.38657760670196
      vertex -28.171387108999493 28.48640548666702 74.38657760670196
    endloop
  endfacet
  facet normal -0.9060374296629709 0 -0.42319756148838705
    outer loop
      vertex -28.924369327418038 28.225968204084328 84
      vertex -28.924369327418038 28.813753456376798 84
      vertex -28.7221150788243 28.372914517157444 83.56698729810778
    endloop
  endfacet
  facet normal -0.9060374296629709 0 0.42319756148838705
    outer loop
      vertex -28.924369327418038 28.225968204084328 84
      vertex -28.7221150788243 28.372914517157444 84.43301270189222
      vertex -28.924369327418038 28.813753456376798 84
    endloop
  endfacet
  facet normal -0.9060374296629709 0 -0.423197561488387
    outer loop
      vertex -28.7221150788243 28.372914517157444 83.56698729810778
      vertex -28.924369327418038 28.813753456376798 84
      vertex -28.7221150788243 28.666807143303682 83.56698729810778
    endloop
  endfacet
  facet normal -0.27998096330565625 0.861692801488283 -0.4231975614883802
    outer loop
      vertex -28.924369327418038 28.813753456376798 84
      vertex -28.365352333043088 28.99538908837814 84
      vertex -28.7221150788243 28.666807143303682 83.56698729810778
    endloop
  endfacet
  facet normal -0.27998096330565625 0.861692801488283 0.4231975614883802
    outer loop
      vertex -28.924369327418038 28.813753456376798 84
      vertex -28.7221150788243 28.666807143303682 84.43301270189222
      vertex -28.365352333043088 28.99538908837814 84
    endloop
  endfacet
  facet normal -0.2799809633056543 0.8616928014882829 -0.4231975614883818
    outer loop
      vertex -28.7221150788243 28.666807143303682 83.56698729810778
      vertex -28.365352333043088 28.99538908837814 84
      vertex -28.442606581636827 28.75762495930435 83.56698729810778
    endloop
  endfacet
  facet normal -0.5661652733203972 -0.03547257690444621 0.8235281291940173
    outer loop
      vertex -29.3229531551369 28.97375259347005 61.60752061152279
      vertex -22.501114715402878 21.837494270817793 65.9900625365346
      vertex -22.513548739671467 22.16434817800461 65.99559317653248
    endloop
  endfacet
  facet normal -0.541682992756153 -2.089156399525145e-14 0.8405828545472108
    outer loop
      vertex -29.3229531551369 28.97375259347005 61.60752061152279
      vertex -22.513548739671467 22.16434817800461 65.99559317653248
      vertex -22.513548739671478 22.458240804150858 65.99559317653248
    endloop
  endfacet
  facet normal -0.5339024481155117 -1.8534869464412697e-14 -0.8455460814741343
    outer loop
      vertex -31.337015431899417 30.987814870232565 71.56698729810778
      vertex -22.513548739671478 22.458240804150858 65.99559317653248
      vertex -22.513548739671467 22.16434817800461 65.99559317653248
    endloop
  endfacet
  facet normal -0.13844077403289146 0.4260768911148308 -0.8940316744629881
    outer loop
      vertex -31.057506934711945 31.372525312379473 71.56698729810778
      vertex -22.234040242484006 22.549058620151527 65.99559317653248
      vertex -22.513548739671478 22.458240804150858 65.99559317653248
    endloop
  endfacet
  facet normal -0.14070213844219615 0.4330366551289005 0.8903269981038241
    outer loop
      vertex -29.04344465794943 29.358463035616957 61.60752061152279
      vertex -22.513548739671478 22.458240804150858 65.99559317653248
      vertex -22.234040242484006 22.549058620151527 65.99559317653248
    endloop
  endfacet
  facet normal -0.5871411513787872 -0.03988031807472928 0.8085015946724227
    outer loop
      vertex -31.030602877364075 26.476631691360392 72.43301270189222
      vertex -23.001885122610013 22.652684560943158 78.07491914810991
      vertex -28.450895606186965 28.101695044520113 74.38657760670196
    endloop
  endfacet
  facet normal -0.5605435455478721 0 0.8281249504420337
    outer loop
      vertex -28.450895606186965 28.101695044520113 74.38657760670196
      vertex -23.001885122610005 22.94657718708939 78.07491914810991
      vertex -28.450895606186965 28.39558767066635 74.38657760670196
    endloop
  endfacet
  facet normal -0.14623379437680226 0.4500613415321565 0.8809429415350568
    outer loop
      vertex -28.450895606186965 28.39558767066635 74.38657760670196
      vertex -23.001885122610005 22.94657718708939 78.07491914810991
      vertex -28.171387108999493 28.48640548666702 74.38657760670196
    endloop
  endfacet
  facet normal -0.6925743119103431 0 -0.721346534255149
    outer loop
      vertex -28.7221150788243 28.372914517157444 83.56698729810778
      vertex -28.7221150788243 28.666807143303682 83.56698729810778
      vertex -23.001885122610005 22.94657718708939 78.07491914810991
    endloop
  endfacet
  facet normal -0.18728470841045494 0.5764030638395262 -0.7954143234767764
    outer loop
      vertex -28.7221150788243 28.666807143303682 83.56698729810778
      vertex -28.442606581636827 28.75762495930435 83.56698729810778
      vertex -22.722376625422534 23.037395003090058 78.07491914810991
    endloop
  endfacet
  facet normal -0.5605435455478635 1.2860201834460781e-14 0.8281249504420396
    outer loop
      vertex -28.450895606186965 28.101695044520113 74.38657760670196
      vertex -23.001885122610013 22.652684560943158 78.07491914810991
      vertex -23.001885122610005 22.94657718708939 78.07491914810991
    endloop
  endfacet
  facet normal -0.146233794376802 0.450061341532156 0.8809429415350573
    outer loop
      vertex -28.171387108999493 28.48640548666702 74.38657760670196
      vertex -23.001885122610005 22.94657718708939 78.07491914810991
      vertex -22.722376625422534 23.037395003090058 78.07491914810991
    endloop
  endfacet
  facet normal -0.6925743119103345 1.6768517374347975e-14 -0.7213465342551572
    outer loop
      vertex -28.7221150788243 28.372914517157444 83.56698729810778
      vertex -23.001885122610005 22.94657718708939 78.07491914810991
      vertex -23.001885122610013 22.652684560943158 78.07491914810991
    endloop
  endfacet
  facet normal -0.18728470841045433 0.5764030638395263 -0.7954143234767765
    outer loop
      vertex -28.7221150788243 28.666807143303682 83.56698729810778
      vertex -22.722376625422534 23.037395003090058 78.07491914810991
      vertex -23.001885122610005 22.94657718708939 78.07491914810991
    endloop
  endfacet
  facet normal 0.06419864954727879 0.869866797641026 0.4890912877552122
    outer loop
      vertex -31.057506934711945 31.372525312379473 72.43301270189222
      vertex -11.123725311740406 28.675280086601884 74.61363262528033
      vertex -30.980252686118206 31.61028944145326 72
    endloop
  endfacet
  facet normal -0.008430201161656863 0.5356935354836383 0.8443703972483959
    outer loop
      vertex -29.04344465794943 29.358463035616957 61.60752061152279
      vertex -22.234040242484006 22.549058620151527 65.99559317653248
      vertex -16.743224373535224 22.367974178302546 66.16529885032088
    endloop
  endfacet
  facet normal -0.008430201161657882 0.5356935354836371 0.8443703972483966
    outer loop
      vertex -29.04344465794943 29.358463035616957 61.60752061152279
      vertex -16.743224373535224 22.367974178302546 66.16529885032088
      vertex -19.849512446999984 29.39851458152191 61.67390302374401
    endloop
  endfacet
  facet normal -0.017211373082456502 0.5486001611757744 0.835907669419614
    outer loop
      vertex -28.171387108999493 28.48640548666702 74.38657760670196
      vertex -22.722376625422534 23.037395003090058 78.07491914810991
      vertex -17.6687051352006 23.178794832394953 78.08617476479067
    endloop
  endfacet
  facet normal -0.017493094963054005 0.683310816142912 -0.7299180229112863
    outer loop
      vertex -28.442606581636827 28.75762495930435 83.56698729810778
      vertex -17.6687051352006 23.178794832394953 78.08617476479067
      vertex -22.722376625422534 23.037395003090058 78.07491914810991
    endloop
  endfacet
  facet normal -0.017211373082455347 0.5486001611757747 0.8359076694196138
    outer loop
      vertex -31.057506934711945 31.372525312379473 72.43301270189222
      vertex -28.171387108999493 28.48640548666702 74.38657760670196
      vertex -11.123725311740406 28.675280086601884 74.61363262528033
    endloop
  endfacet
  facet normal 0.06419864954727879 0.8698667976410261 0.48909128775521205
    outer loop
      vertex -30.980252686118206 31.61028944145326 72
      vertex -11.123725311740406 28.675280086601884 74.61363262528033
      vertex -11.04647106314667 28.913044215675672 74.18061992338811
    endloop
  endfacet
  facet normal 0 0 -1
    outer loop
      vertex -5.226251859505506 0 -0.4330127018922193
      vertex -24.922745751406264 25.23776412907379 -0.4330127018922193
      vertex -3.6955181300451474 3.6955181300451474 -0.4330127018922193
    endloop
  endfacet
  facet normal 0 0 -1
    outer loop
      vertex -24.922745751406264 25.23776412907379 -0.4330127018922193
      vertex -5.5 10.25 -0.4330127018922193
      vertex -3.6955181300451474 3.6955181300451474 -0.4330127018922193
    endloop
  endfacet
  facet normal 0 0 -1
    outer loop
      vertex -3.6955181300451474 3.6955181300451474 -0.4330127018922193
      vertex -5.5 10.25 -0.4330127018922193
      vertex 5.5 10.25 -0.4330127018922193
    endloop
  endfacet
  facet normal 0 0 -1
    outer loop
      vertex -24.922745751406264 25.23776412907379 -0.4330127018922193
      vertex -5.5 13.75 -0.4330127018922193
      vertex -5.5 10.25 -0.4330127018922193
    endloop
  endfacet
  facet normal 0 0 -1
    outer loop
      vertex -24.922745751406264 25.23776412907379 -0.4330127018922193
      vertex 5.5 13.75 -0.4330127018922193
      vertex -5.5 13.75 -0.4330127018922193
    endloop
  endfacet
  facet normal -0.007912594154695059 0.6546821384160976 0.7558628767790285
    outer loop
      vertex -26.433886349240552 27.275781134943234 24.509114138681586
      vertex -16.589166752171007 21.026891786204473 30.024576850729833
      vertex 17.587384069715668 21.439955104099706 30.024576850729833
    endloop
  endfacet
  facet normal 0.008842466797536423 0.8016512526922818 0.5977265928815866
    outer loop
      vertex -26.110693709148734 26.425712086816254 36.43301270189222
      vertex -18.9948341216945 22.291819158989327 41.87198552101568
      vertex 16.83867084964305 21.896564268681015 41.87198552101568
    endloop
  endfacet
  facet normal 0 0.876551507956312 -0.48130806548354826
    outer loop
      vertex -24.922745751406264 25.23776412907379 -0.4330127018922193
      vertex -24.845491502812525 25.475528258147577 0
      vertex 25.154508497187475 25.475528258147577 0
    endloop
  endfacet
  facet normal 0.041601075331891654 0.6584627334542044 -0.7514626931413478
    outer loop
      vertex -29.32375544509807 29.638773822765593 11.566987298107781
      vertex 21.714612922501907 25.920291345595516 11.134189859312729
      vertex -19.357630838595774 22.6558657026333 6
    endloop
  endfacet
  facet normal 0.05503204361729981 0.8710483942716535 -0.4881046701395897
    outer loop
      vertex -29.32375544509807 29.638773822765593 11.566987298107781
      vertex -29.24650119650433 29.87653795183938 12
      vertex 25.176884944469712 26.195473038545238 11.566987298107781
    endloop
  endfacet
  facet normal 0.05503204361729985 0.8710483942716535 0.4881046701395898
    outer loop
      vertex -29.32375544509807 29.638773822765593 12.433012701892219
      vertex 25.983972125595816 26.14448200607587 12.433012701892219
      vertex -29.24650119650433 29.87653795183938 12
    endloop
  endfacet
  facet normal 0.0023599107500001998 0.8763713767755813 -0.4816301909034816
    outer loop
      vertex -27.041284513832935 27.356302891500455 23.56698729810778
      vertex -26.964030265239195 27.594067020574244 24
      vertex 27.12738878117312 27.448408542133222 24
    endloop
  endfacet
  facet normal 0.0023599107500002 0.8763713767755814 0.4816301909034816
    outer loop
      vertex -26.964030265239195 27.594067020574244 24
      vertex -27.041284513832935 27.356302891500455 24.43301270189222
      vertex 27.12738878117312 27.448408542133222 24
    endloop
  endfacet
  facet normal 0.0018695948601401393 0.6942887232465997 0.7196941526701919
    outer loop
      vertex -27.041284513832935 27.356302891500455 24.43301270189222
      vertex -26.433886349240552 27.275781134943234 24.509114138681586
      vertex 27.05013453257938 27.210644413059434 24.43301270189222
    endloop
  endfacet
  facet normal -0.013865924670575033 0.8775088673919843 -0.47935991048633453
    outer loop
      vertex -26.110693709148734 26.425712086816254 35.56698729810778
      vertex -26.033439460554995 26.663476215890043 36
      vertex 27.18335978591711 27.50437954687721 36
    endloop
  endfacet
  facet normal -0.013865924670575033 0.8775088673919845 0.47935991048633453
    outer loop
      vertex -26.033439460554995 26.663476215890043 36
      vertex -26.110693709148734 26.425712086816254 36.43301270189222
      vertex 27.10610553732337 27.266615417803422 36.43301270189222
    endloop
  endfacet
  facet normal -0.011165709588252757 0.7066250111114665 -0.7075001205661456
    outer loop
      vertex -20.654648013636663 20.969666391304187 30.031583334051376
      vertex 27.10610553732337 27.266615417803422 35.56698729810778
      vertex -16.589166752171007 21.026891786204473 30.024576850729833
    endloop
  endfacet
  facet normal -0.03066994684992481 0.8935275154391843 0.44795974541614914
    outer loop
      vertex -24.845491502812525 25.475528258147577 0
      vertex -19.357630838595774 22.6558657026333 6
      vertex 23.816789304565884 24.137809065525985 6
    endloop
  endfacet
  facet normal 0.0020237130199707663 0.7515217113656986 -0.6597052538305151
    outer loop
      vertex -22.20896999007552 22.523988367743044 18.076944522332575
      vertex 27.05013453257938 27.210644413059434 23.56698729810778
      vertex -17.270826610656652 22.547460972558575 18.118832254819377
    endloop
  endfacet
  facet normal 0.05413608862580412 0.8568671990009641 0.5126869290166673
    outer loop
      vertex -29.32375544509807 29.638773822765593 12.433012701892219
      vertex -12.342192360981596 27.391969707402442 14.395023605579501
      vertex 25.983972125595816 26.14448200607587 12.433012701892219
    endloop
  endfacet
  facet normal -0.009610481080979989 0.6155289136560769 0.7880557055860721
    outer loop
      vertex -17.270826610656652 22.547460972558575 18.118832254819377
      vertex 19.888052318802483 23.12763632260156 18.118832254819377
      vertex -12.342192360981596 27.391969707402442 14.395023605579501
    endloop
  endfacet
  facet normal 0.002023713019970777 0.7515217113656986 -0.6597052538305153
    outer loop
      vertex -27.041284513832935 27.356302891500455 23.56698729810778
      vertex 27.05013453257938 27.210644413059434 23.56698729810778
      vertex -22.20896999007552 22.523988367743044 18.076944522332575
    endloop
  endfacet
  facet normal -0.011165709588253173 0.7066250111114681 -0.707500120566144
    outer loop
      vertex -26.110693709148734 26.425712086816254 35.56698729810778
      vertex 27.10610553732337 27.266615417803422 35.56698729810778
      vertex -20.654648013636663 20.969666391304187 30.031583334051376
    endloop
  endfacet
  facet normal 0.020501323450008612 0.6994240120133368 0.7144128688342376
    outer loop
      vertex -24.74649894726157 30.45267634225887 49.12477858916507
      vertex -20.552830512943927 25.312935781843077 54.03633934560184
      vertex 19.855074908602916 24.128510419322506 54.03633934560184
    endloop
  endfacet
  facet normal 0.02567339215062637 0.874323077307925 -0.4846648671218911
    outer loop
      vertex -31.028381396080498 31.343399773748025 47.56698729810778
      vertex -30.95112714748676 31.581163902821814 48
      vertex 29.40824474942499 29.568754629905044 47.56698729810778
    endloop
  endfacet
  facet normal 0.02567339215062637 0.874323077307925 0.4846648671218911
    outer loop
      vertex -31.028381396080498 31.343399773748025 48.43301270189222
      vertex 29.40824474942499 29.568754629905044 48.43301270189222
      vertex -30.95112714748676 31.581163902821814 48
    endloop
  endfacet
  facet normal 0.020542534463718908 0.699588579594248 0.7142505327818169
    outer loop
      vertex -31.028381396080498 31.343399773748025 48.43301270189222
      vertex -24.74649894726157 30.45267634225887 49.12477858916507
      vertex 29.40824474942499 29.568754629905044 48.43301270189222
    endloop
  endfacet
  facet normal 0.030421026863602083 0.7133481629579596 -0.7001492408973021
    outer loop
      vertex -25.16444983769865 25.479468215366172 54.00563933397446
      vertex -30.866044267994816 31.181062645662344 59.56698729810778
      vertex 25.67741648659418 28.45850312234119 59.24987962597217
    endloop
  endfacet
  facet normal 0.03723482373208062 0.8731261185375395 -0.48607031284497465
    outer loop
      vertex -30.866044267994816 31.181062645662344 59.56698729810778
      vertex -30.788790019401077 31.418826774736132 60
      vertex 28.489318806304713 28.649828686784765 59.56698729810778
    endloop
  endfacet
  facet normal 0.037234823732080626 0.8731261185375395 0.48607031284497465
    outer loop
      vertex -30.866044267994816 31.181062645662344 60.43301270189222
      vertex 28.566573054898452 28.887592815858554 60
      vertex -30.788790019401077 31.418826774736132 60
    endloop
  endfacet
  facet normal 0.044092747339041664 0.5645356784568327 -0.8242301240438734
    outer loop
      vertex -31.057506934711945 31.372525312379473 71.56698729810778
      vertex 26.700832253027247 26.8613421335073 71.56698729810778
      vertex -22.234040242484006 22.549058620151527 65.99559317653248
    endloop
  endfacet
  facet normal -0.01721137308245572 0.5486001611757757 0.8359076694196133
    outer loop
      vertex -28.171387108999493 28.48640548666702 74.38657760670196
      vertex -17.6687051352006 23.178794832394953 78.08617476479067
      vertex 20.61995268695177 24.3800346810876 78.08617476479067
    endloop
  endfacet
  facet normal 0.06790150477842903 0.8693679659735949 -0.4894780131811432
    outer loop
      vertex -31.057506934711945 31.372525312379473 71.56698729810778
      vertex -30.980252686118206 31.61028944145326 72
      vertex 26.778086501620987 27.09910626258109 72
    endloop
  endfacet
  facet normal -0.022477657342151278 0.8780165211408267 -0.4781022312478461
    outer loop
      vertex -28.442606581636827 28.75762495930435 83.56698729810778
      vertex -28.365352333043088 28.99538908837814 84
      vertex 30.172979586550856 30.493999347510957 84
    endloop
  endfacet
  facet normal 0.030421026863601645 0.7133481629579622 -0.7001492408972995
    outer loop
      vertex -25.16444983769865 25.479468215366172 54.00563933397446
      vertex 25.67741648659418 28.45850312234119 59.24987962597217
      vertex -20.552830512943927 25.312935781843077 54.03633934560184
    endloop
  endfacet
  facet normal 0.016082431183242218 0.5476970335757603 -0.8365221544104786
    outer loop
      vertex -31.028381396080498 31.343399773748025 47.56698729810778
      vertex 29.40824474942499 29.568754629905044 47.56698729810778
      vertex -18.9948341216945 22.291819158989327 41.87198552101568
    endloop
  endfacet
  facet normal 0.029282217857173113 0.686644024523103 0.7264038376165707
    outer loop
      vertex -30.866044267994816 31.181062645662344 60.43301270189222
      vertex -19.849512446999984 29.39851458152191 61.67390302374401
      vertex 28.489318806304713 28.649828686784765 60.43301270189222
    endloop
  endfacet
  facet normal -0.008430201161657892 0.5356935354836372 0.8443703972483967
    outer loop
      vertex -16.743224373535224 22.367974178302546 66.16529885032088
      vertex 20.02476505588871 22.946591478434634 66.16529885032088
      vertex -19.849512446999984 29.39851458152191 61.67390302374401
    endloop
  endfacet
  facet normal 0.044092747339040624 0.564535678456839 -0.8242301240438692
    outer loop
      vertex -22.234040242484006 22.549058620151527 65.99559317653248
      vertex 26.700832253027247 26.8613421335073 71.56698729810778
      vertex -16.743224373535224 22.367974178302546 66.16529885032088
    endloop
  endfacet
  facet normal -0.017211373082455354 0.5486001611757785 0.8359076694196114
    outer loop
      vertex -28.171387108999493 28.48640548666702 74.38657760670196
      vertex 20.61995268695177 24.3800346810876 78.08617476479067
      vertex -11.123725311740406 28.675280086601884 74.61363262528033
    endloop
  endfacet
  facet normal -0.01749309496305324 0.6833108161429128 -0.7299180229112855
    outer loop
      vertex -28.442606581636827 28.75762495930435 83.56698729810778
      vertex 30.095725337957116 30.25623521843717 83.56698729810778
      vertex -17.6687051352006 23.178794832394953 78.08617476479067
    endloop
  endfacet
  facet normal 0.06904698929370502 0.8840340259725495 0.46229466165232824
    outer loop
      vertex -30.980252686118206 31.61028944145326 72
      vertex -11.04647106314667 28.913044215675672 74.18061992338811
      vertex 26.778086501620987 27.09910626258109 72
    endloop
  endfacet
  facet normal -0.5341020282864619 -0.003063035168057636 0.8454144789367205
    outer loop
      vertex -28.39852595339293 -28.051383194687894 84.43301270189222
      vertex -22.836562091706877 0.3684412602889359 88.04982691283858
      vertex -28.7221150788243 28.372914517157444 84.43301270189222
    endloop
  endfacet
  facet normal -0.5303275200920919 -0.01975406983336771 0.8475626809611135
    outer loop
      vertex -28.117554716377853 -27.768354154710998 96.44593327402482
      vertex -23.6425568299376 -0.19881638777760405 99.88854014121976
      vertex -30.241065718480115 28.686105016692327 96.43301270189222
    endloop
  endfacet
  facet normal -0.4339184913812697 0.051515926699124893 -0.8994780998633225
    outer loop
      vertex -24.77080459495688 -19.512117660631674 90.05654132178105
      vertex -30.117885705906158 28.701089200328333 95.3973555119935
      vertex -20.202770526614653 13.83104531528932 89.76253692993542
    endloop
  endfacet
  facet normal -0.704220118453816 -0.04857434047925518 0.7083181193587375
    outer loop
      vertex -27.29930437850998 -27.243996442989364 108.43301270189222
      vertex -25.935080134736626 1.3607531055569617 111.75097244090078
      vertex -31.01345037688036 26.6028763940016 108.43301270189222
    endloop
  endfacet
  facet normal -0.6619947346426653 -0.055130466326600173 0.7474781622147891
    outer loop
      vertex -21.78394145019139 -16.411826181878418 114.11655508582832
      vertex -24.962438677723668 21.754882153897764 114.11655508582832
      vertex -25.935080134736626 1.3607531055569617 111.75097244090078
    endloop
  endfacet
  facet normal -0.9053484606330578 -0.005192105679064299 0.42463773603857907
    outer loop
      vertex -28.39852595339293 -28.051383194687894 84.43301270189222
      vertex -28.7221150788243 28.372914517157444 84.43301270189222
      vertex -28.924369327418038 28.225968204084328 84
    endloop
  endfacet
  facet normal -0.9011110695388437 -0.03356531637694364 -0.43228718450941483
    outer loop
      vertex -28.329162885171957 -28.218547014130717 96
      vertex -30.443319967073855 28.53915870361921 96
      vertex -30.241065718480115 28.686105016692327 95.56698729810778
    endloop
  endfacet
  facet normal -0.9011110695388437 -0.03356531637694364 0.43228718450941483
    outer loop
      vertex -28.126908636578218 -28.0716007010576 96.43301270189222
      vertex -30.241065718480115 28.686105016692327 96.43301270189222
      vertex -30.443319967073855 28.53915870361921 96
    endloop
  endfacet
  facet normal -0.6231148519097985 0 -0.7821303480427223
    outer loop
      vertex -24.064610130427234 -21.581420184789195 101.7912034865249
      vertex -30.630881548283597 26.001697744111645 107.02248143447329
      vertex -30.630881548283597 26.295590370257884 107.02248143447329
    endloop
  endfacet
  facet normal -0.8323219629522048 -0.031003003911900674 -0.5534247588749776
    outer loop
      vertex -24.77080459495688 -19.806010286777912 90.05654132178105
      vertex -30.241065718480115 28.686105016692327 95.56698729810778
      vertex -30.117885705906158 28.407196574182095 95.3973555119935
    endloop
  endfacet
  facet normal -0.706692042788678 0 -0.7075212764710084
    outer loop
      vertex -24.77080459495688 -19.512117660631674 90.05654132178105
      vertex -30.117885705906158 28.407196574182095 95.3973555119935
      vertex -30.117885705906158 28.701089200328333 95.3973555119935
    endloop
  endfacet
  facet normal -0.5303275200920485 -0.019754069833354516 0.847562680961141
    outer loop
      vertex -23.6425568299376 -0.19881638777760405 99.88854014121976
      vertex -23.619216073725287 -0.05501880926832144 99.90649613799587
      vertex -30.241065718480115 28.686105016692327 96.43301270189222
    endloop
  endfacet
  facet normal -0.45127361991749837 0.0356794307621544 -0.891672079963843
    outer loop
      vertex -24.064610130427234 -21.390131634701067 101.7912034865249
      vertex -30.630881548283597 26.295590370257884 107.02248143447329
      vertex -21.092214322680988 20.71928181000091 101.97184846696712
    endloop
  endfacet
  facet normal -0.8460041526772639 -0.058354046813140305 -0.5299733756268842
    outer loop
      vertex -27.29930437850998 -27.243996442989364 107.56698729810778
      vertex -31.01345037688036 26.6028763940016 107.56698729810778
      vertex -30.630881548283597 26.001697744111645 107.02248143447329
    endloop
  endfacet
  facet normal -0.8960984214618651 -0.061809352908832486 -0.4395306848748389
    outer loop
      vertex -27.50155862710372 -27.39094275606248 108
      vertex -31.2157046254741 26.455930080928486 108
      vertex -31.01345037688036 26.6028763940016 107.56698729810778
    endloop
  endfacet
  facet normal -0.8960984214618656 -0.06180935290883252 0.43953068487483804
    outer loop
      vertex -27.29930437850998 -27.243996442989364 108.43301270189222
      vertex -31.01345037688036 26.6028763940016 108.43301270189222
      vertex -31.2157046254741 26.455930080928486 108
    endloop
  endfacet
  facet normal -0.9051704987869612 0.0065014256532627815 -0.42499894069307853
    outer loop
      vertex -29.70775825576436 -28.970228454393933 120
      vertex -29.29455693207824 28.55833038911066 120
      vertex -29.0923026834845 28.411384076037546 119.56698729810778
    endloop
  endfacet
  facet normal -0.5812482220749883 0.004174840106892608 -0.8137155983786639
    outer loop
      vertex -29.489545691280014 -29.136641283125336 119.5554881793153
      vertex -29.0923026834845 28.411384076037546 119.56698729810778
      vertex -29.028613712298 28.38374122727564 119.52135156761962
    endloop
  endfacet
  facet normal -0.9051704987869613 0.006501425653262782 0.4249989406930784
    outer loop
      vertex -29.50550400717062 -29.11717476746705 120.43301270189222
      vertex -29.0923026834845 28.411384076037546 120.43301270189222
      vertex -29.29455693207824 28.55833038911066 120
    endloop
  endfacet
  facet normal -0.8363360210925058 -0.06964948878853447 -0.5437747773983743
    outer loop
      vertex -21.78394145019139 -16.411826181878418 114.11655508582832
      vertex -28.977335603992003 28.06667623466714 119.48309618085564
      vertex -24.962438677723668 21.754882153897764 114.11655508582832
    endloop
  endfacet
  facet normal -0.581248222074457 0.004174840106993748 -0.8137155983790427
    outer loop
      vertex -21.65103155198921 -19.51055547652908 114.00571741533804
      vertex -29.028613712298 28.38374122727564 119.52135156761962
      vertex -28.977335603992003 28.06667623466714 119.48309618085564
    endloop
  endfacet
  facet normal -0.528771353570026 0.003797922764183367 0.8487558137806185
    outer loop
      vertex -23.741022144050934 -1.0685498275293912 123.89875198575712
      vertex -20.08732714198619 16.733584407224413 126.09532971829502
      vertex -29.0923026834845 28.411384076037546 120.43301270189222
    endloop
  endfacet
  facet normal -0.8513748797880328 0.1010774299132105 0.5147272746105968
    outer loop
      vertex -23.42485798709064 -13.308587406720985 89.76253692993542
      vertex -20.202770526614653 13.83104531528932 89.76253692993542
      vertex -22.808346544854505 0.5126647973765008 88.06817500475762
    endloop
  endfacet
  facet normal -0.5341020282854605 -0.003063035168272895 0.8454144789373523
    outer loop
      vertex -22.836562091706877 0.3684412602889359 88.04982691283858
      vertex -22.808346544854505 0.5126647973765008 88.06817500475762
      vertex -19.92609504051267 19.576894478845816 89.95814829037788
    endloop
  endfacet
  facet normal -0.4512736199174901 0.0356794307621539 -0.891672079963847
    outer loop
      vertex -23.60828361156685 -15.761539110216852 101.78548037050565
      vertex -21.092214322680988 20.71928181000091 101.97184846696712
      vertex -21.17675000266124 14.992510217436855 101.78548037050567
    endloop
  endfacet
  facet normal -0.5152476822812616 0 0.8570413210013786
    outer loop
      vertex -23.741022144050934 -1.3624424536756279 123.89875198575712
      vertex -20.086343005792 16.44448685144512 126.09592137459055
      vertex -23.741022144050934 -1.0685498275293912 123.89875198575712
    endloop
  endfacet
  facet normal -0.5341020282864437 -0.003063035168062683 0.845414478936732
    outer loop
      vertex -22.808346544854505 0.5126647973765008 88.06817500475762
      vertex -20.202770526614653 13.83104531528932 89.76253692993542
      vertex -19.92609504051267 19.576894478845816 89.95814829037788
    endloop
  endfacet
  facet normal -0.5303275200920979 -0.019754069833368075 0.8475626809611096
    outer loop
      vertex -23.619216073725287 -0.05501880926832144 99.90649613799587
      vertex -21.17675000266124 14.992510217436855 101.78548037050567
      vertex -21.092214322680988 20.71928181000091 101.97184846696712
    endloop
  endfacet
  facet normal -0.5152476822811541 -3.1191314224887155e-14 0.8570413210014433
    outer loop
      vertex -23.741022144050934 -1.0685498275293912 123.89875198575712
      vertex -20.086343005792 16.44448685144512 126.09592137459055
      vertex -20.08732714198619 16.733584407224413 126.09532971829502
    endloop
  endfacet
  facet normal -0.6373173854150054 -0.019516739462729814 0.7703542348351992
    outer loop
      vertex -30.265949829278522 -28.472756297833293 132.6441775310394
      vertex -24.87737656396298 14.130665261428145 138.1815149148906
      vertex -25.037675209466926 19.365203224761327 138.1815149148906
    endloop
  endfacet
  facet normal -0.637317385415031 -0.0195167394627246 0.7703542348351783
    outer loop
      vertex -30.265949829278522 -28.472756297833293 132.6441775310394
      vertex -25.037675209466926 19.365203224761327 138.1815149148906
      vertex -25.38556202499254 19.67604454630259 137.90158174018623
    endloop
  endfacet
  facet normal -0.7328968822218841 0 0.6803397386816692
    outer loop
      vertex -30.265949829278522 -28.178863671687054 132.6441775310394
      vertex -25.38556202499254 19.67604454630259 137.90158174018623
      vertex -25.38556202499254 19.96993717244883 137.90158174018623
    endloop
  endfacet
  facet normal -0.8994080793692434 0.04367495466099241 0.43492252769969153
    outer loop
      vertex -30.265949829278522 -28.178863671687054 132.6441775310394
      vertex -25.38556202499254 19.96993717244883 137.90158174018623
      vertex -25.58781627358628 20.116883485521946 137.46856903829402
    endloop
  endfacet
  facet normal -0.5034738380779521 0.03912986267648151 -0.8631239471929718
    outer loop
      vertex -30.326136385040687 -28.365013109351047 131.5669872981078
      vertex -26.09761301719706 26.042305081676442 131.5669872981078
      vertex -26.050750963009847 25.701550401342992 131.52420375323018
    endloop
  endfacet
  facet normal -0.9745475649681196 0.07574159669245364 0.21099823256412972
    outer loop
      vertex -30.528390633634427 -28.21806679627793 132
      vertex -25.58781627358628 20.116883485521946 137.46856903829402
      vertex -26.299867265790798 26.189251394749558 132
    endloop
  endfacet
  facet normal -0.6177044160969061 -0.021029241519987526 0.7861291403678371
    outer loop
      vertex -26.170837959264166 -24.776099206253456 144.4330127018922
      vertex -20.661930369904194 17.323991493216838 149.88785377182566
      vertex -27.95410642549717 27.604905863830314 144.4330127018922
    endloop
  endfacet
  facet normal -0.9999950225689846 8.094854971950024e-16 -0.0031551287225499505
    outer loop
      vertex -25.394612848658227 -1.4134472934938176 152.86364641682053
      vertex -25.404508497187475 25.293892626146235 156
      vertex -25.39449651833288 -1.1396256518558738 152.82677636917717
    endloop
  endfacet
  facet normal -0.8979056282266193 0.052130604401318725 -0.4370902456972853
    outer loop
      vertex -25.19224226973914 -1.286571964928992 152.39376366728496
      vertex -25.39449651833288 -1.1396256518558738 152.82677636917717
      vertex -25.202254248593736 25.14694631307312 155.5669872981078
    endloop
  endfacet
  facet normal -0.8945903375508989 0.06952734067316942 -0.4414454404108006
    outer loop
      vertex -30.528390633634427 -28.21806679627793 132
      vertex -26.299867265790798 26.189251394749558 132
      vertex -26.09761301719706 26.042305081676442 131.5669872981078
    endloop
  endfacet
  facet normal -0.9017876754906251 -0.029371784319978417 -0.43118010925722866
    outer loop
      vertex -25.36032451759984 -1.5878019996352906 140.13083937161184
      vertex -25.562578766193578 -1.7347483127084087 140.56385207350405
      vertex -27.95410642549717 27.604905863830314 143.5669872981078
    endloop
  endfacet
  facet normal -0.9015763197433548 -0.030693428252276136 0.4315298983154586
    outer loop
      vertex -26.170837959264166 -24.776099206253456 144.4330127018922
      vertex -27.95410642549717 27.604905863830314 144.4330127018922
      vertex -28.15636067409091 27.4579595507572 144
    endloop
  endfacet
  facet normal -0.895987711097953 -0.027438069507423547 -0.44323038467952175
    outer loop
      vertex -25.36032451759984 -1.5878019996352906 140.13083937161184
      vertex -25.037675209466926 19.365203224761327 138.1815149148906
      vertex -24.87737656396298 14.130665261428145 138.1815149148906
    endloop
  endfacet
  facet normal -0.8959877110979567 -0.02743806950742279 -0.4432303846795143
    outer loop
      vertex -25.36032451759984 -1.5878019996352906 140.13083937161184
      vertex -25.12570328149602 22.239752060945893 138.1815149148906
      vertex -25.037675209466926 19.365203224761327 138.1815149148906
    endloop
  endfacet
  facet normal -0.9060374296629656 0 0.4231975614883985
    outer loop
      vertex -25.404508497187475 -24.706107373853765 156
      vertex -25.202254248593736 25.14694631307312 156.4330127018922
      vertex -25.404508497187475 25.293892626146235 156
    endloop
  endfacet
  facet normal -0.6763091709951499 -0.0038097835497933217 -0.7366080306222278
    outer loop
      vertex -19.90913894242865 -15.012610808795696 126.09592137459053
      vertex -22.266812518547777 0.6169505730243241 128.17975830289924
      vertex -20.086343005792 16.44448685144512 126.09592137459055
    endloop
  endfacet
  facet normal -0.6763091709949806 -0.0038097835498320225 -0.736608030622383
    outer loop
      vertex -22.266812518547777 0.6169505730243241 128.17975830289924
      vertex -22.287409993113062 0.753495977905345 128.19796344315435
      vertex -20.08822333730438 18.714111201388086 126.08590914045828
    endloop
  endfacet
  facet normal -0.617704416096814 -0.02102924152000954 0.7861291403679087
    outer loop
      vertex -26.170837959264166 -24.776099206253456 144.4330127018922
      vertex -20.71226074001148 16.332319948309003 149.82177888713034
      vertex -20.661930369904194 17.323991493216838 149.88785377182566
    endloop
  endfacet
  facet normal 0 0 1
    outer loop
      vertex -24.922745751406264 -24.76223587092621 156.4330127018922
      vertex -3.6955181300451474 3.6955181300451474 156.4330127018922
      vertex -25.202254248593736 25.14694631307312 156.4330127018922
    endloop
  endfacet
  facet normal -0.6763091709951622 -0.00380978354979002 -0.7366080306222164
    outer loop
      vertex -22.266812518547777 0.6169505730243241 128.17975830289924
      vertex -20.08732714198619 16.733584407224413 126.09532971829502
      vertex -20.086343005792 16.44448685144512 126.09592137459055
    endloop
  endfacet
  facet normal -0.6763091709951508 -0.003809783549793126 -0.736608030622227
    outer loop
      vertex -22.287409993113062 0.753495977905345 128.19796344315435
      vertex -26.050750963009847 25.701550401342992 131.52420375323018
      vertex -20.08868732334043 19.73948676167357 126.08103183695195
    endloop
  endfacet
  facet normal -0.6763091709951352 -0.0038097835497967834 -0.7366080306222411
    outer loop
      vertex -22.266812518547777 0.6169505730243241 128.17975830289924
      vertex -20.08822333730438 18.714111201388086 126.08590914045828
      vertex -20.08732714198619 16.733584407224413 126.09532971829502
    endloop
  endfacet
  facet normal -0.6763091709951256 -0.003809783549798261 -0.7366080306222501
    outer loop
      vertex -22.287409993113062 0.753495977905345 128.19796344315435
      vertex -20.08868732334043 19.73948676167357 126.08103183695195
      vertex -20.08822333730438 18.714111201388086 126.08590914045828
    endloop
  endfacet
  facet normal -0.7199211542198508 0.08245550383453179 -0.6891404948152091
    outer loop
      vertex -25.19224226973914 -1.286571964928992 152.39376366728496
      vertex -20.661930369904194 17.323991493216838 149.88785377182566
      vertex -20.71226074001148 16.332319948309003 149.82177888713034
    endloop
  endfacet
  facet normal -0.7199211542198051 0.0824555038345147 -0.6891404948152589
    outer loop
      vertex -25.19224226973914 -1.286571964928992 152.39376366728496
      vertex -20.517569497451642 20.168368935784788 150.0773740948728
      vertex -20.661930369904194 17.323991493216838 149.88785377182566
    endloop
  endfacet
  facet normal -0.7199211542201026 0.08245550383461525 -0.689140494814936
    outer loop
      vertex -25.19224226973914 -1.286571964928992 152.39376366728496
      vertex -20.499286422930563 20.443978487409947 150.09125102185783
      vertex -20.517569497451642 20.168368935784788 150.0773740948728
    endloop
  endfacet
  facet normal -0.7199211542198173 0.08245550383451979 -0.6891404948152456
    outer loop
      vertex -25.19224226973914 -1.286571964928992 152.39376366728496
      vertex -25.202254248593736 25.14694631307312 155.5669872981078
      vertex -20.499286422930563 20.443978487409947 150.09125102185783
    endloop
  endfacet
  facet normal -0.5341020282864429 -0.003063035168052014 0.8454144789367325
    outer loop
      vertex -22.836562091706877 0.3684412602889359 88.04982691283858
      vertex -28.358715902086807 28.009515340419952 84.66127840791306
      vertex -28.7221150788243 28.372914517157444 84.43301270189222
    endloop
  endfacet
  facet normal -0.534102028286464 -0.0030630351680579365 0.8454144789367193
    outer loop
      vertex -22.836562091706877 0.3684412602889359 88.04982691283858
      vertex -19.92609504051267 19.576894478845816 89.95814829037788
      vertex -28.358715902086807 28.009515340419952 84.66127840791306
    endloop
  endfacet
  facet normal -0.5303275200920948 -0.019754069833368703 0.8475626809611116
    outer loop
      vertex -23.619216073725287 -0.05501880926832144 99.90649613799587
      vertex -21.092214322680988 20.71928181000091 101.97184846696712
      vertex -30.241065718480115 28.686105016692327 96.43301270189222
    endloop
  endfacet
  facet normal -0.5303275200920563 -0.01975406983331973 0.8475626809611368
    outer loop
      vertex -30.241065718480115 28.686105016692327 96.43301270189222
      vertex -21.092214322680988 20.71928181000091 101.97184846696712
      vertex -21.091869099735085 20.74266853806823 101.97260954848083
    endloop
  endfacet
  facet normal -0.4512736199174535 0.03567943076221395 -0.8916720799638632
    outer loop
      vertex -30.630881548283597 26.295590370257884 107.02248143447329
      vertex -21.091869099735085 20.74266853806823 101.97260954848083
      vertex -21.092214322680988 20.71928181000091 101.97184846696712
    endloop
  endfacet
  facet normal -0.45127361991749837 0.03567943076215324 -0.8916720799638429
    outer loop
      vertex -30.630881548283597 26.295590370257884 107.02248143447329
      vertex -21.081629922746938 21.02632198722632 101.97877764913
      vertex -21.091869099735085 20.74266853806823 101.97260954848083
    endloop
  endfacet
  facet normal -0.5160078300642462 1.93397430576156e-14 0.8565838658954463
    outer loop
      vertex -29.658512543547527 29.30931198188067 96.81204644383382
      vertex -21.091869099735085 20.74266853806823 101.97260954848083
      vertex -21.081629922746938 21.02632198722632 101.97877764913
    endloop
  endfacet
  facet normal -0.7042201184538173 -0.04857434047925559 0.7083181193587362
    outer loop
      vertex -25.935080134736626 1.3607531055569617 111.75097244090078
      vertex -24.962438677723668 21.754882153897764 114.11655508582832
      vertex -31.01345037688036 26.6028763940016 108.43301270189222
    endloop
  endfacet
  facet normal -0.5319098964758838 0 0.8468009577409644
    outer loop
      vertex -28.7221150788243 28.372914517157444 84.43301270189222
      vertex -28.358715902086807 28.009515340419952 84.66127840791306
      vertex -28.7221150788243 28.666807143303682 84.43301270189222
    endloop
  endfacet
  facet normal -0.9060374296629709 0 0.423197561488387
    outer loop
      vertex -28.7221150788243 28.372914517157444 84.43301270189222
      vertex -28.7221150788243 28.666807143303682 84.43301270189222
      vertex -28.924369327418038 28.813753456376798 84
    endloop
  endfacet
  facet normal -0.5319098964758838 0 0.8468009577409644
    outer loop
      vertex -28.7221150788243 28.666807143303682 84.43301270189222
      vertex -28.358715902086807 28.009515340419952 84.66127840791306
      vertex -28.358715902086807 28.30340796656619 84.66127840791306
    endloop
  endfacet
  facet normal -0.13786353379665514 0.42430032834277076 0.8949652939736353
    outer loop
      vertex -28.7221150788243 28.666807143303682 84.43301270189222
      vertex -28.358715902086807 28.30340796656619 84.66127840791306
      vertex -28.079207404899336 28.39422578256686 84.66127840791306
    endloop
  endfacet
  facet normal -0.13786353379665514 0.4243003283427707 0.8949652939736353
    outer loop
      vertex -28.7221150788243 28.666807143303682 84.43301270189222
      vertex -28.079207404899336 28.39422578256686 84.66127840791306
      vertex -28.442606581636827 28.75762495930435 84.43301270189222
    endloop
  endfacet
  facet normal -0.05472750484934481 0.4912968260866663 0.8692711480833428
    outer loop
      vertex -28.079207404899336 28.39422578256686 84.66127840791306
      vertex -26.669151348232067 28.594803999001353 84.63668931222708
      vertex -28.442606581636827 28.75762495930435 84.43301270189222
    endloop
  endfacet
  facet normal -0.2799809633056543 0.8616928014882829 0.4231975614883818
    outer loop
      vertex -28.7221150788243 28.666807143303682 84.43301270189222
      vertex -28.442606581636827 28.75762495930435 84.43301270189222
      vertex -28.365352333043088 28.99538908837814 84
    endloop
  endfacet
  facet normal -0.9011110695388436 -0.03356531637694417 0.4322871845094151
    outer loop
      vertex -30.443319967073855 28.53915870361921 96
      vertex -30.241065718480115 28.686105016692327 96.43301270189222
      vertex -30.489970786849483 29.79156966351577 96
    endloop
  endfacet
  facet normal -0.9011110695388436 -0.03356531637694417 -0.43228718450941506
    outer loop
      vertex -30.443319967073855 28.53915870361921 96
      vertex -30.287716538255744 29.938515976588885 95.56698729810778
      vertex -30.241065718480115 28.686105016692327 95.56698729810778
    endloop
  endfacet
  facet normal -0.8323219629522066 -0.03100300391190095 -0.5534247588749751
    outer loop
      vertex -30.117885705906158 28.407196574182095 95.3973555119935
      vertex -30.241065718480115 28.686105016692327 95.56698729810778
      vertex -30.287716538255744 29.938515976588885 95.56698729810778
    endloop
  endfacet
  facet normal -0.7066920427886847 0 -0.7075212764710017
    outer loop
      vertex -30.117885705906158 28.407196574182095 95.3973555119935
      vertex -30.287716538255744 29.938515976588885 95.56698729810778
      vertex -30.117885705906158 28.701089200328333 95.3973555119935
    endloop
  endfacet
  facet normal -0.9011110695388436 -0.03356531637694417 -0.43228718450941506
    outer loop
      vertex -30.443319967073855 28.53915870361921 96
      vertex -30.489970786849483 29.79156966351577 96
      vertex -30.287716538255744 29.938515976588885 95.56698729810778
    endloop
  endfacet
  facet normal -0.706692042788685 0 -0.7075212764710015
    outer loop
      vertex -30.117885705906158 28.701089200328333 95.3973555119935
      vertex -30.287716538255744 29.938515976588885 95.56698729810778
      vertex -30.287716538255744 30.232408602735124 95.56698729810778
    endloop
  endfacet
  facet normal -0.9011110695388436 -0.03356531637694417 0.43228718450941506
    outer loop
      vertex -30.241065718480115 28.686105016692327 96.43301270189222
      vertex -30.287716538255744 29.938515976588885 96.43301270189222
      vertex -30.489970786849483 29.79156966351577 96
    endloop
  endfacet
  facet normal -0.5303275200920887 -0.01975406983336792 0.8475626809611155
    outer loop
      vertex -30.241065718480115 28.686105016692327 96.43301270189222
      vertex -29.658512543547527 29.30931198188067 96.81204644383382
      vertex -30.287716538255744 29.938515976588885 96.43301270189222
    endloop
  endfacet
  facet normal -0.9060374296629709 0 -0.42319756148838705
    outer loop
      vertex -30.489970786849483 29.79156966351577 96
      vertex -30.489970786849483 30.37935491580824 96
      vertex -30.287716538255744 29.938515976588885 95.56698729810778
    endloop
  endfacet
  facet normal -0.9060374296629709 0 0.42319756148838705
    outer loop
      vertex -30.489970786849483 29.79156966351577 96
      vertex -30.287716538255744 29.938515976588885 96.43301270189222
      vertex -30.489970786849483 30.37935491580824 96
    endloop
  endfacet
  facet normal -0.5160078300642561 0 0.8565838658954403
    outer loop
      vertex -29.658512543547527 29.30931198188067 96.81204644383382
      vertex -30.287716538255744 30.232408602735124 96.43301270189222
      vertex -30.287716538255744 29.938515976588885 96.43301270189222
    endloop
  endfacet
  facet normal -0.9060374296629709 0 -0.423197561488387
    outer loop
      vertex -30.287716538255744 29.938515976588885 95.56698729810778
      vertex -30.489970786849483 30.37935491580824 96
      vertex -30.287716538255744 30.232408602735124 95.56698729810778
    endloop
  endfacet
  facet normal -0.2799809633056543 0.8616928014882829 -0.4231975614883818
    outer loop
      vertex -30.287716538255744 30.232408602735124 95.56698729810778
      vertex -29.930953792474533 30.56099054780958 96
      vertex -30.008208041068272 30.323226418735793 95.56698729810778
    endloop
  endfacet
  facet normal -0.27998096330565625 0.861692801488283 -0.4231975614883802
    outer loop
      vertex -30.489970786849483 30.37935491580824 96
      vertex -29.930953792474533 30.56099054780958 96
      vertex -30.287716538255744 30.232408602735124 95.56698729810778
    endloop
  endfacet
  facet normal -0.27998096330565625 0.861692801488283 0.4231975614883802
    outer loop
      vertex -30.489970786849483 30.37935491580824 96
      vertex -30.287716538255744 30.232408602735124 96.43301270189222
      vertex -29.930953792474533 30.56099054780958 96
    endloop
  endfacet
  facet normal -0.9060374296629709 0 0.423197561488387
    outer loop
      vertex -30.287716538255744 29.938515976588885 96.43301270189222
      vertex -30.287716538255744 30.232408602735124 96.43301270189222
      vertex -30.489970786849483 30.37935491580824 96
    endloop
  endfacet
  facet normal -0.2799809633056543 0.8616928014882829 0.4231975614883818
    outer loop
      vertex -30.287716538255744 30.232408602735124 96.43301270189222
      vertex -30.008208041068272 30.323226418735793 96.43301270189222
      vertex -29.930953792474533 30.56099054780958 96
    endloop
  endfacet
  facet normal -0.516007830064256 0 0.8565838658954404
    outer loop
      vertex -29.658512543547527 29.30931198188067 96.81204644383382
      vertex -29.658512543547527 29.603204608026907 96.81204644383382
      vertex -30.287716538255744 30.232408602735124 96.43301270189222
    endloop
  endfacet
  facet normal -0.13328352897502355 0.41020452290305176 0.902201612885858
    outer loop
      vertex -30.287716538255744 30.232408602735124 96.43301270189222
      vertex -29.379004046360055 29.694022424027576 96.81204644383382
      vertex -30.008208041068272 30.323226418735793 96.43301270189222
    endloop
  endfacet
  facet normal -0.13328352897502357 0.41020452290305187 0.9022016128858581
    outer loop
      vertex -29.658512543547527 29.603204608026907 96.81204644383382
      vertex -29.379004046360055 29.694022424027576 96.81204644383382
      vertex -30.287716538255744 30.232408602735124 96.43301270189222
    endloop
  endfacet
  facet normal -0.027953685828400868 0.4951475558609504 0.8683590785922228
    outer loop
      vertex -30.008208041068272 30.323226418735793 96.43301270189222
      vertex -29.379004046360055 29.694022424027576 96.81204644383382
      vertex -26.2245036295201 29.780195999263672 96.86445711075946
    endloop
  endfacet
  facet normal -0.4339184913812691 0.05151592669912547 -0.8994780998633229
    outer loop
      vertex -30.117885705906158 28.701089200328333 95.3973555119935
      vertex -30.287716538255744 30.232408602735124 95.56698729810778
      vertex -19.911681792241687 19.85637385672107 89.96720183398291
    endloop
  endfacet
  facet normal -0.12166167346234541 0.37443612952025274 -0.9192366518586137
    outer loop
      vertex -30.287716538255744 30.232408602735124 95.56698729810778
      vertex -30.008208041068272 30.323226418735793 95.56698729810778
      vertex -19.911681792241687 19.85637385672107 89.96720183398291
    endloop
  endfacet
  facet normal -0.5319098964759003 0 0.8468009577409541
    outer loop
      vertex -28.358715902086807 28.009515340419952 84.66127840791306
      vertex -19.911681792241687 19.85637385672107 89.96720183398291
      vertex -28.358715902086807 28.30340796656619 84.66127840791306
    endloop
  endfacet
  facet normal -0.13786353379665992 0.42430032834278536 0.8949652939736277
    outer loop
      vertex -28.358715902086807 28.30340796656619 84.66127840791306
      vertex -19.911681792241687 19.85637385672107 89.96720183398291
      vertex -28.079207404899336 28.39422578256686 84.66127840791306
    endloop
  endfacet
  facet normal -0.05472750484934717 0.49129682608668185 0.8692711480833338
    outer loop
      vertex -28.079207404899336 28.39422578256686 84.66127840791306
      vertex -19.632173295054216 19.94719167272174 89.96720183398291
      vertex -26.669151348232067 28.594803999001353 84.63668931222708
    endloop
  endfacet
  facet normal -0.5303275200920918 -0.01975406983336399 0.8475626809611138
    outer loop
      vertex -30.241065718480115 28.686105016692327 96.43301270189222
      vertex -21.091869099735085 20.74266853806823 101.97260954848083
      vertex -29.658512543547527 29.30931198188067 96.81204644383382
    endloop
  endfacet
  facet normal -0.5160078300642614 0 0.8565838658954372
    outer loop
      vertex -29.658512543547527 29.30931198188067 96.81204644383382
      vertex -21.081629922746938 21.02632198722632 101.97877764913
      vertex -29.658512543547527 29.603204608026907 96.81204644383382
    endloop
  endfacet
  facet normal -0.13328352897502516 0.41020452290305676 0.9022016128858557
    outer loop
      vertex -29.658512543547527 29.603204608026907 96.81204644383382
      vertex -21.081629922746938 21.02632198722632 101.97877764913
      vertex -29.379004046360055 29.694022424027576 96.81204644383382
    endloop
  endfacet
  facet normal -0.13328352897502474 0.4102045229030553 0.9022016128858562
    outer loop
      vertex -29.379004046360055 29.694022424027576 96.81204644383382
      vertex -21.081629922746938 21.02632198722632 101.97877764913
      vertex -20.802121425559466 21.11713980322699 101.97877764913
    endloop
  endfacet
  facet normal -0.12288268633390838 0.37819402073373964 -0.9175342653441396
    outer loop
      vertex -31.034833827757872 31.3498522054254 107.56698729810778
      vertex -20.802121425559466 21.11713980322699 101.97877764913
      vertex -21.081629922746938 21.02632198722632 101.97877764913
    endloop
  endfacet
  facet normal -0.027953685828400972 0.4951475558609561 0.8683590785922195
    outer loop
      vertex -29.379004046360055 29.694022424027576 96.81204644383382
      vertex -20.802121425559466 21.11713980322699 101.97877764913
      vertex -26.2245036295201 29.780195999263672 96.86445711075946
    endloop
  endfacet
  facet normal -0.45127361991749776 0.035679430762155476 -0.8916720799638432
    outer loop
      vertex -30.630881548283597 26.295590370257884 107.02248143447329
      vertex -31.314342324945343 31.25903438942473 107.56698729810778
      vertex -21.081629922746938 21.02632198722632 101.97877764913
    endloop
  endfacet
  facet normal -0.7042201184538179 -0.04857434047925354 0.7083181193587358
    outer loop
      vertex -31.01345037688036 26.6028763940016 108.43301270189222
      vertex -25.203120909507323 24.853920347840464 114.08978811083864
      vertex -29.1569184805048 28.807717918837945 110.43000500838536
    endloop
  endfacet
  facet normal -0.8363360210925014 -0.069649488788515 -0.5437747773983835
    outer loop
      vertex -25.203120909507323 24.853920347840464 114.08978811083864
      vertex -28.977335603992003 28.06667623466714 119.48309618085564
      vertex -29.028613712298 28.38374122727564 119.52135156761962
    endloop
  endfacet
  facet normal -0.8363360210925087 -0.06964948878854298 -0.5437747773983689
    outer loop
      vertex -25.203120909507323 24.853920347840464 114.08978811083864
      vertex -29.028613712298 28.38374122727564 119.52135156761962
      vertex -29.085657523728592 28.736456962061737 119.56390838457057
    endloop
  endfacet
  facet normal -0.8156704753482472 3.600457771880508e-15 -0.5785167894237507
    outer loop
      vertex -25.20312090950732 25.1478129739867 114.08978811083864
      vertex -29.085657523728592 28.736456962061737 119.56390838457057
      vertex -29.087841252609667 29.03253331708905 119.56698729810778
    endloop
  endfacet
  facet normal -0.8960984214618654 -0.06180935290883317 -0.4395306848748386
    outer loop
      vertex -31.2157046254741 26.455930080928486 108
      vertex -31.314342324945343 30.965141763278492 107.56698729810778
      vertex -31.01345037688036 26.6028763940016 107.56698729810778
    endloop
  endfacet
  facet normal -0.8460041526772641 -0.05835404681314094 -0.5299733756268838
    outer loop
      vertex -30.630881548283597 26.001697744111645 107.02248143447329
      vertex -31.01345037688036 26.6028763940016 107.56698729810778
      vertex -31.314342324945343 30.965141763278492 107.56698729810778
    endloop
  endfacet
  facet normal -0.6231148519098001 0 -0.7821303480427209
    outer loop
      vertex -30.630881548283597 26.001697744111645 107.02248143447329
      vertex -31.314342324945343 30.965141763278492 107.56698729810778
      vertex -30.630881548283597 26.295590370257884 107.02248143447329
    endloop
  endfacet
  facet normal -0.8960984214618654 -0.06180935290883317 0.4395306848748386
    outer loop
      vertex -31.2157046254741 26.455930080928486 108
      vertex -31.01345037688036 26.6028763940016 108.43301270189222
      vertex -31.516596573539083 30.818195450205376 108
    endloop
  endfacet
  facet normal -0.8960984214618651 -0.06180935290883316 -0.4395306848748386
    outer loop
      vertex -31.2157046254741 26.455930080928486 108
      vertex -31.516596573539083 30.818195450205376 108
      vertex -31.314342324945343 30.965141763278492 107.56698729810778
    endloop
  endfacet
  facet normal -0.6231148519098009 0 -0.7821303480427205
    outer loop
      vertex -30.630881548283597 26.295590370257884 107.02248143447329
      vertex -31.314342324945343 30.965141763278492 107.56698729810778
      vertex -31.314342324945343 31.25903438942473 107.56698729810778
    endloop
  endfacet
  facet normal -0.8960984214618654 -0.06180935290883317 0.4395306848748386
    outer loop
      vertex -31.01345037688036 26.6028763940016 108.43301270189222
      vertex -31.314342324945343 30.965141763278492 108.43301270189222
      vertex -31.516596573539083 30.818195450205376 108
    endloop
  endfacet
  facet normal -0.7042201184538164 -0.048574340479255726 0.708318119358737
    outer loop
      vertex -31.01345037688036 26.6028763940016 108.43301270189222
      vertex -29.1569184805048 28.807717918837945 110.43000500838536
      vertex -31.314342324945343 30.965141763278492 108.43301270189222
    endloop
  endfacet
  facet normal -0.6792940416510954 0 0.7338662037301621
    outer loop
      vertex -31.314342324945343 30.965141763278492 108.43301270189222
      vertex -29.1569184805048 28.807717918837945 110.43000500838536
      vertex -29.1569184805048 29.101610544984183 110.43000500838536
    endloop
  endfacet
  facet normal -0.6792940416510954 0 0.733866203730162
    outer loop
      vertex -31.314342324945343 30.965141763278492 108.43301270189222
      vertex -29.1569184805048 29.101610544984183 110.43000500838536
      vertex -31.314342324945343 31.25903438942473 108.43301270189222
    endloop
  endfacet
  facet normal -0.9060374296629709 0 -0.42319756148838705
    outer loop
      vertex -31.516596573539083 30.818195450205376 108
      vertex -31.516596573539083 31.405980702497846 108
      vertex -31.314342324945343 30.965141763278492 107.56698729810778
    endloop
  endfacet
  facet normal -0.9060374296629709 0 -0.423197561488387
    outer loop
      vertex -31.314342324945343 30.965141763278492 107.56698729810778
      vertex -31.516596573539083 31.405980702497846 108
      vertex -31.314342324945343 31.25903438942473 107.56698729810778
    endloop
  endfacet
  facet normal -0.27998096330565625 0.8616928014882831 -0.4231975614883802
    outer loop
      vertex -31.314342324945343 31.25903438942473 107.56698729810778
      vertex -31.516596573539083 31.405980702497846 108
      vertex -30.957579579164133 31.587616334499188 108
    endloop
  endfacet
  facet normal -0.2799809633056543 0.8616928014882829 -0.4231975614883818
    outer loop
      vertex -31.314342324945343 31.25903438942473 107.56698729810778
      vertex -30.957579579164133 31.587616334499188 108
      vertex -31.034833827757872 31.3498522054254 107.56698729810778
    endloop
  endfacet
  facet normal -0.9060374296629709 0 0.423197561488387
    outer loop
      vertex -31.516596573539083 30.818195450205376 108
      vertex -31.314342324945343 30.965141763278492 108.43301270189222
      vertex -31.314342324945343 31.25903438942473 108.43301270189222
    endloop
  endfacet
  facet normal -0.9060374296629709 0 0.42319756148838705
    outer loop
      vertex -31.516596573539083 30.818195450205376 108
      vertex -31.314342324945343 31.25903438942473 108.43301270189222
      vertex -31.516596573539083 31.405980702497846 108
    endloop
  endfacet
  facet normal -0.27998096330565625 0.8616928014882831 0.4231975614883802
    outer loop
      vertex -31.314342324945343 31.25903438942473 108.43301270189222
      vertex -30.957579579164133 31.587616334499188 108
      vertex -31.516596573539083 31.405980702497846 108
    endloop
  endfacet
  facet normal -0.2799809633056543 0.8616928014882829 0.4231975614883818
    outer loop
      vertex -31.314342324945343 31.25903438942473 108.43301270189222
      vertex -31.034833827757872 31.3498522054254 108.43301270189222
      vertex -30.957579579164133 31.587616334499188 108
    endloop
  endfacet
  facet normal -0.18294488489689273 0.5630464604575897 0.8059217409005931
    outer loop
      vertex -31.314342324945343 31.25903438942473 108.43301270189222
      vertex -29.1569184805048 29.101610544984183 110.43000500838536
      vertex -31.034833827757872 31.3498522054254 108.43301270189222
    endloop
  endfacet
  facet normal -0.18294488489689245 0.56304646045759 0.8059217409005929
    outer loop
      vertex -31.034833827757872 31.3498522054254 108.43301270189222
      vertex -29.1569184805048 29.101610544984183 110.43000500838536
      vertex -28.877409983317328 29.192428360984852 110.43000500838536
    endloop
  endfacet
  facet normal -0.12288268633390798 0.37819402073374 -0.9175342653441396
    outer loop
      vertex -31.314342324945343 31.25903438942473 107.56698729810778
      vertex -31.034833827757872 31.3498522054254 107.56698729810778
      vertex -21.081629922746938 21.02632198722632 101.97877764913
    endloop
  endfacet
  facet normal -0.6792940416510979 0 0.7338662037301599
    outer loop
      vertex -29.1569184805048 28.807717918837945 110.43000500838536
      vertex -25.20312090950732 25.1478129739867 114.08978811083864
      vertex -29.1569184805048 29.101610544984183 110.43000500838536
    endloop
  endfacet
  facet normal -0.1829448848968935 0.5630464604575921 0.8059217409005911
    outer loop
      vertex -29.1569184805048 29.101610544984183 110.43000500838536
      vertex -25.20312090950732 25.1478129739867 114.08978811083864
      vertex -28.877409983317328 29.192428360984852 110.43000500838536
    endloop
  endfacet
  facet normal -0.5812482220749853 0.004174840106901692 -0.8137155983786659
    outer loop
      vertex -29.0923026834845 28.411384076037546 119.56698729810778
      vertex -29.085657523728592 28.736456962061737 119.56390838457057
      vertex -29.028613712298 28.38374122727564 119.52135156761962
    endloop
  endfacet
  facet normal -0.5812482220745133 0.00417484010688885 -0.8137155983790032
    outer loop
      vertex -29.0923026834845 28.411384076037546 119.56698729810778
      vertex -29.087841252609667 29.03253331708905 119.56698729810778
      vertex -29.085657523728592 28.736456962061737 119.56390838457057
    endloop
  endfacet
  facet normal -0.9051704987869613 0.006501425653262383 -0.4249989406930784
    outer loop
      vertex -29.0923026834845 28.411384076037546 119.56698729810778
      vertex -29.29455693207824 28.55833038911066 120
      vertex -29.087841252609667 29.03253331708905 119.56698729810778
    endloop
  endfacet
  facet normal -0.9051704987869613 0.006501425653262383 -0.4249989406930784
    outer loop
      vertex -29.29455693207824 28.55833038911066 120
      vertex -29.290095501203407 29.179479630162167 120
      vertex -29.087841252609667 29.03253331708905 119.56698729810778
    endloop
  endfacet
  facet normal -0.9051704987869613 0.006501425653262406 0.4249989406930784
    outer loop
      vertex -29.29455693207824 28.55833038911066 120
      vertex -29.0923026834845 28.411384076037546 120.43301270189222
      vertex -29.087841252609667 29.03253331708905 120.43301270189222
    endloop
  endfacet
  facet normal -0.9051704987869613 0.006501425653262383 0.4249989406930784
    outer loop
      vertex -29.29455693207824 28.55833038911066 120
      vertex -29.087841252609667 29.03253331708905 120.43301270189222
      vertex -29.290095501203407 29.179479630162167 120
    endloop
  endfacet
  facet normal -0.5287713535700059 0.003797922764183474 0.8487558137806309
    outer loop
      vertex -29.0923026834845 28.411384076037546 120.43301270189222
      vertex -28.63775809124546 28.582450155724842 120.71542663019304
      vertex -29.087841252609667 29.03253331708905 120.43301270189222
    endloop
  endfacet
  facet normal -0.13774573935714787 0.42393779433552836 0.8951552143750713
    outer loop
      vertex -28.63775809124546 28.582450155724842 120.71542663019304
      vertex -28.358249594057988 28.67326797172551 120.71542663019304
      vertex -29.087841252609667 29.03253331708905 120.43301270189222
    endloop
  endfacet
  facet normal -0.13774573935714787 0.42393779433552836 0.8951552143750713
    outer loop
      vertex -29.087841252609667 29.03253331708905 120.43301270189222
      vertex -28.358249594057988 28.67326797172551 120.71542663019304
      vertex -28.808332755422196 29.12335113308972 120.43301270189222
    endloop
  endfacet
  facet normal -0.27998096330565625 0.8616928014882831 -0.4231975614883802
    outer loop
      vertex -29.087841252609667 29.03253331708905 119.56698729810778
      vertex -29.290095501203407 29.179479630162167 120
      vertex -28.731078506828457 29.36111526216351 120
    endloop
  endfacet
  facet normal -0.2799809633056543 0.8616928014882829 -0.4231975614883818
    outer loop
      vertex -29.087841252609667 29.03253331708905 119.56698729810778
      vertex -28.731078506828457 29.36111526216351 120
      vertex -28.808332755422196 29.12335113308972 119.56698729810778
    endloop
  endfacet
  facet normal -0.27998096330565625 0.8616928014882831 0.4231975614883802
    outer loop
      vertex -29.087841252609667 29.03253331708905 120.43301270189222
      vertex -28.731078506828457 29.36111526216351 120
      vertex -29.290095501203407 29.179479630162167 120
    endloop
  endfacet
  facet normal -0.2799809633056543 0.8616928014882829 0.4231975614883818
    outer loop
      vertex -29.087841252609667 29.03253331708905 120.43301270189222
      vertex -28.808332755422196 29.12335113308972 120.43301270189222
      vertex -28.731078506828457 29.36111526216351 120
    endloop
  endfacet
  facet normal -0.23040964726947363 0.7091279782076167 -0.6663699460272309
    outer loop
      vertex -25.20312090950732 25.1478129739867 114.08978811083864
      vertex -29.087841252609667 29.03253331708905 119.56698729810778
      vertex -28.808332755422196 29.12335113308972 119.56698729810778
    endloop
  endfacet
  facet normal -0.704220118453818 -0.04857434047925764 0.7083181193587352
    outer loop
      vertex -24.962438677723668 21.754882153897764 114.11655508582832
      vertex -25.19893941192445 24.800079145599806 114.09025314741567
      vertex -31.01345037688036 26.6028763940016 108.43301270189222
    endloop
  endfacet
  facet normal -0.7042201184538247 -0.048574340479316185 0.7083181193587246
    outer loop
      vertex -31.01345037688036 26.6028763940016 108.43301270189222
      vertex -25.19893941192445 24.800079145599806 114.09025314741567
      vertex -25.203120909507323 24.853920347840464 114.08978811083864
    endloop
  endfacet
  facet normal -0.8363360210925053 -0.06964948878853325 -0.5437747773983752
    outer loop
      vertex -24.962438677723668 21.754882153897764 114.11655508582832
      vertex -28.977335603992003 28.06667623466714 119.48309618085564
      vertex -25.19893941192445 24.800079145599806 114.09025314741567
    endloop
  endfacet
  facet normal -0.6792940416510943 8.974989877616089e-15 0.7338662037301632
    outer loop
      vertex -29.1569184805048 28.807717918837945 110.43000500838536
      vertex -25.203120909507323 24.853920347840464 114.08978811083864
      vertex -25.20312090950732 25.1478129739867 114.08978811083864
    endloop
  endfacet
  facet normal -0.18294488489685262 0.5630464604576201 0.8059217409005809
    outer loop
      vertex -28.877409983317328 29.192428360984852 110.43000500838536
      vertex -25.20312090950732 25.1478129739867 114.08978811083864
      vertex -24.923612412319844 25.238630789987365 114.08978811083863
    endloop
  endfacet
  facet normal -0.836336021092509 -0.06964948878855105 -0.5437747773983671
    outer loop
      vertex -25.19893941192445 24.800079145599806 114.09025314741567
      vertex -28.977335603992003 28.06667623466714 119.48309618085564
      vertex -25.203120909507323 24.853920347840464 114.08978811083864
    endloop
  endfacet
  facet normal -0.8156704753482458 9.860212190970426e-15 -0.578516789423753
    outer loop
      vertex -25.203120909507323 24.853920347840464 114.08978811083864
      vertex -29.085657523728592 28.736456962061737 119.56390838457057
      vertex -25.20312090950732 25.1478129739867 114.08978811083864
    endloop
  endfacet
  facet normal -0.2304096472694918 0.7091279782076062 -0.6663699460272359
    outer loop
      vertex -25.20312090950732 25.1478129739867 114.08978811083864
      vertex -28.808332755422196 29.12335113308972 119.56698729810778
      vertex -24.923612412319844 25.238630789987365 114.08978811083863
    endloop
  endfacet
  facet normal 0.00889721308884531 0.8186051189969662 -0.5742878187383174
    outer loop
      vertex -24.923612412319844 25.238630789987365 114.08978811083863
      vertex -28.808332755422196 29.12335113308972 119.56698729810778
      vertex -19.641501410422077 25.20528787244359 114.1240938779407
    endloop
  endfacet
  facet normal -0.5287713535700111 0.0037979227642028182 0.8487558137806277
    outer loop
      vertex -29.0923026834845 28.411384076037546 120.43301270189222
      vertex -20.08868732334043 19.73948676167357 126.08103183695195
      vertex -28.63775809124546 28.582450155724842 120.71542663019304
    endloop
  endfacet
  facet normal -0.13774573935715365 0.4239377943355461 0.8951552143750622
    outer loop
      vertex -28.63775809124546 28.582450155724842 120.71542663019304
      vertex -20.0878336184994 20.03252568297878 126.08025243195121
      vertex -28.358249594057988 28.67326797172551 120.71542663019304
    endloop
  endfacet
  facet normal -0.04684483234619326 0.4968890299678969 0.8665488177708279
    outer loop
      vertex -28.358249594057988 28.67326797172551 120.71542663019304
      vertex -19.808325121311928 20.123343498979448 126.08025243195121
      vertex -25.27179469483893 28.74828017455038 120.83926468686093
    endloop
  endfacet
  facet normal 0.04834956000282284 0.871861998499581 0.4873591854267755
    outer loop
      vertex -31.034833827757872 31.3498522054254 108.43301270189222
      vertex -12.420786204620608 29.198323767598055 110.43534465820491
      vertex -30.957579579164133 31.587616334499188 108
    endloop
  endfacet
  facet normal -0.0004814507983577277 0.679034630570911 0.7341060813605587
    outer loop
      vertex -31.034833827757872 31.3498522054254 108.43301270189222
      vertex -28.877409983317328 29.192428360984852 110.43000500838536
      vertex -12.420786204620608 29.198323767598055 110.43534465820491
    endloop
  endfacet
  facet normal -0.04684483234619323 0.49688902996787615 0.8665488177708398
    outer loop
      vertex -28.808332755422196 29.12335113308972 120.43301270189222
      vertex -28.358249594057988 28.67326797172551 120.71542663019304
      vertex -25.27179469483893 28.74828017455038 120.83926468686093
    endloop
  endfacet
  facet normal -0.43391849138126837 0.05151592669912605 -0.8994780998633232
    outer loop
      vertex -20.202770526614653 13.83104531528932 89.76253692993542
      vertex -30.117885705906158 28.701089200328333 95.3973555119935
      vertex -19.92609504051267 19.576894478845816 89.95814829037788
    endloop
  endfacet
  facet normal -0.53190989647588 2.8384399219755473e-14 0.8468009577409666
    outer loop
      vertex -28.358715902086807 28.009515340419952 84.66127840791306
      vertex -19.92609504051267 19.576894478845816 89.95814829037788
      vertex -19.916232417608295 19.768135180574543 89.96434340232253
    endloop
  endfacet
  facet normal -0.5319098964758918 1.5379459047867587e-14 0.8468009577409593
    outer loop
      vertex -28.358715902086807 28.009515340419952 84.66127840791306
      vertex -19.916232417608295 19.768135180574543 89.96434340232253
      vertex -19.911681792241687 19.85637385672107 89.96720183398291
    endloop
  endfacet
  facet normal -0.13786353379666078 0.42430032834278564 0.8949652939736275
    outer loop
      vertex -28.079207404899336 28.39422578256686 84.66127840791306
      vertex -19.911681792241687 19.85637385672107 89.96720183398291
      vertex -19.632173295054216 19.94719167272174 89.96720183398291
    endloop
  endfacet
  facet normal -0.433918491381282 0.05151592669910534 -0.8994780998633177
    outer loop
      vertex -30.117885705906158 28.701089200328333 95.3973555119935
      vertex -19.916232417608295 19.768135180574543 89.96434340232253
      vertex -19.92609504051267 19.576894478845816 89.95814829037788
    endloop
  endfacet
  facet normal -0.4339184913812715 0.05151592669912795 -0.8994780998633215
    outer loop
      vertex -30.117885705906158 28.701089200328333 95.3973555119935
      vertex -19.911681792241687 19.85637385672107 89.96720183398291
      vertex -19.916232417608295 19.768135180574543 89.96434340232253
    endloop
  endfacet
  facet normal -0.12166167346234513 0.37443612952025207 -0.9192366518586139
    outer loop
      vertex -30.008208041068272 30.323226418735793 95.56698729810778
      vertex -19.632173295054216 19.94719167272174 89.96720183398291
      vertex -19.911681792241687 19.85637385672107 89.96720183398291
    endloop
  endfacet
  facet normal -0.5287713535700215 0.0037979227641880523 0.8487558137806213
    outer loop
      vertex -29.0923026834845 28.411384076037546 120.43301270189222
      vertex -20.08732714198619 16.733584407224413 126.09532971829502
      vertex -20.08822333730438 18.714111201388086 126.08590914045828
    endloop
  endfacet
  facet normal -0.528771353570019 0.0037979227641914953 0.8487558137806228
    outer loop
      vertex -29.0923026834845 28.411384076037546 120.43301270189222
      vertex -20.08822333730438 18.714111201388086 126.08590914045828
      vertex -20.08868732334043 19.73948676167357 126.08103183695195
    endloop
  endfacet
  facet normal -0.528771353570041 0.003797922764164588 0.8487558137806092
    outer loop
      vertex -28.63775809124546 28.582450155724842 120.71542663019304
      vertex -20.08868732334043 19.73948676167357 126.08103183695195
      vertex -20.0878336184994 20.03252568297878 126.08025243195121
    endloop
  endfacet
  facet normal -0.1377457393571542 0.42393779433554607 0.8951552143750621
    outer loop
      vertex -28.358249594057988 28.67326797172551 120.71542663019304
      vertex -20.0878336184994 20.03252568297878 126.08025243195121
      vertex -19.808325121311928 20.123343498979448 126.08025243195121
    endloop
  endfacet
  facet normal -0.02795368582840045 0.4951475558609563 0.8683590785922194
    outer loop
      vertex -26.2245036295201 29.780195999263672 96.86445711075946
      vertex -20.802121425559466 21.11713980322699 101.97877764913
      vertex -15.138401987519714 21.056945342165925 102.1954241709432
    endloop
  endfacet
  facet normal -0.017898550427499466 0.6991486141372393 0.71475230481795
    outer loop
      vertex -28.442606581636827 28.75762495930435 84.43301270189222
      vertex -26.669151348232067 28.594803999001353 84.63668931222708
      vertex 4.60267841041671 29.510088190265048 84.52448365520746
    endloop
  endfacet
  facet normal 0.048349560002823005 0.8718619984995813 0.4873591854267747
    outer loop
      vertex -30.957579579164133 31.587616334499188 108
      vertex -12.420786204620608 29.198323767598055 110.43534465820491
      vertex -12.343531956026872 29.436087896671843 110.00233195631269
    endloop
  endfacet
  facet normal -0.8959877110979534 -0.027438069507423366 -0.443230384679521
    outer loop
      vertex -25.36032451759984 -1.5878019996352906 140.13083937161184
      vertex -27.95410642549717 27.604905863830314 143.5669872981078
      vertex -25.12570328149602 22.239752060945893 138.1815149148906
    endloop
  endfacet
  facet normal -0.901787675490625 -0.029371784319978465 -0.43118010925722894
    outer loop
      vertex -25.562578766193578 -1.7347483127084087 140.56385207350405
      vertex -28.15636067409091 27.4579595507572 144
      vertex -27.95410642549717 27.604905863830314 143.5669872981078
    endloop
  endfacet
  facet normal -0.9745475649681201 0.0757415966924517 0.21099823256412775
    outer loop
      vertex -25.58781627358628 20.116883485521946 137.46856903829402
      vertex -25.10657250946823 24.86472547784344 137.986989518912
      vertex -26.299867265790798 26.189251394749558 132
    endloop
  endfacet
  facet normal -0.6373173854150336 -0.01951673946273004 0.7703542348351761
    outer loop
      vertex -25.38556202499254 19.67604454630259 137.90158174018623
      vertex -25.037675209466926 19.365203224761327 138.1815149148906
      vertex -25.12570328149602 22.239752060945893 138.1815149148906
    endloop
  endfacet
  facet normal -0.7328968822219052 0 0.6803397386816464
    outer loop
      vertex -25.38556202499254 19.67604454630259 137.90158174018623
      vertex -25.12570328149602 22.239752060945893 138.1815149148906
      vertex -25.38556202499254 19.96993717244883 137.90158174018623
    endloop
  endfacet
  facet normal -0.899408079369244 0.04367495466098954 0.4349225276996908
    outer loop
      vertex -25.58781627358628 20.116883485521946 137.46856903829402
      vertex -25.38556202499254 19.96993717244883 137.90158174018623
      vertex -25.109184063506984 24.759983501840132 137.99210709298353
    endloop
  endfacet
  facet normal -0.7328968822221479 5.997940954259879e-14 0.6803397386813849
    outer loop
      vertex -25.38556202499254 19.96993717244883 137.90158174018623
      vertex -25.12570328149602 22.239752060945893 138.1815149148906
      vertex -25.130607832075242 22.48525750178251 138.17623148130022
    endloop
  endfacet
  facet normal -0.8994080793692298 0.04367495466098816 0.43492252769972034
    outer loop
      vertex -25.38556202499254 19.96993717244883 137.90158174018623
      vertex -25.130607832075242 22.48525750178251 138.17623148130022
      vertex -25.109184063506984 24.759983501840132 137.99210709298353
    endloop
  endfacet
  facet normal -0.8994080793692436 0.04367495466098916 0.4349225276996916
    outer loop
      vertex -25.58781627358628 20.116883485521946 137.46856903829402
      vertex -25.109184063506984 24.759983501840132 137.99210709298353
      vertex -25.10657250946823 24.86472547784344 137.986989518912
    endloop
  endfacet
  facet normal -0.8979056282266197 0.05213060440131866 -0.4370902456972847
    outer loop
      vertex -25.39449651833288 -1.1396256518558738 152.82677636917717
      vertex -25.404508497187475 25.293892626146235 156
      vertex -25.202254248593736 25.14694631307312 155.5669872981078
    endloop
  endfacet
  facet normal -0.9060374296629655 0 0.4231975614883984
    outer loop
      vertex -28.15636067409091 27.4579595507572 144
      vertex -27.95410642549717 27.604905863830314 144.4330127018922
      vertex -27.95410642549717 27.898798489976553 144.4330127018922
    endloop
  endfacet
  facet normal -0.9060374296629655 0 -0.4231975614883984
    outer loop
      vertex -27.95410642549717 27.604905863830314 143.5669872981078
      vertex -28.15636067409091 28.04574480304967 144
      vertex -27.95410642549717 27.898798489976553 143.5669872981078
    endloop
  endfacet
  facet normal -0.27998096330565264 0.8616928014882778 -0.42319756148839316
    outer loop
      vertex -27.95410642549717 27.898798489976553 143.5669872981078
      vertex -27.59734367971596 28.22738043505101 144
      vertex -27.674597928309698 27.989616305977222 143.5669872981078
    endloop
  endfacet
  facet normal -0.9060374296629654 0 -0.42319756148839843
    outer loop
      vertex -28.15636067409091 27.4579595507572 144
      vertex -28.15636067409091 28.04574480304967 144
      vertex -27.95410642549717 27.604905863830314 143.5669872981078
    endloop
  endfacet
  facet normal -0.9060374296629654 0 0.42319756148839843
    outer loop
      vertex -28.15636067409091 27.4579595507572 144
      vertex -27.95410642549717 27.898798489976553 144.4330127018922
      vertex -28.15636067409091 28.04574480304967 144
    endloop
  endfacet
  facet normal -0.2799809633056546 0.8616928014882779 -0.4231975614883916
    outer loop
      vertex -28.15636067409091 28.04574480304967 144
      vertex -27.59734367971596 28.22738043505101 144
      vertex -27.95410642549717 27.898798489976553 143.5669872981078
    endloop
  endfacet
  facet normal -0.2799809633056546 0.8616928014882779 0.4231975614883916
    outer loop
      vertex -28.15636067409091 28.04574480304967 144
      vertex -27.95410642549717 27.898798489976553 144.4330127018922
      vertex -27.59734367971596 28.22738043505101 144
    endloop
  endfacet
  facet normal -0.27998096330565264 0.8616928014882778 0.42319756148839316
    outer loop
      vertex -27.95410642549717 27.898798489976553 144.4330127018922
      vertex -27.674597928309698 27.989616305977222 144.4330127018922
      vertex -27.59734367971596 28.22738043505101 144
    endloop
  endfacet
  facet normal -0.27998096330565264 0.8616928014882778 -0.42319756148839316
    outer loop
      vertex -26.09761301719706 26.042305081676442 131.5669872981078
      vertex -25.740850271415848 26.3708870267509 132
      vertex -25.818104520009587 26.13312289767711 131.5669872981078
    endloop
  endfacet
  facet normal -0.2799809633056546 0.8616928014882779 -0.4231975614883916
    outer loop
      vertex -26.09761301719706 26.042305081676442 131.5669872981078
      vertex -26.299867265790798 26.189251394749558 132
      vertex -25.740850271415848 26.3708870267509 132
    endloop
  endfacet
  facet normal -0.6742388694838582 4.164599871017872e-15 -0.738513335612248
    outer loop
      vertex -26.050750963009847 25.701550401342992 131.52420375323018
      vertex -26.09761301719706 26.042305081676442 131.5669872981078
      vertex -20.08868732334043 19.73948676167357 126.08103183695195
    endloop
  endfacet
  facet normal -0.18130672788825744 0.5580047316008047 -0.8097892256220548
    outer loop
      vertex -26.09761301719706 26.042305081676442 131.5669872981078
      vertex -25.818104520009587 26.13312289767711 131.5669872981078
      vertex -20.0878336184994 20.03252568297878 126.08025243195121
    endloop
  endfacet
  facet normal -0.974547564968112 0.07574159669251922 0.2109982325641408
    outer loop
      vertex -26.299867265790798 26.189251394749558 132
      vertex -25.10657250946823 24.86472547784344 137.986989518912
      vertex -25.099782008458266 24.98916613741703 137.97368292391695
    endloop
  endfacet
  facet normal -0.29956767515221716 0.9219745020853687 0.24540217095276967
    outer loop
      vertex -26.299867265790798 26.189251394749558 132
      vertex -25.099782008458266 24.98916613741703 137.97368292391695
      vertex -25.069829226318365 25.014521290797752 137.914987764263
    endloop
  endfacet
  facet normal -0.29956767515209265 0.9219745020854138 0.2454021709527523
    outer loop
      vertex -26.299867265790798 26.189251394749558 132
      vertex -25.069829226318365 25.014521290797752 137.914987764263
      vertex -24.790320729130897 25.105339106798425 137.914987764263
    endloop
  endfacet
  facet normal -0.2995676751520547 0.9219745020854279 0.2454021709527452
    outer loop
      vertex -26.299867265790798 26.189251394749558 132
      vertex -24.790320729130897 25.105339106798425 137.914987764263
      vertex -24.535478035275503 25.16551479061056 138
    endloop
  endfacet
  facet normal 0.12145761760605947 0.9775822121678006 0.17199146949360433
    outer loop
      vertex -24.866533796232197 26.184863437730435 132.43991109433074
      vertex -24.535478035275503 25.16551479061056 138
      vertex -22.866957407977115 24.998589629490564 137.77050331530805
    endloop
  endfacet
  facet normal -0.29956767515208044 0.921974502085418 0.24540217095275096
    outer loop
      vertex -26.299867265790798 26.189251394749558 132
      vertex -24.535478035275503 25.16551479061056 138
      vertex -25.740850271415848 26.3708870267509 132
    endloop
  endfacet
  facet normal 0.12145761760606304 0.9775822121678002 0.17199146949360403
    outer loop
      vertex -25.740850271415848 26.3708870267509 132
      vertex -24.535478035275503 25.16551479061056 138
      vertex -24.91841918345863 26.192523499544706 132.4330127018922
    endloop
  endfacet
  facet normal 0.12145761760605801 0.977582212167801 0.1719914694936045
    outer loop
      vertex -24.866533796232197 26.184863437730435 132.43991109433074
      vertex -24.91841918345863 26.192523499544706 132.4330127018922
      vertex -24.535478035275503 25.16551479061056 138
    endloop
  endfacet
  facet normal -0.895987711097975 -0.027438069507482624 -0.4432303846794733
    outer loop
      vertex -25.12570328149602 22.239752060945893 138.1815149148906
      vertex -27.95410642549717 27.604905863830314 143.5669872981078
      vertex -25.130607832075242 22.48525750178251 138.17623148130022
    endloop
  endfacet
  facet normal -0.895987711097954 -0.027438069507422214 -0.44323038467951975
    outer loop
      vertex -25.130607832075242 22.48525750178251 138.17623148130022
      vertex -27.95410642549717 27.604905863830314 143.5669872981078
      vertex -25.109184063506984 24.759983501840132 137.99210709298353
    endloop
  endfacet
  facet normal -0.8907233345079488 0 -0.4545458627718888
    outer loop
      vertex -27.95410642549717 27.604905863830314 143.5669872981078
      vertex -27.95410642549717 27.898798489976553 143.5669872981078
      vertex -25.069829226318365 25.014521290797752 137.914987764263
    endloop
  endfacet
  facet normal -0.2599180883074517 0.7999456213979097 -0.5408600467560086
    outer loop
      vertex -27.95410642549717 27.898798489976553 143.5669872981078
      vertex -27.674597928309698 27.989616305977222 143.5669872981078
      vertex -24.790320729130897 25.105339106798425 137.914987764263
    endloop
  endfacet
  facet normal -0.8907233345079439 2.379379319009396e-14 -0.4545458627718983
    outer loop
      vertex -27.95410642549717 27.604905863830314 143.5669872981078
      vertex -25.10657250946823 24.86472547784344 137.986989518912
      vertex -25.109184063506984 24.759983501840132 137.99210709298353
    endloop
  endfacet
  facet normal -0.8907233345079558 -3.247441630131584e-14 -0.4545458627718752
    outer loop
      vertex -27.95410642549717 27.604905863830314 143.5669872981078
      vertex -25.099782008458266 24.98916613741703 137.97368292391695
      vertex -25.10657250946823 24.86472547784344 137.986989518912
    endloop
  endfacet
  facet normal -0.8907233345079345 8.571474418830824e-14 -0.4545458627719171
    outer loop
      vertex -27.95410642549717 27.604905863830314 143.5669872981078
      vertex -25.069829226318365 25.014521290797752 137.914987764263
      vertex -25.099782008458266 24.98916613741703 137.97368292391695
    endloop
  endfacet
  facet normal -0.25991808830746277 0.7999456213979038 -0.5408600467560121
    outer loop
      vertex -27.95410642549717 27.898798489976553 143.5669872981078
      vertex -24.790320729130897 25.105339106798425 137.914987764263
      vertex -25.069829226318365 25.014521290797752 137.914987764263
    endloop
  endfacet
  facet normal -0.049506262822140656 0.8791767289059024 -0.47391709115804503
    outer loop
      vertex -27.674597928309698 27.989616305977222 143.5669872981078
      vertex -24.535478035275503 25.16551479061056 138
      vertex -24.790320729130897 25.105339106798425 137.914987764263
    endloop
  endfacet
  facet normal -0.049506262822152126 0.8791767289058992 -0.47391709115804953
    outer loop
      vertex -27.674597928309698 27.989616305977222 143.5669872981078
      vertex -27.59734367971596 28.22738043505101 144
      vertex -24.535478035275503 25.16551479061056 138
    endloop
  endfacet
  facet normal -0.6045802656447208 0 0.7965442250076006
    outer loop
      vertex -27.95410642549717 27.604905863830314 144.4330127018922
      vertex -20.517569497451642 20.168368935784788 150.0773740948728
      vertex -27.95410642549717 27.898798489976553 144.4330127018922
    endloop
  endfacet
  facet normal -0.15944489514699559 0.49072092888054397 0.8566039314468383
    outer loop
      vertex -27.95410642549717 27.898798489976553 144.4330127018922
      vertex -20.499286422930563 20.443978487409947 150.09125102185783
      vertex -27.674597928309698 27.989616305977222 144.4330127018922
    endloop
  endfacet
  facet normal -0.27998096330565264 0.8616928014882778 -0.42319756148839316
    outer loop
      vertex -25.202254248593736 25.14694631307312 155.5669872981078
      vertex -24.845491502812525 25.475528258147577 156
      vertex -24.922745751406264 25.23776412907379 155.5669872981078
    endloop
  endfacet
  facet normal -0.2799809633056546 0.8616928014882779 -0.4231975614883916
    outer loop
      vertex -25.202254248593736 25.14694631307312 155.5669872981078
      vertex -25.404508497187475 25.293892626146235 156
      vertex -24.845491502812525 25.475528258147577 156
    endloop
  endfacet
  facet normal -0.2799809633056546 0.8616928014882779 0.4231975614883916
    outer loop
      vertex -25.202254248593736 25.14694631307312 156.4330127018922
      vertex -24.845491502812525 25.475528258147577 156
      vertex -25.404508497187475 25.293892626146235 156
    endloop
  endfacet
  facet normal -0.27998096330565264 0.8616928014882778 0.42319756148839316
    outer loop
      vertex -25.202254248593736 25.14694631307312 156.4330127018922
      vertex -24.922745751406264 25.23776412907379 156.4330127018922
      vertex -24.845491502812525 25.475528258147577 156
    endloop
  endfacet
  facet normal -0.6742388694838634 -2.9709909266255516e-15 -0.7385133356122433
    outer loop
      vertex -26.09761301719706 26.042305081676442 131.5669872981078
      vertex -20.0878336184994 20.03252568297878 126.08025243195121
      vertex -20.08868732334043 19.73948676167357 126.08103183695195
    endloop
  endfacet
  facet normal -0.18130672788825844 0.5580047316008038 -0.8097892256220552
    outer loop
      vertex -25.818104520009587 26.13312289767711 131.5669872981078
      vertex -19.808325121311928 20.123343498979448 126.08025243195121
      vertex -20.0878336184994 20.03252568297878 126.08025243195121
    endloop
  endfacet
  facet normal -0.6177044160968974 -0.021029241519977395 0.7861291403678442
    outer loop
      vertex -27.95410642549717 27.604905863830314 144.4330127018922
      vertex -20.661930369904194 17.323991493216838 149.88785377182566
      vertex -20.517569497451642 20.168368935784788 150.0773740948728
    endloop
  endfacet
  facet normal -0.6045802656447764 -8.524878255696135e-14 0.7965442250075583
    outer loop
      vertex -27.95410642549717 27.898798489976553 144.4330127018922
      vertex -20.517569497451642 20.168368935784788 150.0773740948728
      vertex -20.499286422930563 20.443978487409947 150.09125102185783
    endloop
  endfacet
  facet normal -0.1594448951469954 0.49072092888054414 0.8566039314468382
    outer loop
      vertex -27.674597928309698 27.989616305977222 144.4330127018922
      vertex -20.499286422930563 20.443978487409947 150.09125102185783
      vertex -20.21977792574309 20.534796303410616 150.09125102185783
    endloop
  endfacet
  facet normal -0.20971386485046617 0.6454329093676751 -0.7344633785252052
    outer loop
      vertex -24.922745751406264 25.23776412907379 155.5669872981078
      vertex -20.21977792574309 20.534796303410616 150.09125102185783
      vertex -20.499286422930563 20.443978487409947 150.09125102185783
    endloop
  endfacet
  facet normal -0.20971386485046573 0.6454329093676759 -0.7344633785252046
    outer loop
      vertex -25.202254248593736 25.14694631307312 155.5669872981078
      vertex -24.922745751406264 25.23776412907379 155.5669872981078
      vertex -20.499286422930563 20.443978487409947 150.09125102185783
    endloop
  endfacet
  facet normal 0.004419531603365242 0.6073747312677662 0.7944031744384054
    outer loop
      vertex -27.674597928309698 27.989616305977222 144.4330127018922
      vertex -20.21977792574309 20.534796303410616 150.09125102185783
      vertex -15.957888487054289 20.52250404452001 150.0769389596836
    endloop
  endfacet
  facet normal 2.316418010171146e-16 0.7586073001267998 -0.6515481288395568
    outer loop
      vertex -24.922745751406264 25.23776412907379 155.5669872981078
      vertex -15.957888487054289 20.52250404452001 150.0769389596836
      vertex -20.21977792574309 20.534796303410616 150.09125102185783
    endloop
  endfacet
  facet normal 0 0 1
    outer loop
      vertex -25.202254248593736 25.14694631307312 156.4330127018922
      vertex 0 5.226251859505506 156.4330127018922
      vertex -24.922745751406264 25.23776412907379 156.4330127018922
    endloop
  endfacet
  facet normal 0 0 1
    outer loop
      vertex -25.202254248593736 25.14694631307312 156.4330127018922
      vertex -3.6955181300451474 3.6955181300451474 156.4330127018922
      vertex 0 5.226251859505506 156.4330127018922
    endloop
  endfacet
  facet normal 0 0 1
    outer loop
      vertex -24.922745751406264 25.23776412907379 156.4330127018922
      vertex 0 5.226251859505506 156.4330127018922
      vertex -5.5 10.25 156.4330127018922
    endloop
  endfacet
  facet normal -0.05472750484934546 0.49129682608668307 0.8692711480833333
    outer loop
      vertex -26.669151348232067 28.594803999001353 84.63668931222708
      vertex -19.632173295054216 19.94719167272174 89.96720183398291
      vertex 21.541688186221375 24.16856586106811 90.17357583341855
    endloop
  endfacet
  facet normal -0.022477657342151278 0.8780165211408267 0.4781022312478461
    outer loop
      vertex -28.365352333043088 28.99538908837814 84
      vertex -28.442606581636827 28.75762495930435 84.43301270189222
      vertex 30.095725337957116 30.25623521843717 84.43301270189222
    endloop
  endfacet
  facet normal 0.018599498561098837 0.8749961828640772 -0.4837724037464002
    outer loop
      vertex -30.008208041068272 30.323226418735793 95.56698729810778
      vertex -29.930953792474533 30.56099054780958 96
      vertex 28.910305578359182 29.070815458839235 95.56698729810778
    endloop
  endfacet
  facet normal 0.018599498561098837 0.8749961828640772 0.4837724037464002
    outer loop
      vertex -29.930953792474533 30.56099054780958 96
      vertex -30.008208041068272 30.323226418735793 96.43301270189222
      vertex 28.910305578359182 29.070815458839235 96.43301270189222
    endloop
  endfacet
  facet normal 0.014496591554203839 0.6819787228564187 0.7312283298699789
    outer loop
      vertex -30.008208041068272 30.323226418735793 96.43301270189222
      vertex -26.2245036295201 29.780195999263672 96.86445711075946
      vertex 28.910305578359182 29.070815458839235 96.43301270189222
    endloop
  endfacet
  facet normal -0.00048145079835781087 0.6790346305709116 0.734106081360558
    outer loop
      vertex -28.877409983317328 29.192428360984852 110.43000500838536
      vertex -24.923612412319844 25.238630789987365 114.08978811083863
      vertex 21.87050771869824 25.23472081891915 114.12409387794071
    endloop
  endfacet
  facet normal 0.0383125583533586 0.5081850015223452 -0.8603953463961519
    outer loop
      vertex -31.034833827757872 31.3498522054254 107.56698729810778
      vertex 26.827076955668456 26.98758683614851 107.56698729810778
      vertex -20.802121425559466 21.11713980322699 101.97877764913
    endloop
  endfacet
  facet normal -0.04684483234619059 0.49688902996789824 0.8665488177708273
    outer loop
      vertex -25.27179469483893 28.74828017455038 120.83926468686093
      vertex -19.808325121311928 20.123343498979448 126.08025243195121
      vertex 20.78757153259737 23.863409619024722 126.13023247393197
    endloop
  endfacet
  facet normal 0.06556631683776146 0.8696839953808893 -0.4892349193124542
    outer loop
      vertex -31.034833827757872 31.3498522054254 107.56698729810778
      vertex -30.957579579164133 31.587616334499188 108
      vertex 26.827076955668456 26.98758683614851 107.56698729810778
    endloop
  endfacet
  facet normal 0.009518788397740745 0.8757943449494147 -0.48259056976081166
    outer loop
      vertex -28.808332755422196 29.12335113308972 119.56698729810778
      vertex -28.731078506828457 29.36111526216351 120
      vertex 28.341692011558163 28.502201892038215 119.56698729810778
    endloop
  endfacet
  facet normal 0.009518788397740745 0.8757943449494147 0.48259056976081166
    outer loop
      vertex -28.808332755422196 29.12335113308972 120.43301270189222
      vertex 28.341692011558163 28.502201892038215 120.43301270189222
      vertex -28.731078506828457 29.36111526216351 120
    endloop
  endfacet
  facet normal 0.00836863032030503 0.7699718496983206 0.6380229750555295
    outer loop
      vertex -28.808332755422196 29.12335113308972 120.43301270189222
      vertex -25.27179469483893 28.74828017455038 120.83926468686093
      vertex 28.341692011558163 28.502201892038215 120.43301270189222
    endloop
  endfacet
  facet normal -0.05472750484934508 0.49129682608667913 0.8692711480833355
    outer loop
      vertex -19.632173295054216 19.94719167272174 89.96720183398291
      vertex -14.05802161760849 20.20297278683025 90.17357583341855
      vertex 21.541688186221375 24.16856586106811 90.17357583341855
    endloop
  endfacet
  facet normal 0.010263525082350254 0.482838031374072 -0.8756495277859143
    outer loop
      vertex -19.632173295054216 19.94719167272174 89.96720183398291
      vertex 28.910305578359182 29.070815458839235 95.56698729810778
      vertex -14.05802161760849 20.20297278683025 90.17357583341855
    endloop
  endfacet
  facet normal 0.038312558353358145 0.5081850015223476 -0.8603953463961507
    outer loop
      vertex -20.802121425559466 21.11713980322699 101.97877764913
      vertex 26.827076955668456 26.98758683614851 107.56698729810778
      vertex -15.138401987519714 21.056945342165925 102.1954241709432
    endloop
  endfacet
  facet normal -0.04684483234619764 0.4968890299679753 0.8665488177707827
    outer loop
      vertex -19.808325121311928 20.123343498979448 126.08025243195121
      vertex -14.657571194664406 20.521774629311547 126.13023247393197
      vertex 20.78757153259737 23.863409619024722 126.13023247393197
    endloop
  endfacet
  facet normal 0.010263525082349895 0.48283803137407333 -0.8756495277859135
    outer loop
      vertex -30.008208041068272 30.323226418735793 95.56698729810778
      vertex 28.910305578359182 29.070815458839235 95.56698729810778
      vertex -19.632173295054216 19.94719167272174 89.96720183398291
    endloop
  endfacet
  facet normal -0.027953685828400847 0.49514755586095593 0.8683590785922196
    outer loop
      vertex -26.2245036295201 29.780195999263672 96.86445711075946
      vertex -15.138401987519714 21.056945342165925 102.1954241709432
      vertex 20.52729838454178 23.070461861129523 102.1954241709432
    endloop
  endfacet
  facet normal -0.017898550427499833 0.6991486141372506 0.714752304817939
    outer loop
      vertex -26.669151348232067 28.594803999001353 84.63668931222708
      vertex 21.541688186221375 24.16856586106811 90.17357583341855
      vertex 4.60267841041671 29.510088190265048 84.52448365520746
    endloop
  endfacet
  facet normal -0.00048145079835785576 0.6790346305708578 0.734106081360608
    outer loop
      vertex -24.923612412319844 25.238630789987365 114.08978811083863
      vertex -19.641501410422077 25.20528787244359 114.1240938779407
      vertex 21.87050771869824 25.23472081891915 114.12409387794071
    endloop
  endfacet
  facet normal 0.008897213088867014 0.8186051189969832 -0.574287818738293
    outer loop
      vertex -19.641501410422077 25.20528787244359 114.1240938779407
      vertex -28.808332755422196 29.12335113308972 119.56698729810778
      vertex 27.628905973475995 28.453226529742977 119.48613360413736
    endloop
  endfacet
  facet normal -0.0004814507983577305 0.6790346305709123 0.7341060813605574
    outer loop
      vertex -28.877409983317328 29.192428360984852 110.43000500838536
      vertex 21.87050771869824 25.23472081891915 114.12409387794071
      vertex -12.420786204620608 29.198323767598055 110.43534465820491
    endloop
  endfacet
  facet normal 0.07044630062860988 0.9344130209737189 0.34915558847383754
    outer loop
      vertex -30.957579579164133 31.587616334499188 108
      vertex -12.343531956026872 29.436087896671843 110.00233195631269
      vertex 26.904331204262196 27.225350965222297 108
    endloop
  endfacet
  facet normal 0 0 1
    outer loop
      vertex -24.922745751406264 25.23776412907379 156.4330127018922
      vertex -5.5 10.25 156.4330127018922
      vertex -5.5 13.75 156.4330127018922
    endloop
  endfacet
  facet normal 0.004419531603366 0.6073747312677669 0.7944031744384048
    outer loop
      vertex -27.674597928309698 27.989616305977222 144.4330127018922
      vertex -15.957888487054289 20.52250404452001 150.0769389596836
      vertex 16.829516313793587 20.283928146890517 150.07693895968356
    endloop
  endfacet
  facet normal 0.12145761760606004 0.9775822121678007 0.1719914694936042
    outer loop
      vertex -24.866533796232197 26.184863437730435 132.43991109433074
      vertex -22.866957407977115 24.998589629490564 137.77050331530805
      vertex 15.226842160057007 20.265706723574915 137.77050331530808
    endloop
  endfacet
  facet normal 0.015956572643302254 0.8938833192688223 -0.44801562397134287
    outer loop
      vertex -24.535478035275503 25.16551479061056 138
      vertex -27.59734367971596 28.22738043505101 144
      vertex 26.93294887013867 27.253968631098772 144
    endloop
  endfacet
  facet normal 0.01562423520434456 0.875265856753932 0.48338965987605137
    outer loop
      vertex -27.674597928309698 27.989616305977222 144.4330127018922
      vertex 26.93294887013867 27.253968631098772 144
      vertex -27.59734367971596 28.22738043505101 144
    endloop
  endfacet
  facet normal 0 0.8765515079563075 -0.4813080654835563
    outer loop
      vertex -24.922745751406264 25.23776412907379 155.5669872981078
      vertex -24.845491502812525 25.475528258147577 156
      vertex 25.077254248593736 25.23776412907379 155.5669872981078
    endloop
  endfacet
  facet normal 0 0.8765515079563075 0.4813080654835563
    outer loop
      vertex -24.922745751406264 25.23776412907379 156.4330127018922
      vertex 25.077254248593736 25.23776412907379 156.4330127018922
      vertex -24.845491502812525 25.475528258147577 156
    endloop
  endfacet
  facet normal -0.042907337068132725 0.6498772870466752 -0.7588270370819523
    outer loop
      vertex -19.808325121311928 20.123343498979448 126.08025243195121
      vertex 29.633752706975937 29.79426258745599 131.5669872981078
      vertex -14.657571194664406 20.521774629311547 126.13023247393197
    endloop
  endfacet
  facet normal 0 0.7586073001267996 -0.6515481288395569
    outer loop
      vertex -24.922745751406264 25.23776412907379 155.5669872981078
      vertex 25.077254248593736 25.23776412907379 155.5669872981078
      vertex -15.957888487054289 20.52250404452001 150.0769389596836
    endloop
  endfacet
  facet normal 0 0 1
    outer loop
      vertex -24.922745751406264 25.23776412907379 156.4330127018922
      vertex -5.5 13.75 156.4330127018922
      vertex 25.077254248593736 25.23776412907379 156.4330127018922
    endloop
  endfacet
  facet normal -0.058061741748929564 0.8794068750777995 -0.4725170708143573
    outer loop
      vertex -25.818104520009587 26.13312289767711 131.5669872981078
      vertex -25.740850271415848 26.3708870267509 132
      vertex 29.711006955569676 30.032026716529778 132
    endloop
  endfacet
  facet normal -0.034861475132828904 0.5280141446623988 0.8485197349431529
    outer loop
      vertex -24.866533796232197 26.184863437730435 132.43991109433074
      vertex 28.95059680079716 29.111106681277214 132.83005727842067
      vertex -24.91841918345863 26.192523499544706 132.4330127018922
    endloop
  endfacet
  facet normal -0.058061741748929606 0.8794068750778005 0.47251707081435534
    outer loop
      vertex -25.740850271415848 26.3708870267509 132
      vertex -24.91841918345863 26.192523499544706 132.4330127018922
      vertex 29.633752706975937 29.79426258745599 132.4330127018922
    endloop
  endfacet
  facet normal -0.04290733706813655 0.6498772870466885 -0.7588270370819411
    outer loop
      vertex -25.818104520009587 26.13312289767711 131.5669872981078
      vertex 29.633752706975937 29.79426258745599 131.5669872981078
      vertex -19.808325121311928 20.123343498979448 126.08025243195121
    endloop
  endfacet
  facet normal 0.020934837779303845 0.8747789394812565 -0.4840697672931066
    outer loop
      vertex -24.535478035275503 25.16551479061056 138
      vertex 26.93294887013867 27.253968631098772 144
      vertex -22.866957407977115 24.998589629490564 137.77050331530805
    endloop
  endfacet
  facet normal 0.04353001235113109 -0.6508500027089358 0.7579573945799912
    outer loop
      vertex -30.13503131628406 -30.450049693951584 12.433012701892219
      vertex 25.771498790594638 -26.710920960860623 12.433012701892219
      vertex 21.97057831818288 -26.424759160525664 12.897026281214632
    endloop
  endfacet
  facet normal 0.05823027828286589 -0.8706447513139879 0.4884536331121964
    outer loop
      vertex -30.05777706769032 -30.687813823025373 12
      vertex 26.57883606998146 -26.899855830941558 12
      vertex 25.771498790594638 -26.710920960860623 12.433012701892219
    endloop
  endfacet
  facet normal 0.058230278282865915 -0.8706447513139883 -0.48845363311219564
    outer loop
      vertex -30.13503131628406 -30.450049693951584 11.566987298107781
      vertex 26.50158182138772 -26.66209170186777 11.566987298107781
      vertex 26.57883606998146 -26.899855830941558 12
    endloop
  endfacet
  facet normal -0.043881436586225425 -0.6902926441157097 -0.722198369565365
    outer loop
      vertex -27.006850298779735 -27.32186867644726 23.56698729810778
      vertex 21.108215396831277 -24.474716033073488 17.922102315865278
      vertex 24.2736948313503 -24.594714592310403 17.844462065363373
    endloop
  endfacet
  facet normal 0 0 -1
    outer loop
      vertex -24.922745751406264 -25.23776412907379 -0.4330127018922193
      vertex 3.6955181300451474 -3.6955181300451474 -0.4330127018922193
      vertex 25.077254248593736 -25.23776412907379 -0.4330127018922193
    endloop
  endfacet
  facet normal 0 -0.876551507956312 -0.4813080654835482
    outer loop
      vertex -24.922745751406264 -25.23776412907379 -0.4330127018922193
      vertex 25.077254248593736 -25.23776412907379 -0.4330127018922193
      vertex 25.154508497187475 -25.475528258147577 0
    endloop
  endfacet
  facet normal 0.04352226095893604 -0.6507341058056583 -0.7580573437031874
    outer loop
      vertex -16.62178167633928 -27.660440741353522 9.948156585264082
      vertex 16.95174998151179 -20.72968559521693 5.926188099926335
      vertex 26.50158182138772 -26.66209170186777 11.566987298107781
    endloop
  endfacet
  facet normal 0.008439293650653549 -0.8758843030083353 0.4824473712917098
    outer loop
      vertex -18.089420032751143 -22.62797676013436 5.926188099926336
      vertex 25.154508497187475 -25.475528258147577 0
      vertex 25.077254248593736 -25.23776412907379 0.4330127018922193
    endloop
  endfacet
  facet normal -0.026613526091569275 -0.9334664287477155 0.35767603586200697
    outer loop
      vertex -19.191825599866885 -23.325744672640337 17.922102315865278
      vertex 21.97057831818288 -26.424759160525664 12.897026281214632
      vertex 21.108215396831277 -24.474716033073488 17.922102315865278
    endloop
  endfacet
  facet normal -0.04388143658622486 -0.6902926441157178 -0.722198369565357
    outer loop
      vertex -27.006850298779735 -27.32186867644726 23.56698729810778
      vertex 30.382591642517312 -30.543101522997365 23.15887530183483
      vertex 30.838551896416437 -30.99906177689649 23.56698729810778
    endloop
  endfacet
  facet normal -0.05590000000057567 -0.8793549575489341 -0.47287424188048965
    outer loop
      vertex -27.006850298779735 -27.32186867644726 23.56698729810778
      vertex 30.838551896416437 -30.99906177689649 23.56698729810778
      vertex 30.915806145010176 -31.236825905970278 24
    endloop
  endfacet
  facet normal -0.05590000000057567 -0.8793549575489341 0.47287424188048965
    outer loop
      vertex -27.006850298779735 -27.32186867644726 24.43301270189222
      vertex 30.915806145010176 -31.236825905970278 24
      vertex 30.838551896416437 -30.99906177689649 24.43301270189222
    endloop
  endfacet
  facet normal -0.04388143658622473 -0.6902926441157152 -0.7221983695653594
    outer loop
      vertex -27.006850298779735 -27.32186867644726 23.56698729810778
      vertex 24.2736948313503 -24.594714592310403 17.844462065363373
      vertex 30.382591642517312 -30.543101522997365 23.15887530183483
    endloop
  endfacet
  facet normal -0.033983518878014714 -0.6541056268611383 0.7556394307824764
    outer loop
      vertex -17.16713625008694 -22.093098637337604 29.983329720793126
      vertex 30.838551896416437 -30.99906177689649 24.43301270189222
      vertex 19.939830194345518 -24.020960503809413 29.98332972079313
    endloop
  endfacet
  facet normal 0.03309287489973417 -0.873568755814473 0.4855743923392419
    outer loop
      vertex -28.09594268453264 -28.725979439867693 36
      vertex 26.34269385636193 -26.663713617322035 36
      vertex 26.26543960776819 -26.425949488248246 36.43301270189222
    endloop
  endfacet
  facet normal 0.024950431873671124 -0.8743939327324938 -0.48457478922238645
    outer loop
      vertex -16.572862957522492 -27.656071010174244 34.66271288104041
      vertex 19.939830194345518 -24.020960503809413 29.98332972079313
      vertex 22.64904930640772 -24.014348870431327 30.1108951991258
    endloop
  endfacet
  facet normal 0.007144908243763118 -0.7748728598411738 0.6320767369297406
    outer loop
      vertex -17.79951884624936 -22.332067513106665 41.94987151841435
      vertex 26.26543960776819 -26.425949488248246 36.43301270189222
      vertex 18.269331864934774 -21.999485689499856 41.94987151841435
    endloop
  endfacet
  facet normal 0.03421635054565435 -0.9032256902805152 -0.4277997122166207
    outer loop
      vertex -16.572862957522492 -27.656071010174244 34.66271288104041
      vertex 23.681191147478824 -24.002210908438926 30.16782092219737
      vertex 26.34269385636193 -26.663713617322035 36
    endloop
  endfacet
  facet normal 0.03421635054565512 -0.9032256902805179 -0.4277997122166153
    outer loop
      vertex -16.572862957522492 -27.656071010174244 34.66271288104041
      vertex 22.64904930640772 -24.014348870431327 30.1108951991258
      vertex 23.681191147478824 -24.002210908438926 30.16782092219737
    endloop
  endfacet
  facet normal 0.04021797936376026 -0.7423966768432714 0.6687523370785057
    outer loop
      vertex -18.089420032751143 -22.62797676013436 5.926188099926336
      vertex 25.077254248593736 -25.23776412907379 0.4330127018922193
      vertex 16.95174998151179 -20.72968559521693 5.926188099926335
    endloop
  endfacet
  facet normal -0.027862239829412643 -0.548827224642129 -0.8354713478529987
    outer loop
      vertex -27.89185825147418 -28.206876629141703 47.56698729810778
      vertex 18.269331864934774 -21.999485689499856 41.94987151841435
      vertex 21.88126658869747 -22.041776469177524 41.8571977714544
    endloop
  endfacet
  facet normal -0.018458859308722642 -0.5291479190733709 -0.8483287984345115
    outer loop
      vertex -27.217209554896872 -27.532227932564396 59.56698729810778
      vertex 20.153574891736 -20.314084772216052 54.033901439207064
      vertex 29.010915616325818 -29.171425496805867 59.3659696361175
    endloop
  endfacet
  facet normal -0.011597679953486383 -0.7049014316403232 -0.7092104521868804
    outer loop
      vertex -27.096991259696328 -27.41200963736385 71.56698729810778
      vertex 18.20272106207168 -22.59014193157286 66.03363256202853
      vertex 22.504907335539894 -22.665417216019947 66.03809707078493
    endloop
  endfacet
  facet normal -0.011597679953486083 -0.7049014316403244 -0.7092104521868792
    outer loop
      vertex -27.096991259696328 -27.41200963736385 71.56698729810778
      vertex 22.504907335539894 -22.665417216019947 66.03809707078493
      vertex 28.060256588352868 -28.22076646883292 71.46884681090722
    endloop
  endfacet
  facet normal 0.00407341916896284 -0.7875189006555822 -0.6162770386494187
    outer loop
      vertex -28.117353348862125 -28.43237172652965 83.56698729810778
      vertex 20.552325373455943 -23.73711926361501 77.88878117297114
      vertex 23.65397006644431 -23.814479946924365 78.00813869338546
    endloop
  endfacet
  facet normal -0.01845885930872222 -0.5291479190733732 -0.8483287984345101
    outer loop
      vertex -27.217209554896872 -27.532227932564396 59.56698729810778
      vertex 15.013884873262768 -20.28716313834712 54.12894393752897
      vertex 20.153574891736 -20.314084772216052 54.033901439207064
    endloop
  endfacet
  facet normal -0.03100204481693345 -0.6106747454361817 0.7912744331163641
    outer loop
      vertex -27.89185825147418 -28.206876629141703 48.43301270189222
      vertex 31.038053879315417 -31.19856375979547 48.43301270189222
      vertex 21.980723015108182 -29.372284105868093 49.48759888648175
    endloop
  endfacet
  facet normal -0.04462488255940378 -0.879015850664103 -0.47469964623730493
    outer loop
      vertex -27.81460400288044 -28.444640758215492 48
      vertex 31.038053879315417 -31.19856375979547 47.56698729810778
      vertex 31.115308127909156 -31.436327888869258 48
    endloop
  endfacet
  facet normal -0.044624882559403764 -0.8790158506641027 0.47469964623730576
    outer loop
      vertex -27.89185825147418 -28.206876629141703 48.43301270189222
      vertex 31.115308127909156 -31.436327888869258 48
      vertex 31.038053879315417 -31.19856375979547 48.43301270189222
    endloop
  endfacet
  facet normal -0.01845885930872276 -0.5291479190733754 -0.8483287984345087
    outer loop
      vertex -27.217209554896872 -27.532227932564396 59.56698729810778
      vertex 29.010915616325818 -29.171425496805867 59.3659696361175
      vertex 29.344835187148266 -29.505345067628316 59.56698729810778
    endloop
  endfacet
  facet normal -0.03064347791953503 -0.8784363271369916 -0.47687587108918317
    outer loop
      vertex -27.217209554896872 -27.532227932564396 59.56698729810778
      vertex 29.344835187148266 -29.505345067628316 59.56698729810778
      vertex 29.422089435742006 -29.743109196702104 60
    endloop
  endfacet
  facet normal -0.03064347791953503 -0.8784363271369916 0.47687587108918317
    outer loop
      vertex -27.217209554896872 -27.532227932564396 60.43301270189222
      vertex 29.422089435742006 -29.743109196702104 60
      vertex 29.344835187148266 -29.505345067628316 60.43301270189222
    endloop
  endfacet
  facet normal -0.02786223982941271 -0.5488272246421277 -0.8354713478529995
    outer loop
      vertex -27.89185825147418 -28.206876629141703 47.56698729810778
      vertex 21.88126658869747 -22.041776469177524 41.8571977714544
      vertex 31.038053879315417 -31.19856375979547 47.56698729810778
    endloop
  endfacet
  facet normal 0.014209214110791684 -0.44623475988635775 0.8948031276786635
    outer loop
      vertex -17.881545613650317 -21.334634687121703 54.12894393752897
      vertex 21.980723015108182 -29.372284105868093 49.48759888648175
      vertex 29.130880715699078 -29.29139059617913 49.41439772770716
    endloop
  endfacet
  facet normal 0.014209214110791837 -0.446234759886357 0.8948031276786638
    outer loop
      vertex -17.881545613650317 -21.334634687121703 54.12894393752897
      vertex 29.130880715699078 -29.29139059617913 49.41439772770716
      vertex 15.013884873262768 -20.28716313834712 54.12894393752897
    endloop
  endfacet
  facet normal -0.014438163599225519 -0.8775446668790129 -0.47927747397941045
    outer loop
      vertex -27.01973701110259 -27.64977376643764 72
      vertex 28.160648745666304 -28.321158626146357 71.56698729810778
      vertex 28.237902994260043 -28.558922755220145 72
    endloop
  endfacet
  facet normal -0.014438163599225519 -0.8775446668790129 0.47927747397941045
    outer loop
      vertex -27.01973701110259 -27.64977376643764 72
      vertex 28.237902994260043 -28.558922755220145 72
      vertex 28.160648745666304 -28.321158626146357 72.43301270189222
    endloop
  endfacet
  facet normal -0.011597679953486342 -0.7049014316403444 -0.7092104521868594
    outer loop
      vertex -27.096991259696328 -27.41200963736385 71.56698729810778
      vertex 28.060256588352868 -28.22076646883292 71.46884681090722
      vertex 28.160648745666304 -28.321158626146357 71.56698729810778
    endloop
  endfacet
  facet normal 0.004532125598219204 -0.8762011520779186 -0.48192426887934364
    outer loop
      vertex -28.117353348862125 -28.43237172652965 83.56698729810778
      vertex 27.981691130208507 -28.142201010688563 83.56698729810778
      vertex 28.058945378802246 -28.37996513976235 84
    endloop
  endfacet
  facet normal 0.004532125598219205 -0.8762011520779188 0.48192426887934353
    outer loop
      vertex -28.040099100268385 -28.670135855603437 84
      vertex 28.058945378802246 -28.37996513976235 84
      vertex 27.981691130208507 -28.142201010688563 84.43301270189222
    endloop
  endfacet
  facet normal -0.012011053831522006 -0.6409449340475307 0.7674928834228123
    outer loop
      vertex -17.705913136051404 -21.917228369956185 66.03363256202853
      vertex 29.344835187148266 -29.505345067628316 60.43301270189222
      vertex 18.20272106207168 -22.59014193157286 66.03363256202853
    endloop
  endfacet
  facet normal 0.004073419168964116 -0.7875189006555879 -0.6162770386494114
    outer loop
      vertex -28.117353348862125 -28.43237172652965 83.56698729810778
      vertex 23.65397006644431 -23.814479946924365 78.00813869338546
      vertex 27.981691130208507 -28.142201010688563 83.56698729810778
    endloop
  endfacet
  facet normal -0.043145580765875435 -0.7937298866392178 0.606738268049799
    outer loop
      vertex -16.323008064429654 -21.732649350242518 77.88878117297112
      vertex 28.160648745666304 -28.321158626146357 72.43301270189222
      vertex 20.552325373455943 -23.73711926361501 77.88878117297114
    endloop
  endfacet
  facet normal 0 0 -1
    outer loop
      vertex 3.6955181300451474 -3.6955181300451474 -0.4330127018922193
      vertex 5.226251859505506 0 -0.4330127018922193
      vertex 25.077254248593736 -25.23776412907379 -0.4330127018922193
    endloop
  endfacet
  facet normal 0.5195581858100008 -0.37748111776427945 0.7665293844917173
    outer loop
      vertex 20.36533352455986 -20.525843405039907 5.947188896960483
      vertex 25.077254248593736 -25.23776412907379 0.4330127018922193
      vertex 25.25 -25 0.4330127018922193
    endloop
  endfacet
  facet normal -0.026613526091569962 -0.9334664287477156 0.35767603586200686
    outer loop
      vertex 21.108215396831277 -24.474716033073488 17.922102315865278
      vertex 21.97057831818288 -26.424759160525664 12.897026281214632
      vertex 24.2736948313503 -24.594714592310403 17.844462065363373
    endloop
  endfacet
  facet normal 0 0 -1
    outer loop
      vertex 5.226251859505506 0 -0.4330127018922193
      vertex 25.25 -25 -0.4330127018922193
      vertex 25.077254248593736 -25.23776412907379 -0.4330127018922193
    endloop
  endfacet
  facet normal 0.040217979363760335 -0.7423966768432715 0.6687523370785059
    outer loop
      vertex 16.95174998151179 -20.72968559521693 5.926188099926335
      vertex 25.077254248593736 -25.23776412907379 0.4330127018922193
      vertex 20.36533352455986 -20.525843405039907 5.947188896960483
    endloop
  endfacet
  facet normal 0.04352226095893637 -0.6507341058056579 -0.7580573437031878
    outer loop
      vertex 16.95174998151179 -20.72968559521693 5.926188099926335
      vertex 20.36533352455986 -20.525843405039907 5.947188896960483
      vertex 26.50158182138772 -26.66209170186777 11.566987298107781
    endloop
  endfacet
  facet normal 0.5195581858099984 -0.37748111776428045 0.7665293844917185
    outer loop
      vertex 20.36533352455986 -20.525843405039907 5.947188896960483
      vertex 25.25 -25 0.4330127018922193
      vertex 20.538079275966123 -20.28807927596612 5.947188896960484
    endloop
  endfacet
  facet normal 0.44359633534762055 -0.32229160289737296 -0.8362717345265254
    outer loop
      vertex 20.36533352455986 -20.525843405039907 5.947188896960483
      vertex 20.538079275966123 -20.28807927596612 5.947188896960484
      vertex 26.674327572793985 -26.42432757279398 11.566987298107781
    endloop
  endfacet
  facet normal 0.7602446214928434 -1.364160033072613e-15 0.6496369105055555
    outer loop
      vertex 20.538079275966123 -20.28807927596612 5.947188896960484
      vertex 25.25 -25 0.4330127018922193
      vertex 20.575550843191127 -19.259590051094982 5.9033373900940616
    endloop
  endfacet
  facet normal 0.7602446214928444 2.872365339609823e-16 0.6496369105055545
    outer loop
      vertex 20.575550843191127 -19.259590051094982 5.9033373900940616
      vertex 25.25 -25 0.4330127018922193
      vertex 20.655165463144407 -17.074392451205924 5.81016751992062
    endloop
  endfacet
  facet normal 0.007144908243763451 -0.7748728598411736 0.6320767369297412
    outer loop
      vertex 26.26543960776819 -26.425949488248246 36.43301270189222
      vertex 21.88126658869747 -22.041776469177524 41.8571977714544
      vertex 18.269331864934774 -21.999485689499856 41.94987151841435
    endloop
  endfacet
  facet normal 0.5364194056086035 -0.3897315110220096 0.7485743587667252
    outer loop
      vertex 26.438185359174454 -26.188185359174458 36.43301270189222
      vertex 22.054012340103736 -21.804012340103736 41.8571977714544
      vertex 21.88126658869747 -22.041776469177524 41.8571977714544
    endloop
  endfacet
  facet normal 0.7329996781371365 -0.5325554391808743 -0.4231975614883908
    outer loop
      vertex 25.154508497187475 -25.475528258147577 0
      vertex 25.077254248593736 -25.23776412907379 -0.4330127018922193
      vertex 25.25 -25 -0.4330127018922193
    endloop
  endfacet
  facet normal 0.7329996781371404 -0.5325554391808718 -0.42319756148838705
    outer loop
      vertex 25.154508497187475 -25.475528258147577 0
      vertex 25.25 -25 -0.4330127018922193
      vertex 25.5 -25 0
    endloop
  endfacet
  facet normal 0.7329996781371404 -0.5325554391808718 0.42319756148838705
    outer loop
      vertex 25.154508497187475 -25.475528258147577 0
      vertex 25.5 -25 0
      vertex 25.25 -25 0.4330127018922193
    endloop
  endfacet
  facet normal 0.7329996781371365 -0.5325554391808743 0.4231975614883908
    outer loop
      vertex 25.154508497187475 -25.475528258147577 0
      vertex 25.25 -25 0.4330127018922193
      vertex 25.077254248593736 -25.23776412907379 0.4330127018922193
    endloop
  endfacet
  facet normal 0.4435963353476197 -0.3222916028973744 -0.8362717345265251
    outer loop
      vertex 20.36533352455986 -20.525843405039907 5.947188896960483
      vertex 26.674327572793985 -26.42432757279398 11.566987298107781
      vertex 26.50158182138772 -26.66209170186777 11.566987298107781
    endloop
  endfacet
  facet normal -0.02661352609156911 -0.9334664287477156 0.35767603586200647
    outer loop
      vertex 21.97057831818288 -26.424759160525664 12.897026281214632
      vertex 25.771498790594638 -26.710920960860623 12.433012701892219
      vertex 24.2736948313503 -24.594714592310403 17.844462065363373
    endloop
  endfacet
  facet normal -0.026613526091570455 -0.9334664287477157 0.35767603586200597
    outer loop
      vertex 24.2736948313503 -24.594714592310403 17.844462065363373
      vertex 25.771498790594638 -26.710920960860623 12.433012701892219
      vertex 26.57883606998146 -26.899855830941558 12
    endloop
  endfacet
  facet normal 0.5100752031640954 -0.7123054049743512 0.48212477343674465
    outer loop
      vertex 24.2736948313503 -24.594714592310403 17.844462065363373
      vertex 26.57883606998146 -26.899855830941558 12
      vertex 24.387545575958615 -24.548055456438668 17.792946589739596
    endloop
  endfacet
  facet normal 0.7085983400559062 -0.5148268293246236 0.482536763653889
    outer loop
      vertex 24.387545575958615 -24.548055456438668 17.792946589739596
      vertex 26.50158182138772 -26.66209170186777 12.433012701892219
      vertex 24.56029132736488 -24.31029132736488 17.792946589739596
    endloop
  endfacet
  facet normal 0.8036190964226512 -0.37273108780968484 0.46396970164553913
    outer loop
      vertex 24.56029132736488 -24.31029132736488 17.792946589739596
      vertex 26.674327572793985 -26.42432757279398 12.433012701892219
      vertex 24.59528643533121 -24.18998424242686 17.828982247968455
    endloop
  endfacet
  facet normal 0.8036190964226625 -0.37273108780966435 0.46396970164553597
    outer loop
      vertex 24.59528643533121 -24.18998424242686 17.828982247968455
      vertex 26.924327572793985 -26.42432757279398 12
      vertex 24.61662521955255 -24.11662521955255 17.850955523089066
    endloop
  endfacet
  facet normal 0.9314530327276347 0.009213061133608876 0.3637449206889911
    outer loop
      vertex 24.61662521955255 -24.11662521955255 17.850955523089066
      vertex 26.7378902942161 -26.13442878727882 12.470073129784108
      vertex 24.60379145735181 -22.816033101097304 17.850877479458983
    endloop
  endfacet
  facet normal 0.5100752031641052 -0.7123054049743444 0.4821247734367444
    outer loop
      vertex 24.387545575958615 -24.548055456438668 17.792946589739596
      vertex 26.57883606998146 -26.899855830941558 12
      vertex 26.50158182138772 -26.66209170186777 12.433012701892219
    endloop
  endfacet
  facet normal 0.708598340055906 -0.5148268293246243 0.48253676365388865
    outer loop
      vertex 24.56029132736488 -24.31029132736488 17.792946589739596
      vertex 26.50158182138772 -26.66209170186777 12.433012701892219
      vertex 26.674327572793985 -26.42432757279398 12.433012701892219
    endloop
  endfacet
  facet normal 0.8036190964226478 -0.37273108780969105 0.46396970164553997
    outer loop
      vertex 24.59528643533121 -24.18998424242686 17.828982247968455
      vertex 26.674327572793985 -26.42432757279398 12.433012701892219
      vertex 26.924327572793985 -26.42432757279398 12
    endloop
  endfacet
  facet normal 0.9314530327276352 0.00921306113361507 0.3637449206889892
    outer loop
      vertex 24.61662521955255 -24.11662521955255 17.850955523089066
      vertex 26.924327572793985 -26.42432757279398 12
      vertex 26.7378902942161 -26.13442878727882 12.470073129784108
    endloop
  endfacet
  facet normal 0.7329996781371363 -0.5325554391808741 -0.42319756148839127
    outer loop
      vertex 26.50158182138772 -26.66209170186777 11.566987298107781
      vertex 26.674327572793985 -26.42432757279398 11.566987298107781
      vertex 26.57883606998146 -26.899855830941558 12
    endloop
  endfacet
  facet normal 0.7329996781371403 -0.5325554391808717 -0.42319756148838755
    outer loop
      vertex 26.57883606998146 -26.899855830941558 12
      vertex 26.674327572793985 -26.42432757279398 11.566987298107781
      vertex 26.924327572793985 -26.42432757279398 12
    endloop
  endfacet
  facet normal 0.7329996781371363 -0.5325554391808741 0.42319756148839127
    outer loop
      vertex 26.50158182138772 -26.66209170186777 12.433012701892219
      vertex 26.57883606998146 -26.899855830941558 12
      vertex 26.674327572793985 -26.42432757279398 12.433012701892219
    endloop
  endfacet
  facet normal 0.7329996781371403 -0.5325554391808717 0.42319756148838755
    outer loop
      vertex 26.57883606998146 -26.899855830941558 12
      vertex 26.924327572793985 -26.42432757279398 12
      vertex 26.674327572793985 -26.42432757279398 12.433012701892219
    endloop
  endfacet
  facet normal -0.04388143658620722 -0.690292644115706 -0.7221983695653693
    outer loop
      vertex 24.2736948313503 -24.594714592310403 17.844462065363373
      vertex 24.387545575958615 -24.548055456438668 17.792946589739596
      vertex 30.382591642517312 -30.543101522997365 23.15887530183483
    endloop
  endfacet
  facet normal 0.43648651612581857 -0.317126016866307 -0.8419682955235644
    outer loop
      vertex 24.387545575958615 -24.548055456438668 17.792946589739596
      vertex 24.56029132736488 -24.31029132736488 17.792946589739596
      vertex 30.382591642517312 -30.543101522997365 23.15887530183483
    endloop
  endfacet
  facet normal 0.6790346296937041 0.02226750569750095 -0.7337684443111097
    outer loop
      vertex 24.56029132736488 -24.31029132736488 17.792946589739596
      vertex 24.59528643533121 -24.18998424242686 17.828982247968455
      vertex 30.409135556099052 -26.862715253581865 23.12805154148019
    endloop
  endfacet
  facet normal 0.6790346296937176 0.02226750569754711 -0.7337684443110956
    outer loop
      vertex 30.409135556099052 -26.862715253581865 23.12805154148019
      vertex 24.598247091927554 -22.96586546971392 17.868870117674895
      vertex 24.593379114890094 -22.816033101097304 17.86891218562848
    endloop
  endfacet
  facet normal 0.679034629693715 0.022267505697547346 -0.7337684443110981
    outer loop
      vertex 24.59528643533121 -24.18998424242686 17.828982247968455
      vertex 24.61662521955255 -24.11662521955255 17.850955523089066
      vertex 30.409135556099052 -26.862715253581865 23.12805154148019
    endloop
  endfacet
  facet normal 0.6790346296937086 0.02226750569752146 -0.7337684443111048
    outer loop
      vertex 24.61662521955255 -24.11662521955255 17.850955523089066
      vertex 24.598247091927554 -22.96586546971392 17.868870117674895
      vertex 30.409135556099052 -26.862715253581865 23.12805154148019
    endloop
  endfacet
  facet normal -0.03398351887801488 -0.6541056268611385 0.7556394307824762
    outer loop
      vertex 19.939830194345518 -24.020960503809413 29.98332972079313
      vertex 30.838551896416437 -30.99906177689649 24.43301270189222
      vertex 22.64904930640772 -24.014348870431327 30.1108951991258
    endloop
  endfacet
  facet normal -0.03398351887801329 -0.6541056268611375 0.7556394307824773
    outer loop
      vertex 22.64904930640772 -24.014348870431327 30.1108951991258
      vertex 30.838551896416437 -30.99906177689649 24.43301270189222
      vertex 23.681191147478824 -24.002210908438926 30.16782092219737
    endloop
  endfacet
  facet normal -0.03398351887800925 -0.654105626861135 0.7556394307824794
    outer loop
      vertex 23.681191147478824 -24.002210908438926 30.16782092219737
      vertex 30.838551896416437 -30.99906177689649 24.43301270189222
      vertex 23.814880133874304 -23.975390014354357 30.197050365542122
    endloop
  endfacet
  facet normal 0.4098206830672334 -0.2977521551045534 0.8622010565180839
    outer loop
      vertex 23.814880133874304 -23.975390014354357 30.197050365542122
      vertex 31.0112976478227 -30.7612976478227 24.43301270189222
      vertex 23.98762588528057 -23.73762588528057 30.197050365542122
    endloop
  endfacet
  facet normal 0.6592859851951132 0.043261211357290406 0.7506466927371417
    outer loop
      vertex 23.98762588528057 -23.73762588528057 30.197050365542122
      vertex 31.0112976478227 -30.7612976478227 24.43301270189222
      vertex 24.020961870651043 -23.520961870651043 30.155284917174512
    endloop
  endfacet
  facet normal 0.6592859851951158 0.04326121135729438 0.7506466927371392
    outer loop
      vertex 31.0112976478227 -30.7612976478227 24.43301270189222
      vertex 23.867799320156244 -21.049721464223698 30.14738382256294
      vertex 24.020961870651043 -23.520961870651043 30.155284917174512
    endloop
  endfacet
  facet normal 0.27412731933299983 -0.8215022530081175 -0.49998826096008525
    outer loop
      vertex 23.681191147478824 -24.002210908438926 30.16782092219737
      vertex 26.26543960776819 -26.425949488248246 35.56698729810778
      vertex 26.34269385636193 -26.663713617322035 36
    endloop
  endfacet
  facet normal 0.682207465195985 -0.4956527363876235 -0.5375140364142409
    outer loop
      vertex 23.814880133874304 -23.975390014354357 30.197050365542122
      vertex 26.438185359174454 -26.188185359174458 35.56698729810778
      vertex 26.26543960776819 -26.425949488248246 35.56698729810778
    endloop
  endfacet
  facet normal 0.27412731933299656 -0.8215022530081196 -0.4999882609600838
    outer loop
      vertex 23.681191147478824 -24.002210908438926 30.16782092219737
      vertex 23.814880133874304 -23.975390014354357 30.197050365542122
      vertex 26.26543960776819 -26.425949488248246 35.56698729810778
    endloop
  endfacet
  facet normal 0.6822074651959852 -0.4956527363876234 -0.5375140364142409
    outer loop
      vertex 23.814880133874304 -23.975390014354357 30.197050365542122
      vertex 23.98762588528057 -23.73762588528057 30.197050365542122
      vertex 26.438185359174454 -26.188185359174458 35.56698729810778
    endloop
  endfacet
  facet normal 0.8440577371313949 -0.2238050830183212 -0.4873169617443982
    outer loop
      vertex 23.98762588528057 -23.73762588528057 30.197050365542122
      vertex 24.020961870651043 -23.520961870651043 30.155284917174512
      vertex 26.688185359174454 -26.188185359174458 36
    endloop
  endfacet
  facet normal 0.5364194056086036 -0.3897315110220103 0.7485743587667246
    outer loop
      vertex 26.26543960776819 -26.425949488248246 36.43301270189222
      vertex 26.438185359174454 -26.188185359174458 36.43301270189222
      vertex 21.88126658869747 -22.041776469177524 41.8571977714544
    endloop
  endfacet
  facet normal 0.7329996781371357 -0.5325554391808739 -0.42319756148839266
    outer loop
      vertex 26.34269385636193 -26.663713617322035 36
      vertex 26.26543960776819 -26.425949488248246 35.56698729810778
      vertex 26.438185359174454 -26.188185359174458 35.56698729810778
    endloop
  endfacet
  facet normal 0.7329996781371398 -0.5325554391808713 -0.423197561488389
    outer loop
      vertex 26.34269385636193 -26.663713617322035 36
      vertex 26.438185359174454 -26.188185359174458 35.56698729810778
      vertex 26.688185359174454 -26.188185359174458 36
    endloop
  endfacet
  facet normal 0.7329996781371357 -0.5325554391808739 0.42319756148839266
    outer loop
      vertex 26.34269385636193 -26.663713617322035 36
      vertex 26.438185359174454 -26.188185359174458 36.43301270189222
      vertex 26.26543960776819 -26.425949488248246 36.43301270189222
    endloop
  endfacet
  facet normal 0.7329996781371398 -0.5325554391808713 0.423197561488389
    outer loop
      vertex 26.34269385636193 -26.663713617322035 36
      vertex 26.688185359174454 -26.188185359174458 36
      vertex 26.438185359174454 -26.188185359174458 36.43301270189222
    endloop
  endfacet
  facet normal 0.8440577371313935 -0.22380508301832394 -0.48731696174439953
    outer loop
      vertex 23.98762588528057 -23.73762588528057 30.197050365542122
      vertex 26.688185359174454 -26.188185359174458 36
      vertex 26.438185359174454 -26.188185359174458 35.56698729810778
    endloop
  endfacet
  facet normal 0.9176829340397359 0.055618367603110036 -0.3934013596282898
    outer loop
      vertex 26.688185359174454 -26.188185359174458 36
      vertex 24.020961870651043 -23.520961870651043 30.155284917174512
      vertex 26.451494524450254 -25.345669549582798 35.56698729810778
    endloop
  endfacet
  facet normal 0.4364865161258197 -0.31712601686630565 -0.8419682955235643
    outer loop
      vertex 24.56029132736488 -24.31029132736488 17.792946589739596
      vertex 30.555337393923576 -30.305337393923576 23.15887530183483
      vertex 30.382591642517312 -30.543101522997365 23.15887530183483
    endloop
  endfacet
  facet normal 0.40982068306723146 -0.2977521551045533 0.8622010565180849
    outer loop
      vertex 23.814880133874304 -23.975390014354357 30.197050365542122
      vertex 30.838551896416437 -30.99906177689649 24.43301270189222
      vertex 31.0112976478227 -30.7612976478227 24.43301270189222
    endloop
  endfacet
  facet normal 0.43648651612582123 -0.31712601686630887 -0.8419682955235624
    outer loop
      vertex 30.382591642517312 -30.543101522997365 23.15887530183483
      vertex 30.555337393923576 -30.305337393923576 23.15887530183483
      vertex 31.0112976478227 -30.7612976478227 23.56698729810778
    endloop
  endfacet
  facet normal 0.7329996781371368 -0.5325554391808747 -0.42319756148838983
    outer loop
      vertex 30.915806145010176 -31.236825905970278 24
      vertex 30.838551896416437 -30.99906177689649 23.56698729810778
      vertex 31.0112976478227 -30.7612976478227 23.56698729810778
    endloop
  endfacet
  facet normal 0.7329996781371368 -0.5325554391808747 0.42319756148838983
    outer loop
      vertex 30.915806145010176 -31.236825905970278 24
      vertex 31.0112976478227 -30.7612976478227 24.43301270189222
      vertex 30.838551896416437 -30.99906177689649 24.43301270189222
    endloop
  endfacet
  facet normal 0.4364865161258212 -0.3171260168663089 -0.8419682955235623
    outer loop
      vertex 30.382591642517312 -30.543101522997365 23.15887530183483
      vertex 31.0112976478227 -30.7612976478227 23.56698729810778
      vertex 30.838551896416437 -30.99906177689649 23.56698729810778
    endloop
  endfacet
  facet normal 0.732999678137141 -0.5325554391808721 -0.42319756148838616
    outer loop
      vertex 30.915806145010176 -31.236825905970278 24
      vertex 31.0112976478227 -30.7612976478227 23.56698729810778
      vertex 31.2612976478227 -30.7612976478227 24
    endloop
  endfacet
  facet normal 0.732999678137141 -0.5325554391808721 0.42319756148838616
    outer loop
      vertex 30.915806145010176 -31.236825905970278 24
      vertex 31.2612976478227 -30.7612976478227 24
      vertex 31.0112976478227 -30.7612976478227 24.43301270189222
    endloop
  endfacet
  facet normal 0.6790346296937123 0.02226750569752303 -0.7337684443111011
    outer loop
      vertex 31.0112976478227 -30.7612976478227 23.56698729810778
      vertex 30.555337393923576 -30.305337393923576 23.15887530183483
      vertex 30.71057322209571 -28.81431531902564 23.347779371941197
    endloop
  endfacet
  facet normal 0.8646304453701227 0.056735561324026546 -0.499194620383985
    outer loop
      vertex 31.0112976478227 -30.7612976478227 23.56698729810778
      vertex 30.77000656702862 -27.08410454737347 23.56698729810778
      vertex 31.2612976478227 -30.7612976478227 24
    endloop
  endfacet
  facet normal 0.8646304453701227 0.05673556132402655 0.499194620383985
    outer loop
      vertex 31.2612976478227 -30.7612976478227 24
      vertex 30.77000656702862 -27.08410454737347 24.43301270189222
      vertex 31.0112976478227 -30.7612976478227 24.43301270189222
    endloop
  endfacet
  facet normal 0.6790346296937169 0.022267505697522044 -0.733768444311097
    outer loop
      vertex 30.555337393923576 -30.305337393923576 23.15887530183483
      vertex 30.409135556099052 -26.862715253581865 23.12805154148019
      vertex 30.71057322209571 -28.81431531902564 23.347779371941197
    endloop
  endfacet
  facet normal 0.7840036100860539 0.051444967195498834 -0.6186208489230612
    outer loop
      vertex 31.0112976478227 -30.7612976478227 23.56698729810778
      vertex 30.71057322209571 -28.81431531902564 23.347779371941197
      vertex 30.77000656702862 -27.08410454737347 23.56698729810778
    endloop
  endfacet
  facet normal 0.7840036100860588 0.051444967195497904 -0.6186208489230552
    outer loop
      vertex 30.71057322209571 -28.81431531902564 23.347779371941197
      vertex 30.409135556099052 -26.862715253581865 23.12805154148019
      vertex 30.77000656702862 -27.08410454737347 23.56698729810778
    endloop
  endfacet
  facet normal 0.8646304453701227 0.056735561324026546 -0.499194620383985
    outer loop
      vertex 31.2612976478227 -30.7612976478227 24
      vertex 30.77000656702862 -27.08410454737347 23.56698729810778
      vertex 31.02000656702862 -27.08410454737347 24
    endloop
  endfacet
  facet normal 0.8646304453701227 0.056735561324026546 0.499194620383985
    outer loop
      vertex 31.2612976478227 -30.7612976478227 24
      vertex 31.02000656702862 -27.08410454737347 24
      vertex 30.77000656702862 -27.08410454737347 24.43301270189222
    endloop
  endfacet
  facet normal 0.6790346296937086 0.022267505697521655 -0.7337684443111048
    outer loop
      vertex 24.56029132736488 -24.31029132736488 17.792946589739596
      vertex 30.409135556099052 -26.862715253581865 23.12805154148019
      vertex 30.555337393923576 -30.305337393923576 23.15887530183483
    endloop
  endfacet
  facet normal 0.9314530327276374 0.009213061133608903 0.3637449206889842
    outer loop
      vertex 24.61662521955255 -24.11662521955255 17.850955523089066
      vertex 24.60379145735181 -22.816033101097304 17.850877479458983
      vertex 24.598247091927554 -22.96586546971392 17.868870117674895
    endloop
  endfacet
  facet normal 0.8656862099727901 0.027985373868376337 0.4998041663615794
    outer loop
      vertex 24.598247091927554 -22.96586546971392 17.868870117674895
      vertex 24.60379145735181 -22.816033101097304 17.850877479458983
      vertex 24.593379114890094 -22.816033101097304 17.86891218562848
    endloop
  endfacet
  facet normal 0.6790346296937081 0.02226750569752061 -0.7337684443111054
    outer loop
      vertex 30.409135556099052 -26.862715253581865 23.12805154148019
      vertex 24.593379114890094 -22.816033101097304 17.86891218562848
      vertex 24.48136712338646 -19.368395227846186 17.869880167856646
    endloop
  endfacet
  facet normal 0.8656862099727901 0.027985373868375775 0.49980416636157937
    outer loop
      vertex 24.60379145735181 -22.816033101097304 17.850877479458983
      vertex 25.389632174502765 -1.5792698295134728 15.300658178045504
      vertex 24.593379114890094 -22.816033101097304 17.86891218562848
    endloop
  endfacet
  facet normal 0.931453032727634 0.00921306113360798 0.36374492068899267
    outer loop
      vertex 26.7378902942161 -26.13442878727882 12.470073129784108
      vertex 26.924327572793985 -26.42432757279398 12
      vertex 25.389632174502765 -1.5792698295134728 15.300658178045504
    endloop
  endfacet
  facet normal 0.8659616049498825 -0.012138025793515994 -0.4999631657256957
    outer loop
      vertex 26.674327572793985 -26.42432757279398 11.566987298107781
      vertex 25.407240968220204 1.086329956083693 8.704429576856528
      vertex 26.924327572793985 -26.42432757279398 12
    endloop
  endfacet
  facet normal 0.9314530327276345 0.009213061133608147 0.3637449206889915
    outer loop
      vertex 26.7378902942161 -26.13442878727882 12.470073129784108
      vertex 25.389632174502765 -1.5792698295134728 15.300658178045504
      vertex 24.60379145735181 -22.816033101097304 17.850877479458983
    endloop
  endfacet
  facet normal 0.9176829340396981 0.05561836760310589 -0.3934013596283785
    outer loop
      vertex 24.020961870651043 -23.520961870651043 30.155284917174512
      vertex 23.867799320156244 -21.049721464223698 30.14738382256294
      vertex 23.802443240647317 -19.971369808362898 30.14738382256294
    endloop
  endfacet
  facet normal 0.6592859851951155 0.04326121135729429 0.7506466927371396
    outer loop
      vertex 31.0112976478227 -30.7612976478227 24.43301270189222
      vertex 25.27535575577124 -0.9028091022288769 27.750034866425636
      vertex 23.867799320156244 -21.049721464223698 30.14738382256294
    endloop
  endfacet
  facet normal 0.9176829340397358 0.05561836760310777 -0.3934013596282905
    outer loop
      vertex 26.451494524450254 -25.345669549582798 35.56698729810778
      vertex 24.020961870651043 -23.520961870651043 30.155284917174512
      vertex 23.686184628825107 -1.3792005648110552 32.50471568435139
    endloop
  endfacet
  facet normal 0.6592859851951173 0.043261211357294826 0.7506466927371377
    outer loop
      vertex 31.0112976478227 -30.7612976478227 24.43301270189222
      vertex 30.77000656702862 -27.08410454737347 24.43301270189222
      vertex 25.27535575577124 -0.9028091022288769 27.750034866425636
    endloop
  endfacet
  facet normal -0.012011053831522294 -0.6409449340475312 0.7674928834228122
    outer loop
      vertex 18.20272106207168 -22.59014193157286 66.03363256202853
      vertex 29.344835187148266 -29.505345067628316 60.43301270189222
      vertex 22.504907335539894 -22.665417216019947 66.03809707078493
    endloop
  endfacet
  facet normal 0.27966446374318965 -0.20318812648122106 0.9383508794562327
    outer loop
      vertex 20.153574891736 -20.314084772216052 54.033901439207064
      vertex 29.303626467105342 -29.053626467105342 49.41439772770716
      vertex 20.326320643142267 -20.076320643142267 54.03390143920706
    endloop
  endfacet
  facet normal 0.4674778109974484 0.012636871499786269 0.8839144787272872
    outer loop
      vertex 20.326320643142267 -20.076320643142267 54.03390143920706
      vertex 29.303626467105342 -29.053626467105342 49.41439772770716
      vertex 20.33201348985572 -19.91570406274216 54.028594397949
    endloop
  endfacet
  facet normal 0.014209214110791969 -0.44623475988635686 0.8948031276786638
    outer loop
      vertex 15.013884873262768 -20.28716313834712 54.12894393752897
      vertex 29.130880715699078 -29.29139059617913 49.41439772770716
      vertex 20.153574891736 -20.314084772216052 54.033901439207064
    endloop
  endfacet
  facet normal 0.3201987205822102 -0.23263798791591836 -0.9183421725674742
    outer loop
      vertex 20.153574891736 -20.314084772216052 54.033901439207064
      vertex 20.326320643142267 -20.076320643142267 54.03390143920706
      vertex 29.010915616325818 -29.171425496805867 59.3659696361175
    endloop
  endfacet
  facet normal 0.48105757179393543 -0.04597787393666485 -0.8754825227998482
    outer loop
      vertex 20.326320643142267 -20.076320643142267 54.03390143920706
      vertex 20.33201348985572 -19.91570406274216 54.028594397949
      vertex 29.183661367732082 -28.93366136773208 59.3659696361175
    endloop
  endfacet
  facet normal 0.014209214110791702 -0.4462347598863558 0.8948031276786643
    outer loop
      vertex 21.980723015108182 -29.372284105868093 49.48759888648175
      vertex 31.038053879315417 -31.19856375979547 48.43301270189222
      vertex 29.130880715699078 -29.29139059617913 49.41439772770716
    endloop
  endfacet
  facet normal 0.3297901683841648 -0.23960658264914625 -0.9131413529067348
    outer loop
      vertex 21.88126658869747 -22.041776469177524 41.8571977714544
      vertex 22.054012340103736 -21.804012340103736 41.8571977714544
      vertex 31.038053879315417 -31.19856375979547 47.56698729810778
    endloop
  endfacet
  facet normal 0.5304372605056653 0.001833147969961812 -0.8477222140747317
    outer loop
      vertex 22.054012340103736 -21.804012340103736 41.8571977714544
      vertex 22.05534101698503 -21.6605707094738 41.85833933580525
      vertex 30.5687719517796 -27.53335720772111 47.172668984257975
    endloop
  endfacet
  facet normal 0.2796644637431786 -0.20318812648123327 0.9383508794562334
    outer loop
      vertex 20.153574891736 -20.314084772216052 54.033901439207064
      vertex 29.130880715699078 -29.29139059617913 49.41439772770716
      vertex 29.303626467105342 -29.053626467105342 49.41439772770716
    endloop
  endfacet
  facet normal 0.4674778109974525 0.01263687149979131 0.8839144787272849
    outer loop
      vertex 20.33201348985572 -19.91570406274216 54.028594397949
      vertex 29.303626467105342 -29.053626467105342 49.41439772770716
      vertex 31.129928271807366 -27.969112500067915 48.43301270189222
    endloop
  endfacet
  facet normal 0.32019872058223076 -0.23263798791589754 -0.9183421725674724
    outer loop
      vertex 20.326320643142267 -20.076320643142267 54.03390143920706
      vertex 29.183661367732082 -28.93366136773208 59.3659696361175
      vertex 29.010915616325818 -29.171425496805867 59.3659696361175
    endloop
  endfacet
  facet normal 0.40937743215882366 -0.2974301144690162 0.8625227214665105
    outer loop
      vertex 22.504907335539894 -22.665417216019947 66.03809707078493
      vertex 29.344835187148266 -29.505345067628316 60.43301270189222
      vertex 29.51758093855453 -29.267580938554527 60.43301270189222
    endloop
  endfacet
  facet normal 0.48105757179392167 -0.04597787393668237 -0.875482522799855
    outer loop
      vertex 20.33201348985572 -19.91570406274216 54.028594397949
      vertex 29.257425911974558 -26.941243883779006 59.301865412552665
      vertex 29.183661367732082 -28.93366136773208 59.3659696361175
    endloop
  endfacet
  facet normal 0.3297901683841651 -0.23960658264914522 -0.9131413529067349
    outer loop
      vertex 22.054012340103736 -21.804012340103736 41.8571977714544
      vertex 31.21079963072168 -30.96079963072168 47.56698729810778
      vertex 31.038053879315417 -31.19856375979547 47.56698729810778
    endloop
  endfacet
  facet normal 0.27966446374317755 -0.20318812648123272 0.9383508794562337
    outer loop
      vertex 31.038053879315417 -31.19856375979547 48.43301270189222
      vertex 29.303626467105342 -29.053626467105342 49.41439772770716
      vertex 29.130880715699078 -29.29139059617913 49.41439772770716
    endloop
  endfacet
  facet normal 0.7329996781371357 -0.5325554391808738 -0.42319756148839266
    outer loop
      vertex 31.038053879315417 -31.19856375979547 47.56698729810778
      vertex 31.21079963072168 -30.96079963072168 47.56698729810778
      vertex 31.115308127909156 -31.436327888869258 48
    endloop
  endfacet
  facet normal 0.7329996781371357 -0.5325554391808738 0.42319756148839266
    outer loop
      vertex 31.038053879315417 -31.19856375979547 48.43301270189222
      vertex 31.115308127909156 -31.436327888869258 48
      vertex 31.21079963072168 -30.96079963072168 48.43301270189222
    endloop
  endfacet
  facet normal 0.7329996781371398 -0.5325554391808713 -0.423197561488389
    outer loop
      vertex 31.115308127909156 -31.436327888869258 48
      vertex 31.21079963072168 -30.96079963072168 47.56698729810778
      vertex 31.46079963072168 -30.96079963072168 48
    endloop
  endfacet
  facet normal 0.7329996781371398 -0.5325554391808713 0.423197561488389
    outer loop
      vertex 31.115308127909156 -31.436327888869258 48
      vertex 31.46079963072168 -30.96079963072168 48
      vertex 31.21079963072168 -30.96079963072168 48.43301270189222
    endloop
  endfacet
  facet normal 0.27966446374317727 -0.20318812648123288 0.9383508794562339
    outer loop
      vertex 31.038053879315417 -31.19856375979547 48.43301270189222
      vertex 31.21079963072168 -30.96079963072168 48.43301270189222
      vertex 29.303626467105342 -29.053626467105342 49.41439772770716
    endloop
  endfacet
  facet normal 0.8657881896468194 0.023404007294506916 -0.49986304435379264
    outer loop
      vertex 31.21079963072168 -30.96079963072168 47.56698729810778
      vertex 31.129928271807366 -27.969112500067915 47.56698729810778
      vertex 31.46079963072168 -30.96079963072168 48
    endloop
  endfacet
  facet normal 0.8657881896468194 0.023404007294506916 0.49986304435379264
    outer loop
      vertex 31.21079963072168 -30.96079963072168 48.43301270189222
      vertex 31.46079963072168 -30.96079963072168 48
      vertex 31.129928271807366 -27.969112500067915 48.43301270189222
    endloop
  endfacet
  facet normal 0.4674778109974521 0.012636871499792106 0.8839144787272852
    outer loop
      vertex 31.21079963072168 -30.96079963072168 48.43301270189222
      vertex 31.129928271807366 -27.969112500067915 48.43301270189222
      vertex 29.303626467105342 -29.053626467105342 49.41439772770716
    endloop
  endfacet
  facet normal 0.5830307456993808 0.015760501227022303 -0.8122972092592077
    outer loop
      vertex 31.21079963072168 -30.96079963072168 47.56698729810778
      vertex 30.5687719517796 -27.53335720772111 47.172668984257975
      vertex 31.129928271807366 -27.969112500067915 47.56698729810778
    endloop
  endfacet
  facet normal 0.8657881896468194 0.023404007294506916 -0.49986304435379264
    outer loop
      vertex 31.46079963072168 -30.96079963072168 48
      vertex 31.129928271807366 -27.969112500067915 47.56698729810778
      vertex 31.379928271807366 -27.969112500067915 48
    endloop
  endfacet
  facet normal 0.8657881896468194 0.023404007294506916 0.49986304435379264
    outer loop
      vertex 31.46079963072168 -30.96079963072168 48
      vertex 31.379928271807366 -27.969112500067915 48
      vertex 31.129928271807366 -27.969112500067915 48.43301270189222
    endloop
  endfacet
  facet normal 0.7329996781371357 -0.5325554391808738 -0.42319756148839266
    outer loop
      vertex 29.344835187148266 -29.505345067628316 59.56698729810778
      vertex 29.51758093855453 -29.267580938554527 59.56698729810778
      vertex 29.422089435742006 -29.743109196702104 60
    endloop
  endfacet
  facet normal 0.7329996781371357 -0.5325554391808739 0.42319756148839266
    outer loop
      vertex 29.422089435742006 -29.743109196702104 60
      vertex 29.51758093855453 -29.267580938554527 60.43301270189222
      vertex 29.344835187148266 -29.505345067628316 60.43301270189222
    endloop
  endfacet
  facet normal 0.32019872058223364 -0.23263798791589968 -0.9183421725674709
    outer loop
      vertex 29.344835187148266 -29.505345067628316 59.56698729810778
      vertex 29.010915616325818 -29.171425496805867 59.3659696361175
      vertex 29.183661367732082 -28.93366136773208 59.3659696361175
    endloop
  endfacet
  facet normal 0.32019872058223364 -0.23263798791589968 -0.9183421725674709
    outer loop
      vertex 29.344835187148266 -29.505345067628316 59.56698729810778
      vertex 29.183661367732082 -28.93366136773208 59.3659696361175
      vertex 29.51758093855453 -29.267580938554527 59.56698729810778
    endloop
  endfacet
  facet normal 0.48105757179392744 -0.0459778739366807 -0.8754825227998518
    outer loop
      vertex 29.183661367732082 -28.93366136773208 59.3659696361175
      vertex 29.40321257642962 -28.24488550113475 59.45043542435383
      vertex 29.51758093855453 -29.267580938554527 59.56698729810778
    endloop
  endfacet
  facet normal 0.7614700216808281 0.011294280182625108 -0.6481017245128695
    outer loop
      vertex 29.40321257642962 -28.24488550113475 59.45043542435383
      vertex 29.488315258853365 -27.294463803490608 59.56698729810778
      vertex 29.51758093855453 -29.267580938554527 59.56698729810778
    endloop
  endfacet
  facet normal 0.4810575717939325 -0.04597787393668265 -0.875482522799849
    outer loop
      vertex 29.183661367732082 -28.93366136773208 59.3659696361175
      vertex 29.257425911974558 -26.941243883779006 59.301865412552665
      vertex 29.40321257642962 -28.24488550113475 59.45043542435383
    endloop
  endfacet
  facet normal 0.7329996781371398 -0.5325554391808713 -0.423197561488389
    outer loop
      vertex 29.422089435742006 -29.743109196702104 60
      vertex 29.51758093855453 -29.267580938554527 59.56698729810778
      vertex 29.76758093855453 -29.267580938554527 60
    endloop
  endfacet
  facet normal 0.7329996781371398 -0.5325554391808713 0.423197561488389
    outer loop
      vertex 29.422089435742006 -29.743109196702104 60
      vertex 29.76758093855453 -29.267580938554527 60
      vertex 29.51758093855453 -29.267580938554527 60.43301270189222
    endloop
  endfacet
  facet normal 0.86595396736888 0.012844007583031782 -0.49995875616624996
    outer loop
      vertex 29.51758093855453 -29.267580938554527 59.56698729810778
      vertex 29.488315258853365 -27.294463803490608 59.56698729810778
      vertex 29.76758093855453 -29.267580938554527 60
    endloop
  endfacet
  facet normal 0.86595396736888 0.012844007583031787 0.49995875616624996
    outer loop
      vertex 29.51758093855453 -29.267580938554527 60.43301270189222
      vertex 29.76758093855453 -29.267580938554527 60
      vertex 29.738315258853365 -27.294463803490608 60
    endloop
  endfacet
  facet normal 0.86595396736888 0.012844007583031782 0.49995875616624996
    outer loop
      vertex 29.51758093855453 -29.267580938554527 60.43301270189222
      vertex 29.738315258853365 -27.294463803490608 60
      vertex 29.488315258853365 -27.294463803490608 60.43301270189222
    endloop
  endfacet
  facet normal 0.86595396736888 0.012844007583031782 -0.49995875616624996
    outer loop
      vertex 29.76758093855453 -29.267580938554527 60
      vertex 29.488315258853365 -27.294463803490608 59.56698729810778
      vertex 29.738315258853365 -27.294463803490608 60
    endloop
  endfacet
  facet normal 0.5304372605056635 0.0018331479699584183 -0.8477222140747327
    outer loop
      vertex 22.054012340103736 -21.804012340103736 41.8571977714544
      vertex 30.5687719517796 -27.53335720772111 47.172668984257975
      vertex 31.21079963072168 -30.96079963072168 47.56698729810778
    endloop
  endfacet
  facet normal 0.7614700216808357 0.011294280182623372 -0.6481017245128609
    outer loop
      vertex 29.40321257642962 -28.24488550113475 59.45043542435383
      vertex 29.257425911974558 -26.941243883779006 59.301865412552665
      vertex 29.488315258853365 -27.294463803490608 59.56698729810778
    endloop
  endfacet
  facet normal 0.4638801694029995 -0.3370286709696124 -0.819284360511722
    outer loop
      vertex 22.504907335539894 -22.665417216019947 66.03809707078493
      vertex 22.677653086946158 -22.427653086946158 66.03809707078493
      vertex 28.233002339759132 -27.983002339759132 71.46884681090722
    endloop
  endfacet
  facet normal 0.40937743215882305 -0.29743011446901635 0.8625227214665108
    outer loop
      vertex 22.504907335539894 -22.665417216019947 66.03809707078493
      vertex 29.51758093855453 -29.267580938554527 60.43301270189222
      vertex 22.677653086946158 -22.427653086946158 66.03809707078493
    endloop
  endfacet
  facet normal 0.4638801694029997 -0.33702867096961164 -0.8192843605117223
    outer loop
      vertex 22.504907335539894 -22.665417216019947 66.03809707078493
      vertex 28.233002339759132 -27.983002339759132 71.46884681090722
      vertex 28.060256588352868 -28.22076646883292 71.46884681090722
    endloop
  endfacet
  facet normal -0.0431455807658737 -0.7937298866392168 0.6067382680498005
    outer loop
      vertex 20.552325373455943 -23.73711926361501 77.88878117297114
      vertex 28.160648745666304 -28.321158626146357 72.43301270189222
      vertex 23.65397006644431 -23.814479946924365 78.00813869338546
    endloop
  endfacet
  facet normal 0.5363856828341359 -0.3897070099921966 0.7486112780432178
    outer loop
      vertex 28.333394497072568 -28.083394497072568 72.43301270189222
      vertex 23.826715817850573 -23.576715817850577 78.00813869338546
      vertex 23.65397006644431 -23.814479946924365 78.00813869338546
    endloop
  endfacet
  facet normal 0.7857369011888513 0.0209668280802648 0.6182053980922474
    outer loop
      vertex 28.333394497072568 -28.083394497072568 72.43301270189222
      vertex 23.808908296385802 -21.412071843603126 77.95735671796706
      vertex 23.826715817850573 -23.576715817850577 78.00813869338546
    endloop
  endfacet
  facet normal 0.5476155467947825 -0.39786598374332177 -0.7360841472879376
    outer loop
      vertex 23.65397006644431 -23.814479946924365 78.00813869338546
      vertex 23.826715817850573 -23.576715817850577 78.00813869338546
      vertex 28.15443688161477 -27.904436881614775 83.56698729810778
    endloop
  endfacet
  facet normal 0.5363856828341353 -0.3897070099921969 0.7486112780432179
    outer loop
      vertex 28.160648745666304 -28.321158626146357 72.43301270189222
      vertex 28.333394497072568 -28.083394497072568 72.43301270189222
      vertex 23.65397006644431 -23.814479946924365 78.00813869338546
    endloop
  endfacet
  facet normal 0.5476155467947824 -0.39786598374332177 -0.7360841472879377
    outer loop
      vertex 23.65397006644431 -23.814479946924365 78.00813869338546
      vertex 28.15443688161477 -27.904436881614775 83.56698729810778
      vertex 27.981691130208507 -28.142201010688563 83.56698729810778
    endloop
  endfacet
  facet normal 0.732999678137138 -0.5325554391808754 -0.423197561488387
    outer loop
      vertex 28.237902994260043 -28.558922755220145 72
      vertex 28.160648745666304 -28.321158626146357 71.56698729810778
      vertex 28.333394497072568 -28.083394497072568 71.56698729810778
    endloop
  endfacet
  facet normal 0.732999678137138 -0.5325554391808754 0.423197561488387
    outer loop
      vertex 28.237902994260043 -28.558922755220145 72
      vertex 28.333394497072568 -28.083394497072568 72.43301270189222
      vertex 28.160648745666304 -28.321158626146357 72.43301270189222
    endloop
  endfacet
  facet normal 0.463880169403017 -0.33702867096962524 -0.8192843605117068
    outer loop
      vertex 28.160648745666304 -28.321158626146357 71.56698729810778
      vertex 28.060256588352868 -28.22076646883292 71.46884681090722
      vertex 28.233002339759132 -27.983002339759132 71.46884681090722
    endloop
  endfacet
  facet normal 0.46388016940301713 -0.33702867096962524 -0.8192843605117068
    outer loop
      vertex 28.160648745666304 -28.321158626146357 71.56698729810778
      vertex 28.233002339759132 -27.983002339759132 71.46884681090722
      vertex 28.333394497072568 -28.083394497072568 71.56698729810778
    endloop
  endfacet
  facet normal 0.7329996781371418 -0.5325554391808728 -0.4231975614883832
    outer loop
      vertex 28.237902994260043 -28.558922755220145 72
      vertex 28.333394497072568 -28.083394497072568 71.56698729810778
      vertex 28.583394497072568 -28.083394497072568 72
    endloop
  endfacet
  facet normal 0.7329996781371418 -0.5325554391808728 0.4231975614883832
    outer loop
      vertex 28.237902994260043 -28.558922755220145 72
      vertex 28.583394497072568 -28.083394497072568 72
      vertex 28.333394497072568 -28.083394497072568 72.43301270189222
    endloop
  endfacet
  facet normal 0.6959805316929012 -0.005950815042986972 -0.7180359930426822
    outer loop
      vertex 28.333394497072568 -28.083394497072568 71.56698729810778
      vertex 28.233002339759132 -27.983002339759132 71.46884681090722
      vertex 28.280957985386085 -27.624436867345352 71.51235777586818
    endloop
  endfacet
  facet normal 0.8657942509818317 0.023103101287145242 -0.49986654386718543
    outer loop
      vertex 28.333394497072568 -28.083394497072568 71.56698729810778
      vertex 28.309134505568665 -27.174245508290063 71.56698729810778
      vertex 28.583394497072568 -28.083394497072568 72
    endloop
  endfacet
  facet normal 0.8657942509818317 0.023103101287145242 0.49986654386718543
    outer loop
      vertex 28.333394497072568 -28.083394497072568 72.43301270189222
      vertex 28.583394497072568 -28.083394497072568 72
      vertex 28.309134505568665 -27.174245508290063 72.43301270189222
    endloop
  endfacet
  facet normal 0.8053186855171987 0.02148935401088143 -0.5924525486661749
    outer loop
      vertex 28.333394497072568 -28.083394497072568 71.56698729810778
      vertex 28.280957985386085 -27.624436867345352 71.51235777586818
      vertex 28.309134505568665 -27.174245508290063 71.56698729810778
    endloop
  endfacet
  facet normal 0.732999678137138 -0.5325554391808754 -0.423197561488387
    outer loop
      vertex 27.981691130208507 -28.142201010688563 83.56698729810778
      vertex 28.15443688161477 -27.904436881614775 83.56698729810778
      vertex 28.058945378802246 -28.37996513976235 84
    endloop
  endfacet
  facet normal 0.7329996781371418 -0.5325554391808728 -0.4231975614883832
    outer loop
      vertex 28.058945378802246 -28.37996513976235 84
      vertex 28.15443688161477 -27.904436881614775 83.56698729810778
      vertex 28.40443688161477 -27.904436881614775 84
    endloop
  endfacet
  facet normal 0.7329996781371418 -0.5325554391808728 0.4231975614883832
    outer loop
      vertex 28.058945378802246 -28.37996513976235 84
      vertex 28.40443688161477 -27.904436881614775 84
      vertex 28.15443688161477 -27.904436881614775 84.43301270189222
    endloop
  endfacet
  facet normal 0.8657942509818317 0.023103101287145242 -0.49986654386718543
    outer loop
      vertex 28.583394497072568 -28.083394497072568 72
      vertex 28.309134505568665 -27.174245508290063 71.56698729810778
      vertex 28.559134505568665 -27.174245508290063 72
    endloop
  endfacet
  facet normal 0.8657942509818317 0.023103101287145242 0.49986654386718543
    outer loop
      vertex 28.583394497072568 -28.083394497072568 72
      vertex 28.559134505568665 -27.174245508290063 72
      vertex 28.309134505568665 -27.174245508290063 72.43301270189222
    endloop
  endfacet
  facet normal 0.5304372605056635 0.001833147969958207 -0.8477222140747328
    outer loop
      vertex 22.05534101698503 -21.6605707094738 41.85833933580525
      vertex 22.098467465103486 -17.004714849289485 41.895392449658225
      vertex 30.5687719517796 -27.53335720772111 47.172668984257975
    endloop
  endfacet
  facet normal 0.6394609866114584 0.009484617047307633 0.7687650412456111
    outer loop
      vertex 29.51758093855453 -29.267580938554527 60.43301270189222
      vertex 29.488315258853365 -27.294463803490608 60.43301270189222
      vertex 25.033947191439818 0.15739720054406767 63.79948239211947
    endloop
  endfacet
  facet normal 0.6394609866114553 0.009484617047306703 0.7687650412456136
    outer loop
      vertex 22.677653086946158 -22.427653086946158 66.03809707078493
      vertex 29.51758093855453 -29.267580938554527 60.43301270189222
      vertex 22.668294437218325 -18.2655822417639 65.99453219087346
    endloop
  endfacet
  facet normal 0.7857369011888498 0.0209668280802601 0.6182053980922493
    outer loop
      vertex 28.333394497072568 -28.083394497072568 72.43301270189222
      vertex 28.309134505568665 -27.174245508290063 72.43301270189222
      vertex 25.10624174780576 -0.9550800801647887 75.61463858619408
    endloop
  endfacet
  facet normal 0.6394609866114557 0.009484617047306925 0.7687650412456134
    outer loop
      vertex 22.668294437218325 -18.2655822417639 65.99453219087346
      vertex 29.51758093855453 -29.267580938554527 60.43301270189222
      vertex 25.033947191439818 0.15739720054406767 63.79948239211947
    endloop
  endfacet
  facet normal 0.7857369011888483 0.02096682808025971 0.6182053980922513
    outer loop
      vertex 28.333394497072568 -28.083394497072568 72.43301270189222
      vertex 25.10624174780576 -0.9550800801647887 75.61463858619408
      vertex 23.808908296385802 -21.412071843603126 77.95735671796706
    endloop
  endfacet
  facet normal 0.7859973444056714 -0.008036248588903403 -0.6181776389484254
    outer loop
      vertex 23.826715817850573 -23.576715817850577 78.00813869338546
      vertex 25.81243488900226 0.9391983987652625 80.21422615062806
      vertex 28.15443688161477 -27.904436881614775 83.56698729810778
    endloop
  endfacet
  facet normal 0.7602446214928441 7.526334368488363e-17 0.6496369105055546
    outer loop
      vertex 20.655165463144407 -17.074392451205924 5.81016751992062
      vertex 25.25 -25 0.4330127018922193
      vertex 22.5661579678151 -0.34905454454944773 3.573807870561359
    endloop
  endfacet
  facet normal 0.6433032694439565 -0.05599367190470249 -0.7635611385012627
    outer loop
      vertex 20.538079275966123 -20.28807927596612 5.947188896960484
      vertex 20.575550843191127 -19.259590051094982 5.9033373900940616
      vertex 25.157240968220204 1.086329956083693 8.27141687496431
    endloop
  endfacet
  facet normal 0.6433032694439551 -0.05599367190470206 -0.7635611385012641
    outer loop
      vertex 20.575550843191127 -19.259590051094982 5.9033373900940616
      vertex 20.655165463144407 -17.074392451205924 5.81016751992062
      vertex 25.157240968220204 1.086329956083693 8.27141687496431
    endloop
  endfacet
  facet normal 0.7602446214928436 -6.325856798405446e-17 0.6496369105055554
    outer loop
      vertex 25.25 -25 0.4330127018922193
      vertex 22.755628593747442 1.3092252416657026 3.3520778211036584
      vertex 22.5661579678151 -0.34905454454944773 3.573807870561359
    endloop
  endfacet
  facet normal 0 0 -1
    outer loop
      vertex 5.226251859505506 0 -0.4330127018922193
      vertex 25.25 25 -0.4330127018922193
      vertex 25.25 -25 -0.4330127018922193
    endloop
  endfacet
  facet normal 0.6732964413818564 0.040806740098992406 0.7382456989275463
    outer loop
      vertex 23.802443240647317 -19.971369808362898 30.14738382256294
      vertex 25.27535575577124 -0.9028091022288769 27.750034866425636
      vertex 21.557453429609346 17.070149485841043 30.14738382256294
    endloop
  endfacet
  facet normal 0.9176829340397353 0.05561836760310759 -0.3934013596282916
    outer loop
      vertex 23.802443240647317 -19.971369808362898 30.14738382256294
      vertex 21.557453429609346 17.070149485841043 30.14738382256294
      vertex 23.489920013291872 0.3217913668444329 32.28737456034822
    endloop
  endfacet
  facet normal 0.6433032694439539 -0.05599367190470164 -0.7635611385012653
    outer loop
      vertex 20.538079275966123 -20.28807927596612 5.947188896960484
      vertex 25.157240968220204 1.086329956083693 8.27141687496431
      vertex 26.674327572793985 -26.42432757279398 11.566987298107781
    endloop
  endfacet
  facet normal 0.8656862099728095 0.027985373868371022 0.4998041663615462
    outer loop
      vertex 24.593379114890094 -22.816033101097304 17.86891218562848
      vertex 25.389632174502765 -1.5792698295134728 15.300658178045504
      vertex 24.48136712338646 -19.368395227846186 17.869880167856646
    endloop
  endfacet
  facet normal 0.8660254037844386 0 0.5
    outer loop
      vertex 25.25 -25 0.4330127018922193
      vertex 25.5 -25 0
      vertex 25.25 23.140396495508487 0.4330127018922193
    endloop
  endfacet
  facet normal 0.8660254037844386 0 -0.5
    outer loop
      vertex 25.25 -25 -0.4330127018922193
      vertex 25.5 25 0
      vertex 25.5 -25 0
    endloop
  endfacet
  facet normal 0.8659616049498824 -0.01213802579351596 -0.49996316572569593
    outer loop
      vertex 26.674327572793985 -26.42432757279398 11.566987298107781
      vertex 25.157240968220204 1.086329956083693 8.27141687496431
      vertex 25.407240968220204 1.086329956083693 8.704429576856528
    endloop
  endfacet
  facet normal 0.6790346296937086 0.022267505697521676 -0.7337684443111048
    outer loop
      vertex 30.409135556099052 -26.862715253581865 23.12805154148019
      vertex 24.48136712338646 -19.368395227846186 17.869880167856646
      vertex 23.29030929531012 16.95222021143151 17.869880167856646
    endloop
  endfacet
  facet normal 0.9176829340397338 0.05561836760310825 -0.39340135962829537
    outer loop
      vertex 24.020961870651043 -23.520961870651043 30.155284917174512
      vertex 23.802443240647317 -19.971369808362898 30.14738382256294
      vertex 23.686184628825107 -1.3792005648110552 32.50471568435139
    endloop
  endfacet
  facet normal 0.6732964413818548 0.04080674009899271 0.7382456989275479
    outer loop
      vertex 23.867799320156244 -21.049721464223698 30.14738382256294
      vertex 25.27535575577124 -0.9028091022288769 27.750034866425636
      vertex 23.802443240647317 -19.971369808362898 30.14738382256294
    endloop
  endfacet
  facet normal 0.8659443736681773 -0.013679264718350364 0.49995321724056674
    outer loop
      vertex 26.438185359174454 -26.188185359174458 36.43301270189222
      vertex 26.688185359174454 -26.188185359174458 36
      vertex 27.265567595669314 26.187947957742466 36.43301270189222
    endloop
  endfacet
  facet normal 0.8659443736681763 -0.013679264718350367 -0.49995321724056835
    outer loop
      vertex 26.688185359174454 -26.188185359174458 36
      vertex 26.451494524450254 -25.345669549582798 35.56698729810778
      vertex 27.265567595669314 26.187947957742466 35.56698729810778
    endloop
  endfacet
  facet normal 0.7840036100860589 0.051444967195498605 -0.6186208489230549
    outer loop
      vertex 30.409135556099052 -26.862715253581865 23.12805154148019
      vertex 27.222880283985646 26.972880283985646 23.56698729810778
      vertex 30.77000656702862 -27.08410454737347 23.56698729810778
    endloop
  endfacet
  facet normal 0.8646304453701228 0.05673556132402594 -0.49919462038398504
    outer loop
      vertex 30.77000656702862 -27.08410454737347 23.56698729810778
      vertex 27.222880283985646 26.972880283985646 23.56698729810778
      vertex 31.02000656702862 -27.08410454737347 24
    endloop
  endfacet
  facet normal 0.8646304453701228 0.05673556132402594 0.49919462038398504
    outer loop
      vertex 31.02000656702862 -27.08410454737347 24
      vertex 27.222880283985646 26.972880283985646 24.43301270189222
      vertex 30.77000656702862 -27.08410454737347 24.43301270189222
    endloop
  endfacet
  facet normal 0.8656862099728083 0.027985373868371428 0.49980416636154845
    outer loop
      vertex 24.48136712338646 -19.368395227846186 17.869880167856646
      vertex 25.389632174502765 -1.5792698295134728 15.300658178045504
      vertex 25.139632174502765 -1.5792698295134728 15.733670879937723
    endloop
  endfacet
  facet normal 0.7602446214928439 0 0.6496369105055549
    outer loop
      vertex 25.25 -25 0.4330127018922193
      vertex 25.25 23.140396495508487 0.4330127018922193
      vertex 22.755628593747442 1.3092252416657026 3.3520778211036584
    endloop
  endfacet
  facet normal 0.8642232739434725 0.028340375932148727 0.5023096215149079
    outer loop
      vertex 24.48136712338646 -19.368395227846186 17.869880167856646
      vertex 25.139632174502765 -1.5792698295134728 15.733670879937723
      vertex 23.29030929531012 16.95222021143151 17.869880167856646
    endloop
  endfacet
  facet normal 0.9314530327276344 0.009213061133608145 0.36374492068899167
    outer loop
      vertex 26.924327572793985 -26.42432757279398 12
      vertex 26.40671787700208 25.90671787700208 12
      vertex 25.389632174502765 -1.5792698295134728 15.300658178045504
    endloop
  endfacet
  facet normal 0.9176829340397389 0.05561836760310674 -0.39340135962828326
    outer loop
      vertex 23.802443240647317 -19.971369808362898 30.14738382256294
      vertex 23.489920013291872 0.3217913668444329 32.28737456034822
      vertex 23.686184628825107 -1.3792005648110552 32.50471568435139
    endloop
  endfacet
  facet normal 0.7728189694731281 -0.012208169005133575 0.6345091024028215
    outer loop
      vertex 26.438185359174454 -26.188185359174458 36.43301270189222
      vertex 27.265567595669314 26.187947957742466 36.43301270189222
      vertex 22.054012340103736 -21.804012340103736 41.8571977714544
    endloop
  endfacet
  facet normal 0.7728189694915041 -0.01220816900966855 0.6345091023803527
    outer loop
      vertex 22.054012340103736 -21.804012340103736 41.8571977714544
      vertex 27.265567595669314 26.187947957742466 36.43301270189222
      vertex 22.05534101698503 -21.6605707094738 41.85833933580525
    endloop
  endfacet
  facet normal 0.7728189694726134 -0.012208169004994773 0.6345091024034513
    outer loop
      vertex 22.05534101698503 -21.6605707094738 41.85833933580525
      vertex 27.168525593385496 26.091076411798127 36.54934401332083
      vertex 22.098467465103486 -17.004714849289485 41.895392449658225
    endloop
  endfacet
  facet normal 0.6977028825198671 -0.011021565258650882 -0.7163024590371847
    outer loop
      vertex 26.451494524450254 -25.345669549582798 35.56698729810778
      vertex 23.686184628825107 -1.3792005648110552 32.50471568435139
      vertex 27.265567595669314 26.187947957742466 35.56698729810778
    endloop
  endfacet
  facet normal 0.6592859851951155 0.04326121135729424 0.7506466927371396
    outer loop
      vertex 30.77000656702862 -27.08410454737347 24.43301270189222
      vertex 27.222880283985646 26.972880283985646 24.43301270189222
      vertex 25.27535575577124 -0.9028091022288769 27.750034866425636
    endloop
  endfacet
  facet normal 0.4810575717939201 -0.045977873936680895 -0.8754825227998558
    outer loop
      vertex 20.33201348985572 -19.91570406274216 54.028594397949
      vertex 20.423366503622166 -17.338292546332223 53.943432397721445
      vertex 26.114227658916867 1.1656071070320455 56.09865746966088
    endloop
  endfacet
  facet normal 0.48105757179392533 -0.04597787393668285 -0.875482522799853
    outer loop
      vertex 20.423366503622166 -17.338292546332223 53.943432397721445
      vertex 20.52046175382803 -14.598870979912094 53.8529173136623
      vertex 26.114227658916867 1.1656071070320455 56.09865746966088
    endloop
  endfacet
  facet normal 0.46747781099745633 0.01263687149979066 0.8839144787272829
    outer loop
      vertex 20.33201348985572 -19.91570406274216 54.028594397949
      vertex 29.580990500831255 29.330990500831255 48.43301270189222
      vertex 20.423366503622166 -17.338292546332223 53.943432397721445
    endloop
  endfacet
  facet normal 0.46747781099745944 0.012636871499789868 0.8839144787272812
    outer loop
      vertex 20.423366503622166 -17.338292546332223 53.943432397721445
      vertex 29.580990500831255 29.330990500831255 48.43301270189222
      vertex 20.52046175382803 -14.598870979912094 53.8529173136623
    endloop
  endfacet
  facet normal 0.6959805316928589 -0.005950815042993685 -0.718035993042723
    outer loop
      vertex 22.677653086946158 -22.427653086946158 66.03809707078493
      vertex 22.668294437218325 -18.2655822417639 65.99453219087346
      vertex 22.978861306062498 18.056920296580138 65.99453219087346
    endloop
  endfacet
  facet normal 0.7049900753597976 -0.006027848990844668 0.7091915528830911
    outer loop
      vertex 22.668294437218325 -18.2655822417639 65.99453219087346
      vertex 25.033947191439818 0.15739720054406767 63.79948239211947
      vertex 22.978861306062498 18.056920296580138 65.99453219087346
    endloop
  endfacet
  facet normal 0.481057571793922 -0.04597787393668156 -0.8754825227998546
    outer loop
      vertex 20.33201348985572 -19.91570406274216 54.028594397949
      vertex 26.114227658916867 1.1656071070320455 56.09865746966088
      vertex 29.257425911974558 -26.941243883779006 59.301865412552665
    endloop
  endfacet
  facet normal 0.5304372605056631 0.0018331479699577702 -0.8477222140747329
    outer loop
      vertex 22.098467465103486 -17.004714849289485 41.895392449658225
      vertex 21.9763290303101 18.337100332026804 41.895392449658225
      vertex 30.5687719517796 -27.53335720772111 47.172668984257975
    endloop
  endfacet
  facet normal 0.5830307456993805 0.015760501227021637 -0.8122972092592079
    outer loop
      vertex 30.5687719517796 -27.53335720772111 47.172668984257975
      vertex 29.580990500831255 29.330990500831255 47.56698729810778
      vertex 31.129928271807366 -27.969112500067915 47.56698729810778
    endloop
  endfacet
  facet normal 0.8657881896468195 0.023404007294505945 0.49986304435379264
    outer loop
      vertex 31.129928271807366 -27.969112500067915 48.43301270189222
      vertex 31.379928271807366 -27.969112500067915 48
      vertex 29.580990500831255 29.330990500831255 48.43301270189222
    endloop
  endfacet
  facet normal 0.8657881896468195 0.023404007294505945 -0.49986304435379264
    outer loop
      vertex 31.129928271807366 -27.969112500067915 47.56698729810778
      vertex 29.830990500831255 29.330990500831255 48
      vertex 31.379928271807366 -27.969112500067915 48
    endloop
  endfacet
  facet normal 0.7614700216808361 0.011294280182623994 -0.6481017245128603
    outer loop
      vertex 29.488315258853365 -27.294463803490608 59.56698729810778
      vertex 29.257425911974558 -26.941243883779006 59.301865412552665
      vertex 28.662064557710977 28.412064557710977 59.56698729810778
    endloop
  endfacet
  facet normal 0.8659539673688801 0.01284400758303038 -0.49995875616625
    outer loop
      vertex 29.488315258853365 -27.294463803490608 59.56698729810778
      vertex 28.912064557710977 28.412064557710977 60
      vertex 29.738315258853365 -27.294463803490608 60
    endloop
  endfacet
  facet normal 0.8659539673688801 0.01284400758303038 0.49995875616625
    outer loop
      vertex 29.488315258853365 -27.294463803490608 60.43301270189222
      vertex 29.738315258853365 -27.294463803490608 60
      vertex 28.912064557710977 28.412064557710977 60
    endloop
  endfacet
  facet normal 0.695980531692904 -0.005950815042987683 -0.7180359930426794
    outer loop
      vertex 28.233002339759132 -27.983002339759132 71.46884681090722
      vertex 22.978861306062498 18.056920296580138 65.99453219087346
      vertex 28.280957985386085 -27.624436867345352 71.51235777586818
    endloop
  endfacet
  facet normal 0.8053186855172028 0.021489354010880486 -0.5924525486661691
    outer loop
      vertex 28.280957985386085 -27.624436867345352 71.51235777586818
      vertex 22.98463625475514 18.73233229183935 65.99453219087346
      vertex 28.309134505568665 -27.174245508290063 71.56698729810778
    endloop
  endfacet
  facet normal 0.7859973444056786 -0.008036248588904797 -0.6181776389484163
    outer loop
      vertex 23.808908296385802 -21.412071843603126 77.95735671796706
      vertex 25.81243488900226 0.9391983987652625 80.21422615062806
      vertex 23.826715817850573 -23.576715817850577 78.00813869338546
    endloop
  endfacet
  facet normal 0.7857369011889077 0.020966828080247323 0.6182053980921761
    outer loop
      vertex 23.808908296385802 -21.412071843603126 77.95735671796706
      vertex 25.10624174780576 -0.9550800801647887 75.61463858619408
      vertex 23.798789557000237 -20.18205966693418 77.92850095745263
    endloop
  endfacet
  facet normal 0.7859973444056596 -0.008036248588900645 -0.6181776389484405
    outer loop
      vertex 23.808908296385802 -21.412071843603126 77.95735671796706
      vertex 23.798789557000237 -20.18205966693418 77.92850095745263
      vertex 25.81243488900226 0.9391983987652625 80.21422615062806
    endloop
  endfacet
  facet normal 0.9014518684449441 -0.00921668674495727 0.4327812167395489
    outer loop
      vertex 23.798789557000237 -20.18205966693418 77.92850095745263
      vertex 25.10624174780576 -0.9550800801647887 75.61463858619408
      vertex 23.82249251822436 -17.863755999419865 77.92850095745263
    endloop
  endfacet
  facet normal 0.785997344405673 -0.008036248588903805 -0.6181776389484233
    outer loop
      vertex 23.798789557000237 -20.18205966693418 77.92850095745263
      vertex 23.82249251822436 -17.863755999419865 77.92850095745263
      vertex 25.81243488900226 0.9391983987652625 80.21422615062806
    endloop
  endfacet
  facet normal 0.6959805316928772 -0.005950815042993803 -0.7180359930427054
    outer loop
      vertex 22.677653086946158 -22.427653086946158 66.03809707078493
      vertex 22.978861306062498 18.056920296580138 65.99453219087346
      vertex 28.233002339759132 -27.983002339759132 71.46884681090722
    endloop
  endfacet
  facet normal 0.7857369011888461 0.02096682808025911 0.618205398092254
    outer loop
      vertex 28.309134505568665 -27.174245508290063 72.43301270189222
      vertex 25.228071483308717 0.8365095886963688 75.39903051833272
      vertex 25.10624174780576 -0.9550800801647887 75.61463858619408
    endloop
  endfacet
  facet normal 0.8657942509818317 0.0231031012871451 -0.49986654386718554
    outer loop
      vertex 28.309134505568665 -27.174245508290063 71.56698729810778
      vertex 27.12357800443351 26.62357800443351 72
      vertex 28.559134505568665 -27.174245508290063 72
    endloop
  endfacet
  facet normal 0.8657942509818317 0.0231031012871451 0.49986654386718554
    outer loop
      vertex 28.309134505568665 -27.174245508290063 72.43301270189222
      vertex 28.559134505568665 -27.174245508290063 72
      vertex 27.12357800443351 26.62357800443351 72
    endloop
  endfacet
  facet normal 0.8655931289575317 -0.031591878735184147 -0.4997504260123159
    outer loop
      vertex 28.15443688161477 -27.904436881614775 83.56698729810778
      vertex 30.213775745796077 28.519860830230563 83.56698729810778
      vertex 28.40443688161477 -27.904436881614775 84
    endloop
  endfacet
  facet normal 0.46747781099745245 0.01263687149979159 0.8839144787272849
    outer loop
      vertex 20.33201348985572 -19.91570406274216 54.028594397949
      vertex 31.129928271807366 -27.969112500067915 48.43301270189222
      vertex 29.580990500831255 29.330990500831255 48.43301270189222
    endloop
  endfacet
  facet normal 0.7857369011888496 0.020966828080259955 0.6182053980922496
    outer loop
      vertex 28.309134505568665 -27.174245508290063 72.43301270189222
      vertex 26.904025308498444 25.48255799635429 72.43301270189222
      vertex 25.228071483308717 0.8365095886963688 75.39903051833272
    endloop
  endfacet
  facet normal 0.003344135942814725 -0.6052891440803183 0.7959986613137684
    outer loop
      vertex -3.658500182793396 -28.293830083405876 84.45063794430335
      vertex -3.658500183284002 -28.29383008340823 84.45063794430362
      vertex 27.981691130208507 -28.142201010688563 84.43301270189222
    endloop
  endfacet
  facet normal 0.06129149566112858 -0.5114262237799913 0.8571385945048561
    outer loop
      vertex -22.100960032643616 -24.45604408740967 90.2136856802698
      vertex 27.633626078124657 -28.116582909975037 84.47318729717784
      vertex 13.976724256387406 -20.132340829252215 90.2136856802698
    endloop
  endfacet
  facet normal 0.0047417974255202595 -0.5716691567950479 -0.8204705299560822
    outer loop
      vertex -27.847400139390746 -28.16241851705827 95.56698729810778
      vertex 19.633801576507008 -19.794311456987064 90.01085541950324
      vertex 27.542468879870132 -27.70297876035018 95.56698729810778
    endloop
  endfacet
  facet normal -0.00181809218253954 -0.713066360679525 -0.7010941875440655
    outer loop
      vertex -26.6638549096773 -27.293891665012353 107.52444285945009
      vertex 16.808932635865848 -22.108029326387808 102.13729005305147
      vertex 21.833453044395007 -21.99396292487506 102.00824611475385
    endloop
  endfacet
  facet normal 0.034247129775243836 -0.6805251998857509 0.7319238938732746
    outer loop
      vertex -20.987750297468683 -24.010130682383096 102.13729005305147
      vertex 27.01145440701506 -27.66257185906894 96.49542853025632
      vertex 16.808932635865848 -22.108029326387808 102.13729005305147
    endloop
  endfacet
  facet normal -0.0018180921825399594 -0.7130663606795238 -0.7010941875440667
    outer loop
      vertex -27.01979588132251 -27.334814258990033 107.56698729810778
      vertex 21.833453044395007 -21.99396292487506 102.00824611475385
      vertex 27.312835288722813 -27.473345169202865 107.56698729810778
    endloop
  endfacet
  facet normal 0.0003368944754850804 -0.5006404618413294 -0.8656552515114854
    outer loop
      vertex -29.133902223870095 -29.521351725272243 119.5554881793153
      vertex 19.640858618269064 -19.801368498749117 113.95304432458482
      vertex 29.3413753291339 -29.501885209613956 119.56698729810778
    endloop
  endfacet
  facet normal 0.004741797425519224 -0.5716691567950433 -0.8204705299560855
    outer loop
      vertex -27.463005063247444 -28.093041818582495 95.52087010833077
      vertex 13.976724256387406 -20.132340829252215 90.2136856802698
      vertex 19.633801576507008 -19.794311456987064 90.01085541950324
    endloop
  endfacet
  facet normal 0.00033689447548748713 -0.5006404618413384 -0.86565525151148
    outer loop
      vertex -29.133902223870095 -29.521351725272243 119.5554881793153
      vertex 15.349930692707659 -19.91672287488039 114.01808809129291
      vertex 19.640858618269064 -19.801368498749117 113.95304432458482
    endloop
  endfacet
  facet normal 0.007265957765231652 -0.8759808942075743 0.48229107273621846
    outer loop
      vertex -27.770145890797007 -28.40018264613206 96
      vertex 27.61972312846387 -27.94074288942397 96
      vertex 27.542468879870132 -27.70297876035018 96.43301270189222
    endloop
  endfacet
  facet normal 0.007265957765231653 -0.8759808942075744 -0.4822910727362184
    outer loop
      vertex -27.847400139390746 -28.16241851705827 95.56698729810778
      vertex 27.542468879870132 -27.70297876035018 95.56698729810778
      vertex 27.61972312846387 -27.94074288942397 96
    endloop
  endfacet
  facet normal 0.0067377846986688104 -0.8123045654848838 0.5831945602882185
    outer loop
      vertex -27.847400139390746 -28.16241851705827 96.43301270189222
      vertex 27.542468879870132 -27.70297876035018 96.43301270189222
      vertex 27.01145440701506 -27.66257185906894 96.49542853025632
    endloop
  endfacet
  facet normal -0.002235350531496281 -0.8767175194110703 -0.4810004099433813
    outer loop
      vertex -27.01979588132251 -27.334814258990033 107.56698729810778
      vertex 27.312835288722813 -27.473345169202865 107.56698729810778
      vertex 27.390089537316552 -27.711109298276654 108
    endloop
  endfacet
  facet normal -0.0022353505314962807 -0.8767175194110702 0.48100040994338134
    outer loop
      vertex -26.94254163272877 -27.57257838806382 108
      vertex 27.390089537316552 -27.711109298276654 108
      vertex 27.312835288722813 -27.473345169202865 108.43301270189222
    endloop
  endfacet
  facet normal 0.0005898251810693342 -0.8765069555715048 -0.48138883341954225
    outer loop
      vertex -29.22627858658918 -29.541296964256706 119.56698729810778
      vertex 29.3413753291339 -29.501885209613956 119.56698729810778
      vertex 29.41862957772764 -29.739649338687745 120
    endloop
  endfacet
  facet normal 0.0005898251810693342 -0.8765069555715048 0.48138883341954225
    outer loop
      vertex -29.22627858658918 -29.541296964256706 120.43301270189222
      vertex 29.41862957772764 -29.739649338687745 120
      vertex 29.3413753291339 -29.501885209613956 120.43301270189222
    endloop
  endfacet
  facet normal -0.0017628096648125157 -0.6913842347105106 0.722485108840208
    outer loop
      vertex -27.01979588132251 -27.334814258990033 108.43301270189222
      vertex 27.312835288722813 -27.473345169202865 108.43301270189222
      vertex 26.76547990788787 -27.400569418213195 108.50132016310381
    endloop
  endfacet
  facet normal -0.06216030069528349 -0.7102370069742133 0.7012128713463429
    outer loop
      vertex -14.338866983195567 -20.32966022949361 125.85116284694426
      vertex 29.3413753291339 -29.501885209613956 120.43301270189222
      vertex 20.337704044408426 -23.364571197228468 125.85116284694426
    endloop
  endfacet
  facet normal 0.02769604130540319 -0.5654199515698796 0.8243380421057399
    outer loop
      vertex -17.441002908947237 -21.522925572455193 114.01808809129292
      vertex 26.76547990788787 -27.400569418213195 108.50132016310381
      vertex 15.349930692707659 -19.91672287488039 114.01808809129291
    endloop
  endfacet
  facet normal -0.041829378603195466 -0.714556649112355 -0.6983259255498062
    outer loop
      vertex -25.16259893002217 -26.20232693364838 143.5669872981078
      vertex 4.355737926264418 -27.729517327910497 143.36153933725083
      vertex 29.225646513055256 -29.386156393535313 143.5669872981078
    endloop
  endfacet
  facet normal -0.04182937860319532 -0.7145566491123537 -0.6983259255498074
    outer loop
      vertex -21.73546161238512 -25.991525397867925 143.1460024074378
      vertex 19.17012841867224 -23.475442614672595 138.12121531811005
      vertex 4.355737926264418 -27.729517327910497 143.36153933725083
    endloop
  endfacet
  facet normal 0.021180723924417937 -0.7122419896820952 -0.7016143706251516
    outer loop
      vertex -22.928124509069377 -29.473246106452677 130.74623533335068
      vertex 20.337704044408426 -23.364571197228468 125.85116284694426
      vertex 23.289137397838335 -23.449647278318388 126.0266271154433
    endloop
  endfacet
  facet normal 0.0047837476881918365 -0.7293130266195343 0.6841634490098911
    outer loop
      vertex -20.45703062804215 -23.735367123848025 138.12121531811005
      vertex 23.422622099696127 -23.583131980176184 137.9766853610524
      vertex 19.17012841867224 -23.475442614672595 138.12121531811005
    endloop
  endfacet
  facet normal 0 -0.8921604041605132 -0.4517187324521195
    outer loop
      vertex -24.845491502812525 -25.475528258147577 156
      vertex 20.22217040772314 -22.560155340347176 150.24203582059968
      vertex 25.154508497187475 -25.475528258147577 156
    endloop
  endfacet
  facet normal 0.025999751840266084 -0.8742909377428985 -0.48470544569345214
    outer loop
      vertex -30.105208963472048 -30.7352457188071 132
      vertex 28.589213671017905 -28.749723551497954 131.5669872981078
      vertex 28.666467919611645 -28.987487680571743 132
    endloop
  endfacet
  facet normal 0.025999751840266084 -0.8742909377428985 0.48470544569345214
    outer loop
      vertex -30.105208963472048 -30.7352457188071 132
      vertex 28.666467919611645 -28.987487680571743 132
      vertex 28.589213671017905 -28.749723551497954 132.4330127018922
    endloop
  endfacet
  facet normal -0.05146949441387779 -0.8792353768573085 -0.4735990321224978
    outer loop
      vertex -25.769976685364984 -26.400013440700036 144
      vertex 29.225646513055256 -29.386156393535313 143.5669872981078
      vertex 29.302900761648996 -29.6239205226091 144
    endloop
  endfacet
  facet normal -0.014434717214842786 -0.8775444521523048 0.47927797094758984
    outer loop
      vertex -24.826560636250186 -25.456597391585237 150
      vertex 29.302900761648996 -29.6239205226091 144
      vertex 29.225646513055256 -29.386156393535313 144.4330127018922
    endloop
  endfacet
  facet normal 0.021180723924416698 -0.7122419896820905 -0.7016143706251566
    outer loop
      vertex -22.928124509069377 -29.473246106452677 130.74623533335068
      vertex 23.289137397838335 -23.449647278318388 126.0266271154433
      vertex 28.589213671017905 -28.749723551497954 131.5669872981078
    endloop
  endfacet
  facet normal 0.0047837476881918365 -0.7293130266195412 0.6841634490098841
    outer loop
      vertex -20.45703062804215 -23.735367123848025 138.12121531811005
      vertex 28.589213671017905 -28.749723551497954 132.4330127018922
      vertex 23.422622099696127 -23.583131980176184 137.9766853610524
    endloop
  endfacet
  facet normal -0.041829378603192524 -0.7145566491123585 -0.6983259255498027
    outer loop
      vertex 4.355737926264418 -27.729517327910497 143.36153933725083
      vertex 19.17012841867224 -23.475442614672595 138.12121531811005
      vertex 23.422622099696127 -23.583131980176184 137.9766853610524
    endloop
  endfacet
  facet normal 0.039662925833926665 -0.6167303762863257 0.786174595926388
    outer loop
      vertex -23.18090226420782 -25.35147699166166 150.24203582059965
      vertex 29.225646513055256 -29.386156393535313 144.4330127018922
      vertex 20.22217040772314 -22.560155340347176 150.24203582059968
    endloop
  endfacet
  facet normal 0 -0.8765515079563075 0.4813080654835563
    outer loop
      vertex -24.922745751406264 -25.23776412907379 156.4330127018922
      vertex 25.154508497187475 -25.475528258147577 156
      vertex 25.077254248593736 -25.23776412907379 156.4330127018922
    endloop
  endfacet
  facet normal 0 0 1
    outer loop
      vertex -24.922745751406264 -25.23776412907379 156.4330127018922
      vertex 25.077254248593736 -25.23776412907379 156.4330127018922
      vertex 25.25 -25 156.4330127018922
    endloop
  endfacet
  facet normal 0 0 1
    outer loop
      vertex 25.25 -25 156.4330127018922
      vertex 0 -5.226251859505506 156.4330127018922
      vertex -3.6955181300451474 -3.6955181300451474 156.4330127018922
    endloop
  endfacet
  facet normal 0 0 1
    outer loop
      vertex 25.25 -25 156.4330127018922
      vertex 3.6955181300451474 -3.6955181300451474 156.4330127018922
      vertex 0 -5.226251859505506 156.4330127018922
    endloop
  endfacet
  facet normal 0 0 1
    outer loop
      vertex 25.25 -25 156.4330127018922
      vertex 5.226251859505506 0 156.4330127018922
      vertex 3.6955181300451474 -3.6955181300451474 156.4330127018922
    endloop
  endfacet
  facet normal 0 0 1
    outer loop
      vertex 25.25 -25 156.4330127018922
      vertex 3.6955181300451474 3.6955181300451474 156.4330127018922
      vertex 5.226251859505506 0 156.4330127018922
    endloop
  endfacet
  facet normal 0 0 1
    outer loop
      vertex 25.25 -25 156.4330127018922
      vertex 5.5 10.25 156.4330127018922
      vertex 3.6955181300451474 3.6955181300451474 156.4330127018922
    endloop
  endfacet
  facet normal 0 0 1
    outer loop
      vertex 25.25 -25 156.4330127018922
      vertex 5.5 13.75 156.4330127018922
      vertex 5.5 10.25 156.4330127018922
    endloop
  endfacet
  facet normal 0.004272277089981371 -0.8259643355229845 0.5637061859626351
    outer loop
      vertex -3.658500182793396 -28.293830083405876 84.45063794430335
      vertex 27.981691130208507 -28.142201010688563 84.43301270189222
      vertex 27.633626078124657 -28.116582909975037 84.47318729717784
    endloop
  endfacet
  facet normal 0.03424712977524258 -0.6805251998857521 0.7319238938732734
    outer loop
      vertex 16.808932635865848 -22.108029326387808 102.13729005305147
      vertex 27.01145440701506 -27.66257185906894 96.49542853025632
      vertex 21.833453044395007 -21.99396292487506 102.00824611475385
    endloop
  endfacet
  facet normal 0.061291495661130437 -0.511426223779989 0.8571385945048573
    outer loop
      vertex 13.976724256387406 -20.132340829252215 90.2136856802698
      vertex 27.633626078124657 -28.116582909975037 84.47318729717784
      vertex 19.633801576507008 -19.794311456987064 90.01085541950324
    endloop
  endfacet
  facet normal 0.34911356852442826 -0.2536458546367125 0.902099493790874
    outer loop
      vertex 19.633801576507008 -19.794311456987064 90.01085541950324
      vertex 28.086195491416976 -27.83619549141698 84.4786098242434
      vertex 19.80654732791327 -19.556547327913275 90.01085541950324
    endloop
  endfacet
  facet normal 0.36351443573597025 -0.2641086971060558 -0.8933665827220654
    outer loop
      vertex 19.633801576507008 -19.794311456987064 90.01085541950324
      vertex 19.80654732791327 -19.556547327913275 90.01085541950324
      vertex 27.715214631276396 -27.465214631276393 95.56698729810778
    endloop
  endfacet
  facet normal 0.5417151762089937 -0.01977118299958757 0.8403295592728223
    outer loop
      vertex 19.80654732791327 -19.556547327913275 90.01085541950324
      vertex 28.086195491416976 -27.83619549141698 84.4786098242434
      vertex 20.183084136923863 -14.47613708235323 89.88765377555062
    endloop
  endfacet
  facet normal 0.5329746542779132 -0.05996901175141592 -0.8440033978171517
    outer loop
      vertex 19.80654732791327 -19.556547327913275 90.01085541950324
      vertex 20.183084136923863 -14.47613708235323 89.88765377555062
      vertex 27.715214631276396 -27.465214631276393 95.56698729810778
    endloop
  endfacet
  facet normal 0.02769604130540027 -0.5654199515698825 0.8243380421057379
    outer loop
      vertex 15.349930692707659 -19.91672287488039 114.01808809129291
      vertex 26.76547990788787 -27.400569418213195 108.50132016310381
      vertex 19.640858618269064 -19.801368498749117 113.95304432458482
    endloop
  endfacet
  facet normal 0.37047065366514215 -0.2691626852656726 0.8889898445052647
    outer loop
      vertex 19.640858618269064 -19.801368498749117 113.95304432458482
      vertex 27.40373704340684 -27.15373704340684 108.49189993127786
      vertex 19.81360436967533 -19.56360436967533 113.95304432458482
    endloop
  endfacet
  facet normal 0.3096667041289475 -0.22498603005693504 -0.9238440445406004
    outer loop
      vertex 19.640858618269064 -19.801368498749117 113.95304432458482
      vertex 19.81360436967533 -19.56360436967533 113.95304432458482
      vertex 29.514121080540164 -29.264121080540168 119.56698729810778
    endloop
  endfacet
  facet normal 0.03424712977524346 -0.6805251998856923 0.731923893873329
    outer loop
      vertex 27.01145440701506 -27.66257185906894 96.49542853025632
      vertex 27.542468879870132 -27.70297876035018 96.43301270189222
      vertex 27.475108946282415 -27.635618826762464 96.49879415411604
    endloop
  endfacet
  facet normal 0.06129149566116183 -0.5114262237799652 0.8571385945048694
    outer loop
      vertex 19.633801576507008 -19.794311456987064 90.01085541950324
      vertex 27.633626078124657 -28.116582909975037 84.47318729717784
      vertex 27.913449740010712 -28.07395962049077 84.4786098242434
    endloop
  endfacet
  facet normal 0.349113568524428 -0.25364585463671313 0.9020994937908738
    outer loop
      vertex 19.633801576507008 -19.794311456987064 90.01085541950324
      vertex 27.913449740010712 -28.07395962049077 84.4786098242434
      vertex 28.086195491416976 -27.83619549141698 84.4786098242434
    endloop
  endfacet
  facet normal 0.3635144357359713 -0.26410869710605706 -0.8933665827220645
    outer loop
      vertex 19.633801576507008 -19.794311456987064 90.01085541950324
      vertex 27.715214631276396 -27.465214631276393 95.56698729810778
      vertex 27.542468879870132 -27.70297876035018 95.56698729810778
    endloop
  endfacet
  facet normal 0.0342471297752467 -0.6805251998857497 0.7319238938732755
    outer loop
      vertex 21.833453044395007 -21.99396292487506 102.00824611475385
      vertex 27.01145440701506 -27.66257185906894 96.49542853025632
      vertex 27.475108946282415 -27.635618826762464 96.49879415411604
    endloop
  endfacet
  facet normal 0.46355996883669454 -0.3367960316407005 0.8195612169711296
    outer loop
      vertex 21.833453044395007 -21.99396292487506 102.00824611475385
      vertex 27.64785469768868 -27.397854697688675 96.49879415411604
      vertex 22.00619879580127 -21.75619879580127 102.00824611475385
    endloop
  endfacet
  facet normal 0.4754199643885468 -0.3454128227910756 -0.8091142313124234
    outer loop
      vertex 21.833453044395007 -21.99396292487506 102.00824611475385
      vertex 22.00619879580127 -21.75619879580127 102.00824611475385
      vertex 27.485581040129077 -27.235581040129077 107.56698729810778
    endloop
  endfacet
  facet normal 0.46355996883669437 -0.3367960316407006 0.8195612169711297
    outer loop
      vertex 21.833453044395007 -21.99396292487506 102.00824611475385
      vertex 27.475108946282415 -27.635618826762464 96.49879415411604
      vertex 27.64785469768868 -27.397854697688675 96.49879415411604
    endloop
  endfacet
  facet normal 0.06129149566113916 -0.5114262237798365 0.8571385945049478
    outer loop
      vertex 27.633626078124657 -28.116582909975037 84.47318729717784
      vertex 27.981691130208507 -28.142201010688563 84.43301270189222
      vertex 27.913449740010712 -28.07395962049077 84.4786098242434
    endloop
  endfacet
  facet normal 0.3491135685243263 -0.2536458546366384 0.9020994937909341
    outer loop
      vertex 27.981691130208507 -28.142201010688563 84.43301270189222
      vertex 28.086195491416976 -27.83619549141698 84.4786098242434
      vertex 27.913449740010712 -28.07395962049077 84.4786098242434
    endloop
  endfacet
  facet normal 0.732999678137138 -0.5325554391808754 0.423197561488387
    outer loop
      vertex 27.981691130208507 -28.142201010688563 84.43301270189222
      vertex 28.058945378802246 -28.37996513976235 84
      vertex 28.15443688161477 -27.904436881614775 84.43301270189222
    endloop
  endfacet
  facet normal 0.34911356852432635 -0.2536458546366384 0.9020994937909341
    outer loop
      vertex 27.981691130208507 -28.142201010688563 84.43301270189222
      vertex 28.15443688161477 -27.904436881614775 84.43301270189222
      vertex 28.086195491416976 -27.83619549141698 84.4786098242434
    endloop
  endfacet
  facet normal 0.732999678137138 -0.5325554391808754 -0.423197561488387
    outer loop
      vertex 27.61972312846387 -27.94074288942397 96
      vertex 27.542468879870132 -27.70297876035018 95.56698729810778
      vertex 27.715214631276396 -27.465214631276393 95.56698729810778
    endloop
  endfacet
  facet normal 0.7329996781371418 -0.5325554391808728 -0.4231975614883832
    outer loop
      vertex 27.61972312846387 -27.94074288942397 96
      vertex 27.715214631276396 -27.465214631276393 95.56698729810778
      vertex 27.965214631276396 -27.465214631276393 96
    endloop
  endfacet
  facet normal 0.7329996781371418 -0.5325554391808728 0.4231975614883832
    outer loop
      vertex 27.61972312846387 -27.94074288942397 96
      vertex 27.965214631276396 -27.465214631276393 96
      vertex 27.715214631276396 -27.465214631276393 96.43301270189222
    endloop
  endfacet
  facet normal 0.732999678137138 -0.5325554391808754 0.423197561488387
    outer loop
      vertex 27.61972312846387 -27.94074288942397 96
      vertex 27.715214631276396 -27.465214631276393 96.43301270189222
      vertex 27.542468879870132 -27.70297876035018 96.43301270189222
    endloop
  endfacet
  facet normal 0.4635599688366451 -0.3367960316406645 0.8195612169711723
    outer loop
      vertex 27.475108946282415 -27.635618826762464 96.49879415411604
      vertex 27.542468879870132 -27.70297876035018 96.43301270189222
      vertex 27.64785469768868 -27.397854697688675 96.49879415411604
    endloop
  endfacet
  facet normal 0.4635599688366451 -0.3367960316406645 0.8195612169711723
    outer loop
      vertex 27.542468879870132 -27.70297876035018 96.43301270189222
      vertex 27.715214631276396 -27.465214631276393 96.43301270189222
      vertex 27.64785469768868 -27.397854697688675 96.49879415411604
    endloop
  endfacet
  facet normal 0.4754199643885466 -0.34541282279107594 -0.8091142313124234
    outer loop
      vertex 21.833453044395007 -21.99396292487506 102.00824611475385
      vertex 27.485581040129077 -27.235581040129077 107.56698729810778
      vertex 27.312835288722813 -27.473345169202865 107.56698729810778
    endloop
  endfacet
  facet normal 0.02769604130540718 -0.5654199515698781 0.8243380421057406
    outer loop
      vertex 19.640858618269064 -19.801368498749117 113.95304432458482
      vertex 26.76547990788787 -27.400569418213195 108.50132016310381
      vertex 27.230991292000574 -27.391501172480627 108.49189993127786
    endloop
  endfacet
  facet normal 0.3704706536651426 -0.2691626852656719 0.8889898445052647
    outer loop
      vertex 19.640858618269064 -19.801368498749117 113.95304432458482
      vertex 27.230991292000574 -27.391501172480627 108.49189993127786
      vertex 27.40373704340684 -27.15373704340684 108.49189993127786
    endloop
  endfacet
  facet normal 0.587510140772836 0.005286390891291322 0.8091995356897004
    outer loop
      vertex 19.81360436967533 -19.56360436967533 113.95304432458482
      vertex 27.40373704340684 -27.15373704340684 108.49189993127786
      vertex 27.484334544977596 -27.097050129916244 108.43301270189222
    endloop
  endfacet
  facet normal 0.732999678137138 -0.5325554391808754 -0.423197561488387
    outer loop
      vertex 27.390089537316552 -27.711109298276654 108
      vertex 27.312835288722813 -27.473345169202865 107.56698729810778
      vertex 27.485581040129077 -27.235581040129077 107.56698729810778
    endloop
  endfacet
  facet normal 0.8157395739031315 0.007339989480896848 -0.5783727795485866
    outer loop
      vertex 27.485581040129077 -27.235581040129077 107.56698729810778
      vertex 27.470775164182882 -27.07886268080776 107.54809389887959
      vertex 27.484334544977596 -27.097050129916244 107.56698729810778
    endloop
  endfacet
  facet normal 0.02769604130540755 -0.5654199515698134 0.824338042105785
    outer loop
      vertex 26.76547990788787 -27.400569418213195 108.50132016310381
      vertex 27.312835288722813 -27.473345169202865 108.43301270189222
      vertex 27.230991292000574 -27.391501172480627 108.49189993127786
    endloop
  endfacet
  facet normal 0.732999678137138 -0.5325554391808754 0.423197561488387
    outer loop
      vertex 27.390089537316552 -27.711109298276654 108
      vertex 27.485581040129077 -27.235581040129077 108.43301270189222
      vertex 27.312835288722813 -27.473345169202865 108.43301270189222
    endloop
  endfacet
  facet normal 0.3704706536650948 -0.26916268526563825 0.888989844505295
    outer loop
      vertex 27.230991292000574 -27.391501172480627 108.49189993127786
      vertex 27.312835288722813 -27.473345169202865 108.43301270189222
      vertex 27.485581040129077 -27.235581040129077 108.43301270189222
    endloop
  endfacet
  facet normal 0.37047065366509485 -0.2691626852656382 0.888989844505295
    outer loop
      vertex 27.230991292000574 -27.391501172480627 108.49189993127786
      vertex 27.485581040129077 -27.235581040129077 108.43301270189222
      vertex 27.40373704340684 -27.15373704340684 108.49189993127786
    endloop
  endfacet
  facet normal 0.5875101407728116 0.005286390891346793 0.8091995356897179
    outer loop
      vertex 27.40373704340684 -27.15373704340684 108.49189993127786
      vertex 27.485581040129077 -27.235581040129077 108.43301270189222
      vertex 27.484334544977596 -27.097050129916244 108.43301270189222
    endloop
  endfacet
  facet normal 0.7024018994167947 -0.01941874187658542 -0.7115156246770761
    outer loop
      vertex 22.00619879580127 -21.75619879580127 102.00824611475385
      vertex 27.470775164182882 -27.07886268080776 107.54809389887959
      vertex 27.485581040129077 -27.235581040129077 107.56698729810778
    endloop
  endfacet
  facet normal -0.06216030069528563 -0.7102370069742151 0.7012128713463411
    outer loop
      vertex 20.337704044408426 -23.364571197228468 125.85116284694426
      vertex 29.3413753291339 -29.501885209613956 120.43301270189222
      vertex 23.289137397838335 -23.449647278318388 126.0266271154433
    endloop
  endfacet
  facet normal 0.446425380214543 -0.32434702430683054 0.8339684572713797
    outer loop
      vertex 23.289137397838335 -23.449647278318388 126.0266271154433
      vertex 29.514121080540164 -29.264121080540168 120.43301270189222
      vertex 23.4618831492446 -23.2118831492446 126.0266271154433
    endloop
  endfacet
  facet normal 0.6850806481387788 0.011904760155759747 0.7283699487426597
    outer loop
      vertex 23.4618831492446 -23.2118831492446 126.0266271154433
      vertex 29.514121080540164 -29.264121080540168 120.43301270189222
      vertex 23.45597637783107 -19.877705867953527 125.97768774593239
    endloop
  endfacet
  facet normal 0.30966670412894814 -0.22498603005693474 -0.9238440445406003
    outer loop
      vertex 19.640858618269064 -19.801368498749117 113.95304432458482
      vertex 29.514121080540164 -29.264121080540168 119.56698729810778
      vertex 29.3413753291339 -29.501885209613956 119.56698729810778
    endloop
  endfacet
  facet normal 0.4464253802145437 -0.3243470243068309 0.8339684572713791
    outer loop
      vertex 23.289137397838335 -23.449647278318388 126.0266271154433
      vertex 29.3413753291339 -29.501885209613956 120.43301270189222
      vertex 29.514121080540164 -29.264121080540168 120.43301270189222
    endloop
  endfacet
  facet normal 0.732999678137138 -0.5325554391808754 -0.423197561488387
    outer loop
      vertex 29.3413753291339 -29.501885209613956 119.56698729810778
      vertex 29.514121080540164 -29.264121080540168 119.56698729810778
      vertex 29.41862957772764 -29.739649338687745 120
    endloop
  endfacet
  facet normal 0.732999678137138 -0.5325554391808754 0.423197561488387
    outer loop
      vertex 29.41862957772764 -29.739649338687745 120
      vertex 29.514121080540164 -29.264121080540168 120.43301270189222
      vertex 29.3413753291339 -29.501885209613956 120.43301270189222
    endloop
  endfacet
  facet normal 0.7329996781371418 -0.5325554391808728 -0.4231975614883832
    outer loop
      vertex 29.41862957772764 -29.739649338687745 120
      vertex 29.514121080540164 -29.264121080540168 119.56698729810778
      vertex 29.764121080540164 -29.264121080540168 120
    endloop
  endfacet
  facet normal 0.7329996781371418 -0.5325554391808728 0.4231975614883832
    outer loop
      vertex 29.41862957772764 -29.739649338687745 120
      vertex 29.764121080540164 -29.264121080540168 120
      vertex 29.514121080540164 -29.264121080540168 120.43301270189222
    endloop
  endfacet
  facet normal 0.7329996781371418 -0.5325554391808728 -0.4231975614883832
    outer loop
      vertex 27.390089537316552 -27.711109298276654 108
      vertex 27.485581040129077 -27.235581040129077 107.56698729810778
      vertex 27.735581040129077 -27.235581040129077 108
    endloop
  endfacet
  facet normal 0.8659991114024682 0.007792222630252035 -0.4999848200861862
    outer loop
      vertex 27.485581040129077 -27.235581040129077 107.56698729810778
      vertex 27.484334544977596 -27.097050129916244 107.56698729810778
      vertex 27.735581040129077 -27.235581040129077 108
    endloop
  endfacet
  facet normal 0.8659991114024682 0.007792222630251963 -0.4999848200861862
    outer loop
      vertex 27.484334544977596 -27.097050129916244 107.56698729810778
      vertex 27.734334544977596 -27.097050129916244 108
      vertex 27.735581040129077 -27.235581040129077 108
    endloop
  endfacet
  facet normal 0.7329996781371418 -0.5325554391808728 0.4231975614883832
    outer loop
      vertex 27.390089537316552 -27.711109298276654 108
      vertex 27.735581040129077 -27.235581040129077 108
      vertex 27.485581040129077 -27.235581040129077 108.43301270189222
    endloop
  endfacet
  facet normal 0.8659991114024682 0.007792222630252035 0.4999848200861862
    outer loop
      vertex 27.485581040129077 -27.235581040129077 108.43301270189222
      vertex 27.734334544977596 -27.097050129916244 108
      vertex 27.484334544977596 -27.097050129916244 108.43301270189222
    endloop
  endfacet
  facet normal 0.8659991114024682 0.007792222630251963 0.4999848200861862
    outer loop
      vertex 27.485581040129077 -27.235581040129077 108.43301270189222
      vertex 27.735581040129077 -27.235581040129077 108
      vertex 27.734334544977596 -27.097050129916244 108
    endloop
  endfacet
  facet normal 0.7024018994165416 -0.01941874187709148 -0.711515624677312
    outer loop
      vertex 22.00619879580127 -21.75619879580127 102.00824611475385
      vertex 22.006464102631103 -21.745994839008002 102.00822953608504
      vertex 27.470775164182882 -27.07886268080776 107.54809389887959
    endloop
  endfacet
  facet normal 0.5417151762088249 -0.019771182999627174 0.8403295592729302
    outer loop
      vertex 28.086195491416976 -27.83619549141698 84.4786098242434
      vertex 28.15443688161477 -27.904436881614775 84.43301270189222
      vertex 23.54878209695593 0.3726151432367818 88.06732953604501
    endloop
  endfacet
  facet normal 0.6899457681506118 -0.016763094307321473 0.7236669369815828
    outer loop
      vertex 22.00619879580127 -21.75619879580127 102.00824611475385
      vertex 27.64785469768868 -27.397854697688675 96.49879415411604
      vertex 24.741558315149412 -0.1538975950223342 99.90074577927875
    endloop
  endfacet
  facet normal 0.689945768150546 -0.0167630943073363 0.7236669369816452
    outer loop
      vertex 27.64785469768868 -27.397854697688675 96.49879415411604
      vertex 27.715214631276396 -27.465214631276393 96.43301270189222
      vertex 24.741558315149412 -0.1538975950223342 99.90074577927875
    endloop
  endfacet
  facet normal 0.45424516110315494 -0.06015194256363652 -0.8888436743433514
    outer loop
      vertex 19.81360436967533 -19.56360436967533 113.95304432458482
      vertex 26.934128720071516 0.9889145432684696 116.20112219381352
      vertex 29.514121080540164 -29.264121080540168 119.56698729810778
    endloop
  endfacet
  facet normal -0.041829378603195286 -0.7145566491123526 -0.6983259255498087
    outer loop
      vertex 4.355737926264418 -27.729517327910497 143.36153933725083
      vertex 23.422622099696127 -23.583131980176184 137.9766853610524
      vertex 29.225646513055256 -29.386156393535313 143.5669872981078
    endloop
  endfacet
  facet normal -3.226437628528245e-15 -0.8921604041605145 -0.45171873245211736
    outer loop
      vertex 20.22217040772314 -22.560155340347176 150.24203582059968
      vertex 22.202922566252955 -22.52394232721306 150.1705138443951
      vertex 25.154508497187475 -25.475528258147577 156
    endloop
  endfacet
  facet normal 0.11248991728488124 -0.8623842818801686 -0.49359838824216845
    outer loop
      vertex 22.202922566252955 -22.52394232721306 150.1705138443951
      vertex 22.347532682124925 -22.50804256260498 150.17569107541988
      vertex 25.077254248593736 -25.23776412907379 155.5669872981078
    endloop
  endfacet
  facet normal 0.660521541579481 -0.47989699062115715 -0.5774168091614784
    outer loop
      vertex 22.347532682124925 -22.50804256260498 150.17569107541988
      vertex 22.52027843353119 -22.270278433531193 150.17569107541988
      vertex 25.077254248593736 -25.23776412907379 155.5669872981078
    endloop
  endfacet
  facet normal 0.8597038778360554 -0.12060537541161105 -0.49635026529203463
    outer loop
      vertex 22.52027843353119 -22.270278433531193 150.17569107541988
      vertex 22.538609526652 -22.038609526652003 150.15114952785515
      vertex 25.25 -25 155.5669872981078
    endloop
  endfacet
  facet normal 0.9013386074342653 0.052142700466476496 -0.4299649445437648
    outer loop
      vertex 22.538609526652 -22.038609526652003 150.15114952785515
      vertex 22.421540023785735 -19.842384594688802 150.17207643413448
      vertex 25.25 -24.249092027216417 155.5669872981078
    endloop
  endfacet
  facet normal 0.4847375111892209 -0.3521824167984457 -0.8006229390568858
    outer loop
      vertex 23.289137397838335 -23.449647278318388 126.0266271154433
      vertex 23.4618831492446 -23.2118831492446 126.0266271154433
      vertex 28.76195942242417 -28.511959422424166 131.5669872981078
    endloop
  endfacet
  facet normal 0.7182886212148231 -0.008938863907307616 -0.6956878275098358
    outer loop
      vertex 23.4618831492446 -23.2118831492446 126.0266271154433
      vertex 23.45597637783107 -19.877705867953527 125.97768774593239
      vertex 28.76195942242417 -28.511959422424166 131.5669872981078
    endloop
  endfacet
  facet normal 0.4928395340265988 -0.3580688809526714 0.7930295519044336
    outer loop
      vertex 23.422622099696127 -23.583131980176184 137.9766853610524
      vertex 28.76195942242417 -28.511959422424166 132.4330127018922
      vertex 23.59536785110239 -23.345367851102395 137.9766853610524
    endloop
  endfacet
  facet normal 0.48473751118922104 -0.35218241679844614 -0.8006229390568855
    outer loop
      vertex 23.289137397838335 -23.449647278318388 126.0266271154433
      vertex 28.76195942242417 -28.511959422424166 131.5669872981078
      vertex 28.589213671017905 -28.749723551497954 131.5669872981078
    endloop
  endfacet
  facet normal 0.4928395340265985 -0.3580688809526718 0.7930295519044336
    outer loop
      vertex 23.422622099696127 -23.583131980176184 137.9766853610524
      vertex 28.589213671017905 -28.749723551497954 132.4330127018922
      vertex 28.76195942242417 -28.511959422424166 132.4330127018922
    endloop
  endfacet
  facet normal 0.4593156038756621 -0.3337123199921346 -0.8232042659764361
    outer loop
      vertex 23.422622099696127 -23.583131980176184 137.9766853610524
      vertex 23.59536785110239 -23.345367851102395 137.9766853610524
      vertex 29.39839226446152 -29.148392264461524 143.5669872981078
    endloop
  endfacet
  facet normal 0.7245355006659819 0.06337644405163068 -0.6863175173446074
    outer loop
      vertex 29.05887207908892 -27.491753198836708 143.36153933725083
      vertex 23.59536785110239 -23.345367851102395 137.9766853610524
      vertex 23.587918189439605 -23.131194924390986 137.98859817685243
    endloop
  endfacet
  facet normal 0.4593156038756625 -0.33371231999213447 -0.8232042659764359
    outer loop
      vertex 23.422622099696127 -23.583131980176184 137.9766853610524
      vertex 29.39839226446152 -29.148392264461524 143.5669872981078
      vertex 29.225646513055256 -29.386156393535313 143.5669872981078
    endloop
  endfacet
  facet normal 0.7245355006659743 0.0633764440516079 -0.6863175173446174
    outer loop
      vertex 29.39839226446152 -29.148392264461524 143.5669872981078
      vertex 23.59536785110239 -23.345367851102395 137.9766853610524
      vertex 29.05887207908892 -27.491753198836708 143.36153933725083
    endloop
  endfacet
  facet normal 0.4150797894987759 -0.30157311958637445 0.8583486598653219
    outer loop
      vertex 22.347532682124925 -22.50804256260498 150.17569107541988
      vertex 29.225646513055256 -29.386156393535313 144.4330127018922
      vertex 29.39839226446152 -29.148392264461524 144.4330127018922
    endloop
  endfacet
  facet normal 0.6569112831622411 0.027837230621985554 0.7534538171948141
    outer loop
      vertex 22.52027843353119 -22.270278433531193 150.17569107541988
      vertex 29.39839226446152 -29.148392264461524 144.4330127018922
      vertex 29.261776183655385 -25.92448518255246 144.4330127018922
    endloop
  endfacet
  facet normal 0.7245355006659745 0.06337644405160946 -0.6863175173446172
    outer loop
      vertex 29.05887207908892 -27.491753198836708 143.36153933725083
      vertex 23.587918189439605 -23.131194924390986 137.98859817685243
      vertex 28.693921470690714 -25.711030105060946 143.14070310559458
    endloop
  endfacet
  facet normal 0.7329996781371335 -0.5325554391808722 -0.4231975614883984
    outer loop
      vertex 28.589213671017905 -28.749723551497954 131.5669872981078
      vertex 28.76195942242417 -28.511959422424166 131.5669872981078
      vertex 28.666467919611645 -28.987487680571743 132
    endloop
  endfacet
  facet normal 0.7329996781371376 -0.5325554391808698 -0.4231975614883947
    outer loop
      vertex 28.76195942242417 -28.511959422424166 131.5669872981078
      vertex 29.01195942242417 -28.511959422424166 132
      vertex 28.666467919611645 -28.987487680571743 132
    endloop
  endfacet
  facet normal 0.7329996781371335 -0.5325554391808722 0.4231975614883984
    outer loop
      vertex 28.666467919611645 -28.987487680571743 132
      vertex 28.76195942242417 -28.511959422424166 132.4330127018922
      vertex 28.589213671017905 -28.749723551497954 132.4330127018922
    endloop
  endfacet
  facet normal 0.7329996781371376 -0.5325554391808697 0.4231975614883947
    outer loop
      vertex 28.666467919611645 -28.987487680571743 132
      vertex 29.01195942242417 -28.511959422424166 132
      vertex 28.76195942242417 -28.511959422424166 132.4330127018922
    endloop
  endfacet
  facet normal 0.7329996781371335 -0.5325554391808722 -0.4231975614883984
    outer loop
      vertex 29.302900761648996 -29.6239205226091 144
      vertex 29.225646513055256 -29.386156393535313 143.5669872981078
      vertex 29.39839226446152 -29.148392264461524 143.5669872981078
    endloop
  endfacet
  facet normal 0.7329996781371335 -0.5325554391808722 0.4231975614883984
    outer loop
      vertex 29.302900761648996 -29.6239205226091 144
      vertex 29.39839226446152 -29.148392264461524 144.4330127018922
      vertex 29.225646513055256 -29.386156393535313 144.4330127018922
    endloop
  endfacet
  facet normal 0.7329996781371376 -0.5325554391808697 -0.4231975614883947
    outer loop
      vertex 29.302900761648996 -29.6239205226091 144
      vertex 29.39839226446152 -29.148392264461524 143.5669872981078
      vertex 29.64839226446152 -29.148392264461524 144
    endloop
  endfacet
  facet normal 0.7329996781371376 -0.5325554391808697 0.4231975614883947
    outer loop
      vertex 29.302900761648996 -29.6239205226091 144
      vertex 29.64839226446152 -29.148392264461524 144
      vertex 29.39839226446152 -29.148392264461524 144.4330127018922
    endloop
  endfacet
  facet normal 0.606315214328691 0.025693174837305696 -0.7948092360059319
    outer loop
      vertex 29.39839226446152 -29.148392264461524 143.5669872981078
      vertex 29.05887207908892 -27.491753198836708 143.36153933725083
      vertex 29.261776183655385 -25.92448518255246 143.5669872981078
    endloop
  endfacet
  facet normal 0.8654428150204051 0.03667394951094677 -0.4996636422202693
    outer loop
      vertex 29.39839226446152 -29.148392264461524 143.5669872981078
      vertex 29.511776183655385 -25.92448518255246 144
      vertex 29.64839226446152 -29.148392264461524 144
    endloop
  endfacet
  facet normal 0.8654428150204051 0.03667394951094677 0.4996636422202693
    outer loop
      vertex 29.39839226446152 -29.148392264461524 144.4330127018922
      vertex 29.64839226446152 -29.148392264461524 144
      vertex 29.511776183655385 -25.92448518255246 144
    endloop
  endfacet
  facet normal 0.8654428150204051 0.03667394951094677 -0.4996636422202693
    outer loop
      vertex 29.39839226446152 -29.148392264461524 143.5669872981078
      vertex 29.261776183655385 -25.92448518255246 143.5669872981078
      vertex 29.511776183655385 -25.92448518255246 144
    endloop
  endfacet
  facet normal 0.8654428150204051 0.03667394951094677 0.4996636422202693
    outer loop
      vertex 29.39839226446152 -29.148392264461524 144.4330127018922
      vertex 29.511776183655385 -25.92448518255246 144
      vertex 29.261776183655385 -25.92448518255246 144.4330127018922
    endloop
  endfacet
  facet normal 0.6063152143286875 0.02569317483730652 -0.7948092360059347
    outer loop
      vertex 29.05887207908892 -27.491753198836708 143.36153933725083
      vertex 28.693921470690714 -25.711030105060946 143.14070310559458
      vertex 29.261776183655385 -25.92448518255246 143.5669872981078
    endloop
  endfacet
  facet normal 0.03966292583393164 -0.6167303762863217 0.7861745959263909
    outer loop
      vertex 20.22217040772314 -22.560155340347176 150.24203582059968
      vertex 29.225646513055256 -29.386156393535313 144.4330127018922
      vertex 22.202922566252955 -22.52394232721306 150.1705138443951
    endloop
  endfacet
  facet normal 0.03966292583398135 -0.6167303762862897 0.7861745959264136
    outer loop
      vertex 22.202922566252955 -22.52394232721306 150.1705138443951
      vertex 29.225646513055256 -29.386156393535313 144.4330127018922
      vertex 22.347532682124925 -22.50804256260498 150.17569107541988
    endloop
  endfacet
  facet normal 0.4150797894987759 -0.30157311958637556 0.8583486598653215
    outer loop
      vertex 22.347532682124925 -22.50804256260498 150.17569107541988
      vertex 29.39839226446152 -29.148392264461524 144.4330127018922
      vertex 22.52027843353119 -22.270278433531193 150.17569107541988
    endloop
  endfacet
  facet normal 0.11248991728486145 -0.8623842818801752 -0.4935983882421614
    outer loop
      vertex 22.202922566252955 -22.52394232721306 150.1705138443951
      vertex 25.077254248593736 -25.23776412907379 155.5669872981078
      vertex 25.154508497187475 -25.475528258147577 156
    endloop
  endfacet
  facet normal 0.6605215415794806 -0.47989699062115726 -0.5774168091614786
    outer loop
      vertex 22.52027843353119 -22.270278433531193 150.17569107541988
      vertex 25.25 -25 155.5669872981078
      vertex 25.077254248593736 -25.23776412907379 155.5669872981078
    endloop
  endfacet
  facet normal 0.859703877836063 -0.12060537541158885 -0.49635026529202697
    outer loop
      vertex 22.538609526652 -22.038609526652003 150.15114952785515
      vertex 25.5 -25 156
      vertex 25.25 -25 155.5669872981078
    endloop
  endfacet
  facet normal 0.9013386074342641 0.052142700466463826 -0.4299649445437692
    outer loop
      vertex 22.538609526652 -22.038609526652003 150.15114952785515
      vertex 25.25 -24.249092027216417 155.5669872981078
      vertex 25.5 -25 156
    endloop
  endfacet
  facet normal 0.7329996781371335 -0.5325554391808722 -0.4231975614883984
    outer loop
      vertex 25.154508497187475 -25.475528258147577 156
      vertex 25.077254248593736 -25.23776412907379 155.5669872981078
      vertex 25.25 -25 155.5669872981078
    endloop
  endfacet
  facet normal 0.7329996781371335 -0.5325554391808722 0.4231975614883984
    outer loop
      vertex 25.154508497187475 -25.475528258147577 156
      vertex 25.25 -25 156.4330127018922
      vertex 25.077254248593736 -25.23776412907379 156.4330127018922
    endloop
  endfacet
  facet normal 0.7329996781371376 -0.5325554391808697 -0.4231975614883947
    outer loop
      vertex 25.154508497187475 -25.475528258147577 156
      vertex 25.25 -25 155.5669872981078
      vertex 25.5 -25 156
    endloop
  endfacet
  facet normal 0.7329996781371376 -0.5325554391808697 0.4231975614883947
    outer loop
      vertex 25.154508497187475 -25.475528258147577 156
      vertex 25.5 -25 156
      vertex 25.25 -25 156.4330127018922
    endloop
  endfacet
  facet normal 0.7245355006659743 0.06337644405160789 -0.6863175173446178
    outer loop
      vertex 23.49202540752865 -20.37433982384954 138.14194112035318
      vertex 28.693921470690714 -25.711030105060946 143.14070310559458
      vertex 23.587918189439605 -23.131194924390986 137.98859817685243
    endloop
  endfacet
  facet normal 0.7182886212148225 -0.008938863907308392 -0.6956878275098366
    outer loop
      vertex 23.45597637783107 -19.877705867953527 125.97768774593239
      vertex 25.860252061019764 0.6171835782303887 128.19673309486274
      vertex 28.76195942242417 -28.511959422424166 131.5669872981078
    endloop
  endfacet
  facet normal 0.6569112831622402 0.027837230621985887 0.7534538171948147
    outer loop
      vertex 22.538609526652 -22.038609526652003 150.15114952785515
      vertex 29.261776183655385 -25.92448518255246 144.4330127018922
      vertex 24.342676109852842 -0.4009071544884203 147.7788138062057
    endloop
  endfacet
  facet normal 0.6569112831622551 0.027837230622032874 0.7534538171948002
    outer loop
      vertex 22.52027843353119 -22.270278433531193 150.17569107541988
      vertex 29.261776183655385 -25.92448518255246 144.4330127018922
      vertex 22.538609526652 -22.038609526652003 150.15114952785515
    endloop
  endfacet
  facet normal 0.6899457681487716 -0.01676309430691639 0.7236669369833465
    outer loop
      vertex 22.00619879580127 -21.75619879580127 102.00824611475385
      vertex 24.741558315149412 -0.1538975950223342 99.90074577927875
      vertex 22.006464102631103 -21.745994839008002 102.00822953608504
    endloop
  endfacet
  facet normal 0.6899457681506035 -0.016763094307319804 0.7236669369815907
    outer loop
      vertex 22.006464102631103 -21.745994839008002 102.00822953608504
      vertex 24.741558315149412 -0.1538975950223342 99.90074577927875
      vertex 22.11125279504015 -17.715720569586686 102.0016814309101
    endloop
  endfacet
  facet normal 0.45424516110316376 -0.06015194256364011 -0.8888436743433468
    outer loop
      vertex 19.81360436967533 -19.56360436967533 113.95304432458482
      vertex 19.8838221793314 -18.14287110005401 113.89278202276606
      vertex 26.934128720071516 0.9889145432684696 116.20112219381352
    endloop
  endfacet
  facet normal 0.45424516110316265 -0.06015194256363962 -0.8888436743433473
    outer loop
      vertex 19.8838221793314 -18.14287110005401 113.89278202276606
      vertex 20.067088785478735 -14.434795245232149 113.73549902594446
      vertex 26.934128720071516 0.9889145432684696 116.20112219381352
    endloop
  endfacet
  facet normal 0.7024018994168922 -0.019418741876533765 -0.7115156246769808
    outer loop
      vertex 22.006464102631103 -21.745994839008002 102.00822953608504
      vertex 22.11125279504015 -17.715720569586686 102.0016814309101
      vertex 23.061917419115076 16.671092021274422 102.0016814309101
    endloop
  endfacet
  facet normal 0.6996351463849955 -0.019342251674831397 0.7142384330480918
    outer loop
      vertex 22.11125279504015 -17.715720569586686 102.0016814309101
      vertex 24.741558315149412 -0.1538975950223342 99.90074577927875
      vertex 23.061917419115076 16.671092021274422 102.0016814309101
    endloop
  endfacet
  facet normal 0.5875101407729025 0.005286390891327853 0.8091995356896519
    outer loop
      vertex 19.81360436967533 -19.56360436967533 113.95304432458482
      vertex 27.007423851025813 25.905059380916025 108.43301270189222
      vertex 19.8838221793314 -18.14287110005401 113.89278202276606
    endloop
  endfacet
  facet normal 0.5875101407728489 0.005286390891341362 0.8091995356896908
    outer loop
      vertex 19.8838221793314 -18.14287110005401 113.89278202276606
      vertex 27.007423851025813 25.905059380916025 108.43301270189222
      vertex 20.067088785478735 -14.434795245232149 113.73549902594446
    endloop
  endfacet
  facet normal 0.5417151762089959 -0.019771182999585777 0.8403295592728209
    outer loop
      vertex 28.086195491416976 -27.83619549141698 84.4786098242434
      vertex 23.54878209695593 0.3726151432367818 88.06732953604501
      vertex 20.183084136923863 -14.47613708235323 89.88765377555062
    endloop
  endfacet
  facet normal 0.7024018994168224 -0.019418741876531753 -0.71151562467705
    outer loop
      vertex 22.006464102631103 -21.745994839008002 102.00822953608504
      vertex 23.12431035097457 18.927927923772398 102.0016814309101
      vertex 27.470775164182882 -27.07886268080776 107.54809389887959
    endloop
  endfacet
  facet normal 0.8655931289575317 -0.031591878735184147 0.4997504260123159
    outer loop
      vertex 28.40443688161477 -27.904436881614775 84
      vertex 30.213775745796077 28.519860830230563 84.43301270189222
      vertex 28.15443688161477 -27.904436881614775 84.43301270189222
    endloop
  endfacet
  facet normal 0.8658337593602182 -0.021036512770449937 -0.49988935404008217
    outer loop
      vertex 27.715214631276396 -27.465214631276393 95.56698729810778
      vertex 29.333051329765446 28.833051329765446 96
      vertex 27.965214631276396 -27.465214631276393 96
    endloop
  endfacet
  facet normal 0.8658337593602182 -0.021036512770449937 0.49988935404008217
    outer loop
      vertex 27.965214631276396 -27.465214631276393 96
      vertex 29.083051329765446 28.833051329765446 96.43301270189222
      vertex 27.715214631276396 -27.465214631276393 96.43301270189222
    endloop
  endfacet
  facet normal 0.8157395739031248 0.007339989480882133 -0.578372779548596
    outer loop
      vertex 27.470775164182882 -27.07886268080776 107.54809389887959
      vertex 26.99982270707472 26.74982270707472 107.56698729810778
      vertex 27.484334544977596 -27.097050129916244 107.56698729810778
    endloop
  endfacet
  facet normal 0.8659991114024683 0.007792222630236477 -0.49998482008618633
    outer loop
      vertex 27.484334544977596 -27.097050129916244 107.56698729810778
      vertex 27.24982270707472 26.74982270707472 108
      vertex 27.734334544977596 -27.097050129916244 108
    endloop
  endfacet
  facet normal 0.8659991114024683 0.007792222630236477 0.49998482008618633
    outer loop
      vertex 27.484334544977596 -27.097050129916244 108.43301270189222
      vertex 27.734334544977596 -27.097050129916244 108
      vertex 27.24982270707472 26.74982270707472 108
    endloop
  endfacet
  facet normal 0.8659273541361794 0.015047363388978321 -0.499943391009178
    outer loop
      vertex 29.514121080540164 -29.264121080540168 119.56698729810778
      vertex 28.514437762964427 28.264437762964427 119.56698729810778
      vertex 29.764121080540164 -29.264121080540168 120
    endloop
  endfacet
  facet normal 0.8659273541361794 0.015047363388978321 0.499943391009178
    outer loop
      vertex 29.514121080540164 -29.264121080540168 120.43301270189222
      vertex 29.764121080540164 -29.264121080540168 120
      vertex 28.514437762964427 28.264437762964427 120.43301270189222
    endloop
  endfacet
  facet normal 0.5329746542779115 -0.059969011751417375 -0.8440033978171527
    outer loop
      vertex 27.715214631276396 -27.465214631276393 95.56698729810778
      vertex 20.183084136923863 -14.47613708235323 89.88765377555062
      vertex 24.264859160028195 19.73626724653069 90.03433393685843
    endloop
  endfacet
  facet normal 0.5875101407728663 0.005286390891336756 0.8091995356896782
    outer loop
      vertex 19.81360436967533 -19.56360436967533 113.95304432458482
      vertex 27.484334544977596 -27.097050129916244 108.43301270189222
      vertex 27.007423851025813 25.905059380916025 108.43301270189222
    endloop
  endfacet
  facet normal 0.6850806481387771 0.011904760155757588 0.7283699487426614
    outer loop
      vertex 23.45597637783107 -19.877705867953527 125.97768774593239
      vertex 29.514121080540164 -29.264121080540168 120.43301270189222
      vertex 28.514437762964427 28.264437762964427 120.43301270189222
    endloop
  endfacet
  facet normal 0.6850806481387769 0.011904760155757617 0.7283699487426615
    outer loop
      vertex 23.45597637783107 -19.877705867953527 125.97768774593239
      vertex 28.514437762964427 28.264437762964427 120.43301270189222
      vertex 23.453995434499163 -18.75952881480747 125.96127503737918
    endloop
  endfacet
  facet normal 0.7772095690767002 -0.009672115581734093 0.6291674943254647
    outer loop
      vertex 23.453995434499163 -18.75952881480747 125.96127503737918
      vertex 28.514437762964427 28.264437762964427 120.43301270189222
      vertex 23.486475216668552 -16.14959334719903 125.96127503737918
    endloop
  endfacet
  facet normal 0.8534853887101006 0.014831157290227553 -0.5209056805524401
    outer loop
      vertex 29.514121080540164 -29.264121080540168 119.56698729810778
      vertex 26.934128720071516 0.9889145432684696 116.20112219381352
      vertex 28.465941575766845 28.21546240066919 119.48613360413736
    endloop
  endfacet
  facet normal 0.6569112831622578 0.02783723062198276 0.7534538171947995
    outer loop
      vertex 22.538609526652 -22.038609526652003 150.15114952785515
      vertex 24.342676109852842 -0.4009071544884203 147.7788138062057
      vertex 22.421540023785735 -19.842384594688802 150.17207643413448
    endloop
  endfacet
  facet normal 0.9013386074342642 0.052142700466472736 -0.4299649445437673
    outer loop
      vertex 22.421540023785735 -19.842384594688802 150.17207643413448
      vertex 20.358626998071443 15.817125503966125 150.17207643413448
      vertex 25.25 -24.249092027216417 155.5669872981078
    endloop
  endfacet
  facet normal 0.6174447679533557 0.03571935932227405 0.7858028288932493
    outer loop
      vertex 22.421540023785735 -19.842384594688802 150.17207643413448
      vertex 24.342676109852842 -0.4009071544884203 147.7788138062057
      vertex 20.358626998071443 15.817125503966125 150.17207643413448
    endloop
  endfacet
  facet normal 0.7182886212148301 -0.008938863907310138 -0.6956878275098286
    outer loop
      vertex 23.45597637783107 -19.877705867953527 125.97768774593239
      vertex 23.453995434499163 -18.75952881480747 125.96127503737918
      vertex 25.860252061019764 0.6171835782303887 128.19673309486274
    endloop
  endfacet
  facet normal 0.7182886212148214 -0.008938863907308069 -0.6956878275098373
    outer loop
      vertex 23.453995434499163 -18.75952881480747 125.96127503737918
      vertex 23.486475216668552 -16.14959334719903 125.96127503737918
      vertex 25.860252061019764 0.6171835782303887 128.19673309486274
    endloop
  endfacet
  facet normal 0.7253923463990564 -0.013048402693150397 0.6882119462584393
    outer loop
      vertex 28.76195942242417 -28.511959422424166 132.4330127018922
      vertex 29.740641649683766 25.895358768603323 132.4330127018922
      vertex 23.59536785110239 -23.345367851102395 137.9766853610524
    endloop
  endfacet
  facet normal 0.7245355006659746 0.06337644405160893 -0.6863175173446171
    outer loop
      vertex 23.49202540752865 -20.37433982384954 138.14194112035318
      vertex 20.433043198726065 14.596716683806081 138.14194112035318
      vertex 28.693921470690714 -25.711030105060946 143.14070310559458
    endloop
  endfacet
  facet normal 0.8659203403417899 -0.015576228998084472 -0.49993934159311565
    outer loop
      vertex 28.76195942242417 -28.511959422424166 131.5669872981078
      vertex 29.990641649683766 25.895358768603323 132
      vertex 29.01195942242417 -28.511959422424166 132
    endloop
  endfacet
  facet normal 0.8659203403417899 -0.015576228998084472 0.49993934159311565
    outer loop
      vertex 28.76195942242417 -28.511959422424166 132.4330127018922
      vertex 29.01195942242417 -28.511959422424166 132
      vertex 29.990641649683766 25.895358768603323 132
    endloop
  endfacet
  facet normal 0.6063152143286873 0.025693174837305353 -0.7948092360059348
    outer loop
      vertex 28.693921470690714 -25.711030105060946 143.14070310559458
      vertex 27.028440372951195 26.778440372951195 143.5669872981078
      vertex 29.261776183655385 -25.92448518255246 143.5669872981078
    endloop
  endfacet
  facet normal 0.8654428150204051 0.036673949510946505 0.4996636422202694
    outer loop
      vertex 29.261776183655385 -25.92448518255246 144.4330127018922
      vertex 29.511776183655385 -25.92448518255246 144
      vertex 27.028440372951195 26.778440372951195 144.4330127018922
    endloop
  endfacet
  facet normal 0.8654428150204051 0.036673949510946505 -0.4996636422202694
    outer loop
      vertex 29.261776183655385 -25.92448518255246 143.5669872981078
      vertex 27.278440372951195 26.778440372951195 144
      vertex 29.511776183655385 -25.92448518255246 144
    endloop
  endfacet
  facet normal 0.8660254037844338 0 0.5000000000000082
    outer loop
      vertex 25.25 -25 156.4330127018922
      vertex 25.5 -25 156
      vertex 25.5 25 156
    endloop
  endfacet
  facet normal 0.8660254037844338 0 -0.5000000000000082
    outer loop
      vertex 25.5 -25 156
      vertex 25.25 -24.249092027216417 155.5669872981078
      vertex 25.5 25 156
    endloop
  endfacet
  facet normal 0.7253923463991789 -0.013048402693180325 0.6882119462583095
    outer loop
      vertex 23.59536785110239 -23.345367851102395 137.9766853610524
      vertex 29.740641649683766 25.895358768603323 132.4330127018922
      vertex 23.587918189439605 -23.131194924390986 137.98859817685243
    endloop
  endfacet
  facet normal 0.7253923463990521 -0.013048402693149198 0.6882119462584436
    outer loop
      vertex 23.49202540752865 -20.37433982384954 138.14194112035318
      vertex 23.587918189439605 -23.131194924390986 137.98859817685243
      vertex 29.740641649683766 25.895358768603323 132.4330127018922
    endloop
  endfacet
  facet normal 0.701260249926815 -0.012614313039237046 -0.7127937576740756
    outer loop
      vertex 28.76195942242417 -28.511959422424166 131.5669872981078
      vertex 25.860252061019764 0.6171835782303887 128.19673309486274
      vertex 29.740641649683766 25.895358768603323 131.5669872981078
    endloop
  endfacet
  facet normal 0 0 -1
    outer loop
      vertex -3.6955181300451474 3.6955181300451474 -0.4330127018922193
      vertex 5.5 10.25 -0.4330127018922193
      vertex 0 5.226251859505506 -0.4330127018922193
    endloop
  endfacet
  facet normal 0 0 -1
    outer loop
      vertex 3.6955181300451474 3.6955181300451474 -0.4330127018922193
      vertex 0 5.226251859505506 -0.4330127018922193
      vertex 5.5 10.25 -0.4330127018922193
    endloop
  endfacet
  facet normal 0 0 -1
    outer loop
      vertex 5.226251859505506 0 -0.4330127018922193
      vertex 3.6955181300451474 3.6955181300451474 -0.4330127018922193
      vertex 25.25 25 -0.4330127018922193
    endloop
  endfacet
  facet normal 0 0 -1
    outer loop
      vertex 3.6955181300451474 3.6955181300451474 -0.4330127018922193
      vertex 5.5 10.25 -0.4330127018922193
      vertex 25.25 25 -0.4330127018922193
    endloop
  endfacet
  facet normal 0 0 -1
    outer loop
      vertex -24.922745751406264 25.23776412907379 -0.4330127018922193
      vertex 25.25 25 -0.4330127018922193
      vertex 5.5 13.75 -0.4330127018922193
    endloop
  endfacet
  facet normal 0.006498319976742778 0.5891327012053355 -0.8080101683815525
    outer loop
      vertex -18.9948341216945 22.291819158989327 41.87198552101568
      vertex 21.75952929487027 21.920039175350322 41.92867682232161
      vertex 16.83867084964305 21.896564268681015 41.87198552101568
    endloop
  endfacet
  facet normal 0.04160107533189118 0.6584627334541986 -0.751462693141353
    outer loop
      vertex -29.32375544509807 29.638773822765593 11.566987298107781
      vertex 25.176884944469712 26.195473038545238 11.566987298107781
      vertex 21.714612922501907 25.920291345595516 11.134189859312729
    endloop
  endfacet
  facet normal 0.05503204361730002 0.8710483942716561 -0.48810467013958503
    outer loop
      vertex -29.24650119650433 29.87653795183938 12
      vertex 26.061226374189555 26.382246135149657 12
      vertex 25.176884944469712 26.195473038545238 11.566987298107781
    endloop
  endfacet
  facet normal 0.05503204361729986 0.8710483942716536 0.48810467013958975
    outer loop
      vertex -29.24650119650433 29.87653795183938 12
      vertex 25.983972125595816 26.14448200607587 12.433012701892219
      vertex 26.061226374189555 26.382246135149657 12
    endloop
  endfacet
  facet normal 0.001869594860140138 0.6942887232466084 0.7196941526701834
    outer loop
      vertex -26.433886349240552 27.275781134943234 24.509114138681586
      vertex 17.587384069715668 21.439955104099706 30.024576850729833
      vertex 27.05013453257938 27.210644413059434 24.43301270189222
    endloop
  endfacet
  facet normal -0.011412483494611382 0.7222421658425832 0.6915461004875235
    outer loop
      vertex -26.110693709148734 26.425712086816254 36.43301270189222
      vertex 16.83867084964305 21.896564268681015 41.87198552101568
      vertex 27.013768390920387 27.17427827140044 36.52792464543477
    endloop
  endfacet
  facet normal 0 0 -1
    outer loop
      vertex 5.5 10.25 -0.4330127018922193
      vertex 5.5 13.75 -0.4330127018922193
      vertex 25.25 25 -0.4330127018922193
    endloop
  endfacet
  facet normal -0.008416464670752471 0.6963720090815286 -0.7176316520961162
    outer loop
      vertex -16.589166752171007 21.026891786204473 30.024576850729833
      vertex 27.10610553732337 27.266615417803422 35.56698729810778
      vertex 17.587384069715668 21.439955104099706 30.024576850729833
    endloop
  endfacet
  facet normal 0 0.9760357379394431 0.21761028988769518
    outer loop
      vertex -24.845491502812525 25.475528258147577 0
      vertex 23.816789304565884 24.137809065525985 6
      vertex 25.154508497187475 25.475528258147577 0
    endloop
  endfacet
  facet normal 0 0 -1
    outer loop
      vertex -24.922745751406264 25.23776412907379 -0.4330127018922193
      vertex 25.077254248593736 25.23776412907379 -0.4330127018922193
      vertex 25.25 25 -0.4330127018922193
    endloop
  endfacet
  facet normal 0 0.876551507956312 -0.4813080654835482
    outer loop
      vertex -24.922745751406264 25.23776412907379 -0.4330127018922193
      vertex 25.154508497187475 25.475528258147577 0
      vertex 25.077254248593736 25.23776412907379 -0.4330127018922193
    endloop
  endfacet
  facet normal -0.03226604129112705 0.9400275732134034 -0.33956893877078764
    outer loop
      vertex -19.357630838595774 22.6558657026333 6
      vertex 21.714612922501907 25.920291345595516 11.134189859312729
      vertex 23.816789304565884 24.137809065525985 6
    endloop
  endfacet
  facet normal 0.05413608862580467 0.8568671990009662 0.5126869290166637
    outer loop
      vertex -12.342192360981596 27.391969707402442 14.395023605579501
      vertex 19.888052318802483 23.12763632260156 18.118832254819377
      vertex 22.88425512032726 23.044765000807313 17.940959604163364
    endloop
  endfacet
  facet normal -0.012616292372587292 0.8080441211038969 -0.5889868653172158
    outer loop
      vertex -17.270826610656652 22.547460972558575 18.118832254819377
      vertex 27.05013453257938 27.210644413059434 23.56698729810778
      vertex 19.888052318802483 23.12763632260156 18.118832254819377
    endloop
  endfacet
  facet normal 0.054136088625804095 0.8568671990009644 0.5126869290166667
    outer loop
      vertex -12.342192360981596 27.391969707402442 14.395023605579501
      vertex 22.88425512032726 23.044765000807313 17.940959604163364
      vertex 25.983972125595816 26.14448200607587 12.433012701892219
    endloop
  endfacet
  facet normal 0.0023599107500001998 0.8763713767755813 -0.4816301909034816
    outer loop
      vertex -27.041284513832935 27.356302891500455 23.56698729810778
      vertex 27.12738878117312 27.448408542133222 24
      vertex 27.05013453257938 27.210644413059434 23.56698729810778
    endloop
  endfacet
  facet normal 0.0023599107500001998 0.8763713767755813 0.4816301909034816
    outer loop
      vertex -27.041284513832935 27.356302891500455 24.43301270189222
      vertex 27.05013453257938 27.210644413059434 24.43301270189222
      vertex 27.12738878117312 27.448408542133222 24
    endloop
  endfacet
  facet normal -0.013865924670575028 0.8775088673919843 -0.47935991048633486
    outer loop
      vertex -26.110693709148734 26.425712086816254 35.56698729810778
      vertex 27.18335978591711 27.50437954687721 36
      vertex 27.10610553732337 27.266615417803422 35.56698729810778
    endloop
  endfacet
  facet normal -0.011412483494611136 0.722242165842563 0.6915461004875446
    outer loop
      vertex -26.110693709148734 26.425712086816254 36.43301270189222
      vertex 27.013768390920387 27.17427827140044 36.52792464543477
      vertex 27.10610553732337 27.266615417803422 36.43301270189222
    endloop
  endfacet
  facet normal -0.013865924670575035 0.8775088673919846 0.47935991048633425
    outer loop
      vertex -26.033439460554995 26.663476215890043 36
      vertex 27.10610553732337 27.266615417803422 36.43301270189222
      vertex 27.18335978591711 27.50437954687721 36
    endloop
  endfacet
  facet normal 0.020542534463719373 0.6995885795942531 0.7142505327818119
    outer loop
      vertex -24.74649894726157 30.45267634225887 49.12477858916507
      vertex 19.855074908602916 24.128510419322506 54.03633934560184
      vertex 23.85078419550325 24.0112940759833 54.03622904734145
    endloop
  endfacet
  facet normal 0.030421026863602294 0.7133481629579633 -0.7001492408972982
    outer loop
      vertex -30.866044267994816 31.181062645662344 59.56698729810778
      vertex 28.489318806304713 28.649828686784765 59.56698729810778
      vertex 25.67741648659418 28.45850312234119 59.24987962597217
    endloop
  endfacet
  facet normal 0.06419864954727841 0.8698667976410263 0.4890912877552118
    outer loop
      vertex -11.04647106314667 28.913044215675672 74.18061992338811
      vertex -11.123725311740406 28.675280086601884 74.61363262528033
      vertex 23.128930589140836 24.288761644051775 77.91917606603639
    endloop
  endfacet
  facet normal 0.029282217857174126 0.6866440245231089 0.7264038376165652
    outer loop
      vertex -19.849512446999984 29.39851458152191 61.67390302374401
      vertex 20.02476505588871 22.946591478434634 66.16529885032088
      vertex 22.765210013888513 22.925719894368566 66.07455737238386
    endloop
  endfacet
  facet normal 0.06790150477842903 0.8693679659735951 -0.4894780131811429
    outer loop
      vertex -31.057506934711945 31.372525312379473 71.56698729810778
      vertex 26.778086501620987 27.09910626258109 72
      vertex 26.700832253027247 26.8613421335073 71.56698729810778
    endloop
  endfacet
  facet normal 0.006498319976742698 0.5891327012053255 -0.8080101683815598
    outer loop
      vertex -18.9948341216945 22.291819158989327 41.87198552101568
      vertex 29.40824474942499 29.568754629905044 47.56698729810778
      vertex 21.75952929487027 21.920039175350322 41.92867682232161
    endloop
  endfacet
  facet normal 0.022182426645064528 0.7567765992334534 -0.6532971137245177
    outer loop
      vertex -20.552830512943927 25.312935781843077 54.03633934560184
      vertex 25.67741648659418 28.45850312234119 59.24987962597217
      vertex 19.855074908602916 24.128510419322506 54.03633934560184
    endloop
  endfacet
  facet normal 0.029282217857173106 0.6866440245231045 0.7264038376165695
    outer loop
      vertex -19.849512446999984 29.39851458152191 61.67390302374401
      vertex 22.765210013888513 22.925719894368566 66.07455737238386
      vertex 28.489318806304713 28.649828686784765 60.43301270189222
    endloop
  endfacet
  facet normal 0.020542534463718915 0.6995885795942508 0.7142505327818144
    outer loop
      vertex -24.74649894726157 30.45267634225887 49.12477858916507
      vertex 23.85078419550325 24.0112940759833 54.03622904734145
      vertex 29.40824474942499 29.568754629905044 48.43301270189222
    endloop
  endfacet
  facet normal 0.025673392150626376 0.8743230773079252 -0.4846648671218907
    outer loop
      vertex -30.95112714748676 31.581163902821814 48
      vertex 29.48549899801873 29.806518758978832 48
      vertex 29.40824474942499 29.568754629905044 47.56698729810778
    endloop
  endfacet
  facet normal 0.025673392150626376 0.8743230773079252 0.4846648671218907
    outer loop
      vertex -30.95112714748676 31.581163902821814 48
      vertex 29.40824474942499 29.568754629905044 48.43301270189222
      vertex 29.48549899801873 29.806518758978832 48
    endloop
  endfacet
  facet normal 0.03723482373208062 0.8731261185375395 0.48607031284497454
    outer loop
      vertex -30.866044267994816 31.181062645662344 60.43301270189222
      vertex 28.489318806304713 28.649828686784765 60.43301270189222
      vertex 28.566573054898452 28.887592815858554 60
    endloop
  endfacet
  facet normal 0.037234823732080605 0.8731261185375391 -0.48607031284497526
    outer loop
      vertex -30.788790019401077 31.418826774736132 60
      vertex 28.566573054898452 28.887592815858554 60
      vertex 28.489318806304713 28.649828686784765 59.56698729810778
    endloop
  endfacet
  facet normal -0.01285921123095754 0.8171330903909082 -0.5763056075336431
    outer loop
      vertex -16.743224373535224 22.367974178302546 66.16529885032088
      vertex 26.700832253027247 26.8613421335073 71.56698729810778
      vertex 20.02476505588871 22.946591478434634 66.16529885032088
    endloop
  endfacet
  facet normal 0.06419864954727872 0.8698667976410268 0.48909128775521077
    outer loop
      vertex -11.123725311740406 28.675280086601884 74.61363262528033
      vertex 20.61995268695177 24.3800346810876 78.08617476479067
      vertex 23.128930589140836 24.288761644051775 77.91917606603639
    endloop
  endfacet
  facet normal -0.02198128548299728 0.7006376946831295 -0.7131785497879369
    outer loop
      vertex -17.6687051352006 23.178794832394953 78.08617476479067
      vertex 30.095725337957116 30.25623521843717 83.56698729810778
      vertex 20.61995268695177 24.3800346810876 78.08617476479067
    endloop
  endfacet
  facet normal -0.022477657342151278 0.8780165211408267 -0.478102231247846
    outer loop
      vertex -28.442606581636827 28.75762495930435 83.56698729810778
      vertex 30.172979586550856 30.493999347510957 84
      vertex 30.095725337957116 30.25623521843717 83.56698729810778
    endloop
  endfacet
  facet normal -0.022477657342151278 0.8780165211408267 0.478102231247846
    outer loop
      vertex -28.365352333043088 28.99538908837814 84
      vertex 30.095725337957116 30.25623521843717 84.43301270189222
      vertex 30.172979586550856 30.493999347510957 84
    endloop
  endfacet
  facet normal 0.06904698929370244 0.8840340259725453 0.4622946616523364
    outer loop
      vertex -11.04647106314667 28.913044215675672 74.18061992338811
      vertex 23.128930589140836 24.288761644051775 77.91917606603639
      vertex 23.9347443681953 24.255764129155402 77.8619223453476
    endloop
  endfacet
  facet normal 0.06904698929370494 0.8840340259725508 0.4622946616523259
    outer loop
      vertex -11.04647106314667 28.913044215675672 74.18061992338811
      vertex 23.9347443681953 24.255764129155402 77.8619223453476
      vertex 26.778086501620987 27.09910626258109 72
    endloop
  endfacet
  facet normal 0.9763616020757152 -0.08498335668996533 0.19873563112297943
    outer loop
      vertex 20.655165463144407 -17.074392451205924 5.81016751992062
      vertex 22.5661579678151 -0.34905454454944773 3.573807870561359
      vertex 23.93453958393247 20.601866702209495 5.810167519920621
    endloop
  endfacet
  facet normal 0.6433032694439539 -0.055993671904701565 -0.7635611385012652
    outer loop
      vertex 20.655165463144407 -17.074392451205924 5.81016751992062
      vertex 23.93453958393247 20.601866702209495 5.810167519920621
      vertex 25.157240968220204 1.086329956083693 8.27141687496431
    endloop
  endfacet
  facet normal 0.9763616020757144 -0.08498335668996566 0.19873563112298326
    outer loop
      vertex 22.5661579678151 -0.34905454454944773 3.573807870561359
      vertex 22.755628593747442 1.3092252416657026 3.3520778211036584
      vertex 23.93453958393247 20.601866702209495 5.810167519920621
    endloop
  endfacet
  facet normal 0.9763616020757089 -0.0849833566899687 0.19873563112300915
    outer loop
      vertex 22.755628593747442 1.3092252416657026 3.3520778211036584
      vertex 24.02422666489027 21.632268718087857 5.810167519920623
      vertex 23.93453958393247 20.601866702209495 5.810167519920621
    endloop
  endfacet
  facet normal 0.6977028825198623 -0.011021565258652189 -0.7163024590371894
    outer loop
      vertex 23.489920013291872 0.3217913668444329 32.28737456034822
      vertex 21.557453429609346 17.070149485841043 30.14738382256294
      vertex 21.541816992917813 17.80948965046516 30.120777362422643
    endloop
  endfacet
  facet normal 0.6732964413818588 0.04080674009899289 0.7382456989275443
    outer loop
      vertex 25.27535575577124 -0.9028091022288769 27.750034866425636
      vertex 21.541816992917813 17.80948965046516 30.120777362422643
      vertex 21.557453429609346 17.070149485841043 30.14738382256294
    endloop
  endfacet
  facet normal 0.6977028825198707 -0.011021565258650048 -0.7163024590371814
    outer loop
      vertex 23.489920013291872 0.3217913668444329 32.28737456034822
      vertex 21.541816992917813 17.80948965046516 30.120777362422643
      vertex 21.469693974887097 21.219693974887097 29.998055143653257
    endloop
  endfacet
  facet normal 0.935433583282502 0.00925243301208066 -0.35338138568777966
    outer loop
      vertex 26.924327572793985 -26.42432757279398 12
      vertex 25.407240968220204 1.086329956083693 8.704429576856528
      vertex 26.243559693443522 25.62746108300267 11.560793365599558
    endloop
  endfacet
  facet normal 0.679034629693715 0.022267505697523463 -0.7337684443110988
    outer loop
      vertex 30.409135556099052 -26.862715253581865 23.12805154148019
      vertex 23.29030929531012 16.95222021143151 17.869880167856646
      vertex 23.195616435876225 19.839823861960173 17.86988016785665
    endloop
  endfacet
  facet normal 0.8660254037844386 0 0.5
    outer loop
      vertex 25.5 -25 0
      vertex 25.5 25 0
      vertex 25.25 23.140396495508487 0.4330127018922193
    endloop
  endfacet
  facet normal 0.8656862099728083 0.027985373868371362 0.49980416636154845
    outer loop
      vertex 25.389632174502765 -1.5792698295134728 15.300658178045504
      vertex 26.15671787700208 25.90671787700208 12.433012701892219
      vertex 25.139632174502765 -1.5792698295134728 15.733670879937723
    endloop
  endfacet
  facet normal 0.784003610086054 0.05144496719549836 -0.6186208489230611
    outer loop
      vertex 30.409135556099052 -26.862715253581865 23.12805154148019
      vertex 23.195616435876225 19.839823861960173 17.86988016785665
      vertex 27.222880283985646 26.972880283985646 23.56698729810778
    endloop
  endfacet
  facet normal 0.8660254037844386 0 -0.5
    outer loop
      vertex 25.25 -25 -0.4330127018922193
      vertex 25.25 25 -0.4330127018922193
      vertex 25.5 25 0
    endloop
  endfacet
  facet normal 0.8659616049498825 -0.012138025793516036 -0.4999631657256957
    outer loop
      vertex 25.157240968220204 1.086329956083693 8.27141687496431
      vertex 24.063036371645655 22.202944631720943 5.863533125267532
      vertex 25.407240968220204 1.086329956083693 8.704429576856528
    endloop
  endfacet
  facet normal 0.8642232739434731 0.028340375932148977 0.502309621514907
    outer loop
      vertex 25.139632174502765 -1.5792698295134728 15.733670879937723
      vertex 23.195616435876225 19.839823861960173 17.86988016785665
      vertex 23.29030929531012 16.95222021143151 17.869880167856646
    endloop
  endfacet
  facet normal 0.9354335832825023 0.009252433012080669 -0.35338138568777905
    outer loop
      vertex 26.924327572793985 -26.42432757279398 12
      vertex 26.243559693443522 25.62746108300267 11.560793365599558
      vertex 26.40671787700208 25.90671787700208 12
    endloop
  endfacet
  facet normal 0.6433032694439498 -0.05599367190470225 -0.7635611385012686
    outer loop
      vertex 25.157240968220204 1.086329956083693 8.27141687496431
      vertex 23.93453958393247 20.601866702209495 5.810167519920621
      vertex 24.02422666489027 21.632268718087857 5.810167519920623
    endloop
  endfacet
  facet normal 0.9763616020757089 -0.08498335668996863 0.19873563112300843
    outer loop
      vertex 22.755628593747442 1.3092252416657026 3.3520778211036584
      vertex 24.063036371645655 22.202944631720943 5.863533125267532
      vertex 24.02422666489027 21.632268718087857 5.810167519920623
    endloop
  endfacet
  facet normal 0.9763616020757109 -0.0849833566899675 0.19873563112299988
    outer loop
      vertex 22.755628593747442 1.3092252416657026 3.3520778211036584
      vertex 24.16228080737841 23.66228080737841 6
      vertex 24.063036371645655 22.202944631720943 5.863533125267532
    endloop
  endfacet
  facet normal 0.8659616049498786 -0.012138025793516973 -0.4999631657257023
    outer loop
      vertex 25.157240968220204 1.086329956083693 8.27141687496431
      vertex 24.02422666489027 21.632268718087857 5.810167519920623
      vertex 24.063036371645655 22.202944631720943 5.863533125267532
    endloop
  endfacet
  facet normal 0.8659616049498826 -0.012138025793516033 -0.49996316572569555
    outer loop
      vertex 25.407240968220204 1.086329956083693 8.704429576856528
      vertex 24.063036371645655 22.202944631720943 5.863533125267532
      vertex 24.242756505254253 22.202944631720943 6.174817527820689
    endloop
  endfacet
  facet normal 0.8642232739434723 0.02834037593214871 0.5023096215149082
    outer loop
      vertex 25.139632174502765 -1.5792698295134728 15.733670879937723
      vertex 26.15671787700208 25.90671787700208 12.433012701892219
      vertex 23.195616435876225 19.839823861960173 17.86988016785665
    endloop
  endfacet
  facet normal 0.6977028825198739 -0.011021565258652475 -0.716302459037178
    outer loop
      vertex 23.686184628825107 -1.3792005648110552 32.50471568435139
      vertex 23.489920013291872 0.3217913668444329 32.28737456034822
      vertex 27.265567595669314 26.187947957742466 35.56698729810778
    endloop
  endfacet
  facet normal 0.7155564889467352 0.002472904946104956 0.6985504962902456
    outer loop
      vertex 22.098467465103486 -17.004714849289485 41.895392449658225
      vertex 27.168525593385496 26.091076411798127 36.54934401332083
      vertex 21.9763290303101 18.337100332026804 41.895392449658225
    endloop
  endfacet
  facet normal 0.7728189694731149 -0.012208169005116594 0.6345091024028381
    outer loop
      vertex 22.05534101698503 -21.6605707094738 41.85833933580525
      vertex 27.265567595669314 26.187947957742466 36.43301270189222
      vertex 27.168525593385496 26.091076411798127 36.54934401332083
    endloop
  endfacet
  facet normal 0.8659443736681773 -0.013679264718350364 -0.49995321724056674
    outer loop
      vertex 26.688185359174454 -26.188185359174458 36
      vertex 27.265567595669314 26.187947957742466 35.56698729810778
      vertex 27.515567595669314 26.187947957742466 36
    endloop
  endfacet
  facet normal 0.8659443736681773 -0.013679264718350364 0.49995321724056674
    outer loop
      vertex 26.688185359174454 -26.188185359174458 36
      vertex 27.515567595669314 26.187947957742466 36
      vertex 27.265567595669314 26.187947957742466 36.43301270189222
    endloop
  endfacet
  facet normal 0.6732964413818564 0.040806740098992406 0.7382456989275465
    outer loop
      vertex 25.27535575577124 -0.9028091022288769 27.750034866425636
      vertex 27.222880283985646 26.972880283985646 24.43301270189222
      vertex 21.541816992917813 17.80948965046516 30.120777362422643
    endloop
  endfacet
  facet normal 0.8646304453701226 0.05673556132402593 -0.49919462038398527
    outer loop
      vertex 31.02000656702862 -27.08410454737347 24
      vertex 27.222880283985646 26.972880283985646 23.56698729810778
      vertex 27.472880283985646 26.972880283985646 24
    endloop
  endfacet
  facet normal 0.8646304453701226 0.05673556132402593 0.49919462038398527
    outer loop
      vertex 31.02000656702862 -27.08410454737347 24
      vertex 27.472880283985646 26.972880283985646 24
      vertex 27.222880283985646 26.972880283985646 24.43301270189222
    endloop
  endfacet
  facet normal 0.48105757179392256 -0.04597787393668166 -0.8754825227998545
    outer loop
      vertex 20.52046175382803 -14.598870979912094 53.8529173136623
      vertex 23.910559754427446 20.87106646342607 53.8529173136623
      vertex 26.114227658916867 1.1656071070320455 56.09865746966088
    endloop
  endfacet
  facet normal 0.5830307456993776 0.015760501227021106 -0.8122972092592099
    outer loop
      vertex 30.5687719517796 -27.53335720772111 47.172668984257975
      vertex 21.9763290303101 18.337100332026804 41.895392449658225
      vertex 21.933198249965493 21.612172927157218 41.92797930866192
    endloop
  endfacet
  facet normal 0.5830307456993888 0.015760501227023833 -0.8122972092592019
    outer loop
      vertex 30.5687719517796 -27.53335720772111 47.172668984257975
      vertex 21.933198249965493 21.612172927157218 41.92797930866192
      vertex 21.932275046276533 21.682275046276533 41.92867682232161
    endloop
  endfacet
  facet normal 0.5830307456993804 0.01576050122702164 -0.8122972092592081
    outer loop
      vertex 30.5687719517796 -27.53335720772111 47.172668984257975
      vertex 21.932275046276533 21.682275046276533 41.92867682232161
      vertex 29.580990500831255 29.330990500831255 47.56698729810778
    endloop
  endfacet
  facet normal 0.7614700216808264 0.011294280182623928 -0.6481017245128714
    outer loop
      vertex 29.257425911974558 -26.941243883779006 59.301865412552665
      vertex 26.114227658916867 1.1656071070320455 56.09865746966088
      vertex 28.388033779434 28.138033779434 59.24024661056607
    endloop
  endfacet
  facet normal 0.6394609866114543 0.009484617047306536 0.7687650412456145
    outer loop
      vertex 29.488315258853365 -27.294463803490608 60.43301270189222
      vertex 28.662064557710977 28.412064557710977 60.43301270189222
      vertex 25.033947191439818 0.15739720054406767 63.79948239211947
    endloop
  endfacet
  facet normal 0.69598053169289 -0.005950815042990776 -0.7180359930426932
    outer loop
      vertex 28.280957985386085 -27.624436867345352 71.51235777586818
      vertex 22.978861306062498 18.056920296580138 65.99453219087346
      vertex 22.98463625475514 18.73233229183935 65.99453219087346
    endloop
  endfacet
  facet normal 0.9014518684449425 -0.009216686744956694 0.4327812167395522
    outer loop
      vertex 23.82249251822436 -17.863755999419865 77.92850095745263
      vertex 25.10624174780576 -0.9550800801647887 75.61463858619408
      vertex 24.21578880492153 20.603177108578073 77.92850095745263
    endloop
  endfacet
  facet normal 0.785997344405671 -0.008036248588903297 -0.6181776389484258
    outer loop
      vertex 23.82249251822436 -17.863755999419865 77.92850095745263
      vertex 24.21578880492153 20.603177108578073 77.92850095745263
      vertex 25.81243488900226 0.9391983987652625 80.21422615062806
    endloop
  endfacet
  facet normal 0.8053186855172025 0.021489354010880337 -0.5924525486661695
    outer loop
      vertex 28.309134505568665 -27.174245508290063 71.56698729810778
      vertex 22.98463625475514 18.73233229183935 65.99453219087346
      vertex 22.945556434378016 22.04388828898552 66.06152741211528
    endloop
  endfacet
  facet normal 0.8053186855172066 0.021489354010881506 -0.5924525486661639
    outer loop
      vertex 28.309134505568665 -27.174245508290063 71.56698729810778
      vertex 22.945556434378016 22.04388828898552 66.06152741211528
      vertex 26.87357800443351 26.62357800443351 71.56698729810778
    endloop
  endfacet
  facet normal 0.9014518684449438 -0.009216686744956345 0.43278121673954945
    outer loop
      vertex 25.10624174780576 -0.9550800801647887 75.61463858619408
      vertex 25.228071483308717 0.8365095886963688 75.39903051833272
      vertex 24.21578880492153 20.603177108578073 77.92850095745263
    endloop
  endfacet
  facet normal 0.7024652074929723 -0.02563813749022118 -0.7112561551001775
    outer loop
      vertex 28.15443688161477 -27.904436881614775 83.56698729810778
      vertex 25.81243488900226 0.9391983987652625 80.21422615062806
      vertex 30.213775745796077 28.519860830230563 83.56698729810778
    endloop
  endfacet
  facet normal 0.7425127090840562 -0.07096688158829229 0.6660619930353999
    outer loop
      vertex 20.52046175382803 -14.598870979912094 53.8529173136623
      vertex 29.580990500831255 29.330990500831255 48.43301270189222
      vertex 23.910559754427446 20.87106646342607 53.8529173136623
    endloop
  endfacet
  facet normal 0.7614700216808237 0.011294280182623097 -0.6481017245128748
    outer loop
      vertex 26.114227658916867 1.1656071070320455 56.09865746966088
      vertex 23.910559754427446 20.87106646342607 53.8529173136623
      vertex 24.023529946909512 23.773529946909512 54.03622904734145
    endloop
  endfacet
  facet normal 0.8657881896468195 0.023404007294505945 -0.49986304435379275
    outer loop
      vertex 31.129928271807366 -27.969112500067915 47.56698729810778
      vertex 29.580990500831255 29.330990500831255 47.56698729810778
      vertex 29.830990500831255 29.330990500831255 48
    endloop
  endfacet
  facet normal 0.8657881896468195 0.023404007294505945 0.49986304435379275
    outer loop
      vertex 31.379928271807366 -27.969112500067915 48
      vertex 29.830990500831255 29.330990500831255 48
      vertex 29.580990500831255 29.330990500831255 48.43301270189222
    endloop
  endfacet
  facet normal 0.7614700216808279 0.011294280182623954 -0.6481017245128701
    outer loop
      vertex 29.257425911974558 -26.941243883779006 59.301865412552665
      vertex 28.388033779434 28.138033779434 59.24024661056607
      vertex 28.662064557710977 28.412064557710977 59.56698729810778
    endloop
  endfacet
  facet normal 0.86595396736888 0.012844007583030378 -0.49995875616625013
    outer loop
      vertex 29.488315258853365 -27.294463803490608 59.56698729810778
      vertex 28.662064557710977 28.412064557710977 59.56698729810778
      vertex 28.912064557710977 28.412064557710977 60
    endloop
  endfacet
  facet normal 0.86595396736888 0.012844007583030378 0.49995875616625013
    outer loop
      vertex 29.488315258853365 -27.294463803490608 60.43301270189222
      vertex 28.912064557710977 28.412064557710977 60
      vertex 28.662064557710977 28.412064557710977 60.43301270189222
    endloop
  endfacet
  facet normal 0.8657942509818324 0.023103101287145104 0.4998665438671845
    outer loop
      vertex 28.309134505568665 -27.174245508290063 72.43301270189222
      vertex 27.12357800443351 26.62357800443351 72
      vertex 26.904025308498444 25.48255799635429 72.43301270189222
    endloop
  endfacet
  facet normal 0.8657942509818316 0.023103101287145097 -0.49986654386718565
    outer loop
      vertex 28.309134505568665 -27.174245508290063 71.56698729810778
      vertex 26.87357800443351 26.62357800443351 71.56698729810778
      vertex 27.12357800443351 26.62357800443351 72
    endloop
  endfacet
  facet normal 0.7049900753598097 -0.006027848990841882 0.7091915528830793
    outer loop
      vertex 25.033947191439818 0.15739720054406767 63.79948239211947
      vertex 22.98463625475514 18.73233229183935 65.99453219087346
      vertex 22.978861306062498 18.056920296580138 65.99453219087346
    endloop
  endfacet
  facet normal 0.7049900753598031 -0.0060278489908433056 0.7091915528830859
    outer loop
      vertex 25.033947191439818 0.15739720054406767 63.79948239211947
      vertex 22.945556434378016 22.04388828898552 66.06152741211528
      vertex 22.98463625475514 18.73233229183935 65.99453219087346
    endloop
  endfacet
  facet normal 0.704990075359826 -0.006027848990839148 0.709191552883063
    outer loop
      vertex 25.033947191439818 0.15739720054406767 63.79948239211947
      vertex 22.937955765294777 22.687955765294777 66.07455737238386
      vertex 22.945556434378016 22.04388828898552 66.06152741211528
    endloop
  endfacet
  facet normal 0.9014518684449631 -0.009216686744950173 0.43278121673951
    outer loop
      vertex 25.228071483308717 0.8365095886963688 75.39903051833272
      vertex 24.23337355910582 21.544799801154586 77.9119263746179
      vertex 24.21578880492153 20.603177108578073 77.92850095745263
    endloop
  endfacet
  facet normal 0.7024652074929422 -0.0256381374902269 -0.7112561551002072
    outer loop
      vertex 24.21578880492153 20.603177108578073 77.92850095745263
      vertex 24.23337355910582 21.544799801154586 77.9119263746179
      vertex 25.81243488900226 0.9391983987652625 80.21422615062806
    endloop
  endfacet
  facet normal 0.7024652074930307 -0.025638137490210426 -0.7112561551001203
    outer loop
      vertex 24.23337355910582 21.544799801154586 77.9119263746179
      vertex 24.25475995490551 22.689991561377912 77.89176853874471
      vertex 25.81243488900226 0.9391983987652625 80.21422615062806
    endloop
  endfacet
  facet normal 0.8655931289575318 -0.03159187873518415 -0.49975042601231584
    outer loop
      vertex 28.40443688161477 -27.904436881614775 84
      vertex 30.213775745796077 28.519860830230563 83.56698729810778
      vertex 30.463775745796077 28.519860830230563 84
    endloop
  endfacet
  facet normal 0.8655931289575318 -0.03159187873518415 0.49975042601231584
    outer loop
      vertex 28.40443688161477 -27.904436881614775 84
      vertex 30.463775745796077 28.519860830230563 84
      vertex 30.213775745796077 28.519860830230563 84.43301270189222
    endloop
  endfacet
  facet normal 0.0018695948601401232 0.6942887232466084 0.7196941526701834
    outer loop
      vertex 17.587384069715668 21.439955104099706 30.024576850729833
      vertex 21.296948223480832 21.457458103960885 29.998055143653257
      vertex 27.05013453257938 27.210644413059434 24.43301270189222
    endloop
  endfacet
  facet normal 0.6732964413818565 0.040806740098992204 0.7382456989275463
    outer loop
      vertex 21.541816992917813 17.80948965046516 30.120777362422643
      vertex 27.222880283985646 26.972880283985646 24.43301270189222
      vertex 21.469693974887097 21.219693974887097 29.998055143653257
    endloop
  endfacet
  facet normal 0.46059083396425693 0.3346388288844908 0.8221149176793514
    outer loop
      vertex 21.469693974887097 21.219693974887097 29.998055143653257
      vertex 27.05013453257938 27.210644413059434 24.43301270189222
      vertex 21.296948223480832 21.457458103960885 29.998055143653257
    endloop
  endfacet
  facet normal -0.008416464670752747 0.696372009081529 -0.7176316520961161
    outer loop
      vertex 17.587384069715668 21.439955104099706 30.024576850729833
      vertex 27.10610553732337 27.266615417803422 35.56698729810778
      vertex 21.296948223480832 21.457458103960885 29.998055143653257
    endloop
  endfacet
  facet normal 0.4577948246127474 0.3326074091819184 -0.8244975499751808
    outer loop
      vertex 21.469693974887097 21.219693974887097 29.998055143653257
      vertex 21.296948223480832 21.457458103960885 29.998055143653257
      vertex 27.278851288729633 27.028851288729633 35.56698729810778
    endloop
  endfacet
  facet normal -0.011412483494611077 0.7222421658425829 0.6915461004875239
    outer loop
      vertex 27.013768390920387 27.17427827140044 36.52792464543477
      vertex 16.83867084964305 21.896564268681015 41.87198552101568
      vertex 21.75952929487027 21.920039175350322 41.92867682232161
    endloop
  endfacet
  facet normal -0.0322660412911285 0.940027573213403 -0.3395689387707881
    outer loop
      vertex 21.714612922501907 25.920291345595516 11.134189859312729
      vertex 25.176884944469712 26.195473038545238 11.566987298107781
      vertex 23.816789304565884 24.137809065525985 6
    endloop
  endfacet
  facet normal -0.01261629237258639 0.8080441211038963 -0.5889868653172167
    outer loop
      vertex 19.888052318802483 23.12763632260156 18.118832254819377
      vertex 27.05013453257938 27.210644413059434 23.56698729810778
      vertex 22.88425512032726 23.044765000807313 17.940959604163364
    endloop
  endfacet
  facet normal 0.9763616020757152 -0.08498335668996548 0.19873563112297932
    outer loop
      vertex 22.755628593747442 1.3092252416657026 3.3520778211036584
      vertex 25.25 23.140396495508487 0.4330127018922193
      vertex 24.16228080737841 23.66228080737841 6
    endloop
  endfacet
  facet normal 0.9354335832825019 0.009252433012080633 -0.3533813856877794
    outer loop
      vertex 25.407240968220204 1.086329956083693 8.704429576856528
      vertex 24.242756505254253 22.202944631720943 6.174817527820689
      vertex 26.243559693443522 25.62746108300267 11.560793365599558
    endloop
  endfacet
  facet normal 0.8656862099728081 0.027985373868371372 0.4998041663615486
    outer loop
      vertex 25.389632174502765 -1.5792698295134728 15.300658178045504
      vertex 26.40671787700208 25.90671787700208 12
      vertex 26.15671787700208 25.90671787700208 12.433012701892219
    endloop
  endfacet
  facet normal 0.8659616049498825 -0.012138025793517818 -0.49996316572569577
    outer loop
      vertex 24.063036371645655 22.202944631720943 5.863533125267532
      vertex 24.16228080737841 23.66228080737841 6
      vertex 24.242756505254253 22.202944631720943 6.174817527820689
    endloop
  endfacet
  facet normal 0.864223273943473 0.028340375932147503 0.5023096215149072
    outer loop
      vertex 23.195616435876225 19.839823861960173 17.86988016785665
      vertex 26.15671787700208 25.90671787700208 12.433012701892219
      vertex 23.08798059361679 22.143855148454136 17.9250737894497
    endloop
  endfacet
  facet normal 0.8642232739434705 0.02834037593215504 0.502309621514911
    outer loop
      vertex 23.08798059361679 22.143855148454136 17.9250737894497
      vertex 26.15671787700208 25.90671787700208 12.433012701892219
      vertex 23.057000871733525 22.807000871733525 17.940959604163364
    endloop
  endfacet
  facet normal 0.7840036100860546 0.05144496719549719 -0.6186208489230602
    outer loop
      vertex 23.195616435876225 19.839823861960173 17.86988016785665
      vertex 23.08798059361679 22.143855148454136 17.9250737894497
      vertex 27.222880283985646 26.972880283985646 23.56698729810778
    endloop
  endfacet
  facet normal 0.6977028825198672 -0.011021565258650771 -0.7163024590371846
    outer loop
      vertex 23.489920013291872 0.3217913668444329 32.28737456034822
      vertex 21.469693974887097 21.219693974887097 29.998055143653257
      vertex 27.278851288729633 27.028851288729633 35.56698729810778
    endloop
  endfacet
  facet normal 0.6977028825198786 -0.01102156525865353 -0.7163024590371736
    outer loop
      vertex 23.489920013291872 0.3217913668444329 32.28737456034822
      vertex 27.278851288729633 27.028851288729633 35.56698729810778
      vertex 27.265567595669314 26.187947957742466 35.56698729810778
    endloop
  endfacet
  facet normal 0.7155564889467352 0.0024729049461048457 0.6985504962902456
    outer loop
      vertex 27.168525593385496 26.091076411798127 36.54934401332083
      vertex 21.933198249965493 21.612172927157218 41.92797930866192
      vertex 21.9763290303101 18.337100332026804 41.895392449658225
    endloop
  endfacet
  facet normal 0.7155564889467178 0.0024729049461412606 0.6985504962902633
    outer loop
      vertex 27.228846161409727 26.603804775566093 36.48573987502386
      vertex 21.932275046276533 21.682275046276533 41.92867682232161
      vertex 21.933198249965493 21.612172927157218 41.92797930866192
    endloop
  endfacet
  facet normal 0.47950348491526823 0.3483796741177229 0.8054241184715929
    outer loop
      vertex 27.18651414232665 26.93651414232665 36.52792464543477
      vertex 21.75952929487027 21.920039175350322 41.92867682232161
      vertex 21.932275046276533 21.682275046276533 41.92867682232161
    endloop
  endfacet
  facet normal 0.7724273146312891 0.5612012938726004 0.29733676423747996
    outer loop
      vertex 25.154508497187475 25.475528258147577 0
      vertex 23.816789304565884 24.137809065525985 6
      vertex 23.890748893228405 24.051258773708458 5.971223636839119
    endloop
  endfacet
  facet normal 0.7724273146312841 0.5612012938726069 0.2973367642374807
    outer loop
      vertex 25.154508497187475 25.475528258147577 0
      vertex 23.890748893228405 24.051258773708458 5.971223636839119
      vertex 24.06349464463467 23.81349464463467 5.971223636839118
    endloop
  endfacet
  facet normal 0.772427314631287 0.5612012938726034 0.2973367642374799
    outer loop
      vertex 24.16228080737841 23.66228080737841 6
      vertex 25.154508497187475 25.475528258147577 0
      vertex 24.06349464463467 23.81349464463467 5.971223636839118
    endloop
  endfacet
  facet normal 0.9763616020757152 -0.08498335668996547 0.19873563112297934
    outer loop
      vertex 25.25 23.140396495508487 0.4330127018922193
      vertex 25.5 25 0
      vertex 24.16228080737841 23.66228080737841 6
    endloop
  endfacet
  facet normal 0.772427314631286 0.5612012938726045 0.2973367642374801
    outer loop
      vertex 24.16228080737841 23.66228080737841 6
      vertex 25.5 25 0
      vertex 25.154508497187475 25.475528258147577 0
    endloop
  endfacet
  facet normal 0.7329996781371404 0.5325554391808718 -0.42319756148838705
    outer loop
      vertex 25.25 25 -0.4330127018922193
      vertex 25.154508497187475 25.475528258147577 0
      vertex 25.5 25 0
    endloop
  endfacet
  facet normal 0.7329996781371365 0.5325554391808743 -0.4231975614883908
    outer loop
      vertex 25.25 25 -0.4330127018922193
      vertex 25.077254248593736 25.23776412907379 -0.4330127018922193
      vertex 25.154508497187475 25.475528258147577 0
    endloop
  endfacet
  facet normal 0.9354335832825025 0.009252433012078785 -0.3533813856877784
    outer loop
      vertex 24.242756505254253 22.202944631720943 6.174817527820689
      vertex 24.16228080737841 23.66228080737841 6
      vertex 26.243559693443522 25.62746108300267 11.560793365599558
    endloop
  endfacet
  facet normal 0.7835886106927297 0.4258151229389557 -0.4524050953173711
    outer loop
      vertex 24.16228080737841 23.66228080737841 6
      vertex 24.06349464463467 23.81349464463467 5.971223636839118
      vertex 26.15671787700208 25.90671787700208 11.566987298107781
    endloop
  endfacet
  facet normal 0.7170366336764425 0.5209576085037433 -0.4631000281883124
    outer loop
      vertex 24.06349464463467 23.81349464463467 5.971223636839118
      vertex 23.890748893228405 24.051258773708458 5.971223636839119
      vertex 25.983972125595816 26.14448200607587 11.566987298107781
    endloop
  endfacet
  facet normal 0.5895143508368754 0.6590418868359755 -0.46705098389046834
    outer loop
      vertex 23.816789304565884 24.137809065525985 6
      vertex 26.061226374189555 26.382246135149657 12
      vertex 23.890748893228405 24.051258773708458 5.971223636839119
    endloop
  endfacet
  facet normal -0.03226604129112362 0.9400275732134028 -0.33956893877078925
    outer loop
      vertex 23.816789304565884 24.137809065525985 6
      vertex 25.176884944469712 26.195473038545238 11.566987298107781
      vertex 26.061226374189555 26.382246135149657 12
    endloop
  endfacet
  facet normal 0.7170366336764442 0.5209576085037413 -0.463100028188312
    outer loop
      vertex 24.06349464463467 23.81349464463467 5.971223636839118
      vertex 25.983972125595816 26.14448200607587 11.566987298107781
      vertex 26.15671787700208 25.90671787700208 11.566987298107781
    endloop
  endfacet
  facet normal 0.5895143508368769 0.6590418868359746 -0.46705098389046784
    outer loop
      vertex 23.890748893228405 24.051258773708458 5.971223636839119
      vertex 26.061226374189555 26.382246135149657 12
      vertex 25.983972125595816 26.14448200607587 11.566987298107781
    endloop
  endfacet
  facet normal 0.9354335832825023 0.00925243301208055 -0.3533813856877792
    outer loop
      vertex 24.16228080737841 23.66228080737841 6
      vertex 26.40671787700208 25.90671787700208 12
      vertex 26.243559693443522 25.62746108300267 11.560793365599558
    endloop
  endfacet
  facet normal 0.7835886106927278 0.4258151229389588 -0.45240509531737166
    outer loop
      vertex 24.16228080737841 23.66228080737841 6
      vertex 26.15671787700208 25.90671787700208 11.566987298107781
      vertex 26.40671787700208 25.90671787700208 12
    endloop
  endfacet
  facet normal 0.6360316138845765 0.4621040166430328 0.6179997281081575
    outer loop
      vertex 22.88425512032726 23.044765000807313 17.940959604163364
      vertex 26.15671787700208 25.90671787700208 12.433012701892219
      vertex 25.983972125595816 26.14448200607587 12.433012701892219
    endloop
  endfacet
  facet normal 0.6360316138845765 0.4621040166430327 0.6179997281081577
    outer loop
      vertex 23.057000871733525 22.807000871733525 17.940959604163364
      vertex 26.15671787700208 25.90671787700208 12.433012701892219
      vertex 22.88425512032726 23.044765000807313 17.940959604163364
    endloop
  endfacet
  facet normal 0.7840036100860541 0.05144496719549843 -0.6186208489230609
    outer loop
      vertex 23.08798059361679 22.143855148454136 17.9250737894497
      vertex 23.057000871733525 22.807000871733525 17.940959604163364
      vertex 27.222880283985646 26.972880283985646 23.56698729810778
    endloop
  endfacet
  facet normal 0.5623405733538314 0.40856434176447937 -0.7189215939159442
    outer loop
      vertex 23.057000871733525 22.807000871733525 17.940959604163364
      vertex 22.88425512032726 23.044765000807313 17.940959604163364
      vertex 27.222880283985646 26.972880283985646 23.56698729810778
    endloop
  endfacet
  facet normal 0.7329996781371363 0.5325554391808741 -0.42319756148839127
    outer loop
      vertex 25.983972125595816 26.14448200607587 11.566987298107781
      vertex 26.061226374189555 26.382246135149657 12
      vertex 26.15671787700208 25.90671787700208 11.566987298107781
    endloop
  endfacet
  facet normal 0.7329996781371403 0.5325554391808717 -0.42319756148838755
    outer loop
      vertex 26.15671787700208 25.90671787700208 11.566987298107781
      vertex 26.061226374189555 26.382246135149657 12
      vertex 26.40671787700208 25.90671787700208 12
    endloop
  endfacet
  facet normal 0.7329996781371363 0.5325554391808741 0.42319756148839127
    outer loop
      vertex 25.983972125595816 26.14448200607587 12.433012701892219
      vertex 26.15671787700208 25.90671787700208 12.433012701892219
      vertex 26.061226374189555 26.382246135149657 12
    endloop
  endfacet
  facet normal 0.7329996781371403 0.5325554391808717 0.42319756148838755
    outer loop
      vertex 26.15671787700208 25.90671787700208 12.433012701892219
      vertex 26.40671787700208 25.90671787700208 12
      vertex 26.061226374189555 26.382246135149657 12
    endloop
  endfacet
  facet normal 0.46059083396425754 0.33463882888448976 0.8221149176793515
    outer loop
      vertex 21.469693974887097 21.219693974887097 29.998055143653257
      vertex 27.222880283985646 26.972880283985646 24.43301270189222
      vertex 27.05013453257938 27.210644413059434 24.43301270189222
    endloop
  endfacet
  facet normal 0.562340573353832 0.4085643417644795 -0.7189215939159437
    outer loop
      vertex 22.88425512032726 23.044765000807313 17.940959604163364
      vertex 27.05013453257938 27.210644413059434 23.56698729810778
      vertex 27.222880283985646 26.972880283985646 23.56698729810778
    endloop
  endfacet
  facet normal 0.732999678137141 0.5325554391808721 -0.42319756148838616
    outer loop
      vertex 27.222880283985646 26.972880283985646 23.56698729810778
      vertex 27.12738878117312 27.448408542133222 24
      vertex 27.472880283985646 26.972880283985646 24
    endloop
  endfacet
  facet normal 0.732999678137141 0.5325554391808721 0.42319756148838616
    outer loop
      vertex 27.472880283985646 26.972880283985646 24
      vertex 27.12738878117312 27.448408542133222 24
      vertex 27.222880283985646 26.972880283985646 24.43301270189222
    endloop
  endfacet
  facet normal 0.7329996781371368 0.5325554391808747 -0.42319756148838983
    outer loop
      vertex 27.222880283985646 26.972880283985646 23.56698729810778
      vertex 27.05013453257938 27.210644413059434 23.56698729810778
      vertex 27.12738878117312 27.448408542133222 24
    endloop
  endfacet
  facet normal 0.7329996781371368 0.5325554391808747 0.42319756148838983
    outer loop
      vertex 27.12738878117312 27.448408542133222 24
      vertex 27.05013453257938 27.210644413059434 24.43301270189222
      vertex 27.222880283985646 26.972880283985646 24.43301270189222
    endloop
  endfacet
  facet normal 0.4577948246127465 0.3326074091819203 -0.8244975499751807
    outer loop
      vertex 21.296948223480832 21.457458103960885 29.998055143653257
      vertex 27.10610553732337 27.266615417803422 35.56698729810778
      vertex 27.278851288729633 27.028851288729633 35.56698729810778
    endloop
  endfacet
  facet normal 0.7155564889467371 0.0024729049461000804 0.6985504962902436
    outer loop
      vertex 27.168525593385496 26.091076411798127 36.54934401332083
      vertex 27.228846161409727 26.603804775566093 36.48573987502386
      vertex 21.933198249965493 21.612172927157218 41.92797930866192
    endloop
  endfacet
  facet normal 0.7155564889467327 0.0024729049461094123 0.6985504962902481
    outer loop
      vertex 27.228846161409727 26.603804775566093 36.48573987502386
      vertex 27.18651414232665 26.93651414232665 36.52792464543477
      vertex 21.932275046276533 21.682275046276533 41.92867682232161
    endloop
  endfacet
  facet normal 0.4795034849152689 0.3483796741177221 0.8054241184715928
    outer loop
      vertex 27.013768390920387 27.17427827140044 36.52792464543477
      vertex 21.75952929487027 21.920039175350322 41.92867682232161
      vertex 27.18651414232665 26.93651414232665 36.52792464543477
    endloop
  endfacet
  facet normal 0.7728189694731223 -0.012208169005135798 0.6345091024028285
    outer loop
      vertex 27.168525593385496 26.091076411798127 36.54934401332083
      vertex 27.265567595669314 26.187947957742466 36.43301270189222
      vertex 27.228846161409727 26.603804775566093 36.48573987502386
    endloop
  endfacet
  facet normal 0.7728189694731197 -0.012208169005136445 0.6345091024028318
    outer loop
      vertex 27.265567595669314 26.187947957742466 36.43301270189222
      vertex 27.278851288729633 27.028851288729633 36.43301270189222
      vertex 27.228846161409727 26.603804775566093 36.48573987502386
    endloop
  endfacet
  facet normal 0.8659443736681772 -0.013679264718353725 -0.49995321724056674
    outer loop
      vertex 27.265567595669314 26.187947957742466 35.56698729810778
      vertex 27.278851288729633 27.028851288729633 35.56698729810778
      vertex 27.515567595669314 26.187947957742466 36
    endloop
  endfacet
  facet normal 0.8659443736681772 -0.013679264718353715 0.49995321724056674
    outer loop
      vertex 27.515567595669314 26.187947957742466 36
      vertex 27.278851288729633 27.028851288729633 36.43301270189222
      vertex 27.265567595669314 26.187947957742466 36.43301270189222
    endloop
  endfacet
  facet normal 0.7155564889467142 0.002472904946104672 0.6985504962902671
    outer loop
      vertex 27.228846161409727 26.603804775566093 36.48573987502386
      vertex 27.278851288729633 27.028851288729633 36.43301270189222
      vertex 27.18651414232665 26.93651414232665 36.52792464543477
    endloop
  endfacet
  facet normal 0.4795034849152505 0.34837967411770865 0.8054241184716094
    outer loop
      vertex 27.013768390920387 27.17427827140044 36.52792464543477
      vertex 27.278851288729633 27.028851288729633 36.43301270189222
      vertex 27.10610553732337 27.266615417803422 36.43301270189222
    endloop
  endfacet
  facet normal 0.47950348491525047 0.34837967411770876 0.8054241184716094
    outer loop
      vertex 27.013768390920387 27.17427827140044 36.52792464543477
      vertex 27.18651414232665 26.93651414232665 36.52792464543477
      vertex 27.278851288729633 27.028851288729633 36.43301270189222
    endloop
  endfacet
  facet normal 0.8659443736681772 -0.013679264718353725 -0.49995321724056674
    outer loop
      vertex 27.515567595669314 26.187947957742466 36
      vertex 27.278851288729633 27.028851288729633 35.56698729810778
      vertex 27.528851288729633 27.028851288729633 36
    endloop
  endfacet
  facet normal 0.8659443736681772 -0.013679264718353725 0.49995321724056674
    outer loop
      vertex 27.515567595669314 26.187947957742466 36
      vertex 27.528851288729633 27.028851288729633 36
      vertex 27.278851288729633 27.028851288729633 36.43301270189222
    endloop
  endfacet
  facet normal 0.7329996781371357 0.5325554391808738 -0.42319756148839266
    outer loop
      vertex 27.278851288729633 27.028851288729633 35.56698729810778
      vertex 27.10610553732337 27.266615417803422 35.56698729810778
      vertex 27.18335978591711 27.50437954687721 36
    endloop
  endfacet
  facet normal 0.7329996781371357 0.5325554391808739 0.42319756148839266
    outer loop
      vertex 27.18335978591711 27.50437954687721 36
      vertex 27.10610553732337 27.266615417803422 36.43301270189222
      vertex 27.278851288729633 27.028851288729633 36.43301270189222
    endloop
  endfacet
  facet normal 0.7329996781371398 0.5325554391808713 -0.423197561488389
    outer loop
      vertex 27.278851288729633 27.028851288729633 35.56698729810778
      vertex 27.18335978591711 27.50437954687721 36
      vertex 27.528851288729633 27.028851288729633 36
    endloop
  endfacet
  facet normal 0.7329996781371398 0.5325554391808713 0.423197561488389
    outer loop
      vertex 27.18335978591711 27.50437954687721 36
      vertex 27.278851288729633 27.028851288729633 36.43301270189222
      vertex 27.528851288729633 27.028851288729633 36
    endloop
  endfacet
  facet normal 0.02218242664506312 0.7567765992334542 -0.6532971137245167
    outer loop
      vertex 19.855074908602916 24.128510419322506 54.03633934560184
      vertex 25.67741648659418 28.45850312234119 59.24987962597217
      vertex 23.85078419550325 24.0112940759833 54.03622904734145
    endloop
  endfacet
  facet normal -0.012859211230957778 0.8171330903909083 -0.5763056075336429
    outer loop
      vertex 20.02476505588871 22.946591478434634 66.16529885032088
      vertex 26.700832253027247 26.8613421335073 71.56698729810778
      vertex 22.765210013888513 22.925719894368566 66.07455737238386
    endloop
  endfacet
  facet normal 0.7614700216808272 0.011294280182623788 -0.6481017245128707
    outer loop
      vertex 26.114227658916867 1.1656071070320455 56.09865746966088
      vertex 24.023529946909512 23.773529946909512 54.03622904734145
      vertex 28.388033779434 28.138033779434 59.24024661056607
    endloop
  endfacet
  facet normal 0.7049900753597954 -0.006027848990844731 0.7091915528830935
    outer loop
      vertex 25.033947191439818 0.15739720054406767 63.79948239211947
      vertex 28.662064557710977 28.412064557710977 60.43301270189222
      vertex 22.937955765294777 22.687955765294777 66.07455737238386
    endloop
  endfacet
  facet normal 0.9014518684449423 -0.009216686744956489 0.4327812167395527
    outer loop
      vertex 25.228071483308717 0.8365095886963688 75.39903051833272
      vertex 26.904025308498444 25.48255799635429 72.43301270189222
      vertex 24.23337355910582 21.544799801154586 77.9119263746179
    endloop
  endfacet
  facet normal 0.7024652074929711 -0.02563813749022092 -0.7112561551001788
    outer loop
      vertex 24.25475995490551 22.689991561377912 77.89176853874471
      vertex 30.26847108936338 30.01847108936338 83.56698729810778
      vertex 25.81243488900226 0.9391983987652625 80.21422615062806
    endloop
  endfacet
  facet normal 0.9014518684449451 -0.009216686744966781 0.4327812167395467
    outer loop
      vertex 24.23337355910582 21.544799801154586 77.9119263746179
      vertex 26.904025308498444 25.48255799635429 72.43301270189222
      vertex 24.25475995490551 22.689991561377912 77.89176853874471
    endloop
  endfacet
  facet normal 0.7024652074929777 -0.025638137490222684 -0.7112561551001723
    outer loop
      vertex 25.81243488900226 0.9391983987652625 80.21422615062806
      vertex 30.26847108936338 30.01847108936338 83.56698729810778
      vertex 30.213775745796077 28.519860830230563 83.56698729810778
    endloop
  endfacet
  facet normal 0.37759828485423746 0.2743412124484878 -0.884396084583956
    outer loop
      vertex 21.932275046276533 21.682275046276533 41.92867682232161
      vertex 21.75952929487027 21.920039175350322 41.92867682232161
      vertex 29.580990500831255 29.330990500831255 47.56698729810778
    endloop
  endfacet
  facet normal 0.7425127090840569 -0.07096688158829302 0.6660619930353991
    outer loop
      vertex 23.910559754427446 20.87106646342607 53.8529173136623
      vertex 29.580990500831255 29.330990500831255 48.43301270189222
      vertex 24.023529946909512 23.773529946909512 54.03622904734145
    endloop
  endfacet
  facet normal 0.3775982848542383 0.2743412124484881 -0.8843960845839556
    outer loop
      vertex 21.75952929487027 21.920039175350322 41.92867682232161
      vertex 29.40824474942499 29.568754629905044 47.56698729810778
      vertex 29.580990500831255 29.330990500831255 47.56698729810778
    endloop
  endfacet
  facet normal 0.47349635855555255 0.34401524134628614 0.8108358108495752
    outer loop
      vertex 24.023529946909512 23.773529946909512 54.03622904734145
      vertex 29.580990500831255 29.330990500831255 48.43301270189222
      vertex 23.85078419550325 24.0112940759833 54.03622904734145
    endloop
  endfacet
  facet normal 0.5252536381509415 0.38161910610620053 -0.7605757512989119
    outer loop
      vertex 24.023529946909512 23.773529946909512 54.03622904734145
      vertex 23.85078419550325 24.0112940759833 54.03622904734145
      vertex 28.388033779434 28.138033779434 59.24024661056607
    endloop
  endfacet
  facet normal 0.022182426645065218 0.7567765992334539 -0.653297113724517
    outer loop
      vertex 23.85078419550325 24.0112940759833 54.03622904734145
      vertex 25.67741648659418 28.45850312234119 59.24987962597217
      vertex 28.215288028027736 28.37579790850779 59.24024661056607
    endloop
  endfacet
  facet normal 0.525253638150941 0.3816191061062011 -0.7605757512989119
    outer loop
      vertex 23.85078419550325 24.0112940759833 54.03622904734145
      vertex 28.215288028027736 28.37579790850779 59.24024661056607
      vertex 28.388033779434 28.138033779434 59.24024661056607
    endloop
  endfacet
  facet normal 0.4664195278676491 0.3388736228880297 0.8170786325283881
    outer loop
      vertex 22.765210013888513 22.925719894368566 66.07455737238386
      vertex 28.662064557710977 28.412064557710977 60.43301270189222
      vertex 28.489318806304713 28.649828686784765 60.43301270189222
    endloop
  endfacet
  facet normal 0.022182426645065118 0.7567765992334546 -0.6532971137245163
    outer loop
      vertex 25.67741648659418 28.45850312234119 59.24987962597217
      vertex 28.489318806304713 28.649828686784765 59.56698729810778
      vertex 28.215288028027736 28.37579790850779 59.24024661056607
    endloop
  endfacet
  facet normal 0.4734963585555528 0.3440152413462857 0.8108358108495753
    outer loop
      vertex 23.85078419550325 24.0112940759833 54.03622904734145
      vertex 29.580990500831255 29.330990500831255 48.43301270189222
      vertex 29.40824474942499 29.568754629905044 48.43301270189222
    endloop
  endfacet
  facet normal 0.7329996781371357 0.5325554391808738 -0.42319756148839266
    outer loop
      vertex 29.40824474942499 29.568754629905044 47.56698729810778
      vertex 29.48549899801873 29.806518758978832 48
      vertex 29.580990500831255 29.330990500831255 47.56698729810778
    endloop
  endfacet
  facet normal 0.7329996781371357 0.5325554391808738 0.42319756148839266
    outer loop
      vertex 29.40824474942499 29.568754629905044 48.43301270189222
      vertex 29.580990500831255 29.330990500831255 48.43301270189222
      vertex 29.48549899801873 29.806518758978832 48
    endloop
  endfacet
  facet normal 0.7329996781371398 0.5325554391808713 -0.423197561488389
    outer loop
      vertex 29.48549899801873 29.806518758978832 48
      vertex 29.830990500831255 29.330990500831255 48
      vertex 29.580990500831255 29.330990500831255 47.56698729810778
    endloop
  endfacet
  facet normal 0.7329996781371398 0.5325554391808713 0.423197561488389
    outer loop
      vertex 29.48549899801873 29.806518758978832 48
      vertex 29.580990500831255 29.330990500831255 48.43301270189222
      vertex 29.830990500831255 29.330990500831255 48
    endloop
  endfacet
  facet normal 0.5252536381509423 0.3816191061062011 -0.7605757512989112
    outer loop
      vertex 28.388033779434 28.138033779434 59.24024661056607
      vertex 28.215288028027736 28.37579790850779 59.24024661056607
      vertex 28.489318806304713 28.649828686784765 59.56698729810778
    endloop
  endfacet
  facet normal 0.5252536381509424 0.38161910610620103 -0.7605757512989112
    outer loop
      vertex 28.388033779434 28.138033779434 59.24024661056607
      vertex 28.489318806304713 28.649828686784765 59.56698729810778
      vertex 28.662064557710977 28.412064557710977 59.56698729810778
    endloop
  endfacet
  facet normal 0.7329996781371357 0.5325554391808738 -0.42319756148839266
    outer loop
      vertex 28.489318806304713 28.649828686784765 59.56698729810778
      vertex 28.566573054898452 28.887592815858554 60
      vertex 28.662064557710977 28.412064557710977 59.56698729810778
    endloop
  endfacet
  facet normal 0.7329996781371357 0.5325554391808738 0.42319756148839266
    outer loop
      vertex 28.489318806304713 28.649828686784765 60.43301270189222
      vertex 28.662064557710977 28.412064557710977 60.43301270189222
      vertex 28.566573054898452 28.887592815858554 60
    endloop
  endfacet
  facet normal 0.7329996781371398 0.5325554391808713 -0.423197561488389
    outer loop
      vertex 28.662064557710977 28.412064557710977 59.56698729810778
      vertex 28.566573054898452 28.887592815858554 60
      vertex 28.912064557710977 28.412064557710977 60
    endloop
  endfacet
  facet normal 0.7329996781371398 0.5325554391808713 0.423197561488389
    outer loop
      vertex 28.662064557710977 28.412064557710977 60.43301270189222
      vertex 28.912064557710977 28.412064557710977 60
      vertex 28.566573054898452 28.887592815858554 60
    endloop
  endfacet
  facet normal 0.8053186855172062 0.02148935401088284 -0.5924525486661647
    outer loop
      vertex 22.945556434378016 22.04388828898552 66.06152741211528
      vertex 22.937955765294777 22.687955765294777 66.07455737238386
      vertex 26.87357800443351 26.62357800443351 71.56698729810778
    endloop
  endfacet
  facet normal 0.5718085684436124 0.4154432428521512 -0.7074191635960644
    outer loop
      vertex 22.937955765294777 22.687955765294777 66.07455737238386
      vertex 22.765210013888513 22.925719894368566 66.07455737238386
      vertex 26.87357800443351 26.62357800443351 71.56698729810778
    endloop
  endfacet
  facet normal 0.46641952786764895 0.33887362288803063 0.8170786325283877
    outer loop
      vertex 22.937955765294777 22.687955765294777 66.07455737238386
      vertex 28.662064557710977 28.412064557710977 60.43301270189222
      vertex 22.765210013888513 22.925719894368566 66.07455737238386
    endloop
  endfacet
  facet normal 0.5718085684436118 0.4154432428521515 -0.7074191635960647
    outer loop
      vertex 22.765210013888513 22.925719894368566 66.07455737238386
      vertex 26.700832253027247 26.8613421335073 71.56698729810778
      vertex 26.87357800443351 26.62357800443351 71.56698729810778
    endloop
  endfacet
  facet normal 0.732999678137138 0.5325554391808754 -0.423197561488387
    outer loop
      vertex 26.87357800443351 26.62357800443351 71.56698729810778
      vertex 26.700832253027247 26.8613421335073 71.56698729810778
      vertex 26.778086501620987 27.09910626258109 72
    endloop
  endfacet
  facet normal 0.732999678137138 0.5325554391808754 0.423197561488387
    outer loop
      vertex 26.87357800443351 26.62357800443351 72.43301270189222
      vertex 26.778086501620987 27.09910626258109 72
      vertex 26.700832253027247 26.8613421335073 72.43301270189222
    endloop
  endfacet
  facet normal 0.7329996781371418 0.5325554391808728 -0.4231975614883832
    outer loop
      vertex 26.87357800443351 26.62357800443351 71.56698729810778
      vertex 26.778086501620987 27.09910626258109 72
      vertex 27.12357800443351 26.62357800443351 72
    endloop
  endfacet
  facet normal 0.7329996781371418 0.5325554391808728 0.4231975614883832
    outer loop
      vertex 26.87357800443351 26.62357800443351 72.43301270189222
      vertex 27.12357800443351 26.62357800443351 72
      vertex 26.778086501620987 27.09910626258109 72
    endloop
  endfacet
  facet normal 0.9014518684449425 -0.00921668674495361 0.43278121673955217
    outer loop
      vertex 24.25475995490551 22.689991561377912 77.89176853874471
      vertex 26.904025308498444 25.48255799635429 72.43301270189222
      vertex 24.275022857201453 23.775022857201453 77.87266965632327
    endloop
  endfacet
  facet normal 0.17730235368391872 0.8489757910342494 0.49779913782158464
    outer loop
      vertex 23.9347443681953 24.255764129155402 77.8619223453476
      vertex 24.07792330418338 24.238433184663435 77.84048315586665
      vertex 26.700832253027247 26.8613421335073 72.43301270189222
    endloop
  endfacet
  facet normal 0.669768083740439 0.4866149967380978 0.5609069075633151
    outer loop
      vertex 24.07792330418338 24.238433184663435 77.84048315586665
      vertex 24.250669055589647 24.000669055589647 77.84048315586665
      vertex 26.700832253027247 26.8613421335073 72.43301270189222
    endloop
  endfacet
  facet normal 0.854500802018104 0.16259716828376003 0.4933462680678952
    outer loop
      vertex 24.275022857201453 23.775022857201453 77.87266965632327
      vertex 26.87357800443351 26.62357800443351 72.43301270189222
      vertex 24.250669055589647 24.000669055589647 77.84048315586665
    endloop
  endfacet
  facet normal -0.021981285482995192 0.7006376946831279 -0.7131785497879386
    outer loop
      vertex 23.128930589140836 24.288761644051775 77.91917606603639
      vertex 20.61995268695177 24.3800346810876 78.08617476479067
      vertex 30.095725337957116 30.25623521843717 83.56698729810778
    endloop
  endfacet
  facet normal 0.901451868444943 -0.009216686744956647 0.4327812167395514
    outer loop
      vertex 24.275022857201453 23.775022857201453 77.87266965632327
      vertex 26.904025308498444 25.48255799635429 72.43301270189222
      vertex 27.12357800443351 26.62357800443351 72
    endloop
  endfacet
  facet normal 0.8545008020181019 0.1625971682837649 0.4933462680678974
    outer loop
      vertex 24.275022857201453 23.775022857201453 77.87266965632327
      vertex 27.12357800443351 26.62357800443351 72
      vertex 26.87357800443351 26.62357800443351 72.43301270189222
    endloop
  endfacet
  facet normal 0.7024652074929718 -0.02563813749022199 -0.7112561551001781
    outer loop
      vertex 24.25475995490551 22.689991561377912 77.89176853874471
      vertex 24.275022857201453 23.775022857201453 77.87266965632327
      vertex 30.26847108936338 30.01847108936338 83.56698729810778
    endloop
  endfacet
  facet normal 0.669768083740444 0.48661499673809183 0.5609069075633145
    outer loop
      vertex 24.250669055589647 24.000669055589647 77.84048315586665
      vertex 26.87357800443351 26.62357800443351 72.43301270189222
      vertex 26.700832253027247 26.8613421335073 72.43301270189222
    endloop
  endfacet
  facet normal 0.17730235368390246 0.8489757910342556 0.49779913782158003
    outer loop
      vertex 23.9347443681953 24.255764129155402 77.8619223453476
      vertex 26.700832253027247 26.8613421335073 72.43301270189222
      vertex 26.778086501620987 27.09910626258109 72
    endloop
  endfacet
  facet normal -0.02198128548299751 0.7006376946831292 -0.7131785497879372
    outer loop
      vertex 23.128930589140836 24.288761644051775 77.91917606603639
      vertex 30.095725337957116 30.25623521843717 83.56698729810778
      vertex 23.9347443681953 24.255764129155402 77.8619223453476
    endloop
  endfacet
  facet normal -0.02198128548305671 0.7006376946831597 -0.7131785497879054
    outer loop
      vertex 23.9347443681953 24.255764129155402 77.8619223453476
      vertex 30.095725337957116 30.25623521843717 83.56698729810778
      vertex 24.07792330418338 24.238433184663435 77.84048315586665
    endloop
  endfacet
  facet normal 0.7024652074929754 -0.0256381374902288 -0.7112561551001744
    outer loop
      vertex 24.275022857201453 23.775022857201453 77.87266965632327
      vertex 24.250669055589647 24.000669055589647 77.84048315586665
      vertex 30.26847108936338 30.01847108936338 83.56698729810778
    endloop
  endfacet
  facet normal 0.4554970339755597 0.3309379665635558 -0.8264396616367382
    outer loop
      vertex 24.07792330418338 24.238433184663435 77.84048315586665
      vertex 30.26847108936338 30.01847108936338 83.56698729810778
      vertex 24.250669055589647 24.000669055589647 77.84048315586665
    endloop
  endfacet
  facet normal 0.4554970339755626 0.3309379665635513 -0.8264396616367387
    outer loop
      vertex 24.07792330418338 24.238433184663435 77.84048315586665
      vertex 30.095725337957116 30.25623521843717 83.56698729810778
      vertex 30.26847108936338 30.01847108936338 83.56698729810778
    endloop
  endfacet
  facet normal 0.8655931289575317 -0.0315918787351857 -0.49975042601231595
    outer loop
      vertex 30.213775745796077 28.519860830230563 83.56698729810778
      vertex 30.51847108936338 30.01847108936338 84
      vertex 30.463775745796077 28.519860830230563 84
    endloop
  endfacet
  facet normal 0.8655931289575317 -0.0315918787351857 0.49975042601231595
    outer loop
      vertex 30.463775745796077 28.519860830230563 84
      vertex 30.51847108936338 30.01847108936338 84
      vertex 30.213775745796077 28.519860830230563 84.43301270189222
    endloop
  endfacet
  facet normal 0.8655931289575317 -0.0315918787351857 -0.49975042601231595
    outer loop
      vertex 30.213775745796077 28.519860830230563 83.56698729810778
      vertex 30.26847108936338 30.01847108936338 83.56698729810778
      vertex 30.51847108936338 30.01847108936338 84
    endloop
  endfacet
  facet normal 0.732999678137138 0.5325554391808754 -0.423197561488387
    outer loop
      vertex 30.26847108936338 30.01847108936338 83.56698729810778
      vertex 30.095725337957116 30.25623521843717 83.56698729810778
      vertex 30.172979586550856 30.493999347510957 84
    endloop
  endfacet
  facet normal 0.7329996781371418 0.5325554391808728 -0.4231975614883832
    outer loop
      vertex 30.26847108936338 30.01847108936338 83.56698729810778
      vertex 30.172979586550856 30.493999347510957 84
      vertex 30.51847108936338 30.01847108936338 84
    endloop
  endfacet
  facet normal 0.7329996781371418 0.5325554391808728 0.4231975614883832
    outer loop
      vertex 30.26847108936338 30.01847108936338 84.43301270189222
      vertex 30.51847108936338 30.01847108936338 84
      vertex 30.172979586550856 30.493999347510957 84
    endloop
  endfacet
  facet normal 0 0 1
    outer loop
      vertex 5.5 10.25 156.4330127018922
      vertex 0 5.226251859505506 156.4330127018922
      vertex 3.6955181300451474 3.6955181300451474 156.4330127018922
    endloop
  endfacet
  facet normal 0 0 1
    outer loop
      vertex -5.5 10.25 156.4330127018922
      vertex 0 5.226251859505506 156.4330127018922
      vertex 5.5 10.25 156.4330127018922
    endloop
  endfacet
  facet normal -0.01789855042749917 0.6991486141372245 0.7147523048179646
    outer loop
      vertex -28.442606581636827 28.75762495930435 84.43301270189222
      vertex 4.60267841041671 29.510088190265048 84.52448365520746
      vertex 30.095725337957116 30.25623521843717 84.43301270189222
    endloop
  endfacet
  facet normal 0.014496591554203861 0.6819787228564227 0.7312283298699751
    outer loop
      vertex -26.2245036295201 29.780195999263672 96.86445711075946
      vertex 20.52729838454178 23.070461861129523 102.1954241709432
      vertex 28.910305578359182 29.070815458839235 96.43301270189222
    endloop
  endfacet
  facet normal 0.048349560002822645 0.8718619984995811 0.48735918542677514
    outer loop
      vertex -12.420786204620608 29.198323767598055 110.43534465820491
      vertex 24.6985422979684 25.15453249469042 113.98698540238469
      vertex -12.343531956026872 29.436087896671843 110.00233195631269
    endloop
  endfacet
  facet normal 0.008368630320305265 0.7699718496983256 0.6380229750555235
    outer loop
      vertex -25.27179469483893 28.74828017455038 120.83926468686093
      vertex 20.78757153259737 23.863409619024722 126.13023247393197
      vertex 23.81951910775179 23.980028988231844 125.9497266233142
    endloop
  endfacet
  facet normal 0.06556631683776151 0.8696839953808899 -0.48923491931245305
    outer loop
      vertex -30.957579579164133 31.587616334499188 108
      vertex 26.904331204262196 27.225350965222297 108
      vertex 26.827076955668456 26.98758683614851 107.56698729810778
    endloop
  endfacet
  facet normal -0.04700059950400869 0.832528207953352 -0.5519852594121006
    outer loop
      vertex -15.138401987519714 21.056945342165925 102.1954241709432
      vertex 26.827076955668456 26.98758683614851 107.56698729810778
      vertex 20.52729838454178 23.070461861129523 102.1954241709432
    endloop
  endfacet
  facet normal 0.018599498561098833 0.8749961828640771 -0.4837724037464003
    outer loop
      vertex -29.930953792474533 30.56099054780958 96
      vertex 28.98755982695292 29.308579587913023 96
      vertex 28.910305578359182 29.070815458839235 95.56698729810778
    endloop
  endfacet
  facet normal 0.018599498561098833 0.8749961828640771 0.4837724037464003
    outer loop
      vertex -29.930953792474533 30.56099054780958 96
      vertex 28.910305578359182 29.070815458839235 96.43301270189222
      vertex 28.98755982695292 29.308579587913023 96
    endloop
  endfacet
  facet normal -0.0884784527445238 0.7942840282981578 -0.6010694184454791
    outer loop
      vertex -14.05802161760849 20.20297278683025 90.17357583341855
      vertex 28.910305578359182 29.070815458839235 95.56698729810778
      vertex 21.541688186221375 24.16856586106811 90.17357583341855
    endloop
  endfacet
  facet normal -0.0006081217245802935 0.8576903642101721 -0.5141661884342363
    outer loop
      vertex -19.641501410422077 25.20528787244359 114.1240938779407
      vertex 27.628905973475995 28.453226529742977 119.48613360413736
      vertex 21.87050771869824 25.23472081891915 114.12409387794071
    endloop
  endfacet
  facet normal 0.04834956000282267 0.8718619984995819 0.4873591854267737
    outer loop
      vertex -12.420786204620608 29.198323767598055 110.43534465820491
      vertex 21.87050771869824 25.23472081891915 114.12409387794071
      vertex 24.6985422979684 25.15453249469042 113.98698540238469
    endloop
  endfacet
  facet normal 0.008368630320305015 0.7699718496983239 0.6380229750555256
    outer loop
      vertex -25.27179469483893 28.74828017455038 120.83926468686093
      vertex 23.81951910775179 23.980028988231844 125.9497266233142
      vertex 28.341692011558163 28.502201892038215 120.43301270189222
    endloop
  endfacet
  facet normal 0.008897213088867102 0.8186051189969893 -0.5742878187382842
    outer loop
      vertex -28.808332755422196 29.12335113308972 119.56698729810778
      vertex 28.341692011558163 28.502201892038215 119.56698729810778
      vertex 27.628905973475995 28.453226529742977 119.48613360413736
    endloop
  endfacet
  facet normal 0.009518788397740745 0.8757943449494147 -0.4825905697608117
    outer loop
      vertex -28.731078506828457 29.36111526216351 120
      vertex 28.418946260151902 28.739966021112004 120
      vertex 28.341692011558163 28.502201892038215 119.56698729810778
    endloop
  endfacet
  facet normal 0.009518788397740745 0.8757943449494147 0.4825905697608117
    outer loop
      vertex -28.731078506828457 29.36111526216351 120
      vertex 28.341692011558163 28.502201892038215 120.43301270189222
      vertex 28.418946260151902 28.739966021112004 120
    endloop
  endfacet
  facet normal 0.07044630062860983 0.9344130209737194 0.3491555884738365
    outer loop
      vertex -12.343531956026872 29.436087896671843 110.00233195631269
      vertex 24.82755611809344 25.148575879053542 113.9768964699373
      vertex 26.904331204262196 27.225350965222297 108
    endloop
  endfacet
  facet normal 0.070446300628624 0.9344130209737541 0.3491555884737406
    outer loop
      vertex -12.343531956026872 29.436087896671843 110.00233195631269
      vertex 24.6985422979684 25.15453249469042 113.98698540238469
      vertex 24.82755611809344 25.148575879053542 113.9768964699373
    endloop
  endfacet
  facet normal -0.034861475132806144 0.5280141446619422 0.848519734943438
    outer loop
      vertex -24.866533796232197 26.184863437730435 132.43991109433074
      vertex 15.226842160057007 20.265706723574915 137.77050331530808
      vertex 28.95059680079716 29.111106681277214 132.83005727842067
    endloop
  endfacet
  facet normal 0.011290241379920771 0.6324765766203531 0.7744971984947279
    outer loop
      vertex -27.674597928309698 27.989616305977222 144.4330127018922
      vertex 16.829516313793587 20.283928146890517 150.07693895968356
      vertex 26.85569462154493 27.016204502024983 144.4330127018922
    endloop
  endfacet
  facet normal 0.07156036056594918 0.5759715772828972 -0.8143315399503589
    outer loop
      vertex -22.866957407977115 24.998589629490564 137.77050331530805
      vertex 26.85569462154493 27.016204502024983 143.5669872981078
      vertex 15.226842160057007 20.265706723574915 137.77050331530808
    endloop
  endfacet
  facet normal 0 0 1
    outer loop
      vertex -5.5 13.75 156.4330127018922
      vertex 5.5 13.75 156.4330127018922
      vertex 25.077254248593736 25.23776412907379 156.4330127018922
    endloop
  endfacet
  facet normal 0.005372891347960555 0.7383946380457782 -0.6743474553550323
    outer loop
      vertex -15.957888487054289 20.52250404452001 150.0769389596836
      vertex 25.077254248593736 25.23776412907379 155.5669872981078
      vertex 16.829516313793587 20.283928146890517 150.07693895968356
    endloop
  endfacet
  facet normal 0.015624235204344562 0.875265856753932 0.4833896598760513
    outer loop
      vertex -27.674597928309698 27.989616305977222 144.4330127018922
      vertex 26.85569462154493 27.016204502024983 144.4330127018922
      vertex 26.93294887013867 27.253968631098772 144
    endloop
  endfacet
  facet normal 0.02093483777930488 0.8747789394812528 -0.48406976729311296
    outer loop
      vertex -22.866957407977115 24.998589629490564 137.77050331530805
      vertex 26.93294887013867 27.253968631098772 144
      vertex 26.85569462154493 27.016204502024983 143.5669872981078
    endloop
  endfacet
  facet normal -0.058061741748929564 0.8794068750777994 -0.4725170708143575
    outer loop
      vertex -25.818104520009587 26.13312289767711 131.5669872981078
      vertex 29.711006955569676 30.032026716529778 132
      vertex 29.633752706975937 29.79426258745599 131.5669872981078
    endloop
  endfacet
  facet normal -0.034861475132806116 0.5280141446619392 0.8485197349434398
    outer loop
      vertex -24.91841918345863 26.192523499544706 132.4330127018922
      vertex 28.95059680079716 29.111106681277214 132.83005727842067
      vertex 29.633752706975937 29.79426258745599 132.4330127018922
    endloop
  endfacet
  facet normal -0.058061741748929564 0.8794068750777994 0.4725170708143575
    outer loop
      vertex -25.740850271415848 26.3708870267509 132
      vertex 29.633752706975937 29.79426258745599 132.4330127018922
      vertex 29.711006955569676 30.032026716529778 132
    endloop
  endfacet
  facet normal -0.0686164898118888 0.7278237396702805 -0.6823227838041631
    outer loop
      vertex -14.657571194664406 20.521774629311547 126.13023247393197
      vertex 29.633752706975937 29.79426258745599 131.5669872981078
      vertex 20.78757153259737 23.863409619024722 126.13023247393197
    endloop
  endfacet
  facet normal 0 0.8765515079563075 -0.4813080654835563
    outer loop
      vertex -24.845491502812525 25.475528258147577 156
      vertex 25.154508497187475 25.475528258147577 156
      vertex 25.077254248593736 25.23776412907379 155.5669872981078
    endloop
  endfacet
  facet normal 0 0.8765515079563075 0.4813080654835563
    outer loop
      vertex -24.845491502812525 25.475528258147577 156
      vertex 25.077254248593736 25.23776412907379 156.4330127018922
      vertex 25.154508497187475 25.475528258147577 156
    endloop
  endfacet
  facet normal 0.729391477167155 -0.08206935492060463 0.6791558687214824
    outer loop
      vertex 20.183084136923863 -14.47613708235323 89.88765377555062
      vertex 23.54878209695593 0.3726151432367818 88.06732953604501
      vertex 23.46378679233991 14.681111177914676 89.8876537755506
    endloop
  endfacet
  facet normal 0.5329746542779313 -0.059969011751419804 -0.8440033978171402
    outer loop
      vertex 20.183084136923863 -14.47613708235323 89.88765377555062
      vertex 23.46378679233991 14.681111177914676 89.8876537755506
      vertex 24.264859160028195 19.73626724653069 90.03433393685843
    endloop
  endfacet
  facet normal 0.702401899422203 -0.019418741876678785 -0.7115156246717343
    outer loop
      vertex 22.006464102631103 -21.745994839008002 102.00822953608504
      vertex 23.061917419115076 16.671092021274422 102.0016814309101
      vertex 23.12431035097457 18.927927923772398 102.0016814309101
    endloop
  endfacet
  facet normal 0.5417151762089937 -0.01977118299958581 0.8403295592728224
    outer loop
      vertex 28.15443688161477 -27.904436881614775 84.43301270189222
      vertex 30.213775745796077 28.519860830230563 84.43301270189222
      vertex 23.54878209695593 0.3726151432367818 88.06732953604501
    endloop
  endfacet
  facet normal 0.6899457681506097 -0.016763094307321667 0.7236669369815847
    outer loop
      vertex 27.715214631276396 -27.465214631276393 96.43301270189222
      vertex 29.083051329765446 28.833051329765446 96.43301270189222
      vertex 24.741558315149412 -0.1538975950223342 99.90074577927875
    endloop
  endfacet
  facet normal 0.7690003358783101 -0.018683823784069048 -0.6389752719376959
    outer loop
      vertex 27.715214631276396 -27.465214631276393 95.56698729810778
      vertex 24.264859160028195 19.73626724653069 90.03433393685843
      vertex 29.083051329765446 28.833051329765446 95.56698729810778
    endloop
  endfacet
  facet normal 0.8157395739029428 0.007339989480881635 -0.5783727795488528
    outer loop
      vertex 27.470775164182882 -27.07886268080776 107.54809389887959
      vertex 23.12431035097457 18.927927923772398 102.0016814309101
      vertex 23.134651681009203 20.64544220922691 102.03806344902816
    endloop
  endfacet
  facet normal 0.45424516110315605 -0.06015194256363605 -0.888843674343351
    outer loop
      vertex 20.067088785478735 -14.434795245232149 113.73549902594446
      vertex 25.044186984503817 23.150404448868997 113.73549902594448
      vertex 26.934128720071516 0.9889145432684696 116.20112219381352
    endloop
  endfacet
  facet normal 0.8157395739029377 0.007339989480880587 -0.5783727795488601
    outer loop
      vertex 27.470775164182882 -27.07886268080776 107.54809389887959
      vertex 23.134651681009203 20.64544220922691 102.03806344902816
      vertex 26.99982270707472 26.74982270707472 107.56698729810778
    endloop
  endfacet
  facet normal 0.7772095690868934 -0.009672115581860848 0.629167494312871
    outer loop
      vertex 23.486475216668552 -16.14959334719903 125.96127503737918
      vertex 23.93643037453314 19.995553810852574 125.96110113564824
      vertex 23.93557673674743 19.938271395792228 125.96127503737918
    endloop
  endfacet
  facet normal 0.7293914771671544 -0.08206935492060471 0.6791558687214831
    outer loop
      vertex 23.54878209695593 0.3726151432367818 88.06732953604501
      vertex 24.005444638257504 19.49509584655525 89.8876537755506
      vertex 23.46378679233991 14.681111177914676 89.8876537755506
    endloop
  endfacet
  facet normal 0.6996351463850028 -0.019342251674829836 0.7142384330480845
    outer loop
      vertex 24.741558315149412 -0.1538975950223342 99.90074577927875
      vertex 23.12431035097457 18.927927923772398 102.0016814309101
      vertex 23.061917419115076 16.671092021274422 102.0016814309101
    endloop
  endfacet
  facet normal 0.6996351463850374 -0.019342251674823077 0.7142384330480508
    outer loop
      vertex 24.741558315149412 -0.1538975950223342 99.90074577927875
      vertex 23.134651681009203 20.64544220922691 102.03806344902816
      vertex 23.12431035097457 18.927927923772398 102.0016814309101
    endloop
  endfacet
  facet normal 0.6996351463849511 -0.019342251674838558 0.7142384330481353
    outer loop
      vertex 24.741558315149412 -0.1538975950223342 99.90074577927875
      vertex 23.148215862711407 22.898215862711407 102.08578383922877
      vertex 23.134651681009203 20.64544220922691 102.03806344902816
    endloop
  endfacet
  facet normal 0.8658337593602182 -0.02103651277044994 -0.49988935404008195
    outer loop
      vertex 27.715214631276396 -27.465214631276393 95.56698729810778
      vertex 29.083051329765446 28.833051329765446 95.56698729810778
      vertex 29.333051329765446 28.833051329765446 96
    endloop
  endfacet
  facet normal 0.8658337593602181 -0.021036512770449933 0.49988935404008233
    outer loop
      vertex 27.965214631276396 -27.465214631276393 96
      vertex 29.333051329765446 28.833051329765446 96
      vertex 29.083051329765446 28.833051329765446 96.43301270189222
    endloop
  endfacet
  facet normal 0.9498382748375953 -0.12577925368323223 0.28633342626460817
    outer loop
      vertex 20.067088785478735 -14.434795245232149 113.73549902594446
      vertex 27.007423851025813 25.905059380916025 108.43301270189222
      vertex 25.044186984503817 23.150404448868997 113.73549902594448
    endloop
  endfacet
  facet normal 0.8659991114024683 0.007792222630236477 -0.4999848200861864
    outer loop
      vertex 27.484334544977596 -27.097050129916244 107.56698729810778
      vertex 26.99982270707472 26.74982270707472 107.56698729810778
      vertex 27.24982270707472 26.74982270707472 108
    endloop
  endfacet
  facet normal 0.8659991114024688 0.007792222630236475 0.4999848200861856
    outer loop
      vertex 27.484334544977596 -27.097050129916244 108.43301270189222
      vertex 27.24982270707472 26.74982270707472 108
      vertex 27.007423851025813 25.905059380916025 108.43301270189222
    endloop
  endfacet
  facet normal 0.7772095690764419 -0.009672115581730681 0.6291674943257837
    outer loop
      vertex 23.486475216668552 -16.14959334719903 125.96127503737918
      vertex 23.992264859158055 23.742264859158055 125.9497266233142
      vertex 23.93643037453314 19.995553810852574 125.96110113564824
    endloop
  endfacet
  facet normal 0.7772095690767 -0.009672115581734045 0.6291674943254649
    outer loop
      vertex 23.486475216668552 -16.14959334719903 125.96127503737918
      vertex 28.514437762964427 28.264437762964427 120.43301270189222
      vertex 23.992264859158055 23.742264859158055 125.9497266233142
    endloop
  endfacet
  facet normal 0.8534853887101179 0.01483115729022791 -0.5209056805524118
    outer loop
      vertex 29.514121080540164 -29.264121080540168 119.56698729810778
      vertex 28.465941575766845 28.21546240066919 119.48613360413736
      vertex 28.514437762964427 28.264437762964427 119.56698729810778
    endloop
  endfacet
  facet normal 0.8659273541361793 0.015047363388978318 -0.49994339100917806
    outer loop
      vertex 29.764121080540164 -29.264121080540168 120
      vertex 28.514437762964427 28.264437762964427 119.56698729810778
      vertex 28.764437762964427 28.264437762964427 120
    endloop
  endfacet
  facet normal 0.8659273541361793 0.015047363388978318 0.49994339100917806
    outer loop
      vertex 29.764121080540164 -29.264121080540168 120
      vertex 28.764437762964427 28.264437762964427 120
      vertex 28.514437762964427 28.264437762964427 120.43301270189222
    endloop
  endfacet
  facet normal 0.6063152143286933 0.02569317483730748 -0.7948092360059302
    outer loop
      vertex 28.693921470690714 -25.711030105060946 143.14070310559458
      vertex 20.433043198726065 14.596716683806081 138.14194112035318
      vertex 20.12591570036389 19.635386398283583 138.0705319689455
    endloop
  endfacet
  facet normal 0 0 1
    outer loop
      vertex 25.25 -25 156.4330127018922
      vertex 25.077254248593736 25.23776412907379 156.4330127018922
      vertex 5.5 13.75 156.4330127018922
    endloop
  endfacet
  facet normal 0.6174447679533825 0.03571935932228377 0.7858028288932276
    outer loop
      vertex 24.342676109852842 -0.4009071544884203 147.7788138062057
      vertex 20.31781619190228 17.512816741062082 150.1270643973336
      vertex 20.358626998071443 15.817125503966125 150.17207643413448
    endloop
  endfacet
  facet normal 0.7182886212148213 -0.008938863907307979 -0.6956878275098377
    outer loop
      vertex 23.486475216668552 -16.14959334719903 125.96127503737918
      vertex 23.93557673674743 19.938271395792228 125.96127503737918
      vertex 25.860252061019764 0.6171835782303887 128.19673309486274
    endloop
  endfacet
  facet normal 0.6569112831622377 0.027837230621985072 0.7534538171948171
    outer loop
      vertex 29.261776183655385 -25.92448518255246 144.4330127018922
      vertex 27.028440372951195 26.778440372951195 144.4330127018922
      vertex 24.342676109852842 -0.4009071544884203 147.7788138062057
    endloop
  endfacet
  facet normal 0.47094991116288254 0.04119484920820291 0.8811975746530324
    outer loop
      vertex 23.49202540752865 -20.37433982384954 138.14194112035318
      vertex 29.276162737704087 25.362940755116647 132.9124903467758
      vertex 20.433043198726065 14.596716683806081 138.14194112035318
    endloop
  endfacet
  facet normal 0.6063152143286846 0.025693174837305287 -0.7948092360059368
    outer loop
      vertex 28.693921470690714 -25.711030105060946 143.14070310559458
      vertex 20.12591570036389 19.635386398283583 138.0705319689455
      vertex 27.028440372951195 26.778440372951195 143.5669872981078
    endloop
  endfacet
  facet normal 0.8659203403417897 -0.01557622899808447 -0.49993934159311587
    outer loop
      vertex 28.76195942242417 -28.511959422424166 131.5669872981078
      vertex 29.740641649683766 25.895358768603323 131.5669872981078
      vertex 29.990641649683766 25.895358768603323 132
    endloop
  endfacet
  facet normal 0.8659203403417897 -0.01557622899808447 0.49993934159311587
    outer loop
      vertex 28.76195942242417 -28.511959422424166 132.4330127018922
      vertex 29.990641649683766 25.895358768603323 132
      vertex 29.740641649683766 25.895358768603323 132.4330127018922
    endloop
  endfacet
  facet normal 0.7408342145167947 0 -0.6716879235190134
    outer loop
      vertex 25.25 -24.249092027216417 155.5669872981078
      vertex 20.358626998071443 15.817125503966125 150.17207643413448
      vertex 25.25 25 155.5669872981078
    endloop
  endfacet
  facet normal 0.7253923463990409 -0.01304840269314629 0.6882119462584555
    outer loop
      vertex 23.49202540752865 -20.37433982384954 138.14194112035318
      vertex 29.740641649683766 25.895358768603323 132.4330127018922
      vertex 29.276162737704087 25.362940755116647 132.9124903467758
    endloop
  endfacet
  facet normal 0.6174447679533501 0.03571935932227318 0.7858028288932536
    outer loop
      vertex 24.342676109852842 -0.4009071544884203 147.7788138062057
      vertex 27.028440372951195 26.778440372951195 144.4330127018922
      vertex 20.31781619190228 17.512816741062082 150.1270643973336
    endloop
  endfacet
  facet normal 0.865442815020405 0.0366739495109465 -0.49966364222026943
    outer loop
      vertex 29.261776183655385 -25.92448518255246 143.5669872981078
      vertex 27.028440372951195 26.778440372951195 143.5669872981078
      vertex 27.278440372951195 26.778440372951195 144
    endloop
  endfacet
  facet normal 0.8654428150204052 0.03667394951094651 0.499663642220269
    outer loop
      vertex 29.511776183655385 -25.92448518255246 144
      vertex 27.278440372951195 26.778440372951195 144
      vertex 27.028440372951195 26.778440372951195 144.4330127018922
    endloop
  endfacet
  facet normal 0.8660254037844339 0 -0.5000000000000082
    outer loop
      vertex 25.25 -24.249092027216417 155.5669872981078
      vertex 25.25 25 155.5669872981078
      vertex 25.5 25 156
    endloop
  endfacet
  facet normal 0 0 1
    outer loop
      vertex 25.25 -25 156.4330127018922
      vertex 25.25 25 156.4330127018922
      vertex 25.077254248593736 25.23776412907379 156.4330127018922
    endloop
  endfacet
  facet normal 0.8660254037844338 0 0.5000000000000082
    outer loop
      vertex 25.25 -25 156.4330127018922
      vertex 25.5 25 156
      vertex 25.25 25 156.4330127018922
    endloop
  endfacet
  facet normal -0.017898550427498505 0.6991486141372525 0.7147523048179373
    outer loop
      vertex 4.60267841041671 29.510088190265048 84.52448365520746
      vertex 21.541688186221375 24.16856586106811 90.17357583341855
      vertex 24.207745728839836 24.36825560931989 90.0450078739184
    endloop
  endfacet
  facet normal -0.017898550427499993 0.6991486141372498 0.7147523048179397
    outer loop
      vertex 4.60267841041671 29.510088190265048 84.52448365520746
      vertex 24.207745728839836 24.36825560931989 90.0450078739184
      vertex 30.095725337957116 30.25623521843717 84.43301270189222
    endloop
  endfacet
  facet normal -0.04700059950400743 0.8325282079533515 -0.5519852594121017
    outer loop
      vertex 20.52729838454178 23.070461861129523 102.1954241709432
      vertex 26.827076955668456 26.98758683614851 107.56698729810778
      vertex 22.975470111305142 23.135979991785195 102.08578383922877
    endloop
  endfacet
  facet normal 0.5329746542779233 -0.05996901175141838 -0.8440033978171453
    outer loop
      vertex 23.46378679233991 14.681111177914676 89.8876537755506
      vertex 24.005444638257504 19.49509584655525 89.8876537755506
      vertex 24.264859160028195 19.73626724653069 90.03433393685843
    endloop
  endfacet
  facet normal 0.7293914771671538 -0.08206935492060477 0.6791558687214837
    outer loop
      vertex 23.54878209695593 0.3726151432367818 88.06732953604501
      vertex 30.099345394998657 29.272324061191277 84.52448365520746
      vertex 24.005444638257504 19.49509584655525 89.8876537755506
    endloop
  endfacet
  facet normal 0.6996351463849947 -0.019342251674831404 0.7142384330480925
    outer loop
      vertex 24.741558315149412 -0.1538975950223342 99.90074577927875
      vertex 29.083051329765446 28.833051329765446 96.43301270189222
      vertex 23.148215862711407 22.898215862711407 102.08578383922877
    endloop
  endfacet
  facet normal 0.532974654277924 -0.05996901175141925 -0.8440033978171448
    outer loop
      vertex 24.005444638257504 19.49509584655525 89.8876537755506
      vertex 24.173384299044365 20.987659756370064 89.8876537755506
      vertex 24.264859160028195 19.73626724653069 90.03433393685843
    endloop
  endfacet
  facet normal 0.7293914771671544 -0.08206935492060582 0.6791558687214829
    outer loop
      vertex 24.005444638257504 19.49509584655525 89.8876537755506
      vertex 30.26847108936338 30.01847108936338 84.43301270189222
      vertex 24.173384299044365 20.987659756370064 89.8876537755506
    endloop
  endfacet
  facet normal 0.7690003358783124 -0.018683823784072146 -0.6389752719376928
    outer loop
      vertex 24.264859160028195 19.73626724653069 90.03433393685843
      vertex 24.173384299044365 20.987659756370064 89.8876537755506
      vertex 29.083051329765446 28.833051329765446 95.56698729810778
    endloop
  endfacet
  facet normal 0.8157395739029367 0.007339989480882237 -0.5783727795488613
    outer loop
      vertex 23.134651681009203 20.64544220922691 102.03806344902816
      vertex 23.148215862711407 22.898215862711407 102.08578383922877
      vertex 26.99982270707472 26.74982270707472 107.56698729810778
    endloop
  endfacet
  facet normal 0.541715176208978 -0.019771182999580954 0.8403295592728326
    outer loop
      vertex 23.54878209695593 0.3726151432367818 88.06732953604501
      vertex 30.213775745796077 28.519860830230563 84.43301270189222
      vertex 30.099345394998657 29.272324061191277 84.52448365520746
    endloop
  endfacet
  facet normal 0.853485388710099 0.01483115729022729 -0.5209056805524429
    outer loop
      vertex 26.934128720071516 0.9889145432684696 116.20112219381352
      vertex 25.044186984503817 23.150404448868997 113.73549902594448
      vertex 25.170167779504478 24.670167779504478 113.98518456719982
    endloop
  endfacet
  facet normal 0.8534853887101005 0.014831157290227583 -0.5209056805524404
    outer loop
      vertex 26.934128720071516 0.9889145432684696 116.20112219381352
      vertex 25.170167779504478 24.670167779504478 113.98518456719982
      vertex 28.465941575766845 28.21546240066919 119.48613360413736
    endloop
  endfacet
  facet normal -0.08847845274452434 0.794284028298158 -0.6010694184454787
    outer loop
      vertex 21.541688186221375 24.16856586106811 90.17357583341855
      vertex 28.910305578359182 29.070815458839235 95.56698729810778
      vertex 24.207745728839836 24.36825560931989 90.0450078739184
    endloop
  endfacet
  facet normal 0.7293914771671544 -0.08206935492060563 0.6791558687214829
    outer loop
      vertex 24.173384299044365 20.987659756370064 89.8876537755506
      vertex 30.26847108936338 30.01847108936338 84.43301270189222
      vertex 24.3804914802461 24.1304914802461 90.0450078739184
    endloop
  endfacet
  facet normal 0.7690003358783087 -0.018683823784066616 -0.6389752719376974
    outer loop
      vertex 24.173384299044365 20.987659756370064 89.8876537755506
      vertex 24.3804914802461 24.1304914802461 90.0450078739184
      vertex 29.083051329765446 28.833051329765446 95.56698729810778
    endloop
  endfacet
  facet normal 0.4559980014629736 0.33130194074830316 0.8260174615092477
    outer loop
      vertex 24.3804914802461 24.1304914802461 90.0450078739184
      vertex 30.095725337957116 30.25623521843717 84.43301270189222
      vertex 24.207745728839836 24.36825560931989 90.0450078739184
    endloop
  endfacet
  facet normal 0.5205965345382585 0.3782355222742588 -0.7654522440470565
    outer loop
      vertex 24.3804914802461 24.1304914802461 90.0450078739184
      vertex 24.207745728839836 24.36825560931989 90.0450078739184
      vertex 28.910305578359182 29.070815458839235 95.56698729810778
    endloop
  endfacet
  facet normal 0.5205965345382583 0.3782355222742586 -0.7654522440470567
    outer loop
      vertex 24.3804914802461 24.1304914802461 90.0450078739184
      vertex 28.910305578359182 29.070815458839235 95.56698729810778
      vertex 29.083051329765446 28.833051329765446 95.56698729810778
    endloop
  endfacet
  facet normal 0.5773702653331002 0.41948405217023926 -0.7004831951474793
    outer loop
      vertex 22.975470111305142 23.135979991785195 102.08578383922877
      vertex 26.827076955668456 26.98758683614851 107.56698729810778
      vertex 23.148215862711407 22.898215862711407 102.08578383922877
    endloop
  endfacet
  facet normal 0.014496591554203601 0.6819787228564229 0.7312283298699749
    outer loop
      vertex 20.52729838454178 23.070461861129523 102.1954241709432
      vertex 22.975470111305142 23.135979991785195 102.08578383922877
      vertex 28.910305578359182 29.070815458839235 96.43301270189222
    endloop
  endfacet
  facet normal 0.4557843219763043 0.3311466935138756 0.8261976272148377
    outer loop
      vertex 22.975470111305142 23.135979991785195 102.08578383922877
      vertex 23.148215862711407 22.898215862711407 102.08578383922877
      vertex 29.083051329765446 28.833051329765446 96.43301270189222
    endloop
  endfacet
  facet normal 0.455784321976303 0.33114669351387677 0.8261976272148379
    outer loop
      vertex 22.975470111305142 23.135979991785195 102.08578383922877
      vertex 29.083051329765446 28.833051329765446 96.43301270189222
      vertex 28.910305578359182 29.070815458839235 96.43301270189222
    endloop
  endfacet
  facet normal 0.7293914771671582 -0.08206935492061092 0.6791558687214784
    outer loop
      vertex 24.005444638257504 19.49509584655525 89.8876537755506
      vertex 30.099345394998657 29.272324061191277 84.52448365520746
      vertex 30.26847108936338 30.01847108936338 84.43301270189222
    endloop
  endfacet
  facet normal 0.4559980014629729 0.3313019407483044 0.8260174615092478
    outer loop
      vertex 24.3804914802461 24.1304914802461 90.0450078739184
      vertex 30.26847108936338 30.01847108936338 84.43301270189222
      vertex 30.095725337957116 30.25623521843717 84.43301270189222
    endloop
  endfacet
  facet normal 0.5417151762089565 -0.019771182999585427 0.8403295592728464
    outer loop
      vertex 30.213775745796077 28.519860830230563 84.43301270189222
      vertex 30.26847108936338 30.01847108936338 84.43301270189222
      vertex 30.099345394998657 29.272324061191277 84.52448365520746
    endloop
  endfacet
  facet normal 0.8655931289575317 -0.0315918787351857 0.49975042601231595
    outer loop
      vertex 30.213775745796077 28.519860830230563 84.43301270189222
      vertex 30.51847108936338 30.01847108936338 84
      vertex 30.26847108936338 30.01847108936338 84.43301270189222
    endloop
  endfacet
  facet normal 0.732999678137138 0.5325554391808754 0.423197561488387
    outer loop
      vertex 30.26847108936338 30.01847108936338 84.43301270189222
      vertex 30.172979586550856 30.493999347510957 84
      vertex 30.095725337957116 30.25623521843717 84.43301270189222
    endloop
  endfacet
  facet normal 0.732999678137138 0.5325554391808754 -0.423197561488387
    outer loop
      vertex 28.910305578359182 29.070815458839235 95.56698729810778
      vertex 28.98755982695292 29.308579587913023 96
      vertex 29.083051329765446 28.833051329765446 95.56698729810778
    endloop
  endfacet
  facet normal 0.732999678137138 0.5325554391808754 0.423197561488387
    outer loop
      vertex 28.910305578359182 29.070815458839235 96.43301270189222
      vertex 29.083051329765446 28.833051329765446 96.43301270189222
      vertex 28.98755982695292 29.308579587913023 96
    endloop
  endfacet
  facet normal 0.7329996781371418 0.5325554391808728 -0.4231975614883832
    outer loop
      vertex 28.98755982695292 29.308579587913023 96
      vertex 29.333051329765446 28.833051329765446 96
      vertex 29.083051329765446 28.833051329765446 95.56698729810778
    endloop
  endfacet
  facet normal 0.7329996781371418 0.5325554391808728 0.4231975614883832
    outer loop
      vertex 28.98755982695292 29.308579587913023 96
      vertex 29.083051329765446 28.833051329765446 96.43301270189222
      vertex 29.333051329765446 28.833051329765446 96
    endloop
  endfacet
  facet normal 0.6882493875123928 0.5770732918420809 0.4396580448841584
    outer loop
      vertex 24.82755611809344 25.148575879053542 113.9768964699373
      vertex 24.93282272562866 25.093332606108714 113.88461961690733
      vertex 26.827076955668456 26.98758683614851 108.43301270189222
    endloop
  endfacet
  facet normal -0.0006081217245825261 0.857690364210173 -0.5141661884342346
    outer loop
      vertex 21.87050771869824 25.23472081891915 114.12409387794071
      vertex 27.628905973475995 28.453226529742977 119.48613360413736
      vertex 24.6985422979684 25.15453249469042 113.98698540238469
    endloop
  endfacet
  facet normal 0.5773702653331012 0.41948405217023804 -0.7004831951474793
    outer loop
      vertex 23.148215862711407 22.898215862711407 102.08578383922877
      vertex 26.827076955668456 26.98758683614851 107.56698729810778
      vertex 26.99982270707472 26.74982270707472 107.56698729810778
    endloop
  endfacet
  facet normal 0.9498382748375954 -0.12577925368323198 0.28633342626460817
    outer loop
      vertex 25.044186984503817 23.150404448868997 113.73549902594448
      vertex 27.007423851025813 25.905059380916025 108.43301270189222
      vertex 27.24982270707472 26.74982270707472 108
    endloop
  endfacet
  facet normal 0.9498382748375952 -0.12577925368323156 0.28633342626460845
    outer loop
      vertex 25.044186984503817 23.150404448868997 113.73549902594448
      vertex 27.24982270707472 26.74982270707472 108
      vertex 25.170167779504478 24.670167779504478 113.98518456719982
    endloop
  endfacet
  facet normal 0.7278235904658079 0.5287947913589511 0.4366335875686879
    outer loop
      vertex 24.93282272562866 25.093332606108714 113.88461961690733
      vertex 25.10556847703492 24.85556847703492 113.88461961690733
      vertex 26.827076955668456 26.98758683614851 108.43301270189222
    endloop
  endfacet
  facet normal 0.7514245334378515 0.49714004807190537 0.43383515665603983
    outer loop
      vertex 25.114249630061984 24.830653473852895 113.89813400002407
      vertex 26.99982270707472 26.74982270707472 108.43301270189222
      vertex 25.10556847703492 24.85556847703492 113.88461961690733
    endloop
  endfacet
  facet normal 0.7514245334378574 0.4971400480718973 0.43383515665603906
    outer loop
      vertex 25.170167779504478 24.670167779504478 113.98518456719982
      vertex 26.99982270707472 26.74982270707472 108.43301270189222
      vertex 25.114249630061984 24.830653473852895 113.89813400002407
    endloop
  endfacet
  facet normal 0.7514245334378674 0.49714004807188383 0.4338351566560373
    outer loop
      vertex 25.170167779504478 24.670167779504478 113.98518456719982
      vertex 27.24982270707472 26.74982270707472 108
      vertex 26.99982270707472 26.74982270707472 108.43301270189222
    endloop
  endfacet
  facet normal 0.688249387512423 0.5770732918420456 0.43965804488415744
    outer loop
      vertex 24.82755611809344 25.148575879053542 113.9768964699373
      vertex 26.827076955668456 26.98758683614851 108.43301270189222
      vertex 26.904331204262196 27.225350965222297 108
    endloop
  endfacet
  facet normal 0.7278235904657986 0.5287947913589629 0.4366335875686894
    outer loop
      vertex 25.10556847703492 24.85556847703492 113.88461961690733
      vertex 26.99982270707472 26.74982270707472 108.43301270189222
      vertex 26.827076955668456 26.98758683614851 108.43301270189222
    endloop
  endfacet
  facet normal 0.732999678137138 0.5325554391808754 -0.423197561488387
    outer loop
      vertex 26.99982270707472 26.74982270707472 107.56698729810778
      vertex 26.827076955668456 26.98758683614851 107.56698729810778
      vertex 26.904331204262196 27.225350965222297 108
    endloop
  endfacet
  facet normal 0.7329996781371418 0.5325554391808728 -0.4231975614883832
    outer loop
      vertex 26.99982270707472 26.74982270707472 107.56698729810778
      vertex 26.904331204262196 27.225350965222297 108
      vertex 27.24982270707472 26.74982270707472 108
    endloop
  endfacet
  facet normal 0.732999678137138 0.5325554391808754 0.423197561488387
    outer loop
      vertex 26.99982270707472 26.74982270707472 108.43301270189222
      vertex 26.904331204262196 27.225350965222297 108
      vertex 26.827076955668456 26.98758683614851 108.43301270189222
    endloop
  endfacet
  facet normal 0.7329996781371418 0.5325554391808728 0.4231975614883832
    outer loop
      vertex 26.99982270707472 26.74982270707472 108.43301270189222
      vertex 27.24982270707472 26.74982270707472 108
      vertex 26.904331204262196 27.225350965222297 108
    endloop
  endfacet
  facet normal -0.0006081217245785166 0.8576903642101721 -0.5141661884342362
    outer loop
      vertex 24.6985422979684 25.15453249469042 113.98698540238469
      vertex 27.628905973475995 28.453226529742977 119.48613360413736
      vertex 24.82755611809344 25.148575879053542 113.9768964699373
    endloop
  endfacet
  facet normal -0.0006081217245798697 0.8576903642101724 -0.5141661884342356
    outer loop
      vertex 24.82755611809344 25.148575879053542 113.9768964699373
      vertex 27.628905973475995 28.453226529742977 119.48613360413736
      vertex 24.93282272562866 25.093332606108714 113.88461961690733
    endloop
  endfacet
  facet normal 0.8534853887100963 0.014831157290241887 -0.520905680552447
    outer loop
      vertex 25.170167779504478 24.670167779504478 113.98518456719982
      vertex 25.114249630061984 24.830653473852895 113.89813400002407
      vertex 28.465941575766845 28.21546240066919 119.48613360413736
    endloop
  endfacet
  facet normal 0.6200951305718964 0.4505254837695067 -0.6422684933229055
    outer loop
      vertex 24.93282272562866 25.093332606108714 113.88461961690733
      vertex 28.341692011558163 28.502201892038215 119.56698729810778
      vertex 25.10556847703492 24.85556847703492 113.88461961690733
    endloop
  endfacet
  facet normal 0.8534853887100855 0.01483115729028025 -0.5209056805524638
    outer loop
      vertex 25.114249630061984 24.830653473852895 113.89813400002407
      vertex 25.10556847703492 24.85556847703492 113.88461961690733
      vertex 28.465941575766845 28.21546240066919 119.48613360413736
    endloop
  endfacet
  facet normal 0.5321787309583111 0.3866504805411386 0.7531847078990042
    outer loop
      vertex 23.81951910775179 23.980028988231844 125.9497266233142
      vertex 23.992264859158055 23.742264859158055 125.9497266233142
      vertex 28.514437762964427 28.264437762964427 120.43301270189222
    endloop
  endfacet
  facet normal -0.0006081217245778443 0.857690364210172 -0.5141661884342363
    outer loop
      vertex 24.93282272562866 25.093332606108714 113.88461961690733
      vertex 27.628905973475995 28.453226529742977 119.48613360413736
      vertex 28.341692011558163 28.502201892038215 119.56698729810778
    endloop
  endfacet
  facet normal 0.8534853887081628 0.01483115729738068 -0.5209056805554118
    outer loop
      vertex 25.10556847703492 24.85556847703492 113.88461961690733
      vertex 28.514437762964427 28.264437762964427 119.56698729810778
      vertex 28.465941575766845 28.21546240066919 119.48613360413736
    endloop
  endfacet
  facet normal 0.6200951305718884 0.45052548376951584 -0.6422684933229066
    outer loop
      vertex 25.10556847703492 24.85556847703492 113.88461961690733
      vertex 28.341692011558163 28.502201892038215 119.56698729810778
      vertex 28.514437762964427 28.264437762964427 119.56698729810778
    endloop
  endfacet
  facet normal 0.5321787309583105 0.38665048054113915 0.7531847078990043
    outer loop
      vertex 23.81951910775179 23.980028988231844 125.9497266233142
      vertex 28.514437762964427 28.264437762964427 120.43301270189222
      vertex 28.341692011558163 28.502201892038215 120.43301270189222
    endloop
  endfacet
  facet normal 0.732999678137138 0.5325554391808754 -0.423197561488387
    outer loop
      vertex 28.341692011558163 28.502201892038215 119.56698729810778
      vertex 28.418946260151902 28.739966021112004 120
      vertex 28.514437762964427 28.264437762964427 119.56698729810778
    endloop
  endfacet
  facet normal 0.732999678137138 0.5325554391808754 0.423197561488387
    outer loop
      vertex 28.341692011558163 28.502201892038215 120.43301270189222
      vertex 28.514437762964427 28.264437762964427 120.43301270189222
      vertex 28.418946260151902 28.739966021112004 120
    endloop
  endfacet
  facet normal 0.7329996781371418 0.5325554391808728 -0.4231975614883832
    outer loop
      vertex 28.418946260151902 28.739966021112004 120
      vertex 28.764437762964427 28.264437762964427 120
      vertex 28.514437762964427 28.264437762964427 119.56698729810778
    endloop
  endfacet
  facet normal 0.7329996781371418 0.5325554391808728 0.4231975614883832
    outer loop
      vertex 28.418946260151902 28.739966021112004 120
      vertex 28.514437762964427 28.264437762964427 120.43301270189222
      vertex 28.764437762964427 28.264437762964427 120
    endloop
  endfacet
  facet normal -0.034861475132801065 0.5280141446619364 0.8485197349434418
    outer loop
      vertex 15.226842160057007 20.265706723574915 137.77050331530808
      vertex 19.939351025438906 20.09986090591896 138.0673189788775
      vertex 28.95059680079716 29.111106681277214 132.83005727842067
    endloop
  endfacet
  facet normal 0.4709499111628835 0.04119484920820191 0.8811975746530318
    outer loop
      vertex 20.433043198726065 14.596716683806081 138.14194112035318
      vertex 29.276162737704087 25.362940755116647 132.9124903467758
      vertex 20.12591570036389 19.635386398283583 138.0705319689455
    endloop
  endfacet
  facet normal 0.47094991116284113 0.041194849208286595 0.8811975746530506
    outer loop
      vertex 20.12591570036389 19.635386398283583 138.0705319689455
      vertex 29.276162737704087 25.362940755116647 132.9124903467758
      vertex 20.11209677684519 19.86209677684519 138.0673189788775
    endloop
  endfacet
  facet normal 0.31079164364001544 0.22580334645319955 0.9232667019740688
    outer loop
      vertex 20.11209677684519 19.86209677684519 138.0673189788775
      vertex 29.123342552203425 28.873342552203425 132.83005727842067
      vertex 19.939351025438906 20.09986090591896 138.0673189788775
    endloop
  endfacet
  facet normal 0.07156036056594585 0.5759715772829008 -0.8143315399503565
    outer loop
      vertex 15.226842160057007 20.265706723574915 137.77050331530808
      vertex 26.85569462154493 27.016204502024983 143.5669872981078
      vertex 19.939351025438906 20.09986090591896 138.0673189788775
    endloop
  endfacet
  facet normal 0.6063152143287345 0.02569317483722975 -0.7948092360059013
    outer loop
      vertex 20.12591570036389 19.635386398283583 138.0705319689455
      vertex 20.11209677684519 19.86209677684519 138.0673189788775
      vertex 27.028440372951195 26.778440372951195 143.5669872981078
    endloop
  endfacet
  facet normal 0.40024490714733 0.29079494666014555 -0.8690467842984911
    outer loop
      vertex 20.11209677684519 19.86209677684519 138.0673189788775
      vertex 19.939351025438906 20.09986090591896 138.0673189788775
      vertex 26.85569462154493 27.016204502024983 143.5669872981078
    endloop
  endfacet
  facet normal 0.740834214516799 -5.215063180776469e-15 -0.6716879235190086
    outer loop
      vertex 20.358626998071443 15.817125503966125 150.17207643413448
      vertex 20.31781619190228 17.512816741062082 150.1270643973336
      vertex 25.25 25 155.5669872981078
    endloop
  endfacet
  facet normal 0.011290241379917909 0.6324765766203555 0.7744971984947259
    outer loop
      vertex 16.829516313793587 20.283928146890517 150.07693895968356
      vertex 20.085023527361106 20.245533407841158 150.0608360103568
      vertex 26.85569462154493 27.016204502024983 144.4330127018922
    endloop
  endfacet
  facet normal 0.005372891347962994 0.7383946380457763 -0.6743474553550343
    outer loop
      vertex 16.829516313793587 20.283928146890517 150.07693895968356
      vertex 25.077254248593736 25.23776412907379 155.5669872981078
      vertex 20.085023527361106 20.245533407841158 150.0608360103568
    endloop
  endfacet
  facet normal 0.6174447679533511 0.03571935932227197 0.7858028288932527
    outer loop
      vertex 20.31781619190228 17.512816741062082 150.1270643973336
      vertex 27.028440372951195 26.778440372951195 144.4330127018922
      vertex 20.25776927876737 20.00776927876737 150.0608360103568
    endloop
  endfacet
  facet normal 0.740834214516796 -8.301960345026173e-16 -0.6716879235190119
    outer loop
      vertex 20.31781619190228 17.512816741062082 150.1270643973336
      vertex 20.25776927876737 20.00776927876737 150.0608360103568
      vertex 25.25 25 155.5669872981078
    endloop
  endfacet
  facet normal 0.501360292399629 0.36425957428153566 -0.7848266176355088
    outer loop
      vertex 20.085023527361106 20.245533407841158 150.0608360103568
      vertex 25.25 25 155.5669872981078
      vertex 20.25776927876737 20.00776927876737 150.0608360103568
    endloop
  endfacet
  facet normal 0.4137168891082201 0.30058291449120167 0.8593533889981418
    outer loop
      vertex 20.085023527361106 20.245533407841158 150.0608360103568
      vertex 20.25776927876737 20.00776927876737 150.0608360103568
      vertex 27.028440372951195 26.778440372951195 144.4330127018922
    endloop
  endfacet
  facet normal 0.5013602923996291 0.364259574281536 -0.7848266176355085
    outer loop
      vertex 20.085023527361106 20.245533407841158 150.0608360103568
      vertex 25.077254248593736 25.23776412907379 155.5669872981078
      vertex 25.25 25 155.5669872981078
    endloop
  endfacet
  facet normal 0.7012602499268136 -0.012614313039236682 -0.7127937576740772
    outer loop
      vertex 25.860252061019764 0.6171835782303887 128.19673309486274
      vertex 23.93557673674743 19.938271395792228 125.96127503737918
      vertex 29.8064984583822 29.5564984583822 131.5669872981078
    endloop
  endfacet
  facet normal 0.7012602499269054 -0.012614313039346679 -0.7127937576739848
    outer loop
      vertex 23.93557673674743 19.938271395792228 125.96127503737918
      vertex 23.93643037453314 19.995553810852574 125.96110113564824
      vertex 29.8064984583822 29.5564984583822 131.5669872981078
    endloop
  endfacet
  facet normal 0.7012602499268162 -0.01261431303923726 -0.7127937576740746
    outer loop
      vertex 25.860252061019764 0.6171835782303887 128.19673309486274
      vertex 29.8064984583822 29.5564984583822 131.5669872981078
      vertex 29.740641649683766 25.895358768603323 131.5669872981078
    endloop
  endfacet
  facet normal -0.06861648981188964 0.727823739670281 -0.6823227838041623
    outer loop
      vertex 20.78757153259737 23.863409619024722 126.13023247393197
      vertex 29.633752706975937 29.79426258745599 131.5669872981078
      vertex 23.81951910775179 23.980028988231844 125.9497266233142
    endloop
  endfacet
  facet normal 0.7012602499268131 -0.012614313039235377 -0.7127937576740777
    outer loop
      vertex 23.93643037453314 19.995553810852574 125.96110113564824
      vertex 23.992264859158055 23.742264859158055 125.9497266233142
      vertex 29.8064984583822 29.5564984583822 131.5669872981078
    endloop
  endfacet
  facet normal 0.4709499111628833 0.041194849208198894 0.881197574653032
    outer loop
      vertex 20.11209677684519 19.86209677684519 138.0673189788775
      vertex 29.276162737704087 25.362940755116647 132.9124903467758
      vertex 29.123342552203425 28.873342552203425 132.83005727842067
    endloop
  endfacet
  facet normal 0.4602124141799317 0.3343638908177399 -0.8224386435181057
    outer loop
      vertex 23.81951910775179 23.980028988231844 125.9497266233142
      vertex 29.8064984583822 29.5564984583822 131.5669872981078
      vertex 23.992264859158055 23.742264859158055 125.9497266233142
    endloop
  endfacet
  facet normal 0.3107916436400378 0.22580334645317474 0.9232667019740675
    outer loop
      vertex 19.939351025438906 20.09986090591896 138.0673189788775
      vertex 29.123342552203425 28.873342552203425 132.83005727842067
      vertex 28.95059680079716 29.111106681277214 132.83005727842067
    endloop
  endfacet
  facet normal 0.4002449071473579 0.29079494666011607 -0.8690467842984881
    outer loop
      vertex 20.11209677684519 19.86209677684519 138.0673189788775
      vertex 26.85569462154493 27.016204502024983 143.5669872981078
      vertex 27.028440372951195 26.778440372951195 143.5669872981078
    endloop
  endfacet
  facet normal 0.4137168891082209 0.30058291449120145 0.8593533889981415
    outer loop
      vertex 20.085023527361106 20.245533407841158 150.0608360103568
      vertex 27.028440372951195 26.778440372951195 144.4330127018922
      vertex 26.85569462154493 27.016204502024983 144.4330127018922
    endloop
  endfacet
  facet normal 0.7329996781371335 0.5325554391808722 -0.4231975614883984
    outer loop
      vertex 27.028440372951195 26.778440372951195 143.5669872981078
      vertex 26.85569462154493 27.016204502024983 143.5669872981078
      vertex 26.93294887013867 27.253968631098772 144
    endloop
  endfacet
  facet normal 0.7329996781371335 0.5325554391808722 0.4231975614883984
    outer loop
      vertex 26.93294887013867 27.253968631098772 144
      vertex 26.85569462154493 27.016204502024983 144.4330127018922
      vertex 27.028440372951195 26.778440372951195 144.4330127018922
    endloop
  endfacet
  facet normal 0.7329996781371376 0.5325554391808698 -0.4231975614883947
    outer loop
      vertex 27.028440372951195 26.778440372951195 143.5669872981078
      vertex 26.93294887013867 27.253968631098772 144
      vertex 27.278440372951195 26.778440372951195 144
    endloop
  endfacet
  facet normal 0.7329996781371376 0.5325554391808697 0.4231975614883947
    outer loop
      vertex 26.93294887013867 27.253968631098772 144
      vertex 27.028440372951195 26.778440372951195 144.4330127018922
      vertex 27.278440372951195 26.778440372951195 144
    endloop
  endfacet
  facet normal 0.4709499111629028 0.0411948492081994 0.8811975746530216
    outer loop
      vertex 29.276162737704087 25.362940755116647 132.9124903467758
      vertex 29.55724584101515 27.585567229608497 132.65836251955753
      vertex 29.123342552203425 28.873342552203425 132.83005727842067
    endloop
  endfacet
  facet normal 0.8659203403417899 -0.015576228998084706 -0.49993934159311565
    outer loop
      vertex 29.740641649683766 25.895358768603323 131.5669872981078
      vertex 30.0564984583822 29.5564984583822 132
      vertex 29.990641649683766 25.895358768603323 132
    endloop
  endfacet
  facet normal 0.7253923463990415 -0.013048402693146277 0.6882119462584549
    outer loop
      vertex 29.276162737704087 25.362940755116647 132.9124903467758
      vertex 29.740641649683766 25.895358768603323 132.4330127018922
      vertex 29.55724584101515 27.585567229608497 132.65836251955753
    endloop
  endfacet
  facet normal 0.8659203403417899 -0.015576228998084706 0.49993934159311565
    outer loop
      vertex 29.740641649683766 25.895358768603323 132.4330127018922
      vertex 29.990641649683766 25.895358768603323 132
      vertex 30.0564984583822 29.5564984583822 132
    endloop
  endfacet
  facet normal 0.4602124141799312 0.3343638908177406 -0.8224386435181056
    outer loop
      vertex 23.81951910775179 23.980028988231844 125.9497266233142
      vertex 29.633752706975937 29.79426258745599 131.5669872981078
      vertex 29.8064984583822 29.5564984583822 131.5669872981078
    endloop
  endfacet
  facet normal 0.3107916436400371 0.2258033464531752 0.9232667019740675
    outer loop
      vertex 28.95059680079716 29.111106681277214 132.83005727842067
      vertex 29.123342552203425 28.873342552203425 132.83005727842067
      vertex 29.633752706975937 29.79426258745599 132.4330127018922
    endloop
  endfacet
  facet normal 0.8659203403417899 -0.015576228998084708 -0.49993934159311565
    outer loop
      vertex 29.740641649683766 25.895358768603323 131.5669872981078
      vertex 29.8064984583822 29.5564984583822 131.5669872981078
      vertex 30.0564984583822 29.5564984583822 132
    endloop
  endfacet
  facet normal 0.7253923463990262 -0.013048402693150052 0.6882119462584708
    outer loop
      vertex 29.740641649683766 25.895358768603323 132.4330127018922
      vertex 29.8064984583822 29.5564984583822 132.4330127018922
      vertex 29.55724584101515 27.585567229608497 132.65836251955753
    endloop
  endfacet
  facet normal 0.8659203403417899 -0.015576228998084708 0.49993934159311565
    outer loop
      vertex 29.740641649683766 25.895358768603323 132.4330127018922
      vertex 30.0564984583822 29.5564984583822 132
      vertex 29.8064984583822 29.5564984583822 132.4330127018922
    endloop
  endfacet
  facet normal 0.4709499111628867 0.041194849208192795 0.8811975746530306
    outer loop
      vertex 29.55724584101515 27.585567229608497 132.65836251955753
      vertex 29.8064984583822 29.5564984583822 132.4330127018922
      vertex 29.123342552203425 28.873342552203425 132.83005727842067
    endloop
  endfacet
  facet normal 0.31079164364003714 0.2258033464531752 0.9232667019740675
    outer loop
      vertex 29.123342552203425 28.873342552203425 132.83005727842067
      vertex 29.8064984583822 29.5564984583822 132.4330127018922
      vertex 29.633752706975937 29.79426258745599 132.4330127018922
    endloop
  endfacet
  facet normal 0.7329996781371335 0.5325554391808722 -0.4231975614883984
    outer loop
      vertex 29.8064984583822 29.5564984583822 131.5669872981078
      vertex 29.633752706975937 29.79426258745599 131.5669872981078
      vertex 29.711006955569676 30.032026716529778 132
    endloop
  endfacet
  facet normal 0.7329996781371376 0.5325554391808698 -0.4231975614883947
    outer loop
      vertex 29.8064984583822 29.5564984583822 131.5669872981078
      vertex 29.711006955569676 30.032026716529778 132
      vertex 30.0564984583822 29.5564984583822 132
    endloop
  endfacet
  facet normal 0.7329996781371335 0.5325554391808722 0.4231975614883984
    outer loop
      vertex 29.8064984583822 29.5564984583822 132.4330127018922
      vertex 29.711006955569676 30.032026716529778 132
      vertex 29.633752706975937 29.79426258745599 132.4330127018922
    endloop
  endfacet
  facet normal 0.7329996781371376 0.5325554391808698 0.4231975614883947
    outer loop
      vertex 29.8064984583822 29.5564984583822 132.4330127018922
      vertex 30.0564984583822 29.5564984583822 132
      vertex 29.711006955569676 30.032026716529778 132
    endloop
  endfacet
  facet normal 0.7329996781371335 0.5325554391808722 -0.4231975614883984
    outer loop
      vertex 25.25 25 155.5669872981078
      vertex 25.077254248593736 25.23776412907379 155.5669872981078
      vertex 25.154508497187475 25.475528258147577 156
    endloop
  endfacet
  facet normal 0.7329996781371376 0.5325554391808698 -0.4231975614883947
    outer loop
      vertex 25.25 25 155.5669872981078
      vertex 25.154508497187475 25.475528258147577 156
      vertex 25.5 25 156
    endloop
  endfacet
  facet normal 0.7329996781371376 0.5325554391808698 0.4231975614883947
    outer loop
      vertex 25.25 25 156.4330127018922
      vertex 25.5 25 156
      vertex 25.154508497187475 25.475528258147577 156
    endloop
  endfacet
  facet normal 0.7329996781371335 0.5325554391808722 0.4231975614883984
    outer loop
      vertex 25.25 25 156.4330127018922
      vertex 25.154508497187475 25.475528258147577 156
      vertex 25.077254248593736 25.23776412907379 156.4330127018922
    endloop
  endfacet
  facet normal 1 0 0
    outer loop
      vertex -5.5 10.25 -0.4330127018922193
      vertex -5.5 13.75 -0.4330127018922193
      vertex -5.5 13.75 156.4330127018922
    endloop
  endfacet
  facet normal 0 1 0
    outer loop
      vertex -5.5 10.25 -0.4330127018922193
      vertex -5.5 10.25 156.4330127018922
      vertex 5.5 10.25 -0.4330127018922193
    endloop
  endfacet
  facet normal 1 0 0
    outer loop
      vertex -5.5 10.25 -0.4330127018922193
      vertex -5.5 13.75 156.4330127018922
      vertex -5.5 10.25 156.4330127018922
    endloop
  endfacet
  facet normal 0 -1 0
    outer loop
      vertex -5.5 13.75 -0.4330127018922193
      vertex 5.5 13.75 156.4330127018922
      vertex -5.5 13.75 156.4330127018922
    endloop
  endfacet
  facet normal 0 -1 0
    outer loop
      vertex -5.5 13.75 -0.4330127018922193
      vertex 5.5 13.75 -0.4330127018922193
      vertex 5.5 13.75 156.4330127018922
    endloop
  endfacet
  facet normal -1 0 0
    outer loop
      vertex 5.5 10.25 -0.4330127018922193
      vertex 5.5 10.25 156.4330127018922
      vertex 5.5 13.75 -0.4330127018922193
    endloop
  endfacet
  facet normal 0 1 0
    outer loop
      vertex -5.5 10.25 156.4330127018922
      vertex 5.5 10.25 156.4330127018922
      vertex 5.5 10.25 -0.4330127018922193
    endloop
  endfacet
  facet normal -1 0 0
    outer loop
      vertex 5.5 13.75 -0.4330127018922193
      vertex 5.5 10.25 156.4330127018922
      vertex 5.5 13.75 156.4330127018922
    endloop
  endfacet
  facet normal 0.9238795325112867 0.38268343236508967 0
    outer loop
      vertex -5.226251859505506 0 7
      vertex -3.6955181300451474 -3.6955181300451474 7
      vertex -3.6955181300451474 -3.6955181300451474 -0.4330127018922193
    endloop
  endfacet
  facet normal 0.9238795325112867 0.38268343236508967 0
    outer loop
      vertex -5.226251859505506 0 -0.4330127018922193
      vertex -5.226251859505506 0 7
      vertex -3.6955181300451474 -3.6955181300451474 -0.4330127018922193
    endloop
  endfacet
  facet normal 0.38268343236508967 0.9238795325112867 0
    outer loop
      vertex -3.6955181300451474 -3.6955181300451474 -0.4330127018922193
      vertex -3.6955181300451474 -3.6955181300451474 7
      vertex 0 -5.226251859505506 -0.4330127018922193
    endloop
  endfacet
  facet normal 0.38268343236508967 0.9238795325112867 0
    outer loop
      vertex -3.6955181300451474 -3.6955181300451474 7
      vertex 0 -5.226251859505506 7
      vertex 0 -5.226251859505506 -0.4330127018922193
    endloop
  endfacet
  facet normal 0.7339635123329723 0.30401764109530954 -0.60734737709707
    outer loop
      vertex -5.226251859505506 0 7
      vertex -0.2613125929752753 0 13
      vertex -3.6955181300451474 -3.6955181300451474 7
    endloop
  endfacet
  facet normal 0.30401764109530954 0.7339635123329723 -0.60734737709707
    outer loop
      vertex -3.6955181300451474 -3.6955181300451474 7
      vertex 0 -0.2613125929752753 13
      vertex 0 -5.226251859505506 7
    endloop
  endfacet
  facet normal 0.7339635123329717 0.3040176410953096 -0.6073473770970705
    outer loop
      vertex -3.6955181300451474 -3.6955181300451474 7
      vertex -0.2613125929752753 0 13
      vertex -0.18477590650225736 -0.18477590650225736 13
    endloop
  endfacet
  facet normal 0.3040176410953096 0.7339635123329717 -0.6073473770970705
    outer loop
      vertex -3.6955181300451474 -3.6955181300451474 7
      vertex -0.18477590650225736 -0.18477590650225736 13
      vertex 0 -0.2613125929752753 13
    endloop
  endfacet
  facet normal 0 0 -1
    outer loop
      vertex -0.18477590650225736 -0.18477590650225736 13
      vertex -0.2613125929752753 0 13
      vertex -0.18477590650225736 0.18477590650225736 13
    endloop
  endfacet
  facet normal 0 0 -1
    outer loop
      vertex -0.18477590650225736 -0.18477590650225736 13
      vertex -0.18477590650225736 0.18477590650225736 13
      vertex 0 -0.2613125929752753 13
    endloop
  endfacet
  facet normal 0.9238795325112867 -0.38268343236508967 0
    outer loop
      vertex -5.226251859505506 0 -0.4330127018922193
      vertex -3.6955181300451474 3.6955181300451474 7
      vertex -5.226251859505506 0 7
    endloop
  endfacet
  facet normal 0.9238795325112867 -0.38268343236508967 0
    outer loop
      vertex -5.226251859505506 0 -0.4330127018922193
      vertex -3.6955181300451474 3.6955181300451474 -0.4330127018922193
      vertex -3.6955181300451474 3.6955181300451474 7
    endloop
  endfacet
  facet normal 0.7339635123329723 -0.30401764109530954 -0.60734737709707
    outer loop
      vertex -5.226251859505506 0 7
      vertex -3.6955181300451474 3.6955181300451474 7
      vertex -0.2613125929752753 0 13
    endloop
  endfacet
  facet normal 0.30401764109530954 -0.7339635123329723 -0.60734737709707
    outer loop
      vertex -3.6955181300451474 3.6955181300451474 7
      vertex 0 5.226251859505506 7
      vertex 0 0.2613125929752753 13
    endloop
  endfacet
  facet normal 0.7339635123329723 -0.30401764109530954 -0.60734737709707
    outer loop
      vertex -0.2613125929752753 0 13
      vertex -3.6955181300451474 3.6955181300451474 7
      vertex -0.18477590650225736 0.18477590650225736 13
    endloop
  endfacet
  facet normal 0.3040176410953096 -0.7339635123329717 -0.6073473770970705
    outer loop
      vertex -3.6955181300451474 3.6955181300451474 7
      vertex 0 0.2613125929752753 13
      vertex -0.18477590650225736 0.18477590650225736 13
    endloop
  endfacet
  facet normal 0.38268343236508967 -0.9238795325112867 0
    outer loop
      vertex -3.6955181300451474 3.6955181300451474 -0.4330127018922193
      vertex 0 5.226251859505506 7
      vertex -3.6955181300451474 3.6955181300451474 7
    endloop
  endfacet
  facet normal 0.38268343236508967 -0.9238795325112867 0
    outer loop
      vertex -3.6955181300451474 3.6955181300451474 -0.4330127018922193
      vertex 0 5.226251859505506 -0.4330127018922193
      vertex 0 5.226251859505506 7
    endloop
  endfacet
  facet normal -0.38268343236508967 0.9238795325112867 0
    outer loop
      vertex 0 -5.226251859505506 -0.4330127018922193
      vertex 0 -5.226251859505506 7
      vertex 3.6955181300451474 -3.6955181300451474 -0.4330127018922193
    endloop
  endfacet
  facet normal -0.38268343236508967 0.9238795325112867 0
    outer loop
      vertex 0 -5.226251859505506 7
      vertex 3.6955181300451474 -3.6955181300451474 7
      vertex 3.6955181300451474 -3.6955181300451474 -0.4330127018922193
    endloop
  endfacet
  facet normal -0.30401764109530954 0.7339635123329723 -0.60734737709707
    outer loop
      vertex 0 -5.226251859505506 7
      vertex 0 -0.2613125929752753 13
      vertex 3.6955181300451474 -3.6955181300451474 7
    endloop
  endfacet
  facet normal -0.7339635123329723 0.30401764109530954 -0.60734737709707
    outer loop
      vertex 3.6955181300451474 -3.6955181300451474 7
      vertex 0.2613125929752753 0 13
      vertex 5.226251859505506 0 7
    endloop
  endfacet
  facet normal 0 0 -1
    outer loop
      vertex -0.18477590650225736 0.18477590650225736 13
      vertex 0.18477590650225736 -0.18477590650225736 13
      vertex 0 -0.2613125929752753 13
    endloop
  endfacet
  facet normal 0 0 -1
    outer loop
      vertex -0.18477590650225736 0.18477590650225736 13
      vertex 0.2613125929752753 0 13
      vertex 0.18477590650225736 -0.18477590650225736 13
    endloop
  endfacet
  facet normal -0.3040176410953096 0.7339635123329717 -0.6073473770970705
    outer loop
      vertex 3.6955181300451474 -3.6955181300451474 7
      vertex 0 -0.2613125929752753 13
      vertex 0.18477590650225736 -0.18477590650225736 13
    endloop
  endfacet
  facet normal -0.7339635123329717 0.3040176410953096 -0.6073473770970705
    outer loop
      vertex 3.6955181300451474 -3.6955181300451474 7
      vertex 0.18477590650225736 -0.18477590650225736 13
      vertex 0.2613125929752753 0 13
    endloop
  endfacet
  facet normal -0.9238795325112867 0.38268343236508967 0
    outer loop
      vertex 3.6955181300451474 -3.6955181300451474 -0.4330127018922193
      vertex 3.6955181300451474 -3.6955181300451474 7
      vertex 5.226251859505506 0 -0.4330127018922193
    endloop
  endfacet
  facet normal -0.9238795325112867 0.38268343236508967 0
    outer loop
      vertex 3.6955181300451474 -3.6955181300451474 7
      vertex 5.226251859505506 0 7
      vertex 5.226251859505506 0 -0.4330127018922193
    endloop
  endfacet
  facet normal -0.30401764109530954 -0.7339635123329723 -0.60734737709707
    outer loop
      vertex 3.6955181300451474 3.6955181300451474 7
      vertex 0 0.2613125929752753 13
      vertex 0 5.226251859505506 7
    endloop
  endfacet
  facet normal -0.7339635123329723 -0.30401764109530954 -0.60734737709707
    outer loop
      vertex 0.2613125929752753 0 13
      vertex 3.6955181300451474 3.6955181300451474 7
      vertex 5.226251859505506 0 7
    endloop
  endfacet
  facet normal 0 0 -1
    outer loop
      vertex -0.18477590650225736 0.18477590650225736 13
      vertex 0 0.2613125929752753 13
      vertex 0.18477590650225736 0.18477590650225736 13
    endloop
  endfacet
  facet normal 0 0 -1
    outer loop
      vertex -0.18477590650225736 0.18477590650225736 13
      vertex 0.18477590650225736 0.18477590650225736 13
      vertex 0.2613125929752753 0 13
    endloop
  endfacet
  facet normal -0.7339635123329723 -0.30401764109530954 -0.60734737709707
    outer loop
      vertex 0.2613125929752753 0 13
      vertex 0.18477590650225736 0.18477590650225736 13
      vertex 3.6955181300451474 3.6955181300451474 7
    endloop
  endfacet
  facet normal -0.3040176410953096 -0.7339635123329717 -0.6073473770970705
    outer loop
      vertex 3.6955181300451474 3.6955181300451474 7
      vertex 0.18477590650225736 0.18477590650225736 13
      vertex 0 0.2613125929752753 13
    endloop
  endfacet
  facet normal -0.38268343236508967 -0.9238795325112867 0
    outer loop
      vertex 3.6955181300451474 3.6955181300451474 7
      vertex 0 5.226251859505506 7
      vertex 0 5.226251859505506 -0.4330127018922193
    endloop
  endfacet
  facet normal -0.38268343236508967 -0.9238795325112867 0
    outer loop
      vertex 3.6955181300451474 3.6955181300451474 -0.4330127018922193
      vertex 3.6955181300451474 3.6955181300451474 7
      vertex 0 5.226251859505506 -0.4330127018922193
    endloop
  endfacet
  facet normal -0.9238795325112867 -0.38268343236508967 0
    outer loop
      vertex 5.226251859505506 0 -0.4330127018922193
      vertex 5.226251859505506 0 7
      vertex 3.6955181300451474 3.6955181300451474 -0.4330127018922193
    endloop
  endfacet
  facet normal -0.9238795325112867 -0.38268343236508967 0
    outer loop
      vertex 5.226251859505506 0 7
      vertex 3.6955181300451474 3.6955181300451474 7
      vertex 3.6955181300451474 3.6955181300451474 -0.4330127018922193
    endloop
  endfacet
  facet normal -0.9238795325112867 -0.38268343236508967 0
    outer loop
      vertex -3.6955181300451474 -3.6955181300451474 163
      vertex -5.226251859505506 0 156.4330127018922
      vertex -3.6955181300451474 -3.6955181300451474 156.4330127018922
    endloop
  endfacet
  facet normal -0.9238795325112867 -0.38268343236508967 0
    outer loop
      vertex -3.6955181300451474 -3.6955181300451474 163
      vertex -5.226251859505506 0 163
      vertex -5.226251859505506 0 156.4330127018922
    endloop
  endfacet
  facet normal -0.38268343236508967 -0.9238795325112867 0
    outer loop
      vertex -3.6955181300451474 -3.6955181300451474 163
      vertex -3.6955181300451474 -3.6955181300451474 156.4330127018922
      vertex 0 -5.226251859505506 163
    endloop
  endfacet
  facet normal -0.38268343236508967 -0.9238795325112867 0
    outer loop
      vertex 0 -5.226251859505506 163
      vertex -3.6955181300451474 -3.6955181300451474 156.4330127018922
      vertex 0 -5.226251859505506 156.4330127018922
    endloop
  endfacet
  facet normal -0.7339635123329723 -0.30401764109530954 0.60734737709707
    outer loop
      vertex -3.6955181300451474 -3.6955181300451474 163
      vertex -0.2613125929752753 0 169
      vertex -5.226251859505506 0 163
    endloop
  endfacet
  facet normal -0.30401764109530954 -0.7339635123329723 0.60734737709707
    outer loop
      vertex -3.6955181300451474 -3.6955181300451474 163
      vertex 0 -5.226251859505506 163
      vertex 0 -0.2613125929752753 169
    endloop
  endfacet
  facet normal -0.7339635123329717 -0.3040176410953096 0.6073473770970705
    outer loop
      vertex -3.6955181300451474 -3.6955181300451474 163
      vertex -0.18477590650225736 -0.18477590650225736 169
      vertex -0.2613125929752753 0 169
    endloop
  endfacet
  facet normal -0.3040176410953096 -0.7339635123329717 0.6073473770970705
    outer loop
      vertex -3.6955181300451474 -3.6955181300451474 163
      vertex 0 -0.2613125929752753 169
      vertex -0.18477590650225736 -0.18477590650225736 169
    endloop
  endfacet
  facet normal 0 0 1
    outer loop
      vertex -0.18477590650225736 -0.18477590650225736 169
      vertex -0.18477590650225736 0.18477590650225736 169
      vertex -0.2613125929752753 0 169
    endloop
  endfacet
  facet normal 0 0 1
    outer loop
      vertex -0.18477590650225736 -0.18477590650225736 169
      vertex 0 -0.2613125929752753 169
      vertex -0.18477590650225736 0.18477590650225736 169
    endloop
  endfacet
  facet normal -0.9238795325112867 0.38268343236508967 0
    outer loop
      vertex -5.226251859505506 0 163
      vertex -3.6955181300451474 3.6955181300451474 156.4330127018922
      vertex -5.226251859505506 0 156.4330127018922
    endloop
  endfacet
  facet normal -0.9238795325112867 0.38268343236508967 0
    outer loop
      vertex -5.226251859505506 0 163
      vertex -3.6955181300451474 3.6955181300451474 163
      vertex -3.6955181300451474 3.6955181300451474 156.4330127018922
    endloop
  endfacet
  facet normal -0.7339635123329723 0.30401764109530954 0.60734737709707
    outer loop
      vertex -5.226251859505506 0 163
      vertex -0.2613125929752753 0 169
      vertex -3.6955181300451474 3.6955181300451474 163
    endloop
  endfacet
  facet normal -0.7339635123329717 0.3040176410953096 0.6073473770970705
    outer loop
      vertex -3.6955181300451474 3.6955181300451474 163
      vertex -0.2613125929752753 0 169
      vertex -0.18477590650225736 0.18477590650225736 169
    endloop
  endfacet
  facet normal -0.3040176410953096 0.7339635123329717 0.6073473770970705
    outer loop
      vertex -3.6955181300451474 3.6955181300451474 163
      vertex -0.18477590650225736 0.18477590650225736 169
      vertex 0 0.2613125929752753 169
    endloop
  endfacet
  facet normal -0.30401764109530954 0.7339635123329723 0.60734737709707
    outer loop
      vertex -3.6955181300451474 3.6955181300451474 163
      vertex 0 0.2613125929752753 169
      vertex 0 5.226251859505506 163
    endloop
  endfacet
  facet normal -0.38268343236508967 0.9238795325112867 0
    outer loop
      vertex -3.6955181300451474 3.6955181300451474 163
      vertex 0 5.226251859505506 156.4330127018922
      vertex -3.6955181300451474 3.6955181300451474 156.4330127018922
    endloop
  endfacet
  facet normal -0.38268343236508967 0.9238795325112867 0
    outer loop
      vertex -3.6955181300451474 3.6955181300451474 163
      vertex 0 5.226251859505506 163
      vertex 0 5.226251859505506 156.4330127018922
    endloop
  endfacet
  facet normal 0.38268343236508967 -0.9238795325112867 0
    outer loop
      vertex 0 -5.226251859505506 163
      vertex 0 -5.226251859505506 156.4330127018922
      vertex 3.6955181300451474 -3.6955181300451474 163
    endloop
  endfacet
  facet normal 0.38268343236508967 -0.9238795325112867 0
    outer loop
      vertex 3.6955181300451474 -3.6955181300451474 163
      vertex 0 -5.226251859505506 156.4330127018922
      vertex 3.6955181300451474 -3.6955181300451474 156.4330127018922
    endloop
  endfacet
  facet normal 0.30401764109530954 -0.7339635123329723 0.60734737709707
    outer loop
      vertex 0 -5.226251859505506 163
      vertex 3.6955181300451474 -3.6955181300451474 163
      vertex 0 -0.2613125929752753 169
    endloop
  endfacet
  facet normal 0 0 1
    outer loop
      vertex -0.18477590650225736 0.18477590650225736 169
      vertex 0 -0.2613125929752753 169
      vertex 0.18477590650225736 -0.18477590650225736 169
    endloop
  endfacet
  facet normal 0 0 1
    outer loop
      vertex -0.18477590650225736 0.18477590650225736 169
      vertex 0.18477590650225736 -0.18477590650225736 169
      vertex 0.2613125929752753 0 169
    endloop
  endfacet
  facet normal 0.30401764109530954 -0.7339635123329723 0.60734737709707
    outer loop
      vertex 0 -0.2613125929752753 169
      vertex 3.6955181300451474 -3.6955181300451474 163
      vertex 0.18477590650225736 -0.18477590650225736 169
    endloop
  endfacet
  facet normal 0.7339635123329722 -0.3040176410953095 0.60734737709707
    outer loop
      vertex 0.18477590650225736 -0.18477590650225736 169
      vertex 3.6955181300451474 -3.6955181300451474 163
      vertex 0.2613125929752753 0 169
    endloop
  endfacet
  facet normal 0.7339635123329723 -0.30401764109530954 0.60734737709707
    outer loop
      vertex 3.6955181300451474 -3.6955181300451474 163
      vertex 5.226251859505506 0 163
      vertex 0.2613125929752753 0 169
    endloop
  endfacet
  facet normal 0.9238795325112867 -0.38268343236508967 0
    outer loop
      vertex 3.6955181300451474 -3.6955181300451474 163
      vertex 3.6955181300451474 -3.6955181300451474 156.4330127018922
      vertex 5.226251859505506 0 163
    endloop
  endfacet
  facet normal 0.9238795325112867 -0.38268343236508967 0
    outer loop
      vertex 5.226251859505506 0 163
      vertex 3.6955181300451474 -3.6955181300451474 156.4330127018922
      vertex 5.226251859505506 0 156.4330127018922
    endloop
  endfacet
  facet normal 0 0 1
    outer loop
      vertex -0.18477590650225736 0.18477590650225736 169
      vertex 0.18477590650225736 0.18477590650225736 169
      vertex 0 0.2613125929752753 169
    endloop
  endfacet
  facet normal 0 0 1
    outer loop
      vertex -0.18477590650225736 0.18477590650225736 169
      vertex 0.2613125929752753 0 169
      vertex 0.18477590650225736 0.18477590650225736 169
    endloop
  endfacet
  facet normal 0.7339635123329723 0.30401764109530954 0.60734737709707
    outer loop
      vertex 0.2613125929752753 0 169
      vertex 3.6955181300451474 3.6955181300451474 163
      vertex 0.18477590650225736 0.18477590650225736 169
    endloop
  endfacet
  facet normal 0.30401764109530954 0.7339635123329723 0.60734737709707
    outer loop
      vertex 0 0.2613125929752753 169
      vertex 0.18477590650225736 0.18477590650225736 169
      vertex 3.6955181300451474 3.6955181300451474 163
    endloop
  endfacet
  facet normal 0.30401764109530954 0.7339635123329723 0.60734737709707
    outer loop
      vertex 0 0.2613125929752753 169
      vertex 3.6955181300451474 3.6955181300451474 163
      vertex 0 5.226251859505506 163
    endloop
  endfacet
  facet normal 0.7339635123329723 0.30401764109530954 0.60734737709707
    outer loop
      vertex 0.2613125929752753 0 169
      vertex 5.226251859505506 0 163
      vertex 3.6955181300451474 3.6955181300451474 163
    endloop
  endfacet
  facet normal 0.38268343236508967 0.9238795325112867 0
    outer loop
      vertex 0 5.226251859505506 163
      vertex 3.6955181300451474 3.6955181300451474 156.4330127018922
      vertex 0 5.226251859505506 156.4330127018922
    endloop
  endfacet
  facet normal 0.38268343236508967 0.9238795325112867 0
    outer loop
      vertex 0 5.226251859505506 163
      vertex 3.6955181300451474 3.6955181300451474 163
      vertex 3.6955181300451474 3.6955181300451474 156.4330127018922
    endloop
  endfacet
  facet normal 0.9238795325112867 0.38268343236508967 0
    outer loop
      vertex 5.226251859505506 0 163
      vertex 5.226251859505506 0 156.4330127018922
      vertex 3.6955181300451474 3.6955181300451474 163
    endloop
  endfacet
  facet normal 0.9238795325112867 0.38268343236508967 0
    outer loop
      vertex 3.6955181300451474 3.6955181300451474 163
      vertex 5.226251859505506 0 156.4330127018922
      vertex 3.6955181300451474 3.6955181300451474 156.4330127018922
    endloop
  endfacet
endsolid OpenSCAD_Model
