solid OpenSCAD_Model
  facet normal -0.2799809633056557 -0.8616928014882813 -0.42319756148838406
    outer loop
      vertex -25.404508497187475 -25.293892626146235 0
      vertex -25.202254248593736 -25.14694631307312 -0.4330127018922193
      vertex -24.845491502812525 -25.475528258147577 0
    endloop
  endfacet
  facet normal -0.2799809633056557 -0.8616928014882813 0.42319756148838406
    outer loop
      vertex -25.404508497187475 -25.293892626146235 0
      vertex -24.845491502812525 -25.475528258147577 0
      vertex -25.202254248593736 -25.14694631307312 0.4330127018922193
    endloop
  endfacet
  facet normal -0.2799809633056537 -0.8616928014882811 -0.42319756148838555
    outer loop
      vertex -25.202254248593736 -25.14694631307312 -0.4330127018922193
      vertex -24.922745751406264 -25.23776412907379 -0.4330127018922193
      vertex -24.845491502812525 -25.475528258147577 0
    endloop
  endfacet
  facet normal -0.2799809633056537 -0.8616928014882811 0.42319756148838555
    outer loop
      vertex -25.202254248593736 -25.14694631307312 0.4330127018922193
      vertex -24.845491502812525 -25.475528258147577 0
      vertex -24.922745751406264 -25.23776412907379 0.4330127018922193
    endloop
  endfacet
  facet normal -0.6230291345424469 -0.6046613488882429 0.49620494825418715
    outer loop
      vertex -25.404508497187475 -25.293892626146235 0
      vertex -25.202254248593736 -25.14694631307312 0.4330127018922193
      vertex -22.983650951601152 -22.873035080559912 5.98958914237838
    endloop
  endfacet
  facet normal -0.27536199592843 -0.8474770816326502 0.4538263625063197
    outer loop
      vertex -25.202254248593736 -25.14694631307312 0.4330127018922193
      vertex -24.922745751406264 -25.23776412907379 0.4330127018922193
      vertex -22.968212905986803 -22.912904970466187 5.96038864918782
    endloop
  endfacet
  facet normal -0.21678206053763543 -0.871508186435519 0.43986250033951463
    outer loop
      vertex -24.922745751406264 -25.23776412907379 0.4330127018922193
      vertex -24.845491502812525 -25.475528258147577 0
      vertex -22.68870440879933 -23.003722786466856 5.96038864918782
    endloop
  endfacet
  facet normal -0.8953463093010543 -0.020858500711353027 -0.4448819049692347
    outer loop
      vertex -25.690611064206102 -25.635303128685486 11.566987298107781
      vertex -22.983650951601152 -22.873035080559912 5.98958914237838
      vertex -22.968212905986803 -22.912904970466187 5.96038864918782
    endloop
  endfacet
  facet normal -0.26359137877435995 -0.8112508469951756 -0.521911533006737
    outer loop
      vertex -25.41110256701863 -25.726120944686155 11.566987298107781
      vertex -22.968212905986803 -22.912904970466187 5.96038864918782
      vertex -22.68870440879933 -23.003722786466856 5.96038864918782
    endloop
  endfacet
  facet normal -0.27998096330565564 -0.8616928014882811 -0.4231975614883845
    outer loop
      vertex -25.89286531279984 -25.7822494417586 12
      vertex -25.690611064206102 -25.635303128685486 11.566987298107781
      vertex -25.33384831842489 -25.963885073759943 12
    endloop
  endfacet
  facet normal -0.27998096330565564 -0.8616928014882811 0.4231975614883845
    outer loop
      vertex -25.89286531279984 -25.7822494417586 12
      vertex -25.33384831842489 -25.963885073759943 12
      vertex -25.690611064206102 -25.635303128685486 12.433012701892219
    endloop
  endfacet
  facet normal -0.27998096330565364 -0.8616928014882809 -0.42319756148838594
    outer loop
      vertex -25.690611064206102 -25.635303128685486 11.566987298107781
      vertex -25.41110256701863 -25.726120944686155 11.566987298107781
      vertex -25.33384831842489 -25.963885073759943 12
    endloop
  endfacet
  facet normal -0.27998096330565364 -0.8616928014882809 0.42319756148838594
    outer loop
      vertex -25.690611064206102 -25.635303128685486 12.433012701892219
      vertex -25.33384831842489 -25.963885073759943 12
      vertex -25.41110256701863 -25.726120944686155 12.433012701892219
    endloop
  endfacet
  facet normal -0.26359137877435984 -0.8112508469951757 -0.5219115330067368
    outer loop
      vertex -25.690611064206102 -25.635303128685486 11.566987298107781
      vertex -22.968212905986803 -22.912904970466187 5.96038864918782
      vertex -25.41110256701863 -25.726120944686155 11.566987298107781
    endloop
  endfacet
  facet normal -0.08415995425180327 -0.8797002610730286 -0.46802195757077436
    outer loop
      vertex -25.41110256701863 -25.726120944686155 11.566987298107781
      vertex -22.68870440879933 -23.003722786466856 5.96038864918782
      vertex -25.33384831842489 -25.963885073759943 12
    endloop
  endfacet
  facet normal 0.00959638141810375 -0.9013406348728005 -0.4330045835678593
    outer loop
      vertex -25.04479397910417 -25.75278801123822 11.566987298107781
      vertex -25.33384831842489 -25.963885073759943 12
      vertex -22.420426122159352 -23.050462877494404 6
    endloop
  endfacet
  facet normal 0.009596381417554313 -0.9013406348727042 -0.43300458356807187
    outer loop
      vertex -25.04479397910417 -25.75278801123822 11.566987298107781
      vertex -22.420426122159352 -23.050462877494404 6
      vertex -25.01867444553604 -25.750927851350113 11.56369406579095
    endloop
  endfacet
  facet normal -0.1924717042638657 -0.5923669955849648 0.7823400703015317
    outer loop
      vertex -25.690611064206102 -25.635303128685486 12.433012701892219
      vertex -25.41110256701863 -25.726120944686155 12.433012701892219
      vertex -20.2429426317019 -20.187634696181284 17.898079840951354
    endloop
  endfacet
  facet normal -0.2799809633056558 -0.8616928014882818 -0.42319756148838306
    outer loop
      vertex -29.575063031008483 -29.464447159967243 24
      vertex -29.372808782414744 -29.317500846894127 23.56698729810778
      vertex -29.016046036633533 -29.646082791968585 24
    endloop
  endfacet
  facet normal -0.9060374296629696 0 -0.4231975614883899
    outer loop
      vertex -29.575063031008483 -29.464447159967243 24
      vertex -29.372808782414744 -29.02360822074789 23.56698729810778
      vertex -29.372808782414744 -29.317500846894127 23.56698729810778
    endloop
  endfacet
  facet normal -0.9060374296629695 0 -0.4231975614883899
    outer loop
      vertex -29.575063031008483 -29.464447159967243 24
      vertex -29.575063031008483 -28.876661907674773 24
      vertex -29.372808782414744 -29.02360822074789 23.56698729810778
    endloop
  endfacet
  facet normal -0.2799809633056538 -0.8616928014882814 -0.42319756148838455
    outer loop
      vertex -29.016046036633533 -29.646082791968585 24
      vertex -29.372808782414744 -29.317500846894127 23.56698729810778
      vertex -29.093300285227272 -29.408318662894796 23.56698729810778
    endloop
  endfacet
  facet normal -0.2799809633056558 -0.8616928014882818 0.42319756148838306
    outer loop
      vertex -29.575063031008483 -29.464447159967243 24
      vertex -29.016046036633533 -29.646082791968585 24
      vertex -29.372808782414744 -29.317500846894127 24.43301270189222
    endloop
  endfacet
  facet normal -0.9060374296629695 0 0.4231975614883899
    outer loop
      vertex -29.575063031008483 -29.464447159967243 24
      vertex -29.372808782414744 -29.317500846894127 24.43301270189222
      vertex -29.575063031008483 -28.876661907674773 24
    endloop
  endfacet
  facet normal -0.2799809633056538 -0.8616928014882814 0.42319756148838455
    outer loop
      vertex -29.016046036633533 -29.646082791968585 24
      vertex -29.093300285227272 -29.408318662894796 24.43301270189222
      vertex -29.372808782414744 -29.317500846894127 24.43301270189222
    endloop
  endfacet
  facet normal -0.9060374296629696 0 0.4231975614883899
    outer loop
      vertex -29.575063031008483 -28.876661907674773 24
      vertex -29.372808782414744 -29.317500846894127 24.43301270189222
      vertex -29.372808782414744 -29.02360822074789 24.43301270189222
    endloop
  endfacet
  facet normal -0.13658969590748427 -0.42037985844223935 -0.8970083776576357
    outer loop
      vertex -29.372808782414744 -29.317500846894127 23.56698729810778
      vertex -20.2429426317019 -20.187634696181284 17.898079840951354
      vertex -29.093300285227272 -29.408318662894796 23.56698729810778
    endloop
  endfacet
  facet normal -0.5275035141848045 0 -0.849552848575462
    outer loop
      vertex -29.372808782414744 -29.317500846894127 23.56698729810778
      vertex -29.372808782414744 -29.02360822074789 23.56698729810778
      vertex -20.243865324760325 -19.89466476309347 17.898652758612275
    endloop
  endfacet
  facet normal -0.13104460015159658 -0.40331380852228343 0.9056297723829309
    outer loop
      vertex -29.372808782414744 -29.317500846894127 24.43301270189222
      vertex -29.093300285227272 -29.408318662894796 24.43301270189222
      vertex -19.484772165082763 -19.799790542750287 30.102435188377846
    endloop
  endfacet
  facet normal -0.042646051735727095 -0.8789445185548989 -0.47501352356922516
    outer loop
      vertex -25.125314651142187 -25.75535140647724 36
      vertex -25.202568899735926 -25.51758727740345 35.56698729810778
      vertex -23.02421715873833 -25.720294662005106 35.746498910493706
    endloop
  endfacet
  facet normal -0.2799809633056554 -0.8616928014882804 -0.42319756148838594
    outer loop
      vertex -25.684331645517137 -25.573715774475897 36
      vertex -25.482077396923398 -25.42676946140278 35.56698729810778
      vertex -25.125314651142187 -25.75535140647724 36
    endloop
  endfacet
  facet normal -0.2799809633056554 -0.8616928014882804 0.42319756148838594
    outer loop
      vertex -25.684331645517137 -25.573715774475897 36
      vertex -25.125314651142187 -25.75535140647724 36
      vertex -25.482077396923398 -25.42676946140278 36.43301270189222
    endloop
  endfacet
  facet normal -0.2799809633056535 -0.8616928014882802 -0.4231975614883875
    outer loop
      vertex -25.125314651142187 -25.75535140647724 36
      vertex -25.482077396923398 -25.42676946140278 35.56698729810778
      vertex -25.202568899735926 -25.51758727740345 35.56698729810778
    endloop
  endfacet
  facet normal -0.2799809633056535 -0.8616928014882802 0.4231975614883875
    outer loop
      vertex -25.125314651142187 -25.75535140647724 36
      vertex -25.202568899735926 -25.51758727740345 36.43301270189222
      vertex -25.482077396923398 -25.42676946140278 36.43301270189222
    endloop
  endfacet
  facet normal -0.1867398432227361 -0.574726141221304 -0.79675472609205
    outer loop
      vertex -25.482077396923398 -25.42676946140278 35.56698729810778
      vertex -25.18414875011763 -25.128840814597012 35.282254088620896
      vertex -25.202568899735926 -25.51758727740345 35.56698729810778
    endloop
  endfacet
  facet normal -0.1867398432227361 -0.574726141221304 -0.7967547260920501
    outer loop
      vertex -25.202568899735926 -25.51758727740345 35.56698729810778
      vertex -25.18414875011763 -25.128840814597012 35.282254088620896
      vertex -24.904640252930157 -25.21965863059768 35.282254088620896
    endloop
  endfacet
  facet normal -0.08089807401429971 -0.6451846579649302 -0.7597317018181174
    outer loop
      vertex -25.202568899735926 -25.51758727740345 35.56698729810778
      vertex -24.904640252930157 -25.21965863059768 35.282254088620896
      vertex -23.10147140733207 -25.482530532931317 35.31348620860149
    endloop
  endfacet
  facet normal -0.04264605173572711 -0.8789445185548989 -0.47501352356922516
    outer loop
      vertex -25.202568899735926 -25.51758727740345 35.56698729810778
      vertex -23.10147140733207 -25.482530532931317 35.31348620860149
      vertex -23.02421715873833 -25.720294662005106 35.746498910493706
    endloop
  endfacet
  facet normal -0.9232195714512649 -0.025446182411260395 0.3834294129172093
    outer loop
      vertex -25.404508497187475 -25.293892626146235 0
      vertex -22.983650951601152 -22.873035080559912 5.98958914237838
      vertex -22.993567642344065 -22.485970111900695 5.991399235178368
    endloop
  endfacet
  facet normal -0.6230291345424491 -0.6046613488882423 0.4962049482541848
    outer loop
      vertex -25.202254248593736 -25.14694631307312 0.4330127018922193
      vertex -22.968212905986803 -22.912904970466187 5.96038864918782
      vertex -22.983650951601152 -22.873035080559912 5.98958914237838
    endloop
  endfacet
  facet normal -0.8953463093010562 -0.020858500711349197 -0.4448819049692316
    outer loop
      vertex -25.690611064206102 -25.635303128685486 11.566987298107781
      vertex -22.993567642344065 -22.485970111900695 5.991399235178368
      vertex -22.983650951601152 -22.873035080559912 5.98958914237838
    endloop
  endfacet
  facet normal -0.9232195714512632 -0.0254461824112697 0.3834294129172127
    outer loop
      vertex -25.404508497187475 -25.293892626146235 0
      vertex -22.993567642344065 -22.485970111900695 5.991399235178368
      vertex -24.80768420501554 0.16344904486171402 3.126499915581586
    endloop
  endfacet
  facet normal -0.6827688989287946 -0.015351127655128818 -0.7304731162303493
    outer loop
      vertex -25.482077396923398 -25.42676946140278 35.56698729810778
      vertex -22.470905552087263 0.8032640863977125 32.20123019665211
      vertex -25.18414875011763 -25.128840814597012 35.282254088620896
    endloop
  endfacet
  facet normal -0.27536199592842914 -0.8474770816326507 0.4538263625063194
    outer loop
      vertex -24.922745751406264 -25.23776412907379 0.4330127018922193
      vertex -22.68870440879933 -23.003722786466856 5.96038864918782
      vertex -22.968212905986803 -22.912904970466187 5.96038864918782
    endloop
  endfacet
  facet normal -0.21678206053763302 -0.87150818643552 0.4398625003395141
    outer loop
      vertex -24.845491502812525 -25.475528258147577 0
      vertex -22.420426122159352 -23.050462877494404 6
      vertex -22.68870440879933 -23.003722786466856 5.96038864918782
    endloop
  endfacet
  facet normal -0.08415995425179948 -0.8797002610730297 -0.468021957570773
    outer loop
      vertex -25.33384831842489 -25.963885073759943 12
      vertex -22.68870440879933 -23.003722786466856 5.96038864918782
      vertex -22.420426122159352 -23.050462877494404 6
    endloop
  endfacet
  facet normal -0.7064276247524901 -0.0036089481045424292 0.70777608498743
    outer loop
      vertex -25.690611064206102 -25.635303128685486 12.433012701892219
      vertex -20.2429426317019 -20.187634696181284 17.898079840951354
      vertex -20.243865324760325 -19.89466476309347 17.898652758612275
    endloop
  endfacet
  facet normal -0.1924717042638646 -0.5923669955849659 0.782340070301531
    outer loop
      vertex -25.41110256701863 -25.726120944686155 12.433012701892219
      vertex -19.96343413451443 -20.278452512181953 17.898079840951354
      vertex -20.2429426317019 -20.187634696181284 17.898079840951354
    endloop
  endfacet
  facet normal -0.7064276247524923 -0.0036089481045389455 0.707776084987428
    outer loop
      vertex -25.690611064206102 -25.635303128685486 12.433012701892219
      vertex -20.243865324760325 -19.89466476309347 17.898652758612275
      vertex -20.193200642966634 -16.788675034336187 17.965058345858854
    endloop
  endfacet
  facet normal -0.0496617312182619 -0.6821717192039904 0.7295035695393665
    outer loop
      vertex -25.41110256701863 -25.726120944686155 12.433012701892219
      vertex -15.70374805901149 -20.504484675873567 17.976695817143366
      vertex -19.96343413451443 -20.278452512181953 17.898079840951354
    endloop
  endfacet
  facet normal 0 0 -1
    outer loop
      vertex -25.202254248593736 -25.14694631307312 -0.4330127018922193
      vertex 0 -5.226251859505506 -0.4330127018922193
      vertex -24.922745751406264 -25.23776412907379 -0.4330127018922193
    endloop
  endfacet
  facet normal -0.527503514184813 8.998860000671153e-15 -0.8495528485754564
    outer loop
      vertex -29.372808782414744 -29.317500846894127 23.56698729810778
      vertex -20.243865324760325 -19.89466476309347 17.898652758612275
      vertex -20.2429426317019 -20.187634696181284 17.898079840951354
    endloop
  endfacet
  facet normal -0.1365896959074838 -0.4203798584422391 -0.897008377657636
    outer loop
      vertex -29.093300285227272 -29.408318662894796 23.56698729810778
      vertex -20.2429426317019 -20.187634696181284 17.898079840951354
      vertex -19.96343413451443 -20.278452512181953 17.898079840951354
    endloop
  endfacet
  facet normal -0.13104460015159755 -0.4033138085222819 0.9056297723829313
    outer loop
      vertex -29.372808782414744 -29.317500846894127 24.43301270189222
      vertex -19.484772165082763 -19.799790542750287 30.102435188377846
      vertex -19.764280662270235 -19.708972726749618 30.102435188377846
    endloop
  endfacet
  facet normal -0.011762551808070067 -0.5189511759479697 -0.8547229488888091
    outer loop
      vertex -29.093300285227272 -29.408318662894796 23.56698729810778
      vertex -19.96343413451443 -20.278452512181953 17.898079840951354
      vertex -15.70374805901149 -20.504484675873567 17.976695817143366
    endloop
  endfacet
  facet normal -0.18673984322273668 -0.5747261412213058 -0.7967547260920484
    outer loop
      vertex -25.18414875011763 -25.128840814597012 35.282254088620896
      vertex -19.764280662270235 -19.708972726749618 30.102435188377846
      vertex -24.904640252930157 -25.21965863059768 35.282254088620896
    endloop
  endfacet
  facet normal -0.0808980740143 -0.6451846579649321 -0.7597317018181158
    outer loop
      vertex -24.904640252930157 -25.21965863059768 35.282254088620896
      vertex -19.484772165082763 -19.799790542750287 30.102435188377846
      vertex -23.10147140733207 -25.482530532931317 35.31348620860149
    endloop
  endfacet
  facet normal -0.1834695341541377 -0.5646611648394039 0.8046717958021589
    outer loop
      vertex -25.482077396923398 -25.42676946140278 36.43301270189222
      vertex -25.202568899735926 -25.51758727740345 36.43301270189222
      vertex -19.605276809111462 -19.549968873590846 41.89687381215086
    endloop
  endfacet
  facet normal -0.18673984322273612 -0.5747261412213059 -0.7967547260920488
    outer loop
      vertex -24.904640252930157 -25.21965863059768 35.282254088620896
      vertex -19.764280662270235 -19.708972726749618 30.102435188377846
      vertex -19.484772165082763 -19.799790542750287 30.102435188377846
    endloop
  endfacet
  facet normal -0.6827688989287967 -0.015351127655128704 -0.7304731162303474
    outer loop
      vertex -25.18414875011763 -25.128840814597012 35.282254088620896
      vertex -19.944554390282608 -14.626009152403551 30.164115859553203
      vertex -19.764280662270235 -19.708972726749618 30.102435188377846
    endloop
  endfacet
  facet normal -0.08089807401429887 -0.6451846579649326 -0.7597317018181157
    outer loop
      vertex -23.10147140733207 -25.482530532931317 35.31348620860149
      vertex -19.484772165082763 -19.799790542750287 30.102435188377846
      vertex -14.761457168123606 -20.18269339784039 29.924656587987045
    endloop
  endfacet
  facet normal -0.2799809633056554 -0.8616928014882804 -0.42319756148838594
    outer loop
      vertex -29.719177535413085 -29.608561664371845 48
      vertex -29.516923286819345 -29.46161535129873 47.56698729810778
      vertex -29.160160541038135 -29.790197296373186 48
    endloop
  endfacet
  facet normal -0.2799809633056535 -0.8616928014882802 -0.4231975614883875
    outer loop
      vertex -29.160160541038135 -29.790197296373186 48
      vertex -29.516923286819345 -29.46161535129873 47.56698729810778
      vertex -29.237414789631874 -29.552433167299398 47.56698729810778
    endloop
  endfacet
  facet normal -0.2799809633056554 -0.8616928014882804 0.42319756148838594
    outer loop
      vertex -29.719177535413085 -29.608561664371845 48
      vertex -29.160160541038135 -29.790197296373186 48
      vertex -29.516923286819345 -29.46161535129873 48.43301270189222
    endloop
  endfacet
  facet normal -0.2799809633056535 -0.8616928014882802 0.4231975614883875
    outer loop
      vertex -29.160160541038135 -29.790197296373186 48
      vertex -29.237414789631874 -29.552433167299398 48.43301270189222
      vertex -29.516923286819345 -29.46161535129873 48.43301270189222
    endloop
  endfacet
  facet normal -0.20208455911506695 -0.6219523207057622 0.7565296700962796
    outer loop
      vertex -29.516923286819345 -29.46161535129873 48.43301270189222
      vertex -29.237414789631874 -29.552433167299398 48.43301270189222
      vertex -24.460853024894963 -24.405545089374346 53.94024992929774
    endloop
  endfacet
  facet normal -0.16928008165837713 -0.5209905204916703 -0.8366081110720549
    outer loop
      vertex -24.460853024894963 -24.405545089374346 53.94024992929774
      vertex -31.00095137023594 -31.315969747903463 59.56698729810778
      vertex -31.28045986742341 -31.225151931902793 59.56698729810778
    endloop
  endfacet
  facet normal -0.6364207581953336 0 -0.7713420891783856
    outer loop
      vertex -24.460853024894963 -24.111652463228108 53.94024992929774
      vertex -31.28045986742341 -31.225151931902793 59.56698729810778
      vertex -31.28045986742341 -30.931259305756555 59.56698729810778
    endloop
  endfacet
  facet normal -0.7366362708500497 -1.582129106450337e-15 0.6762891426513753
    outer loop
      vertex -29.516923286819345 -29.46161535129873 48.43301270189222
      vertex -24.460853024894963 -24.111652463228108 53.94024992929774
      vertex -29.512071281182205 -29.16287071951535 48.43829766525075
    endloop
  endfacet
  facet normal -0.1277435201382823 -0.3931541289104078 -0.9105555578784739
    outer loop
      vertex -29.516923286819345 -29.46161535129873 47.56698729810778
      vertex -19.605276809111462 -19.549968873590846 41.89687381215086
      vertex -29.237414789631874 -29.552433167299398 47.56698729810778
    endloop
  endfacet
  facet normal -0.73663627085005 0 0.6762891426513747
    outer loop
      vertex -29.516923286819345 -29.46161535129873 48.43301270189222
      vertex -24.460853024894963 -24.405545089374346 53.94024992929774
      vertex -24.460853024894963 -24.111652463228108 53.94024992929774
    endloop
  endfacet
  facet normal -0.202084559115068 -0.6219523207057627 0.756529670096279
    outer loop
      vertex -29.237414789631874 -29.552433167299398 48.43301270189222
      vertex -24.18134452770749 -24.496362905375015 53.94024992929774
      vertex -24.460853024894963 -24.405545089374346 53.94024992929774
    endloop
  endfacet
  facet normal -0.6364207581953328 0 -0.7713420891783864
    outer loop
      vertex -24.460853024894963 -24.405545089374346 53.94024992929774
      vertex -31.28045986742341 -31.225151931902793 59.56698729810778
      vertex -24.460853024894963 -24.111652463228108 53.94024992929774
    endloop
  endfacet
  facet normal -0.16928008165837735 -0.5209905204916717 -0.8366081110720538
    outer loop
      vertex -24.460853024894963 -24.405545089374346 53.94024992929774
      vertex -24.18134452770749 -24.496362905375015 53.94024992929774
      vertex -31.00095137023594 -31.315969747903463 59.56698729810778
    endloop
  endfacet
  facet normal -0.7674222453846933 0.07369844667707406 0.6368921700304551
    outer loop
      vertex -29.512071281182205 -29.16287071951535 48.43829766525075
      vertex -24.460853024894963 -24.111652463228108 53.94024992929774
      vertex -24.225465949440398 -21.045263659376708 53.86904978599912
    endloop
  endfacet
  facet normal 0.028147564692862337 -0.7490846366085903 0.6618760622645583
    outer loop
      vertex -29.237414789631874 -29.552433167299398 48.43301270189222
      vertex -19.901471011308722 -24.298034678987356 53.98269988679672
      vertex -24.18134452770749 -24.496362905375015 53.94024992929774
    endloop
  endfacet
  facet normal 0.03796121042179476 -0.6582746804675487 -0.7518200526446862
    outer loop
      vertex -24.18134452770749 -24.496362905375015 53.94024992929774
      vertex -19.901471011308722 -24.298034678987356 53.98269988679672
      vertex -31.00095137023594 -31.315969747903463 59.56698729810778
    endloop
  endfacet
  facet normal -0.9060374296629695 0 0.4231975614883896
    outer loop
      vertex -31.48271411601715 -31.37209824497591 60
      vertex -31.34787795028799 -31.078205618829674 60.28867513459481
      vertex -31.48271411601715 -30.78431299268344 60
    endloop
  endfacet
  facet normal -0.9060374296629682 0 -0.4231975614883927
    outer loop
      vertex -31.28045986742341 -31.225151931902793 59.56698729810778
      vertex -31.48271411601715 -31.37209824497591 60
      vertex -31.28045986742341 -30.931259305756555 59.56698729810778
    endloop
  endfacet
  facet normal -0.9060374296629675 -5.4836539389004596e-15 0.4231975614883942
    outer loop
      vertex -31.48271411601715 -31.37209824497591 60
      vertex -31.28045986742341 -31.225151931902793 60.43301270189222
      vertex -31.34787795028799 -31.078205618829674 60.28867513459481
    endloop
  endfacet
  facet normal -0.9060374296629653 0 0.4231975614883988
    outer loop
      vertex -31.28045986742341 -31.225151931902793 60.43301270189222
      vertex -31.28045986742341 -30.931259305756555 60.43301270189222
      vertex -31.34787795028799 -31.078205618829674 60.28867513459481
    endloop
  endfacet
  facet normal -0.2799809633056554 -0.8616928014882804 -0.42319756148838594
    outer loop
      vertex -31.28045986742341 -31.225151931902793 59.56698729810778
      vertex -30.9236971216422 -31.55373387697725 60
      vertex -31.48271411601715 -31.37209824497591 60
    endloop
  endfacet
  facet normal -0.2799809633056554 -0.8616928014882804 0.42319756148838594
    outer loop
      vertex -31.48271411601715 -31.37209824497591 60
      vertex -30.9236971216422 -31.55373387697725 60
      vertex -31.28045986742341 -31.225151931902793 60.43301270189222
    endloop
  endfacet
  facet normal -0.2799809633056535 -0.8616928014882803 -0.4231975614883875
    outer loop
      vertex -31.28045986742341 -31.225151931902793 59.56698729810778
      vertex -31.00095137023594 -31.315969747903463 59.56698729810778
      vertex -30.9236971216422 -31.55373387697725 60
    endloop
  endfacet
  facet normal -0.2799809633056535 -0.8616928014882803 0.4231975614883875
    outer loop
      vertex -31.28045986742341 -31.225151931902793 60.43301270189222
      vertex -30.9236971216422 -31.55373387697725 60
      vertex -31.00095137023594 -31.315969747903463 60.43301270189222
    endloop
  endfacet
  facet normal -0.9060374296629683 0 -0.4231975614883927
    outer loop
      vertex -31.48271411601715 -31.37209824497591 60
      vertex -31.48271411601715 -30.78431299268344 60
      vertex -31.28045986742341 -30.931259305756555 59.56698729810778
    endloop
  endfacet
  facet normal -0.9060374296629675 5.48365393890046e-15 0.42319756148839427
    outer loop
      vertex -31.34787795028799 -31.078205618829674 60.28867513459481
      vertex -31.28045986742341 -30.931259305756555 60.43301270189222
      vertex -31.48271411601715 -30.78431299268344 60
    endloop
  endfacet
  facet normal -0.15737404474583777 -0.4843475066929476 0.8606049632675029
    outer loop
      vertex -31.28045986742341 -31.225151931902793 60.43301270189222
      vertex -31.00095137023594 -31.315969747903463 60.43301270189222
      vertex -23.720263793390668 -23.66495585787005 66.07037358276561
    endloop
  endfacet
  facet normal -0.5977726746261778 0 0.8016656594056314
    outer loop
      vertex -31.28045986742341 -31.225151931902793 60.43301270189222
      vertex -23.720263793390668 -23.371063231723813 66.07037358276561
      vertex -31.28045986742341 -30.931259305756555 60.43301270189222
    endloop
  endfacet
  facet normal -0.9060374296629709 0 -0.42319756148838705
    outer loop
      vertex -29.232899411428928 -29.122283540387688 72
      vertex -29.232899411428928 -28.534498288095218 72
      vertex -29.03064516283519 -28.975337227314572 71.56698729810778
    endloop
  endfacet
  facet normal -0.9060374296629709 0 -0.423197561488387
    outer loop
      vertex -29.03064516283519 -28.975337227314572 71.56698729810778
      vertex -29.232899411428928 -28.534498288095218 72
      vertex -29.03064516283519 -28.681444601168334 71.56698729810778
    endloop
  endfacet
  facet normal -0.9060374296629709 0 0.423197561488387
    outer loop
      vertex -29.232899411428928 -29.122283540387688 72
      vertex -29.03064516283519 -28.975337227314572 72.43301270189222
      vertex -29.03064516283519 -28.681444601168334 72.43301270189222
    endloop
  endfacet
  facet normal -0.9060374296629709 0 0.42319756148838705
    outer loop
      vertex -29.232899411428928 -29.122283540387688 72
      vertex -29.03064516283519 -28.681444601168334 72.43301270189222
      vertex -29.232899411428928 -28.534498288095218 72
    endloop
  endfacet
  facet normal -0.27998096330565625 -0.861692801488283 -0.4231975614883802
    outer loop
      vertex -29.232899411428928 -29.122283540387688 72
      vertex -29.03064516283519 -28.975337227314572 71.56698729810778
      vertex -28.673882417053978 -29.30391917238903 72
    endloop
  endfacet
  facet normal -0.2799809633056543 -0.8616928014882829 -0.4231975614883818
    outer loop
      vertex -29.03064516283519 -28.975337227314572 71.56698729810778
      vertex -28.751136665647717 -29.06615504331524 71.56698729810778
      vertex -28.673882417053978 -29.30391917238903 72
    endloop
  endfacet
  facet normal -0.27998096330565625 -0.861692801488283 0.4231975614883802
    outer loop
      vertex -29.232899411428928 -29.122283540387688 72
      vertex -28.673882417053978 -29.30391917238903 72
      vertex -29.03064516283519 -28.975337227314572 72.43301270189222
    endloop
  endfacet
  facet normal -0.2799809633056543 -0.8616928014882829 0.4231975614883818
    outer loop
      vertex -29.03064516283519 -28.975337227314572 72.43301270189222
      vertex -28.673882417053978 -29.30391917238903 72
      vertex -28.751136665647717 -29.06615504331524 72.43301270189222
    endloop
  endfacet
  facet normal -0.5977726746261759 0 0.8016656594056327
    outer loop
      vertex -31.28045986742341 -31.225151931902793 60.43301270189222
      vertex -23.720263793390668 -23.66495585787005 66.07037358276561
      vertex -23.720263793390668 -23.371063231723813 66.07037358276561
    endloop
  endfacet
  facet normal -0.15737404474583738 -0.48434750669294807 0.8606049632675028
    outer loop
      vertex -31.00095137023594 -31.315969747903463 60.43301270189222
      vertex -23.440755296203196 -23.75577367387072 66.07037358276561
      vertex -23.720263793390668 -23.66495585787005 66.07037358276561
    endloop
  endfacet
  facet normal -0.6254505045953828 0.04458708046522641 0.778988869340871
    outer loop
      vertex -31.28045986742341 -30.931259305756555 60.43301270189222
      vertex -23.720263793390668 -23.371063231723813 66.07037358276561
      vertex -23.525913192973622 -19.858302828508087 66.02535747145242
    endloop
  endfacet
  facet normal 0.04861342390660166 -0.627853535473416 0.7768118646169155
    outer loop
      vertex -31.00095137023594 -31.315969747903463 60.43301270189222
      vertex -20.102147248966066 -23.47511893431856 66.08827869319248
      vertex -23.440755296203196 -23.75577367387072 66.07037358276561
    endloop
  endfacet
  facet normal -0.71918527405598 0 -0.6948183514998902
    outer loop
      vertex -29.03064516283519 -28.681444601168334 71.56698729810778
      vertex -23.720263793390668 -23.371063231723813 66.07037358276561
      vertex -23.720263793390668 -23.66495585787005 66.07037358276561
    endloop
  endfacet
  facet normal -0.19614629876882125 -0.6036762345986613 -0.7727235166992619
    outer loop
      vertex -28.751136665647717 -29.06615504331524 71.56698729810778
      vertex -23.720263793390668 -23.66495585787005 66.07037358276561
      vertex -23.440755296203196 -23.75577367387072 66.07037358276561
    endloop
  endfacet
  facet normal -0.7340518727063137 0.03191993017975423 -0.6783428087874696
    outer loop
      vertex -29.03064516283519 -28.681444601168334 71.56698729810778
      vertex -23.525913192973622 -19.858302828508087 66.02535747145242
      vertex -23.720263793390668 -23.371063231723813 66.07037358276561
    endloop
  endfacet
  facet normal 0.06649309324940184 -0.7489250094495329 -0.6593102447036171
    outer loop
      vertex -28.751136665647717 -29.06615504331524 71.56698729810778
      vertex -23.440755296203196 -23.75577367387072 66.07037358276561
      vertex -20.102147248966066 -23.47511893431856 66.08827869319248
    endloop
  endfacet
  facet normal -0.19614629876882111 -0.6036762345986608 -0.7727235166992622
    outer loop
      vertex -29.03064516283519 -28.975337227314572 71.56698729810778
      vertex -23.720263793390668 -23.66495585787005 66.07037358276561
      vertex -28.751136665647717 -29.06615504331524 71.56698729810778
    endloop
  endfacet
  facet normal -0.7191852740559801 0 -0.6948183514998901
    outer loop
      vertex -29.03064516283519 -28.975337227314572 71.56698729810778
      vertex -29.03064516283519 -28.681444601168334 71.56698729810778
      vertex -23.720263793390668 -23.66495585787005 66.07037358276561
    endloop
  endfacet
  facet normal -0.17419965279535393 -0.5361314035899072 0.8259646475792377
    outer loop
      vertex -29.03064516283519 -28.975337227314572 72.43301270189222
      vertex -28.751136665647717 -29.06615504331524 72.43301270189222
      vertex -22.132025340884066 -22.44704371855159 78.12546013705918
    endloop
  endfacet
  facet normal -0.6335221896528089 -0.03133631092571922 0.7730896913263539
    outer loop
      vertex -29.03064516283519 -28.975337227314572 72.43301270189222
      vertex -22.411533838071538 -22.35622590255092 78.12546013705918
      vertex -22.55118625464855 -20.434645703689803 78.0889085305936
    endloop
  endfacet
  facet normal -0.17419965279535413 -0.5361314035899061 0.8259646475792382
    outer loop
      vertex -29.03064516283519 -28.975337227314572 72.43301270189222
      vertex -22.132025340884066 -22.44704371855159 78.12546013705918
      vertex -22.411533838071538 -22.35622590255092 78.12546013705918
    endloop
  endfacet
  facet normal -0.7674222453846937 0.0736984466770747 0.6368921700304543
    outer loop
      vertex -29.512071281182205 -29.16287071951535 48.43829766525075
      vertex -24.225465949440398 -21.045263659376708 53.86904978599912
      vertex -23.97402394166205 -1.159157824090032 51.870889060828965
    endloop
  endfacet
  facet normal -0.7870679566360701 0 0.6168662996441947
    outer loop
      vertex -29.03064516283519 -28.975337227314572 72.43301270189222
      vertex -26.40033477602229 0.6441753274397894 75.78906088066542
      vertex -29.03064516283519 -28.681444601168334 72.43301270189222
    endloop
  endfacet
  facet normal -0.9015031905806058 0.031148208776300697 0.43165007409128964
    outer loop
      vertex -29.03064516283519 -28.681444601168334 72.43301270189222
      vertex -26.60258902461603 1.0850142666591442 75.3560481787732
      vertex -29.232899411428928 -28.534498288095218 72
    endloop
  endfacet
  facet normal -0.6335221896528128 -0.0313363109257146 0.7730896913263509
    outer loop
      vertex -29.03064516283519 -28.975337227314572 72.43301270189222
      vertex -22.55118625464855 -20.434645703689803 78.0889085305936
      vertex -22.737664746826034 -17.86875112868154 78.04010100812148
    endloop
  endfacet
  facet normal -0.6254505045953834 0.044587080465227115 0.7789888693408704
    outer loop
      vertex -31.28045986742341 -30.931259305756555 60.43301270189222
      vertex -23.525913192973622 -19.858302828508087 66.02535747145242
      vertex -24.700003415531132 -0.7023311917911759 63.98624724355014
    endloop
  endfacet
  facet normal -0.12774352013828197 -0.3931541289104082 -0.9105555578784738
    outer loop
      vertex -29.237414789631874 -29.552433167299398 47.56698729810778
      vertex -19.605276809111462 -19.549968873590846 41.89687381215086
      vertex -19.32576831192399 -19.640786689591515 41.89687381215086
    endloop
  endfacet
  facet normal -0.045004297686161814 -0.46176560890434015 -0.8858595462165428
    outer loop
      vertex -29.237414789631874 -29.552433167299398 47.56698729810778
      vertex -19.32576831192399 -19.640786689591515 41.89687381215086
      vertex -13.815457446130974 -19.977298765135334 41.792344863430074
    endloop
  endfacet
  facet normal -0.1834695341541378 -0.5646611648394039 0.804671795802159
    outer loop
      vertex -25.202568899735926 -25.51758727740345 36.43301270189222
      vertex -19.32576831192399 -19.640786689591515 41.89687381215086
      vertex -19.605276809111462 -19.549968873590846 41.89687381215086
    endloop
  endfacet
  facet normal -0.026553938512258617 -0.6662966644811801 0.7452138238457073
    outer loop
      vertex -25.202568899735926 -25.51758727740345 36.43301270189222
      vertex -13.815457446130974 -19.977298765135334 41.792344863430074
      vertex -19.32576831192399 -19.640786689591515 41.89687381215086
    endloop
  endfacet
  facet normal -0.9060374296629691 0 -0.4231975614883908
    outer loop
      vertex -25.404508497187475 -25.293892626146235 0
      vertex -25.404508497187475 24.706107373853765 0
      vertex -25.202254248593736 -25.14694631307312 -0.4330127018922193
    endloop
  endfacet
  facet normal -0.9822633868453662 0 0.18750637019330937
    outer loop
      vertex -25.404508497187475 -25.293892626146235 0
      vertex -24.80768420501554 0.16344904486171402 3.126499915581586
      vertex -24.80768420501554 0.7512342971541872 3.126499915581586
    endloop
  endfacet
  facet normal -0.9030803550835238 -0.021038677474003196 -0.4289559957762117
    outer loop
      vertex -25.89286531279984 -25.7822494417586 12
      vertex -27.10877456515917 26.41037344182546 12
      vertex -25.690611064206102 -25.635303128685486 11.566987298107781
    endloop
  endfacet
  facet normal -0.9030803550835238 -0.021038677474003196 0.4289559957762117
    outer loop
      vertex -25.89286531279984 -25.7822494417586 12
      vertex -25.690611064206102 -25.635303128685486 12.433012701892219
      vertex -26.90652031656543 26.557319754898575 12.433012701892219
    endloop
  endfacet
  facet normal -0.8993312855027707 0.044117065241411554 -0.43503669209667695
    outer loop
      vertex -29.575063031008483 -28.876661907674773 24
      vertex -26.846944938520164 26.736329067478923 24
      vertex -29.372808782414744 -29.02360822074789 23.56698729810778
    endloop
  endfacet
  facet normal -0.8993312855027707 0.044117065241411554 0.43503669209667695
    outer loop
      vertex -29.575063031008483 -28.876661907674773 24
      vertex -29.372808782414744 -29.02360822074789 24.43301270189222
      vertex -26.846944938520164 26.736329067478923 24
    endloop
  endfacet
  facet normal -0.6066413082646326 0 0.7949756745378912
    outer loop
      vertex -29.372808782414744 -29.317500846894127 24.43301270189222
      vertex -21.862460349926703 18.89863645378567 30.164115859553203
      vertex -29.372808782414744 -29.02360822074789 24.43301270189222
    endloop
  endfacet
  facet normal -0.48715836134002405 -0.027869762904577638 0.8728688373931934
    outer loop
      vertex -29.372808782414744 -29.317500846894127 24.43301270189222
      vertex -19.764280662270235 -19.708972726749618 30.102435188377846
      vertex -21.862460349926703 18.89863645378567 30.164115859553203
    endloop
  endfacet
  facet normal -0.9031905641510125 -0.020307008226271808 -0.4287591751152084
    outer loop
      vertex -25.684331645517137 -25.573715774475897 36
      vertex -26.644988571759203 26.29578801009235 35.56698729810778
      vertex -25.482077396923398 -25.42676946140278 35.56698729810778
    endloop
  endfacet
  facet normal -0.9031905641510125 -0.020307008226271808 0.4287591751152084
    outer loop
      vertex -25.684331645517137 -25.573715774475897 36
      vertex -25.482077396923398 -25.42676946140278 36.43301270189222
      vertex -26.644988571759203 26.29578801009235 36.43301270189222
    endloop
  endfacet
  facet normal -0.8953463093010564 -0.020858500711359886 -0.44488190496923025
    outer loop
      vertex -22.993567642344065 -22.485970111900695 5.991399235178368
      vertex -26.87201001562289 25.07597308433253 11.566987298107781
      vertex -22.99752901244752 -22.33135123402187 5.992122303759231
    endloop
  endfacet
  facet normal -0.8953463093010561 -0.020858500711359796 -0.44488190496923086
    outer loop
      vertex -22.99752901244752 -22.33135123402187 5.992122303759231
      vertex -26.87201001562289 25.07597308433253 11.566987298107781
      vertex -23.040687394927616 -20.646807630201852 6
    endloop
  endfacet
  facet normal -0.8953463093010534 -0.020858500711358946 -0.4448819049692363
    outer loop
      vertex -25.690611064206102 -25.635303128685486 11.566987298107781
      vertex -26.87201001562289 25.07597308433253 11.566987298107781
      vertex -22.993567642344065 -22.485970111900695 5.991399235178368
    endloop
  endfacet
  facet normal -0.5465269305710387 0.026810102840703013 -0.8370122654694313
    outer loop
      vertex -29.372808782414744 -29.02360822074789 23.56698729810778
      vertex -26.598979458902388 26.249778897235533 23.52626240729521
      vertex -20.243865324760325 -19.89466476309347 17.898652758612275
    endloop
  endfacet
  facet normal -0.9232195714512559 -0.025446182411266904 0.38342941291723015
    outer loop
      vertex -22.993567642344065 -22.485970111900695 5.991399235178368
      vertex -22.99752901244752 -22.33135123402187 5.992122303759231
      vertex -24.80768420501554 0.16344904486171402 3.126499915581586
    endloop
  endfacet
  facet normal -0.9232195714512654 -0.02544618241127063 0.38342941291720706
    outer loop
      vertex -22.99752901244752 -22.33135123402187 5.992122303759231
      vertex -23.040687394927616 -20.646807630201852 6
      vertex -24.80768420501554 0.16344904486171402 3.126499915581586
    endloop
  endfacet
  facet normal -0.7064276247524909 -0.00360894810454072 0.7077760849874292
    outer loop
      vertex -25.690611064206102 -25.635303128685486 12.433012701892219
      vertex -20.193200642966634 -16.788675034336187 17.965058345858854
      vertex -22.389348469289562 0.17611075820594868 15.859598027782148
    endloop
  endfacet
  facet normal -0.7064276247525348 -0.0036089481045518622 0.7077760849873853
    outer loop
      vertex -20.193200642966634 -16.788675034336187 17.965058345858854
      vertex -20.184442663113106 -16.251768564055414 17.97653732440324
      vertex -22.389348469289562 0.17611075820594868 15.859598027782148
    endloop
  endfacet
  facet normal -0.6827688989287971 -0.015351127655128312 -0.7304731162303472
    outer loop
      vertex -25.18414875011763 -25.128840814597012 35.282254088620896
      vertex -22.470905552087263 0.8032640863977125 32.20123019665211
      vertex -19.944554390282608 -14.626009152403551 30.164115859553203
    endloop
  endfacet
  facet normal -0.4871583613400307 -0.027869762904577974 0.8728688373931898
    outer loop
      vertex -19.764280662270235 -19.708972726749618 30.102435188377846
      vertex -19.944554390282608 -14.626009152403551 30.164115859553203
      vertex -21.808137222736217 17.949078120060662 30.164115859553203
    endloop
  endfacet
  facet normal -0.5465269305710379 0.026810102840703228 -0.837012265469432
    outer loop
      vertex -20.243865324760325 -19.89466476309347 17.898652758612275
      vertex -26.598979458902388 26.249778897235533 23.52626240729521
      vertex -20.193200642966634 -16.788675034336187 17.965058345858854
    endloop
  endfacet
  facet normal -0.546526930571071 0.026810102840695522 -0.8370122654694105
    outer loop
      vertex -20.193200642966634 -16.788675034336187 17.965058345858854
      vertex -26.598979458902388 26.249778897235533 23.52626240729521
      vertex -20.184442663113106 -16.251768564055414 17.97653732440324
    endloop
  endfacet
  facet normal -0.904262260550631 -0.01299856199362172 -0.4267795701881249
    outer loop
      vertex -29.719177535413085 -29.608561664371845 48
      vertex -30.313347069973243 25.942664819416574 47.56698729810778
      vertex -29.516923286819345 -29.46161535129873 47.56698729810778
    endloop
  endfacet
  facet normal -0.904262260550631 -0.01299856199362172 0.4267795701881249
    outer loop
      vertex -29.719177535413085 -29.608561664371845 48
      vertex -29.516923286819345 -29.46161535129873 48.43301270189222
      vertex -30.313347069973243 25.942664819416574 48.43301270189222
    endloop
  endfacet
  facet normal -0.5002917638575285 -0.007191579026465768 0.8658270221051254
    outer loop
      vertex -29.516923286819345 -29.46161535129873 48.43301270189222
      vertex -29.512071281182205 -29.16287071951535 48.43829766525075
      vertex -30.313347069973243 25.942664819416574 48.43301270189222
    endloop
  endfacet
  facet normal -0.6553829819373778 0.0327884529077945 -0.7545846965999139
    outer loop
      vertex -24.460853024894963 -24.111652463228108 53.94024992929774
      vertex -31.28045986742341 -30.931259305756555 59.56698729810778
      vertex -28.110546068487903 25.75305732530303 59.27687206975873
    endloop
  endfacet
  facet normal -0.7674222453846928 0.07369844667707481 0.6368921700304555
    outer loop
      vertex -24.225465949440398 -21.045263659376708 53.86904978599912
      vertex -23.800238903631673 -16.61737258424036 53.86904978599912
      vertex -23.97402394166205 -1.159157824090032 51.870889060828965
    endloop
  endfacet
  facet normal -0.8991798774387337 0.04498547853635531 -0.43526067445855804
    outer loop
      vertex -31.28045986742341 -30.931259305756555 59.56698729810778
      vertex -31.48271411601715 -30.78431299268344 60
      vertex -28.429394675340042 26.05647392276865 59.56698729810778
    endloop
  endfacet
  facet normal -0.8991798774387337 0.04498547853635531 0.43526067445855804
    outer loop
      vertex -31.28045986742341 -30.931259305756555 60.43301270189222
      vertex -28.429394675340042 26.05647392276865 60.43301270189222
      vertex -31.48271411601715 -30.78431299268344 60
    endloop
  endfacet
  facet normal -0.9001838744808491 0.03914410887126283 -0.4337473122283543
    outer loop
      vertex -29.03064516283519 -28.681444601168334 71.56698729810778
      vertex -29.232899411428928 -28.534498288095218 72
      vertex -26.8301994120031 26.71958354096186 72
    endloop
  endfacet
  facet normal -0.6254505045953875 0.04458708046522648 0.7789888693408671
    outer loop
      vertex -23.525913192973622 -19.858302828508087 66.02535747145242
      vertex -23.488288945571885 -19.178269084387846 66.0166428222284
      vertex -24.700003415531132 -0.7023311917911759 63.98624724355014
    endloop
  endfacet
  facet normal -0.6254505045953919 0.044587080465225803 0.7789888693408635
    outer loop
      vertex -23.488288945571885 -19.178269084387846 66.0166428222284
      vertex -23.261210178856455 -15.992895031116216 66.0166428222284
      vertex -24.700003415531132 -0.7023311917911759 63.98624724355014
    endloop
  endfacet
  facet normal -0.6335221896528126 -0.03133631092571452 0.7730896913263511
    outer loop
      vertex -29.03064516283519 -28.975337227314572 72.43301270189222
      vertex -22.737664746826034 -17.86875112868154 78.04010100812148
      vertex -26.40033477602229 0.6441753274397894 75.78906088066542
    endloop
  endfacet
  facet normal -0.7870679566360722 0 0.6168662996441919
    outer loop
      vertex -29.03064516283519 -28.681444601168334 72.43301270189222
      vertex -26.40033477602229 0.6441753274397894 75.78906088066542
      vertex -26.40033477602229 0.9380679535860259 75.78906088066542
    endloop
  endfacet
  facet normal -0.9015031905806056 0.03114820877630062 0.43165007409129025
    outer loop
      vertex -29.03064516283519 -28.681444601168334 72.43301270189222
      vertex -26.40033477602229 0.9380679535860259 75.78906088066542
      vertex -26.60258902461603 1.0850142666591442 75.3560481787732
    endloop
  endfacet
  facet normal -0.633522189652751 -0.03133631092569608 0.7730896913264022
    outer loop
      vertex -22.737664746826034 -17.86875112868154 78.04010100812148
      vertex -22.787380629578703 -16.86365148639558 78.04010100812147
      vertex -26.40033477602229 0.6441753274397894 75.78906088066542
    endloop
  endfacet
  facet normal -0.5002917638575562 -0.007191579026466174 0.8658270221051092
    outer loop
      vertex -29.512071281182205 -29.16287071951535 48.43829766525075
      vertex -23.97402394166205 -1.159157824090032 51.870889060828965
      vertex -30.313347069973243 25.942664819416574 48.43301270189222
    endloop
  endfacet
  facet normal -0.4912140558167094 -0.007061089061467481 -0.8710102711158834
    outer loop
      vertex -29.516923286819345 -29.46161535129873 47.56698729810778
      vertex -29.363697457788806 25.667587145203612 47.03365387477822
      vertex -19.605276809111462 -19.549968873590846 41.89687381215086
    endloop
  endfacet
  facet normal -0.6553829819373811 0.032788452907793975 -0.7545846965999111
    outer loop
      vertex -24.460853024894963 -24.111652463228108 53.94024992929774
      vertex -28.110546068487903 25.75305732530303 59.27687206975873
      vertex -24.225465949440398 -21.045263659376708 53.86904978599912
    endloop
  endfacet
  facet normal -0.7674222453847311 0.07369844667706854 0.6368921700304101
    outer loop
      vertex -23.800238903631673 -16.61737258424036 53.86904978599912
      vertex -23.944465699562453 -1.0096934958341552 51.88920984454193
      vertex -23.97402394166205 -1.159157824090032 51.870889060828965
    endloop
  endfacet
  facet normal -0.5415221789140501 0.05200441304271127 -0.8390764391688414
    outer loop
      vertex -24.225465949440398 -21.045263659376708 53.86904978599912
      vertex -28.110546068487903 25.75305732530303 59.27687206975873
      vertex -23.800238903631673 -16.61737258424036 53.86904978599912
    endloop
  endfacet
  facet normal -0.5738274499615621 0.02870827415238304 0.8184729028292889
    outer loop
      vertex -31.28045986742341 -30.931259305756555 60.43301270189222
      vertex -24.700003415531132 -0.7023311917911759 63.98624724355014
      vertex -28.429394675340042 26.05647392276865 60.43301270189222
    endloop
  endfacet
  facet normal -0.7340518727063287 0.031919930179752566 -0.6783428087874536
    outer loop
      vertex -23.525913192973622 -19.858302828508087 66.02535747145242
      vertex -26.62794516340936 26.572637227888745 71.56698729810778
      vertex -23.488288945571885 -19.178269084387846 66.0166428222284
    endloop
  endfacet
  facet normal -0.7340518727063144 0.03191993017975532 -0.6783428087874686
    outer loop
      vertex -29.03064516283519 -28.681444601168334 71.56698729810778
      vertex -26.62794516340936 26.572637227888745 71.56698729810778
      vertex -23.525913192973622 -19.858302828508087 66.02535747145242
    endloop
  endfacet
  facet normal -0.9277304421335149 0.04034195952577208 0.371064351616231
    outer loop
      vertex -29.232899411428928 -28.534498288095218 72
      vertex -26.60258902461603 1.0850142666591442 75.3560481787732
      vertex -26.8301994120031 26.71958354096186 72
    endloop
  endfacet
  facet normal -0.6443010422193334 -0.0642219448416582 0.7620706717856526
    outer loop
      vertex -25.482077396923398 -25.42676946140278 36.43301270189222
      vertex -19.605276809111462 -19.549968873590846 41.89687381215086
      vertex -24.25002077350367 0.604559735354933 39.66840548848837
    endloop
  endfacet
  facet normal -0.644301042219329 -0.06422194484165679 0.7620706717856564
    outer loop
      vertex -19.605276809111462 -19.549968873590846 41.89687381215086
      vertex -19.662890312071095 -18.670970628315647 41.922239618153974
      vertex -24.25002077350367 0.604559735354933 39.66840548848837
    endloop
  endfacet
  facet normal -0.6443010422193409 -0.0642219448416608 0.7620706717856459
    outer loop
      vertex -19.662890312071095 -18.670970628315647 41.922239618153974
      vertex -19.885730776099802 -15.271136096560513 42.02035078463099
      vertex -24.25002077350367 0.604559735354933 39.66840548848837
    endloop
  endfacet
  facet normal -0.4912140558167141 -0.00706108906146879 -0.8710102711158808
    outer loop
      vertex -19.605276809111462 -19.549968873590846 41.89687381215086
      vertex -29.363697457788806 25.667587145203612 47.03365387477822
      vertex -19.662890312071095 -18.670970628315647 41.922239618153974
    endloop
  endfacet
  facet normal -0.49121405581670924 -0.007061089061467392 -0.8710102711158835
    outer loop
      vertex -19.662890312071095 -18.670970628315647 41.922239618153974
      vertex -29.363697457788806 25.667587145203612 47.03365387477822
      vertex -19.885730776099802 -15.271136096560513 42.02035078463099
    endloop
  endfacet
  facet normal -0.7674222453846934 0.07369844667707458 0.636892170030455
    outer loop
      vertex -23.800238903631673 -16.61737258424036 53.86904978599912
      vertex -20.75024708834446 15.142205437106897 53.86904978599912
      vertex -23.944465699562453 -1.0096934958341552 51.88920984454193
    endloop
  endfacet
  facet normal -0.6543983287588648 0.046650711329357795 -0.7547095722528433
    outer loop
      vertex -23.488288945571885 -19.178269084387846 66.0166428222284
      vertex -20.68879959568532 20.633491660164708 66.0501203439036
      vertex -23.261210178856455 -15.992895031116216 66.0166428222284
    endloop
  endfacet
  facet normal 0 -0.876551507956312 -0.48130806548354826
    outer loop
      vertex -24.922745751406264 -25.23776412907379 -0.4330127018922193
      vertex 25.154508497187475 -25.475528258147577 0
      vertex -24.845491502812525 -25.475528258147577 0
    endloop
  endfacet
  facet normal 0.009596381418110542 -0.9013406348728006 -0.43300458356785876
    outer loop
      vertex -25.01867444553604 -25.750927851350113 11.56369406579095
      vertex -22.420426122159352 -23.050462877494404 6
      vertex 18.709019161876824 -22.636764214507398 6.050369972387981
    endloop
  endfacet
  facet normal -0.014251877039956723 -0.8775330450120368 -0.47930432807636997
    outer loop
      vertex -29.016046036633533 -29.646082791968585 24
      vertex -29.093300285227272 -29.408318662894796 23.56698729810778
      vertex 30.288214254102964 -30.609234015063063 24
    endloop
  endfacet
  facet normal -0.014251877039956723 -0.8775330450120368 0.47930432807636997
    outer loop
      vertex -29.016046036633533 -29.646082791968585 24
      vertex 30.288214254102964 -30.609234015063063 24
      vertex -29.093300285227272 -29.408318662894796 24.43301270189222
    endloop
  endfacet
  facet normal -0.011762551808070716 -0.5189511759479691 -0.8547229488888095
    outer loop
      vertex -29.093300285227272 -29.408318662894796 23.56698729810778
      vertex -15.70374805901149 -20.504484675873567 17.976695817143366
      vertex 17.10378232823041 -21.248100441209992 17.976695817143366
    endloop
  endfacet
  facet normal -0.04264605173572697 -0.8789445185548987 -0.4750135235692251
    outer loop
      vertex -23.02421715873833 -25.720294662005106 35.746498910493706
      vertex -23.10147140733207 -25.482530532931317 35.31348620860149
      vertex 21.562858931112387 -24.737307609504594 29.924656587987045
    endloop
  endfacet
  facet normal 0 -0.9271351128206365 0.3747272108815499
    outer loop
      vertex -24.845491502812525 -25.475528258147577 0
      vertex 25.154508497187475 -25.475528258147577 0
      vertex -22.420426122159352 -23.050462877494404 6
    endloop
  endfacet
  facet normal -0.04789850246756462 -0.6579513636362494 -0.7515355856847795
    outer loop
      vertex -25.04479397910417 -25.75278801123822 11.566987298107781
      vertex -25.01867444553604 -25.750927851350113 11.56369406579095
      vertex 29.005495722954784 -29.166005603434833 11.110326599624763
    endloop
  endfacet
  facet normal -0.064029182758763 -0.8795282929184439 0.4715190830827664
    outer loop
      vertex -25.41110256701863 -25.726120944686155 12.433012701892219
      vertex -25.33384831842489 -25.963885073759943 12
      vertex 29.645318868997716 -29.966338629957814 12
    endloop
  endfacet
  facet normal -0.06402918275876307 -0.8795282929184448 -0.4715190830827649
    outer loop
      vertex -25.04479397910417 -25.75278801123822 11.566987298107781
      vertex 29.568064620403977 -29.728574500884026 11.566987298107781
      vertex -25.33384831842489 -25.963885073759943 12
    endloop
  endfacet
  facet normal -0.04966173121826124 -0.6821717192039911 0.7295035695393658
    outer loop
      vertex -25.41110256701863 -25.726120944686155 12.433012701892219
      vertex 29.568064620403977 -29.728574500884026 12.433012701892219
      vertex -15.70374805901149 -20.504484675873567 17.976695817143366
    endloop
  endfacet
  facet normal -0.008154475225602658 -0.502096773297733 0.8647729960965478
    outer loop
      vertex -29.093300285227272 -29.408318662894796 24.43301270189222
      vertex 30.210960005509225 -30.371469885989274 24.43301270189222
      vertex -19.484772165082763 -19.799790542750287 30.102435188377846
    endloop
  endfacet
  facet normal -0.035016322952700116 -0.8786364845655497 0.4762056122277063
    outer loop
      vertex -25.125314651142187 -25.75535140647724 36
      vertex 27.532921726286897 -27.853941487247003 36
      vertex -25.202568899735926 -25.51758727740345 36.43301270189222
    endloop
  endfacet
  facet normal -0.036063816509633105 -0.9049203995760404 -0.4240500814407408
    outer loop
      vertex -25.125314651142187 -25.75535140647724 36
      vertex -23.02421715873833 -25.720294662005106 35.746498910493706
      vertex 27.532921726286897 -27.853941487247003 36
    endloop
  endfacet
  facet normal -0.026553938512257746 -0.666296664481181 0.7452138238457067
    outer loop
      vertex -25.202568899735926 -25.51758727740345 36.43301270189222
      vertex 27.455667477693158 -27.616177358173214 36.43301270189222
      vertex -13.815457446130974 -19.977298765135334 41.792344863430074
    endloop
  endfacet
  facet normal -0.08089807401429912 -0.6451846579649323 -0.7597317018181157
    outer loop
      vertex -23.10147140733207 -25.482530532931317 35.31348620860149
      vertex -14.761457168123606 -20.18269339784039 29.924656587987045
      vertex 21.562858931112387 -24.737307609504594 29.924656587987045
    endloop
  endfacet
  facet normal -0.008154475225603901 -0.5020967732977375 0.8647729960965452
    outer loop
      vertex -19.484772165082763 -19.799790542750287 30.102435188377846
      vertex 30.210960005509225 -30.371469885989274 24.43301270189222
      vertex -14.761457168123606 -20.18269339784039 29.924656587987045
    endloop
  endfacet
  facet normal 0.03282622427294066 -0.8735967231638673 -0.4855421755906854
    outer loop
      vertex -29.160160541038135 -29.790197296373186 48
      vertex -29.237414789631874 -29.552433167299398 47.56698729810778
      vertex 27.34590847419393 -27.666928235154035 48
    endloop
  endfacet
  facet normal 0.03282622427294066 -0.8735967231638673 0.4855421755906854
    outer loop
      vertex -29.160160541038135 -29.790197296373186 48
      vertex 27.34590847419393 -27.666928235154035 48
      vertex -29.237414789631874 -29.552433167299398 48.43301270189222
    endloop
  endfacet
  facet normal 0.03796121042179414 -0.6582746804675481 -0.7518200526446868
    outer loop
      vertex -31.00095137023594 -31.315969747903463 59.56698729810778
      vertex -19.901471011308722 -24.298034678987356 53.98269988679672
      vertex 17.664638544067905 -22.131682194418225 53.98269988679672
    endloop
  endfacet
  facet normal 0.028147564692862816 -0.7490846366085907 0.6618760622645576
    outer loop
      vertex -29.237414789631874 -29.552433167299398 48.43301270189222
      vertex 24.892176077888177 -27.271414669890028 48.712611499973065
      vertex -19.901471011308722 -24.298034678987356 53.98269988679672
    endloop
  endfacet
  facet normal 0.06731952968214147 -0.8694471880554087 -0.48941768266575536
    outer loop
      vertex -31.00095137023594 -31.315969747903463 59.56698729810778
      vertex 26.765923940812282 -27.086943701772384 60
      vertex -30.9236971216422 -31.55373387697725 60
    endloop
  endfacet
  facet normal 0.06731952968214147 -0.8694471880554087 0.48941768266575536
    outer loop
      vertex -31.00095137023594 -31.315969747903463 60.43301270189222
      vertex -30.9236971216422 -31.55373387697725 60
      vertex 26.765923940812282 -27.086943701772384 60
    endloop
  endfacet
  facet normal 0.039225295712444506 -0.8729079110692742 -0.4863056188951013
    outer loop
      vertex -28.673882417053978 -29.30391917238903 72
      vertex -28.751136665647717 -29.06615504331524 71.56698729810778
      vertex 26.503432267556644 -26.824452028516742 72
    endloop
  endfacet
  facet normal 0.039225295712444506 -0.8729079110692742 0.4863056188951013
    outer loop
      vertex -28.673882417053978 -29.30391917238903 72
      vertex 26.503432267556644 -26.824452028516742 72
      vertex -28.751136665647717 -29.06615504331524 72.43301270189222
    endloop
  endfacet
  facet normal 0.06649309324940207 -0.7489250094495331 -0.6593102447036169
    outer loop
      vertex -28.751136665647717 -29.06615504331524 71.56698729810778
      vertex -20.102147248966066 -23.47511893431856 66.08827869319248
      vertex 15.17335311444216 -20.343193700832977 66.08827869319248
    endloop
  endfacet
  facet normal 0.04861342390660136 -0.6278535354734158 0.7768118646169155
    outer loop
      vertex -31.00095137023594 -31.315969747903463 60.43301270189222
      vertex 22.01689576547063 -26.512300468034447 60.99765606428938
      vertex -20.102147248966066 -23.47511893431856 66.08827869319248
    endloop
  endfacet
  facet normal 0.030055834047353718 -0.668853474198201 0.7427864275097618
    outer loop
      vertex -28.751136665647717 -29.06615504331524 72.43301270189222
      vertex 26.426178018962904 -26.586687899442953 72.43301270189222
      vertex -22.132025340884066 -22.44704371855159 78.12546013705918
    endloop
  endfacet
  facet normal -0.04500429768616167 -0.4617656089043403 -0.8858595462165428
    outer loop
      vertex -29.237414789631874 -29.552433167299398 47.56698729810778
      vertex -13.815457446130974 -19.977298765135334 41.792344863430074
      vertex 21.00870441865682 -23.371308446697952 41.792344863430074
    endloop
  endfacet
  facet normal 0.03005583404735262 -0.6688534741982067 0.7427864275097565
    outer loop
      vertex -22.132025340884066 -22.44704371855159 78.12546013705918
      vertex 26.426178018962904 -26.586687899442953 72.43301270189222
      vertex -19.36842565423439 -22.313910628809108 78.13351660635925
    endloop
  endfacet
  facet normal 0 0 -1
    outer loop
      vertex -25.202254248593736 -25.14694631307312 -0.4330127018922193
      vertex -5.226251859505506 0 -0.4330127018922193
      vertex -3.6955181300451474 -3.6955181300451474 -0.4330127018922193
    endloop
  endfacet
  facet normal 0 0 -1
    outer loop
      vertex -25.202254248593736 -25.14694631307312 -0.4330127018922193
      vertex -3.6955181300451474 -3.6955181300451474 -0.4330127018922193
      vertex 0 -5.226251859505506 -0.4330127018922193
    endloop
  endfacet
  facet normal 0 0 -1
    outer loop
      vertex -25.202254248593736 -25.14694631307312 -0.4330127018922193
      vertex -3.6955181300451474 3.6955181300451474 -0.4330127018922193
      vertex -5.226251859505506 0 -0.4330127018922193
    endloop
  endfacet
  facet normal 0 0 -1
    outer loop
      vertex -25.202254248593736 -25.14694631307312 -0.4330127018922193
      vertex -5.5 10.25 -0.4330127018922193
      vertex -3.6955181300451474 3.6955181300451474 -0.4330127018922193
    endloop
  endfacet
  facet normal -0.27998096330565625 -0.861692801488283 -0.4231975614883802
    outer loop
      vertex -30.03365365797337 -29.92303778693213 96
      vertex -29.83139940937963 -29.776091473859015 95.56698729810778
      vertex -29.47463666359842 -30.104673418933473 96
    endloop
  endfacet
  facet normal -0.27998096330565625 -0.861692801488283 0.4231975614883802
    outer loop
      vertex -30.03365365797337 -29.92303778693213 96
      vertex -29.47463666359842 -30.104673418933473 96
      vertex -29.83139940937963 -29.776091473859015 96.43301270189222
    endloop
  endfacet
  facet normal -0.9060374296629709 0 -0.423197561488387
    outer loop
      vertex -30.03365365797337 -29.92303778693213 96
      vertex -29.83139940937963 -29.482198847712777 95.56698729810778
      vertex -29.83139940937963 -29.776091473859015 95.56698729810778
    endloop
  endfacet
  facet normal -0.9060374296629709 0 0.42319756148838705
    outer loop
      vertex -30.03365365797337 -29.92303778693213 96
      vertex -29.83139940937963 -29.776091473859015 96.43301270189222
      vertex -30.03365365797337 -29.33525253463966 96
    endloop
  endfacet
  facet normal -0.2799809633056543 -0.8616928014882829 -0.4231975614883818
    outer loop
      vertex -29.83139940937963 -29.776091473859015 95.56698729810778
      vertex -29.55189091219216 -29.866909289859684 95.56698729810778
      vertex -29.47463666359842 -30.104673418933473 96
    endloop
  endfacet
  facet normal -0.2799809633056543 -0.8616928014882829 0.4231975614883818
    outer loop
      vertex -29.83139940937963 -29.776091473859015 96.43301270189222
      vertex -29.47463666359842 -30.104673418933473 96
      vertex -29.55189091219216 -29.866909289859684 96.43301270189222
    endloop
  endfacet
  facet normal -0.9060374296629709 0 -0.42319756148838705
    outer loop
      vertex -30.03365365797337 -29.92303778693213 96
      vertex -30.03365365797337 -29.33525253463966 96
      vertex -29.83139940937963 -29.482198847712777 95.56698729810778
    endloop
  endfacet
  facet normal -0.9060374296629709 0 0.423197561488387
    outer loop
      vertex -29.83139940937963 -29.776091473859015 96.43301270189222
      vertex -29.83139940937963 -29.482198847712777 96.43301270189222
      vertex -30.03365365797337 -29.33525253463966 96
    endloop
  endfacet
  facet normal -0.27998096330565625 -0.861692801488283 -0.4231975614883802
    outer loop
      vertex -26.09827433269528 -25.98765846165404 84
      vertex -25.89602008410154 -25.840712148580923 83.56698729810778
      vertex -25.53925733832033 -26.16929409365538 84
    endloop
  endfacet
  facet normal -0.2799809633056543 -0.8616928014882829 -0.4231975614883818
    outer loop
      vertex -25.89602008410154 -25.840712148580923 83.56698729810778
      vertex -25.61651158691407 -25.931529964581593 83.56698729810778
      vertex -25.53925733832033 -26.16929409365538 84
    endloop
  endfacet
  facet normal -0.27998096330565625 -0.861692801488283 0.4231975614883802
    outer loop
      vertex -26.09827433269528 -25.98765846165404 84
      vertex -25.53925733832033 -26.16929409365538 84
      vertex -25.89602008410154 -25.840712148580923 84.43301270189222
    endloop
  endfacet
  facet normal -0.2799809633056543 -0.8616928014882829 0.4231975614883818
    outer loop
      vertex -25.89602008410154 -25.840712148580923 84.43301270189222
      vertex -25.53925733832033 -26.16929409365538 84
      vertex -25.61651158691407 -25.931529964581593 84.43301270189222
    endloop
  endfacet
  facet normal -0.2404914404770217 -0.7401565471876937 -0.6279587189556957
    outer loop
      vertex -25.89602008410154 -25.840712148580923 83.56698729810778
      vertex -22.132025340884066 -22.44704371855159 78.12546013705918
      vertex -25.61651158691407 -25.931529964581593 83.56698729810778
    endloop
  endfacet
  facet normal -0.2057261630986795 -0.6331600253350385 0.7461803589846284
    outer loop
      vertex -25.89602008410154 -25.840712148580923 84.43301270189222
      vertex -25.61651158691407 -25.931529964581593 84.43301270189222
      vertex -21.047996829548342 -20.992688894027726 89.88335684520938
    endloop
  endfacet
  facet normal -0.543268277780486 0 -0.8395591571517903
    outer loop
      vertex -29.83139940937963 -29.776091473859015 95.56698729810778
      vertex -29.83139940937963 -29.482198847712777 95.56698729810778
      vertex -21.055900317977123 -20.706699756310268 89.88847109417038
    endloop
  endfacet
  facet normal -0.14116434224287946 -0.43445917215708435 -0.8895604848506459
    outer loop
      vertex -29.83139940937963 -29.776091473859015 95.56698729810778
      vertex -21.047996829548342 -20.992688894027726 89.88335684520938
      vertex -29.55189091219216 -29.866909289859684 95.56698729810778
    endloop
  endfacet
  facet normal -0.5432682777805014 1.8487577829129133e-14 -0.8395591571517805
    outer loop
      vertex -29.83139940937963 -29.776091473859015 95.56698729810778
      vertex -21.055900317977123 -20.706699756310268 89.88847109417038
      vertex -21.047996829548342 -20.992688894027726 89.88335684520938
    endloop
  endfacet
  facet normal -0.14116434224287902 -0.43445917215708424 -0.8895604848506459
    outer loop
      vertex -29.55189091219216 -29.866909289859684 95.56698729810778
      vertex -21.047996829548342 -20.992688894027726 89.88335684520938
      vertex -20.76848833236087 -21.083506710028395 89.88335684520938
    endloop
  endfacet
  facet normal -0.27998096330565625 -0.861692801488283 -0.4231975614883802
    outer loop
      vertex -29.805103552655947 -29.694487681614707 108
      vertex -29.602849304062207 -29.54754136854159 107.56698729810778
      vertex -29.246086558280997 -29.87612331361605 108
    endloop
  endfacet
  facet normal -0.27998096330565625 -0.861692801488283 0.4231975614883802
    outer loop
      vertex -29.805103552655947 -29.694487681614707 108
      vertex -29.246086558280997 -29.87612331361605 108
      vertex -29.602849304062207 -29.54754136854159 108.43301270189222
    endloop
  endfacet
  facet normal -0.9060374296629709 0 -0.423197561488387
    outer loop
      vertex -29.805103552655947 -29.694487681614707 108
      vertex -29.602849304062207 -29.253648742395352 107.56698729810778
      vertex -29.602849304062207 -29.54754136854159 107.56698729810778
    endloop
  endfacet
  facet normal -0.9060374296629709 0 -0.42319756148838705
    outer loop
      vertex -29.805103552655947 -29.694487681614707 108
      vertex -29.805103552655947 -29.106702429322237 108
      vertex -29.602849304062207 -29.253648742395352 107.56698729810778
    endloop
  endfacet
  facet normal -0.9060374296629709 0 0.42319756148838705
    outer loop
      vertex -29.805103552655947 -29.694487681614707 108
      vertex -29.602849304062207 -29.54754136854159 108.43301270189222
      vertex -29.805103552655947 -29.106702429322237 108
    endloop
  endfacet
  facet normal -0.9060374296629709 0 0.423197561488387
    outer loop
      vertex -29.805103552655947 -29.106702429322237 108
      vertex -29.602849304062207 -29.54754136854159 108.43301270189222
      vertex -29.602849304062207 -29.253648742395352 108.43301270189222
    endloop
  endfacet
  facet normal -0.899275072518724 0.04443998199323556 -0.43512002016327
    outer loop
      vertex -29.805103552655947 -29.106702429322237 108
      vertex -29.73693598925147 -27.727282641678855 108
      vertex -29.602849304062207 -29.253648742395352 107.56698729810778
    endloop
  endfacet
  facet normal -0.899275072518724 0.044439981993235574 0.43512002016327
    outer loop
      vertex -29.805103552655947 -29.106702429322237 108
      vertex -29.602849304062207 -29.253648742395352 108.43301270189222
      vertex -29.53468174065773 -27.87422895475197 108.43301270189222
    endloop
  endfacet
  facet normal -0.6996063839149952 0.03457284211876971 0.7136915483408887
    outer loop
      vertex -29.602849304062207 -29.253648742395352 108.43301270189222
      vertex -29.48129000025545 -28.544213834314796 108.51780631341465
      vertex -29.53468174065773 -27.87422895475197 108.43301270189222
    endloop
  endfacet
  facet normal -0.899275072518724 0.04443998199323556 -0.43512002016327
    outer loop
      vertex -29.602849304062207 -29.253648742395352 107.56698729810778
      vertex -29.73693598925147 -27.727282641678855 108
      vertex -29.53468174065773 -27.87422895475197 107.56698729810778
    endloop
  endfacet
  facet normal -0.899275072518724 0.04443998199323556 0.43512002016327
    outer loop
      vertex -29.805103552655947 -29.106702429322237 108
      vertex -29.53468174065773 -27.87422895475197 108.43301270189222
      vertex -29.73693598925147 -27.727282641678855 108
    endloop
  endfacet
  facet normal -0.2799809633056543 -0.8616928014882829 -0.4231975614883818
    outer loop
      vertex -29.602849304062207 -29.54754136854159 107.56698729810778
      vertex -29.323340806874736 -29.63835918454226 107.56698729810778
      vertex -29.246086558280997 -29.87612331361605 108
    endloop
  endfacet
  facet normal -0.2799809633056543 -0.8616928014882829 0.4231975614883818
    outer loop
      vertex -29.602849304062207 -29.54754136854159 108.43301270189222
      vertex -29.246086558280997 -29.87612331361605 108
      vertex -29.323340806874736 -29.63835918454226 108.43301270189222
    endloop
  endfacet
  facet normal -0.22084925636952998 -0.6797041205259009 0.6994482929431861
    outer loop
      vertex -29.602849304062207 -29.54754136854159 108.43301270189222
      vertex -29.323340806874736 -29.63835918454226 108.43301270189222
      vertex -25.2510859239916 -25.195777988470983 114.03599328946625
    endloop
  endfacet
  facet normal -0.7897694314190009 0 0.6134038190263473
    outer loop
      vertex -29.602849304062207 -29.54754136854159 108.43301270189222
      vertex -25.2510859239916 -25.195777988470983 114.03599328946625
      vertex -29.602849304062207 -29.253648742395352 108.43301270189222
    endloop
  endfacet
  facet normal -0.8135643694609187 0.07041351379480548 0.5771957673257198
    outer loop
      vertex -29.602849304062207 -29.253648742395352 108.43301270189222
      vertex -25.084707803761738 -21.785248144937917 113.89029910391709
      vertex -29.48129000025545 -28.544213834314796 108.51780631341465
    endloop
  endfacet
  facet normal -0.6019739942872679 0 0.7985156918945502
    outer loop
      vertex -29.83139940937963 -29.776091473859015 96.43301270189222
      vertex -22.438449530771205 -22.38314159525059 102.00630777068743
      vertex -29.83139940937963 -29.482198847712777 96.43301270189222
    endloop
  endfacet
  facet normal -0.1586507898949888 -0.4882769242196582 0.8581465912886249
    outer loop
      vertex -29.83139940937963 -29.776091473859015 96.43301270189222
      vertex -29.55189091219216 -29.866909289859684 96.43301270189222
      vertex -22.438449530771205 -22.38314159525059 102.00630777068743
    endloop
  endfacet
  facet normal -0.1620647117315471 -0.49878389525323685 -0.8514397542089391
    outer loop
      vertex -29.602849304062207 -29.54754136854159 107.56698729810778
      vertex -22.438449530771205 -22.38314159525059 102.00630777068743
      vertex -29.323340806874736 -29.63835918454226 107.56698729810778
    endloop
  endfacet
  facet normal -0.6131411889223755 0 -0.7899733428710465
    outer loop
      vertex -29.602849304062207 -29.54754136854159 107.56698729810778
      vertex -29.602849304062207 -29.253648742395352 107.56698729810778
      vertex -22.438449530771205 -22.38314159525059 102.00630777068743
    endloop
  endfacet
  facet normal -0.15865078989498974 -0.48827692421965724 0.8581465912886252
    outer loop
      vertex -29.55189091219216 -29.866909289859684 96.43301270189222
      vertex -22.158941033583734 -22.473959411251258 102.00630777068743
      vertex -22.438449530771205 -22.38314159525059 102.00630777068743
    endloop
  endfacet
  facet normal -0.6019739942872668 0 0.7985156918945512
    outer loop
      vertex -29.83139940937963 -29.482198847712777 96.43301270189222
      vertex -22.438449530771205 -22.38314159525059 102.00630777068743
      vertex -22.438449530771205 -22.08924896910435 102.00630777068743
    endloop
  endfacet
  facet normal -0.16206471173154652 -0.49878389525323713 -0.851439754208939
    outer loop
      vertex -29.323340806874736 -29.63835918454226 107.56698729810778
      vertex -22.438449530771205 -22.38314159525059 102.00630777068743
      vertex -22.158941033583734 -22.473959411251258 102.00630777068743
    endloop
  endfacet
  facet normal -0.6131411889223763 0 -0.7899733428710458
    outer loop
      vertex -29.602849304062207 -29.253648742395352 107.56698729810778
      vertex -22.438449530771205 -22.08924896910435 102.00630777068743
      vertex -22.438449530771205 -22.38314159525059 102.00630777068743
    endloop
  endfacet
  facet normal -0.7897694314190007 0 0.6134038190263477
    outer loop
      vertex -29.602849304062207 -29.253648742395352 108.43301270189222
      vertex -25.2510859239916 -25.195777988470983 114.03599328946625
      vertex -25.2510859239916 -24.901885362324744 114.03599328946625
    endloop
  endfacet
  facet normal -0.22084925636952996 -0.6797041205259007 0.6994482929431863
    outer loop
      vertex -29.323340806874736 -29.63835918454226 108.43301270189222
      vertex -24.971577426804128 -25.286595804471652 114.03599328946625
      vertex -25.2510859239916 -25.195777988470983 114.03599328946625
    endloop
  endfacet
  facet normal -0.8355779310429131 0 -0.5493719333512087
    outer loop
      vertex -25.2510859239916 -25.195777988470983 114.03599328946625
      vertex -28.88757841498978 -28.538377853322924 119.56698729810778
      vertex -25.2510859239916 -24.901885362324744 114.03599328946625
    endloop
  endfacet
  facet normal -0.2379619173827286 -0.7323714756034834 -0.6379703344183897
    outer loop
      vertex -25.2510859239916 -25.195777988470983 114.03599328946625
      vertex -24.971577426804128 -25.286595804471652 114.03599328946625
      vertex -28.608069917802307 -28.92308829546983 119.56698729810778
    endloop
  endfacet
  facet normal -0.8135643694609137 0.07041351379479668 0.5771957673257279
    outer loop
      vertex -29.602849304062207 -29.253648742395352 108.43301270189222
      vertex -25.2510859239916 -24.901885362324744 114.03599328946625
      vertex -25.084707803761738 -21.785248144937917 113.89029910391709
    endloop
  endfacet
  facet normal -0.8413008626673507 0.019658579387682305 -0.5402095877820291
    outer loop
      vertex -25.2510859239916 -24.901885362324744 114.03599328946625
      vertex -28.527539537752713 -27.817466458784338 119.03251154894946
      vertex -25.124255978367902 -21.003019320091386 113.98035567078664
    endloop
  endfacet
  facet normal 0.07831426997004644 -0.8558715443703646 -0.5112247789927105
    outer loop
      vertex -24.971577426804128 -25.286595804471652 114.03599328946625
      vertex -22.32896239375994 -25.123379191960648 114.16756361952842
      vertex -24.218444604446315 -28.202176900931246 119.03251154894946
    endloop
  endfacet
  facet normal -0.6321502560834793 0.031239324713722837 -0.7742158344576932
    outer loop
      vertex -29.602849304062207 -29.253648742395352 107.56698729810778
      vertex -29.53468174065773 -27.87422895475197 107.56698729810778
      vertex -24.00076297805065 -0.8029743457281757 104.14083617624897
    endloop
  endfacet
  facet normal -0.6996063839150181 0.03457284211876509 0.7136915483408665
    outer loop
      vertex -29.53468174065773 -27.87422895475197 108.43301270189222
      vertex -29.48129000025545 -28.544213834314796 108.51780631341465
      vertex -24.688157785694177 -0.5709102239154249 111.8612525018141
    endloop
  endfacet
  facet normal -0.6057443471465488 0.0059403772474095765 0.7956371646788251
    outer loop
      vertex -29.83139940937963 -29.482198847712777 96.43301270189222
      vertex -22.438449530771205 -22.08924896910435 102.00630777068743
      vertex -22.29625501048805 -17.39708498398475 102.07953248323832
    endloop
  endfacet
  facet normal -0.841300862667351 0.019658579387682326 -0.5402095877820283
    outer loop
      vertex -25.2510859239916 -24.901885362324744 114.03599328946625
      vertex -25.124255978367902 -21.003019320091386 113.98035567078664
      vertex -25.084707803761738 -21.785248144937917 113.89029910391709
    endloop
  endfacet
  facet normal -0.6420598122958393 0.055569896061368265 -0.764637943138032
    outer loop
      vertex -25.084707803761738 -21.785248144937917 113.89029910391709
      vertex -25.124255978367902 -21.003019320091386 113.98035567078664
      vertex -25.006493200473262 -20.88154925281233 113.89029910391709
    endloop
  endfacet
  facet normal -0.6321502560834779 0.031239324713722413 -0.7742158344576943
    outer loop
      vertex -29.602849304062207 -29.253648742395352 107.56698729810778
      vertex -24.00076297805065 -0.8029743457281757 104.14083617624897
      vertex -22.438449530771205 -22.08924896910435 102.00630777068743
    endloop
  endfacet
  facet normal -0.8135643694609129 0.07041351379479419 0.5771957673257293
    outer loop
      vertex -29.48129000025545 -28.544213834314796 108.51780631341465
      vertex -25.084707803761738 -21.785248144937917 113.89029910391709
      vertex -24.688157785694177 -0.5709102239154249 111.8612525018141
    endloop
  endfacet
  facet normal -0.6420598122958394 0.05556989606136843 -0.7646379431380319
    outer loop
      vertex -25.124255978367902 -21.003019320091386 113.98035567078664
      vertex -24.605754106107156 -16.251372017566833 113.89029910391709
      vertex -25.006493200473262 -20.88154925281233 113.89029910391709
    endloop
  endfacet
  facet normal -0.0024183472108355213 -0.5415609741941726 -0.8406579939705722
    outer loop
      vertex -29.55189091219216 -29.866909289859684 95.56698729810778
      vertex -20.76848833236087 -21.083506710028395 89.88335684520938
      vertex -16.129728787567352 -21.130777521957135 89.90046474860807
    endloop
  endfacet
  facet normal -0.0062965836340329265 -0.597939578115286 0.8015164464674779
    outer loop
      vertex -29.55189091219216 -29.866909289859684 96.43301270189222
      vertex -17.65743100198398 -22.558898274007724 101.97830563365368
      vertex -22.158941033583734 -22.473959411251258 102.00630777068743
    endloop
  endfacet
  facet normal 0.019140533873089307 -0.7967722007260948 0.6039765724870035
    outer loop
      vertex -29.323340806874736 -29.63835918454226 108.43301270189222
      vertex -2.467002235782347 -28.928924276461704 108.51780631341465
      vertex -24.971577426804128 -25.286595804471652 114.03599328946625
    endloop
  endfacet
  facet normal 0.019140533873088537 -0.7967722007260963 0.6039765724870015
    outer loop
      vertex -24.971577426804128 -25.286595804471652 114.03599328946625
      vertex -2.467002235782347 -28.928924276461704 108.51780631341465
      vertex -22.32896239375994 -25.123379191960648 114.16756361952842
    endloop
  endfacet
  facet normal -0.24049144047702087 -0.7401565471876943 -0.6279587189556951
    outer loop
      vertex -25.89602008410154 -25.840712148580923 83.56698729810778
      vertex -22.411533838071538 -22.35622590255092 78.12546013705918
      vertex -22.132025340884066 -22.44704371855159 78.12546013705918
    endloop
  endfacet
  facet normal -0.8189838122486498 -0.07035290573003097 -0.5694874747788661
    outer loop
      vertex -25.89602008410154 -25.840712148580923 83.56698729810778
      vertex -22.55118625464855 -20.434645703689803 78.0889085305936
      vertex -22.411533838071538 -22.35622590255092 78.12546013705918
    endloop
  endfacet
  facet normal 0.04263235503920993 -0.853546509510835 -0.5192695238560422
    outer loop
      vertex -25.61651158691407 -25.931529964581593 83.56698729810778
      vertex -22.132025340884066 -22.44704371855159 78.12546013705918
      vertex -19.36842565423439 -22.313910628809108 78.13351660635925
    endloop
  endfacet
  facet normal -0.20572616309867958 -0.6331600253350388 0.7461803589846283
    outer loop
      vertex -25.61651158691407 -25.931529964581593 84.43301270189222
      vertex -20.76848833236087 -21.083506710028395 89.88335684520938
      vertex -21.047996829548342 -20.992688894027726 89.88335684520938
    endloop
  endfacet
  facet normal -0.010037719750861 -0.7426984275841293 0.6695508119973158
    outer loop
      vertex -25.61651158691407 -25.931529964581593 84.43301270189222
      vertex -16.129728787567352 -21.130777521957135 89.90046474860807
      vertex -20.76848833236087 -21.083506710028395 89.88335684520938
    endloop
  endfacet
  facet normal -0.27998096330565625 -0.8616928014882831 -0.4231975614883802
    outer loop
      vertex -28.88757841498978 -28.832270479469162 119.56698729810778
      vertex -28.530815669208568 -29.16085242454362 120
      vertex -29.08983266358352 -28.979216792542278 120
    endloop
  endfacet
  facet normal -0.27998096330565625 -0.861692801488283 0.4231975614883802
    outer loop
      vertex -29.08983266358352 -28.979216792542278 120
      vertex -28.530815669208568 -29.16085242454362 120
      vertex -28.88757841498978 -28.832270479469162 120.43301270189222
    endloop
  endfacet
  facet normal -0.9060374296629709 0 -0.423197561488387
    outer loop
      vertex -28.88757841498978 -28.832270479469162 119.56698729810778
      vertex -29.08983266358352 -28.979216792542278 120
      vertex -28.88757841498978 -28.538377853322924 119.56698729810778
    endloop
  endfacet
  facet normal -0.9060374296629709 0 0.42319756148838705
    outer loop
      vertex -29.08983266358352 -28.979216792542278 120
      vertex -28.88757841498978 -28.832270479469162 120.43301270189222
      vertex -29.08983266358352 -28.39143154024981 120
    endloop
  endfacet
  facet normal -0.9060374296629709 0 -0.42319756148838705
    outer loop
      vertex -29.08983266358352 -28.979216792542278 120
      vertex -29.08983266358352 -28.39143154024981 120
      vertex -28.88757841498978 -28.538377853322924 119.56698729810778
    endloop
  endfacet
  facet normal -0.2799809633056543 -0.8616928014882829 -0.4231975614883818
    outer loop
      vertex -28.88757841498978 -28.832270479469162 119.56698729810778
      vertex -28.608069917802307 -28.92308829546983 119.56698729810778
      vertex -28.530815669208568 -29.16085242454362 120
    endloop
  endfacet
  facet normal -0.2799809633056543 -0.8616928014882829 0.4231975614883818
    outer loop
      vertex -28.88757841498978 -28.832270479469162 120.43301270189222
      vertex -28.530815669208568 -29.16085242454362 120
      vertex -28.608069917802307 -28.92308829546983 120.43301270189222
    endloop
  endfacet
  facet normal -0.8413008626673515 0.019658579387684394 -0.5402095877820279
    outer loop
      vertex -28.88757841498978 -28.538377853322924 119.56698729810778
      vertex -28.856486843944115 -27.20779515827898 119.56698729810778
      vertex -28.527539537752713 -27.817466458784338 119.03251154894946
    endloop
  endfacet
  facet normal -0.9060374296629709 0 0.423197561488387
    outer loop
      vertex -28.88757841498978 -28.832270479469162 120.43301270189222
      vertex -28.88757841498978 -28.538377853322924 120.43301270189222
      vertex -29.08983266358352 -28.39143154024981 120
    endloop
  endfacet
  facet normal -0.9030707995337008 0.021101950316616297 -0.4289730046546021
    outer loop
      vertex -28.88757841498978 -28.538377853322924 119.56698729810778
      vertex -29.08983266358352 -28.39143154024981 120
      vertex -28.856486843944115 -27.20779515827898 119.56698729810778
    endloop
  endfacet
  facet normal -0.9030707995337008 0.021101950316616297 0.4289730046546022
    outer loop
      vertex -29.08983266358352 -28.39143154024981 120
      vertex -28.88757841498978 -28.538377853322924 120.43301270189222
      vertex -28.856486843944115 -27.20779515827898 120.43301270189222
    endloop
  endfacet
  facet normal -0.2379619173827283 -0.7323714756034833 -0.6379703344183897
    outer loop
      vertex -25.2510859239916 -25.195777988470983 114.03599328946625
      vertex -28.608069917802307 -28.92308829546983 119.56698729810778
      vertex -28.88757841498978 -28.832270479469162 119.56698729810778
    endloop
  endfacet
  facet normal -0.9060374296629655 0 -0.4231975614883984
    outer loop
      vertex -30.501866571834995 -30.44655863631438 131.5669872981078
      vertex -30.704120820428734 -30.593504949387494 132
      vertex -30.501866571834995 -30.15266601016814 131.5669872981078
    endloop
  endfacet
  facet normal -0.9060374296629656 0 -0.42319756148839843
    outer loop
      vertex -30.501866571834995 -30.15266601016814 131.5669872981078
      vertex -30.704120820428734 -30.593504949387494 132
      vertex -30.704120820428734 -30.005719697095024 132
    endloop
  endfacet
  facet normal -0.2799809633056546 -0.8616928014882779 -0.4231975614883916
    outer loop
      vertex -30.501866571834995 -30.44655863631438 131.5669872981078
      vertex -30.145103826053784 -30.775140581388836 132
      vertex -30.704120820428734 -30.593504949387494 132
    endloop
  endfacet
  facet normal -0.27998096330565264 -0.8616928014882778 -0.42319756148839316
    outer loop
      vertex -30.501866571834995 -30.44655863631438 131.5669872981078
      vertex -30.222358074647524 -30.537376452315048 131.5669872981078
      vertex -30.145103826053784 -30.775140581388836 132
    endloop
  endfacet
  facet normal -0.9060374296629654 0 0.42319756148839843
    outer loop
      vertex -30.704120820428734 -30.593504949387494 132
      vertex -30.501866571834995 -30.44655863631438 132.4330127018922
      vertex -30.704120820428734 -30.005719697095024 132
    endloop
  endfacet
  facet normal -0.9060374296629655 0 0.4231975614883984
    outer loop
      vertex -30.501866571834995 -30.44655863631438 132.4330127018922
      vertex -30.501866571834995 -30.15266601016814 132.4330127018922
      vertex -30.704120820428734 -30.005719697095024 132
    endloop
  endfacet
  facet normal -0.2799809633056546 -0.8616928014882779 0.4231975614883916
    outer loop
      vertex -30.704120820428734 -30.593504949387494 132
      vertex -30.145103826053784 -30.775140581388836 132
      vertex -30.501866571834995 -30.44655863631438 132.4330127018922
    endloop
  endfacet
  facet normal -0.27998096330565264 -0.8616928014882778 0.42319756148839316
    outer loop
      vertex -30.501866571834995 -30.44655863631438 132.4330127018922
      vertex -30.145103826053784 -30.775140581388836 132
      vertex -30.222358074647524 -30.537376452315048 132.4330127018922
    endloop
  endfacet
  facet normal -0.5225799490107027 0 -0.8525902866511976
    outer loop
      vertex -30.501866571834995 -30.44655863631438 131.5669872981078
      vertex -30.501866571834995 -30.15266601016814 131.5669872981078
      vertex -27.612039427420353 -27.556731491899736 129.79571949759182
    endloop
  endfacet
  facet normal -0.8922265079513402 0.08105699087638439 -0.4442540070039015
    outer loop
      vertex -30.501866571834995 -30.15266601016814 131.5669872981078
      vertex -30.704120820428734 -30.005719697095024 132
      vertex -30.273541124930627 -25.266157890576558 132
    endloop
  endfacet
  facet normal -0.8922265079513402 0.08105699087638442 0.4442540070039016
    outer loop
      vertex -30.501866571834995 -30.15266601016814 132.4330127018922
      vertex -30.071286876336888 -25.413104203649674 132.4330127018922
      vertex -30.704120820428734 -30.005719697095024 132
    endloop
  endfacet
  facet normal -0.49930888637742726 0 0.86642405090379
    outer loop
      vertex -30.501866571834995 -30.44655863631438 132.4330127018922
      vertex -29.378376933469564 -24.736969737740864 133.08046513537863
      vertex -30.501866571834995 -30.15266601016814 132.4330127018922
    endloop
  endfacet
  facet normal -0.13517067413891598 -0.41601255850622343 -0.899256604100263
    outer loop
      vertex -30.501866571834995 -30.44655863631438 131.5669872981078
      vertex -27.612039427420353 -27.556731491899736 129.79571949759182
      vertex -30.222358074647524 -30.537376452315048 131.5669872981078
    endloop
  endfacet
  facet normal -0.5225799490107026 0 -0.8525902866511977
    outer loop
      vertex -30.501866571834995 -30.15266601016814 131.5669872981078
      vertex -27.612039427420353 -27.262838865753498 129.79571949759182
      vertex -27.612039427420353 -27.556731491899736 129.79571949759182
    endloop
  endfacet
  facet normal -0.13517067413891606 -0.4160125585062228 -0.8992566041002632
    outer loop
      vertex -30.222358074647524 -30.537376452315048 131.5669872981078
      vertex -27.612039427420353 -27.556731491899736 129.79571949759182
      vertex -27.33253093023288 -27.647549307900405 129.79571949759182
    endloop
  endfacet
  facet normal -0.9030707995337008 0.021101950316616297 -0.4289730046546022
    outer loop
      vertex -29.08983266358352 -28.39143154024981 120
      vertex -29.058741092537854 -27.060848845205864 120
      vertex -28.856486843944115 -27.20779515827898 119.56698729810778
    endloop
  endfacet
  facet normal -0.9030707995337008 0.021101950316616297 0.4289730046546022
    outer loop
      vertex -29.08983266358352 -28.39143154024981 120
      vertex -28.856486843944115 -27.20779515827898 120.43301270189222
      vertex -29.058741092537854 -27.060848845205864 120
    endloop
  endfacet
  facet normal -0.6380435776325047 0.014909090053614094 0.7698559034492669
    outer loop
      vertex -28.88757841498978 -28.538377853322924 120.43301270189222
      vertex -28.62285972110247 -26.991701277557514 120.62245402657224
      vertex -28.856486843944115 -27.20779515827898 120.43301270189222
    endloop
  endfacet
  facet normal -0.8355779310429128 0 -0.549371933351209
    outer loop
      vertex -25.2510859239916 -25.195777988470983 114.03599328946625
      vertex -28.88757841498978 -28.832270479469162 119.56698729810778
      vertex -28.88757841498978 -28.538377853322924 119.56698729810778
    endloop
  endfacet
  facet normal -0.8922265079513404 0.08105699087638443 -0.4442540070039016
    outer loop
      vertex -30.501866571834995 -30.15266601016814 131.5669872981078
      vertex -30.273541124930627 -25.266157890576558 132
      vertex -30.071286876336888 -25.413104203649674 131.5669872981078
    endloop
  endfacet
  facet normal -0.8922265079513402 0.08105699087638442 0.4442540070039016
    outer loop
      vertex -30.704120820428734 -30.005719697095024 132
      vertex -30.071286876336888 -25.413104203649674 132.4330127018922
      vertex -30.273541124930627 -25.266157890576558 132
    endloop
  endfacet
  facet normal -0.7143702545791514 0.06489910655169713 0.6967519252512404
    outer loop
      vertex -30.501866571834995 -30.15266601016814 132.4330127018922
      vertex -29.378376933469564 -24.736969737740864 133.08046513537863
      vertex -30.071286876336888 -25.413104203649674 132.4330127018922
    endloop
  endfacet
  facet normal -0.49930888637742843 0 0.8664240509037894
    outer loop
      vertex -30.501866571834995 -30.44655863631438 132.4330127018922
      vertex -29.378376933469564 -25.030862363887103 133.08046513537863
      vertex -29.378376933469564 -24.736969737740864 133.08046513537863
    endloop
  endfacet
  facet normal -0.5582862029477993 0.05071918313955659 -0.8280966610606425
    outer loop
      vertex -30.501866571834995 -30.15266601016814 131.5669872981078
      vertex -30.071286876336888 -25.413104203649674 131.5669872981078
      vertex -27.612039427420353 -27.262838865753498 129.79571949759182
    endloop
  endfacet
  facet normal 0.06317026666800779 -0.8700031377663026 -0.48898267626356745
    outer loop
      vertex -30.222358074647524 -30.537376452315048 131.5669872981078
      vertex -11.50789140864627 -27.99564872477709 129.46238666822762
      vertex -30.145103826053784 -30.775140581388836 132
    endloop
  endfacet
  facet normal -0.8413008626673517 0.0196585793876845 -0.5402095877820274
    outer loop
      vertex -25.2510859239916 -24.901885362324744 114.03599328946625
      vertex -28.88757841498978 -28.538377853322924 119.56698729810778
      vertex -28.527539537752713 -27.817466458784338 119.03251154894946
    endloop
  endfacet
  facet normal 0.07831426997004595 -0.8558715443703647 -0.5112247789927103
    outer loop
      vertex -24.971577426804128 -25.286595804471652 114.03599328946625
      vertex -24.218444604446315 -28.202176900931246 119.03251154894946
      vertex -28.608069917802307 -28.92308829546983 119.56698729810778
    endloop
  endfacet
  facet normal -0.5916972157596464 0 0.8061602848455649
    outer loop
      vertex -28.88757841498978 -28.832270479469162 120.43301270189222
      vertex -21.355829856216495 -21.30052192069588 125.96108786982438
      vertex -28.88757841498978 -28.538377853322924 120.43301270189222
    endloop
  endfacet
  facet normal -0.15553499803305643 -0.4786875029009243 0.8640990330704778
    outer loop
      vertex -28.88757841498978 -28.832270479469162 120.43301270189222
      vertex -28.608069917802307 -28.92308829546983 120.43301270189222
      vertex -21.355829856216495 -21.30052192069588 125.96108786982438
    endloop
  endfacet
  facet normal -0.8413008626673517 0.019658579387684148 -0.5402095877820273
    outer loop
      vertex -25.124255978367902 -21.003019320091386 113.98035567078664
      vertex -28.527539537752713 -27.817466458784338 119.03251154894946
      vertex -28.856486843944115 -27.20779515827898 119.56698729810778
    endloop
  endfacet
  facet normal -0.593672927830873 0.0030470241690445806 0.8047006713085508
    outer loop
      vertex -28.88757841498978 -28.538377853322924 120.43301270189222
      vertex -21.355829856216488 -21.006629294549633 125.9610878698244
      vertex -28.62285972110247 -26.991701277557514 120.62245402657224
    endloop
  endfacet
  facet normal -0.15553499803305149 -0.47868750290092754 0.8640990330704769
    outer loop
      vertex -28.608069917802307 -28.92308829546983 120.43301270189222
      vertex -21.076321359029023 -21.391339736696544 125.96108786982438
      vertex -21.355829856216495 -21.30052192069588 125.96108786982438
    endloop
  endfacet
  facet normal -0.12270769382801112 -0.3776554491792121 0.9177794852690154
    outer loop
      vertex -30.501866571834995 -30.44655863631438 132.4330127018922
      vertex -30.222358074647524 -30.537376452315048 132.4330127018922
      vertex -20.3035449682992 -20.248237032778583 137.99302393863053
    endloop
  endfacet
  facet normal -0.4731225751702146 -0.007171043335003401 0.8809674256190135
    outer loop
      vertex -30.501866571834995 -30.44655863631438 132.4330127018922
      vertex -20.3035449682992 -20.248237032778583 137.99302393863053
      vertex -29.378376933469564 -25.030862363887103 133.08046513537863
    endloop
  endfacet
  facet normal -0.1351706741389161 -0.4160125585062238 -0.8992566041002626
    outer loop
      vertex -27.612039427420353 -27.556731491899736 129.79571949759182
      vertex -21.355829856216495 -21.30052192069588 125.96108786982438
      vertex -27.33253093023288 -27.647549307900405 129.79571949759182
    endloop
  endfacet
  facet normal -0.5225799490107014 0 -0.8525902866511984
    outer loop
      vertex -27.612039427420353 -27.556731491899736 129.79571949759182
      vertex -27.612039427420353 -27.262838865753498 129.79571949759182
      vertex -21.355829856216488 -21.006629294549633 125.9610878698244
    endloop
  endfacet
  facet normal -0.9060374296629654 0 -0.42319756148839843
    outer loop
      vertex -31.064531474898903 -30.953915603857663 144
      vertex -31.064531474898903 -30.366130351565193 144
      vertex -30.862277226305164 -30.51307666463831 143.5669872981078
    endloop
  endfacet
  facet normal -0.9060374296629654 0 0.42319756148839843
    outer loop
      vertex -31.064531474898903 -30.953915603857663 144
      vertex -30.862277226305164 -30.51307666463831 144.4330127018922
      vertex -31.064531474898903 -30.366130351565193 144
    endloop
  endfacet
  facet normal -0.2799809633056546 -0.8616928014882779 -0.4231975614883916
    outer loop
      vertex -31.064531474898903 -30.953915603857663 144
      vertex -30.862277226305164 -30.806969290784547 143.5669872981078
      vertex -30.505514480523953 -31.135551235859005 144
    endloop
  endfacet
  facet normal -0.2799809633056546 -0.8616928014882779 0.4231975614883916
    outer loop
      vertex -31.064531474898903 -30.953915603857663 144
      vertex -30.505514480523953 -31.135551235859005 144
      vertex -30.862277226305164 -30.806969290784547 144.4330127018922
    endloop
  endfacet
  facet normal -0.9060374296629655 0 -0.4231975614883984
    outer loop
      vertex -31.064531474898903 -30.953915603857663 144
      vertex -30.862277226305164 -30.51307666463831 143.5669872981078
      vertex -30.862277226305164 -30.806969290784547 143.5669872981078
    endloop
  endfacet
  facet normal -0.2799809633056527 -0.8616928014882778 -0.42319756148839316
    outer loop
      vertex -30.505514480523953 -31.135551235859005 144
      vertex -30.862277226305164 -30.806969290784547 143.5669872981078
      vertex -30.582768729117692 -30.897787106785216 143.5669872981078
    endloop
  endfacet
  facet normal -0.9060374296629655 0 0.4231975614883984
    outer loop
      vertex -31.064531474898903 -30.953915603857663 144
      vertex -30.862277226305164 -30.806969290784547 144.4330127018922
      vertex -30.862277226305164 -30.51307666463831 144.4330127018922
    endloop
  endfacet
  facet normal -0.2799809633056527 -0.8616928014882778 0.42319756148839316
    outer loop
      vertex -30.505514480523953 -31.135551235859005 144
      vertex -30.582768729117692 -30.897787106785216 144.4330127018922
      vertex -30.862277226305164 -30.806969290784547 144.4330127018922
    endloop
  endfacet
  facet normal -0.4668437187694691 0 -0.8843398341392821
    outer loop
      vertex -30.862277226305164 -30.806969290784547 143.5669872981078
      vertex -30.862277226305164 -30.51307666463831 143.5669872981078
      vertex -28.749924143062227 -28.400723581395372 142.45187438487451
    endloop
  endfacet
  facet normal -0.11940563610422818 -0.36749276048392304 -0.9223293148645176
    outer loop
      vertex -30.862277226305164 -30.806969290784547 143.5669872981078
      vertex -28.470415645874755 -28.78543402354228 142.45187438487451
      vertex -30.582768729117692 -30.897787106785216 143.5669872981078
    endloop
  endfacet
  facet normal -0.9044854994997302 0.011429046675252474 -0.42635121447794455
    outer loop
      vertex -31.064531474898903 -30.366130351565193 144
      vertex -31.022780716716213 -27.06200915560123 144
      vertex -30.862277226305164 -30.51307666463831 143.5669872981078
    endloop
  endfacet
  facet normal -0.9044854994997302 0.011429046675252474 0.42635121447794455
    outer loop
      vertex -31.064531474898903 -30.366130351565193 144
      vertex -30.862277226305164 -30.51307666463831 144.4330127018922
      vertex -31.022780716716213 -27.06200915560123 144
    endloop
  endfacet
  facet normal -0.5859311938877668 0 0.810360806079154
    outer loop
      vertex -30.862277226305164 -30.806969290784547 144.4330127018922
      vertex -30.274022496954014 -27.048272060690614 144.858350148241
      vertex -30.862277226305164 -30.51307666463831 144.4330127018922
    endloop
  endfacet
  facet normal -0.9044854994997303 0.011429046675252475 -0.42635121447794455
    outer loop
      vertex -30.862277226305164 -30.51307666463831 143.5669872981078
      vertex -31.022780716716213 -27.06200915560123 144
      vertex -30.820526468122473 -27.208955468674347 143.5669872981078
    endloop
  endfacet
  facet normal -0.9044854994997303 0.011429046675252475 0.42635121447794455
    outer loop
      vertex -30.862277226305164 -30.51307666463831 144.4330127018922
      vertex -30.820526468122473 -27.208955468674347 144.4330127018922
      vertex -31.022780716716213 -27.06200915560123 144
    endloop
  endfacet
  facet normal -0.6182111682499652 0.0078116943842650504 0.7859732367465574
    outer loop
      vertex -30.862277226305164 -30.51307666463831 144.4330127018922
      vertex -30.274022496954014 -26.754379434544376 144.858350148241
      vertex -30.820526468122473 -27.208955468674347 144.4330127018922
    endloop
  endfacet
  facet normal -0.4714882211780319 0.005957708431650865 -0.8818522342210279
    outer loop
      vertex -30.862277226305164 -30.51307666463831 143.5669872981078
      vertex -30.820526468122473 -27.208955468674347 143.5669872981078
      vertex -28.749924143062227 -28.400723581395372 142.45187438487451
    endloop
  endfacet
  facet normal -0.5859311938877668 0 0.810360806079154
    outer loop
      vertex -30.862277226305164 -30.51307666463831 144.4330127018922
      vertex -30.274022496954014 -27.048272060690614 144.858350148241
      vertex -30.274022496954014 -26.754379434544376 144.858350148241
    endloop
  endfacet
  facet normal -0.11940563610422796 -0.36749276048392304 -0.9223293148645176
    outer loop
      vertex -30.862277226305164 -30.806969290784547 143.5669872981078
      vertex -28.749924143062227 -28.69461620754161 142.45187438487451
      vertex -28.470415645874755 -28.78543402354228 142.45187438487451
    endloop
  endfacet
  facet normal -0.46684371876946934 0 -0.8843398341392819
    outer loop
      vertex -30.862277226305164 -30.806969290784547 143.5669872981078
      vertex -28.749924143062227 -28.400723581395372 142.45187438487451
      vertex -28.749924143062227 -28.69461620754161 142.45187438487451
    endloop
  endfacet
  facet normal -0.13598383753483118 -0.41851521810286524 0.8979718303742116
    outer loop
      vertex -30.862277226305164 -30.806969290784547 144.4330127018922
      vertex -30.582768729117692 -30.897787106785216 144.4330127018922
      vertex -21.558767100074956 -21.50345916455434 150.17794523163602
    endloop
  endfacet
  facet normal -0.5131086537280827 -0.01680598644843817 0.8581591159504451
    outer loop
      vertex -30.862277226305164 -30.806969290784547 144.4330127018922
      vertex -21.558767100074956 -21.50345916455434 150.17794523163602
      vertex -30.274022496954014 -27.048272060690614 144.858350148241
    endloop
  endfacet
  facet normal -0.04495790674032634 -0.43084255099398994 -0.901306542123444
    outer loop
      vertex -30.582768729117692 -30.897787106785216 143.5669872981078
      vertex -28.470415645874755 -28.78543402354228 142.45187438487451
      vertex -17.037834171392305 -29.188819985439924 142.0744344363412
    endloop
  endfacet
  facet normal -0.11940563610422558 -0.367492760483915 -0.9223293148645212
    outer loop
      vertex -28.749924143062227 -28.69461620754161 142.45187438487451
      vertex -20.3035449682992 -20.248237032778583 137.99302393863053
      vertex -28.470415645874755 -28.78543402354228 142.45187438487451
    endloop
  endfacet
  facet normal -0.4668437187694598 0 -0.8843398341392871
    outer loop
      vertex -28.749924143062227 -28.69461620754161 142.45187438487451
      vertex -28.749924143062227 -28.400723581395372 142.45187438487451
      vertex -20.3035449682992 -20.248237032778583 137.99302393863053
    endloop
  endfacet
  facet normal -0.13598383753483181 -0.41851521810286485 0.8979718303742116
    outer loop
      vertex -30.582768729117692 -30.897787106785216 144.4330127018922
      vertex -21.279258602887484 -21.59427698055501 150.17794523163602
      vertex -21.558767100074956 -21.50345916455434 150.17794523163602
    endloop
  endfacet
  facet normal -0.2799809633056546 -0.8616928014882779 -0.4231975614883916
    outer loop
      vertex -25.404508497187475 -25.293892626146235 156
      vertex -25.202254248593736 -25.14694631307312 155.5669872981078
      vertex -24.845491502812525 -25.475528258147577 156
    endloop
  endfacet
  facet normal -0.2799809633056546 -0.8616928014882779 0.4231975614883916
    outer loop
      vertex -25.404508497187475 -25.293892626146235 156
      vertex -24.845491502812525 -25.475528258147577 156
      vertex -25.202254248593736 -25.14694631307312 156.4330127018922
    endloop
  endfacet
  facet normal -0.27998096330565264 -0.8616928014882778 -0.42319756148839316
    outer loop
      vertex -25.202254248593736 -25.14694631307312 155.5669872981078
      vertex -24.922745751406264 -25.23776412907379 155.5669872981078
      vertex -24.845491502812525 -25.475528258147577 156
    endloop
  endfacet
  facet normal -0.27998096330565264 -0.8616928014882778 0.42319756148839316
    outer loop
      vertex -25.202254248593736 -25.14694631307312 156.4330127018922
      vertex -24.845491502812525 -25.475528258147577 156
      vertex -24.922745751406264 -25.23776412907379 156.4330127018922
    endloop
  endfacet
  facet normal -0.23522855835483275 -0.7239590615221388 -0.6484988840193103
    outer loop
      vertex -25.202254248593736 -25.14694631307312 155.5669872981078
      vertex -21.558767100074956 -21.50345916455434 150.17794523163602
      vertex -24.922745751406264 -25.23776412907379 155.5669872981078
    endloop
  endfacet
  facet normal -0.5916972157596313 -2.587778499057351e-14 0.806160284845576
    outer loop
      vertex -28.88757841498978 -28.538377853322924 120.43301270189222
      vertex -21.355829856216495 -21.30052192069588 125.96108786982438
      vertex -21.355829856216488 -21.006629294549633 125.9610878698244
    endloop
  endfacet
  facet normal -0.5936729278308895 0.0030470241690739 0.8047006713085385
    outer loop
      vertex -28.62285972110247 -26.991701277557514 120.62245402657224
      vertex -21.355829856216488 -21.006629294549633 125.9610878698244
      vertex -21.350837405257618 -20.89824021535976 125.96436066296071
    endloop
  endfacet
  facet normal -0.5582862029477995 0.050719183139556236 -0.8280966610606423
    outer loop
      vertex -30.071286876336888 -25.413104203649674 131.5669872981078
      vertex -22.867291350088873 0.4272446709401731 128.29286478447645
      vertex -27.612039427420353 -27.262838865753498 129.79571949759182
    endloop
  endfacet
  facet normal -0.5582862029477975 0.05071918313955582 -0.8280966610606437
    outer loop
      vertex -27.612039427420353 -27.262838865753498 129.79571949759182
      vertex -22.867291350088873 0.4272446709401731 128.29286478447645
      vertex -21.355829856216488 -21.006629294549633 125.9610878698244
    endloop
  endfacet
  facet normal -0.6182111682499625 0.007811694384259715 0.7859732367465597
    outer loop
      vertex -30.820526468122473 -27.208955468674347 144.4330127018922
      vertex -30.274022496954014 -26.754379434544376 144.858350148241
      vertex -26.240261288928366 -0.9803629702995225 147.77496025912768
    endloop
  endfacet
  facet normal -0.5859311938877869 0 0.8103608060791395
    outer loop
      vertex -30.274022496954014 -27.048272060690614 144.858350148241
      vertex -26.240261288928366 -1.2742555964457591 147.77496025912768
      vertex -30.274022496954014 -26.754379434544376 144.858350148241
    endloop
  endfacet
  facet normal -0.4714882211780315 0.005957708431652022 -0.8818522342210282
    outer loop
      vertex -28.749924143062227 -28.400723581395372 142.45187438487451
      vertex -30.820526468122473 -27.208955468674347 143.5669872981078
      vertex -23.83565964778628 0.8176425332540158 140.02182631564372
    endloop
  endfacet
  facet normal -0.5131086537280755 -0.016805986448449606 0.8581591159504491
    outer loop
      vertex -30.274022496954014 -27.048272060690614 144.858350148241
      vertex -21.558767100074956 -21.50345916455434 150.17794523163602
      vertex -21.560111535115123 -21.360871623197877 150.17993377082712
    endloop
  endfacet
  facet normal -0.4714882211780213 0.0059577084316494834 -0.8818522342210336
    outer loop
      vertex -28.749924143062227 -28.400723581395372 142.45187438487451
      vertex -23.80341629198221 0.6680263324599915 140.00357639627023
      vertex -20.305848654709475 -19.8990013427201 137.9946295124345
    endloop
  endfacet
  facet normal -0.5131086537280802 -0.016805986448443704 0.8581591159504465
    outer loop
      vertex -30.274022496954014 -27.048272060690614 144.858350148241
      vertex -21.560111535115123 -21.360871623197877 150.17993377082712
      vertex -26.240261288928366 -1.2742555964457591 147.77496025912768
    endloop
  endfacet
  facet normal -0.029239574416507003 -0.5009394862598083 -0.8649882533270038
    outer loop
      vertex -30.222358074647524 -30.537376452315048 131.5669872981078
      vertex -27.33253093023288 -27.647549307900405 129.79571949759182
      vertex -11.50789140864627 -27.99564872477709 129.46238666822762
    endloop
  endfacet
  facet normal -0.12270769382800142 -0.37765544917921906 0.9177794852690137
    outer loop
      vertex -30.222358074647524 -30.537376452315048 132.4330127018922
      vertex -20.02403647111172 -20.339054848779245 137.99302393863053
      vertex -20.3035449682992 -20.248237032778583 137.99302393863053
    endloop
  endfacet
  facet normal -0.02923957441650699 -0.5009394862598087 -0.8649882533270035
    outer loop
      vertex -27.33253093023288 -27.647549307900405 129.79571949759182
      vertex -21.076321359029023 -21.391339736696544 125.96108786982438
      vertex -11.50789140864627 -27.99564872477709 129.46238666822762
    endloop
  endfacet
  facet normal 0.04338409943417796 -0.5113175576011822 0.8582960883081356
    outer loop
      vertex -30.222358074647524 -30.537376452315048 132.4330127018922
      vertex -14.444023298414397 -20.3355940471327 137.7130339899908
      vertex -20.02403647111172 -20.339054848779245 137.99302393863053
    endloop
  endfacet
  facet normal 0.06317026666800779 -0.8700031377663026 -0.48898267626356745
    outer loop
      vertex -30.145103826053784 -30.775140581388836 132
      vertex -11.50789140864627 -27.99564872477709 129.46238666822762
      vertex -11.430637160052534 -28.23341285385088 129.89539937011983
    endloop
  endfacet
  facet normal -0.044957906740326146 -0.43084255099398 -0.9013065421234486
    outer loop
      vertex -28.470415645874755 -28.78543402354228 142.45187438487451
      vertex -20.02403647111172 -20.339054848779245 137.99302393863053
      vertex -17.037834171392305 -29.188819985439924 142.0744344363412
    endloop
  endfacet
  facet normal 0.031183365893340538 -0.5475379691352322 0.8361995994060434
    outer loop
      vertex -30.582768729117692 -30.897787106785216 144.4330127018922
      vertex -17.594329230833402 -21.615601856067844 150.0265642933766
      vertex -21.279258602887484 -21.59427698055501 150.17794523163602
    endloop
  endfacet
  facet normal -0.5225799490107421 5.4364393906415063e-14 -0.8525902866511735
    outer loop
      vertex -27.612039427420353 -27.556731491899736 129.79571949759182
      vertex -21.355829856216488 -21.006629294549633 125.9610878698244
      vertex -21.355829856216495 -21.30052192069588 125.96108786982438
    endloop
  endfacet
  facet normal -0.13517067413891215 -0.41601255850622765 -0.8992566041002615
    outer loop
      vertex -27.33253093023288 -27.647549307900405 129.79571949759182
      vertex -21.355829856216495 -21.30052192069588 125.96108786982438
      vertex -21.076321359029023 -21.391339736696544 125.96108786982438
    endloop
  endfacet
  facet normal -0.4731225751702064 -0.007171043335023729 0.8809674256190178
    outer loop
      vertex -29.378376933469564 -25.030862363887103 133.08046513537863
      vertex -20.3035449682992 -20.248237032778583 137.99302393863053
      vertex -20.30577430247517 -19.956573740808317 137.99420080595792
    endloop
  endfacet
  facet normal -0.4731225751702597 -0.007171043334908999 0.8809674256189901
    outer loop
      vertex -29.378376933469564 -25.030862363887103 133.08046513537863
      vertex -20.30577430247517 -19.956573740808317 137.99420080595792
      vertex -20.305848654709475 -19.8990013427201 137.9946295124345
    endloop
  endfacet
  facet normal -0.4731225751702129 -0.007171043335007254 0.8809674256190144
    outer loop
      vertex -29.378376933469564 -25.030862363887103 133.08046513537863
      vertex -20.305848654709475 -19.8990013427201 137.9946295124345
      vertex -20.31148418418418 -15.53529997681575 138.0271233306461
    endloop
  endfacet
  facet normal -0.029239574416504557 -0.5009394862598061 -0.8649882533270051
    outer loop
      vertex -21.076321359029023 -21.391339736696544 125.96108786982438
      vertex -15.46635998648448 -21.45858027467169 125.81039282630701
      vertex -11.50789140864627 -27.99564872477709 129.46238666822762
    endloop
  endfacet
  facet normal -0.11940563610421731 -0.36749276048392276 -0.9223293148645192
    outer loop
      vertex -28.470415645874755 -28.78543402354228 142.45187438487451
      vertex -20.3035449682992 -20.248237032778583 137.99302393863053
      vertex -20.02403647111172 -20.339054848779245 137.99302393863053
    endloop
  endfacet
  facet normal -0.4668437187694998 5.317213092830392e-14 -0.8843398341392658
    outer loop
      vertex -28.749924143062227 -28.400723581395372 142.45187438487451
      vertex -20.30577430247517 -19.956573740808317 137.99420080595792
      vertex -20.3035449682992 -20.248237032778583 137.99302393863053
    endloop
  endfacet
  facet normal -0.4714882211778495 0.005957708431420584 -0.8818522342211269
    outer loop
      vertex -28.749924143062227 -28.400723581395372 142.45187438487451
      vertex -20.305848654709475 -19.8990013427201 137.9946295124345
      vertex -20.30577430247517 -19.956573740808317 137.99420080595792
    endloop
  endfacet
  facet normal -0.235228558354833 -0.7239590615221391 -0.6484988840193099
    outer loop
      vertex -24.922745751406264 -25.23776412907379 155.5669872981078
      vertex -21.558767100074956 -21.50345916455434 150.17794523163602
      vertex -21.279258602887484 -21.59427698055501 150.17794523163602
    endloop
  endfacet
  facet normal -0.028276493411686504 -0.8191233307443712 -0.5729200720437244
    outer loop
      vertex -24.922745751406264 -25.23776412907379 155.5669872981078
      vertex -21.279258602887484 -21.59427698055501 150.17794523163602
      vertex -17.594329230833402 -21.615601856067844 150.0265642933766
    endloop
  endfacet
  facet normal -0.04495790674032479 -0.4308425509939797 -0.9013065421234489
    outer loop
      vertex -17.037834171392305 -29.188819985439924 142.0744344363412
      vertex -20.02403647111172 -20.339054848779245 137.99302393863053
      vertex -14.444023298414397 -20.3355940471327 137.7130339899908
    endloop
  endfacet
  facet normal -0.9019945899812627 0.02806727504961859 -0.4308340605335459
    outer loop
      vertex -30.03365365797337 -29.33525253463966 96
      vertex -28.043111128824787 27.98780319330417 95.56698729810778
      vertex -29.83139940937963 -29.482198847712777 95.56698729810778
    endloop
  endfacet
  facet normal -0.9019945899812627 0.02806727504961859 0.4308340605335459
    outer loop
      vertex -30.03365365797337 -29.33525253463966 96
      vertex -29.83139940937963 -29.482198847712777 96.43301270189222
      vertex -28.043111128824787 27.98780319330417 96.43301270189222
    endloop
  endfacet
  facet normal -0.8931308188496694 -0.0767223324360898 -0.4432053972217452
    outer loop
      vertex -26.09827433269528 -25.98765846165404 84
      vertex -30.655723739943372 27.06597522905913 84
      vertex -25.89602008410154 -25.840712148580923 83.56698729810778
    endloop
  endfacet
  facet normal -0.8931308188496694 -0.0767223324360898 0.4432053972217452
    outer loop
      vertex -26.09827433269528 -25.98765846165404 84
      vertex -25.89602008410154 -25.840712148580923 84.43301270189222
      vertex -30.655723739943372 27.06597522905913 84
    endloop
  endfacet
  facet normal -0.899275072518724 0.04443998199323554 0.43512002016327
    outer loop
      vertex -29.53468174065773 -27.87422895475197 108.43301270189222
      vertex -27.078432312433172 26.069455780176856 108
      vertex -29.73693598925147 -27.727282641678855 108
    endloop
  endfacet
  facet normal -0.899275072518724 0.04443998199323554 -0.43512002016327
    outer loop
      vertex -29.53468174065773 -27.87422895475197 107.56698729810778
      vertex -29.73693598925147 -27.727282641678855 108
      vertex -26.876178063839433 25.92250946710374 107.56698729810778
    endloop
  endfacet
  facet normal -0.8135643694609167 0.07041351379479373 0.5771957673257239
    outer loop
      vertex -25.084707803761738 -21.785248144937917 113.89029910391709
      vertex -25.006493200473262 -20.88154925281233 113.89029910391709
      vertex -24.688157785694177 -0.5709102239154249 111.8612525018141
    endloop
  endfacet
  facet normal -0.8135643694609159 0.07041351379479387 0.5771957673257253
    outer loop
      vertex -25.006493200473262 -20.88154925281233 113.89029910391709
      vertex -24.605754106107156 -16.251372017566833 113.89029910391709
      vertex -24.688157785694177 -0.5709102239154249 111.8612525018141
    endloop
  endfacet
  facet normal -0.605744347146548 0.0059403772474089615 0.7956371646788256
    outer loop
      vertex -29.83139940937963 -29.482198847712777 96.43301270189222
      vertex -22.29625501048805 -17.39708498398475 102.07953248323832
      vertex -21.973797498803478 15.484128912501092 102.07953248323832
    endloop
  endfacet
  facet normal -0.8189838122486494 -0.07035290573003204 -0.5694874747788665
    outer loop
      vertex -25.89602008410154 -25.840712148580923 83.56698729810778
      vertex -30.167036187083585 27.00475730332837 83.18078164801993
      vertex -22.55118625464855 -20.434645703689803 78.0889085305936
    endloop
  endfacet
  facet normal -0.555309618301047 0.017279513610916314 -0.8314641581161005
    outer loop
      vertex -29.83139940937963 -29.482198847712777 95.56698729810778
      vertex -28.027161084282593 27.677960522615738 95.54989558867773
      vertex -21.055900317977123 -20.706699756310268 89.88847109417038
    endloop
  endfacet
  facet normal -0.818983812248648 -0.07035290573003158 -0.5694874747788686
    outer loop
      vertex -22.55118625464855 -20.434645703689803 78.0889085305936
      vertex -30.167036187083585 27.00475730332837 83.18078164801993
      vertex -22.737664746826034 -17.86875112868154 78.04010100812148
    endloop
  endfacet
  facet normal -0.7019480644763936 -0.034720903484365205 -0.7113813138107256
    outer loop
      vertex -22.737664746826034 -17.86875112868154 78.04010100812148
      vertex -30.167036187083585 27.00475730332837 83.18078164801993
      vertex -22.787380629578703 -16.86365148639558 78.04010100812147
    endloop
  endfacet
  facet normal -0.6420598122958606 0.05556989606137109 -0.7646379431380139
    outer loop
      vertex -25.124255978367902 -21.003019320091386 113.98035567078664
      vertex -21.77933614318359 16.4053272992753 113.8902991039171
      vertex -24.605754106107156 -16.251372017566833 113.89029910391709
    endloop
  endfacet
  facet normal -0.6321502560834787 0.031239324713722642 -0.7742158344576936
    outer loop
      vertex -29.53468174065773 -27.87422895475197 107.56698729810778
      vertex -26.78900969419646 26.341794335313423 107.51273197397576
      vertex -24.00076297805065 -0.8029743457281757 104.14083617624897
    endloop
  endfacet
  facet normal -0.6996063839150407 0.03457284211877194 0.7136915483408438
    outer loop
      vertex -29.53468174065773 -27.87422895475197 108.43301270189222
      vertex -24.688157785694177 -0.5709102239154249 111.8612525018141
      vertex -26.876178063839433 25.92250946710374 108.43301270189222
    endloop
  endfacet
  facet normal -0.8135643694609145 0.07041351379479409 0.5771957673257271
    outer loop
      vertex -24.605754106107156 -16.251372017566833 113.89029910391709
      vertex -21.77933614318359 16.4053272992753 113.8902991039171
      vertex -24.688157785694177 -0.5709102239154249 111.8612525018141
    endloop
  endfacet
  facet normal -0.7323085980818889 -0.03240162568251707 0.6802016258643232
    outer loop
      vertex -25.89602008410154 -25.840712148580923 84.43301270189222
      vertex -21.047996829548342 -20.992688894027726 89.88335684520938
      vertex -22.68797217013518 18.705421004713926 90.00878326503016
    endloop
  endfacet
  facet normal -0.6321502560834832 0.031239324713721615 -0.77421583445769
    outer loop
      vertex -22.438449530771205 -22.08924896910435 102.00630777068743
      vertex -24.00076297805065 -0.8029743457281757 104.14083617624897
      vertex -22.29625501048805 -17.39708498398475 102.07953248323832
    endloop
  endfacet
  facet normal -0.7323085980821251 -0.03240162568252603 0.6802016258640684
    outer loop
      vertex -21.047996829548342 -20.992688894027726 89.88335684520938
      vertex -21.055900317977123 -20.706699756310268 89.88847109417038
      vertex -22.68797217013518 18.705421004713926 90.00878326503016
    endloop
  endfacet
  facet normal -0.7323085980818579 -0.03240162568251584 0.6802016258643564
    outer loop
      vertex -21.055900317977123 -20.706699756310268 89.88847109417038
      vertex -21.115521722270174 -16.83350516869069 90.00878326503015
      vertex -22.68797217013518 18.705421004713926 90.00878326503016
    endloop
  endfacet
  facet normal -0.5553096183010658 0.017279513610912095 -0.831464158116088
    outer loop
      vertex -21.055900317977123 -20.706699756310268 89.88847109417038
      vertex -28.027161084282593 27.677960522615738 95.54989558867773
      vertex -21.115521722270174 -16.83350516869069 90.00878326503015
    endloop
  endfacet
  facet normal -0.7411130559655174 0.007267902962947794 -0.6713409088264867
    outer loop
      vertex -22.29625501048805 -17.39708498398475 102.07953248323832
      vertex -24.00076297805065 -0.8029743457281757 104.14083617624897
      vertex -21.973797498803478 15.484128912501092 102.07953248323832
    endloop
  endfacet
  facet normal -0.9030707995337008 0.021101950316616012 0.4289730046546021
    outer loop
      vertex -29.058741092537854 -27.060848845205864 120
      vertex -28.856486843944115 -27.20779515827898 120.43301270189222
      vertex -27.779869162769728 27.669253291728484 120
    endloop
  endfacet
  facet normal -0.9030707995337008 0.021101950316616012 -0.4289730046546021
    outer loop
      vertex -28.856486843944115 -27.20779515827898 119.56698729810778
      vertex -29.058741092537854 -27.060848845205864 120
      vertex -27.57761491417599 27.52230697865537 119.56698729810778
    endloop
  endfacet
  facet normal -0.8922265079513403 0.08105699087638396 -0.4442540070039015
    outer loop
      vertex -30.071286876336888 -25.413104203649674 131.5669872981078
      vertex -30.273541124930627 -25.266157890576558 132
      vertex -25.657296534183107 25.546680663141867 132
    endloop
  endfacet
  facet normal -0.8922265079513404 0.08105699087638393 0.44425400700390144
    outer loop
      vertex -30.273541124930627 -25.266157890576558 132
      vertex -30.071286876336888 -25.413104203649674 132.4330127018922
      vertex -25.657296534183107 25.546680663141867 132
    endloop
  endfacet
  facet normal -0.6380435776325002 0.014909090053605772 0.7698559034492709
    outer loop
      vertex -28.856486843944115 -27.20779515827898 120.43301270189222
      vertex -28.62285972110247 -26.991701277557514 120.62245402657224
      vertex -20.9628152635565 17.763775405368296 126.1042314856405
    endloop
  endfacet
  facet normal -0.5936729278308681 0.003047024169036022 0.8047006713085544
    outer loop
      vertex -28.62285972110247 -26.991701277557514 120.62245402657224
      vertex -21.350837405257618 -20.89824021535976 125.96436066296071
      vertex -20.9628152635565 17.763775405368296 126.1042314856405
    endloop
  endfacet
  facet normal -0.7143702545791499 0.06489910655169441 0.6967519252512419
    outer loop
      vertex -30.071286876336888 -25.413104203649674 132.4330127018922
      vertex -29.378376933469564 -24.736969737740864 133.08046513537863
      vertex -20.796910690758793 16.62933499313797 138.02585226846193
    endloop
  endfacet
  facet normal -0.4993088863774342 0 0.866424050903786
    outer loop
      vertex -29.378376933469564 -25.030862363887103 133.08046513537863
      vertex -20.79470508441647 16.34607432445593 138.02712333064608
      vertex -29.378376933469564 -24.736969737740864 133.08046513537863
    endloop
  endfacet
  facet normal -0.9044854994997304 0.011429046675251854 -0.4263512144779444
    outer loop
      vertex -31.022780716716213 -27.06200915560123 144
      vertex -30.35274289779308 25.964241287902457 144
      vertex -30.820526468122473 -27.208955468674347 143.5669872981078
    endloop
  endfacet
  facet normal -0.9044854994997304 0.011429046675251854 0.4263512144779444
    outer loop
      vertex -31.022780716716213 -27.06200915560123 144
      vertex -30.820526468122473 -27.208955468674347 144.4330127018922
      vertex -30.35274289779308 25.964241287902457 144
    endloop
  endfacet
  facet normal -0.5859311938877811 0 0.8103608060791437
    outer loop
      vertex -30.274022496954014 -26.754379434544376 144.858350148241
      vertex -26.240261288928366 -1.2742555964457591 147.77496025912768
      vertex -26.240261288928366 -0.9803629702995225 147.77496025912768
    endloop
  endfacet
  facet normal -0.47148822117817635 0.005957708431682861 -0.8818522342209505
    outer loop
      vertex -28.749924143062227 -28.400723581395372 142.45187438487451
      vertex -23.83565964778628 0.8176425332540158 140.02182631564372
      vertex -23.80341629198221 0.6680263324599915 140.00357639627023
    endloop
  endfacet
  facet normal -0.9060374296629656 0 -0.4231975614883985
    outer loop
      vertex -25.404508497187475 -25.293892626146235 156
      vertex -25.404508497187475 24.706107373853765 156
      vertex -25.202254248593736 -25.14694631307312 155.5669872981078
    endloop
  endfacet
  facet normal -0.9060374296629656 0 0.4231975614883985
    outer loop
      vertex -25.404508497187475 -25.293892626146235 156
      vertex -25.202254248593736 -25.14694631307312 156.4330127018922
      vertex -25.202254248593736 24.85305368692688 156.4330127018922
    endloop
  endfacet
  facet normal 0 0 1
    outer loop
      vertex -25.202254248593736 -25.14694631307312 156.4330127018922
      vertex -24.922745751406264 -25.23776412907379 156.4330127018922
      vertex -24.922745751406264 24.76223587092621 156.4330127018922
    endloop
  endfacet
  facet normal -0.8413008626673517 0.019658579387684144 -0.5402095877820273
    outer loop
      vertex -25.124255978367902 -21.003019320091386 113.98035567078664
      vertex -28.856486843944115 -27.20779515827898 119.56698729810778
      vertex -27.57761491417599 27.52230697865537 119.56698729810778
    endloop
  endfacet
  facet normal -0.618211168249981 0.007811694384264826 0.785973236746545
    outer loop
      vertex -30.820526468122473 -27.208955468674347 144.4330127018922
      vertex -26.240261288928366 -0.9803629702995225 147.77496025912768
      vertex -30.150488649199342 25.81729497482934 144.4330127018922
    endloop
  endfacet
  facet normal -0.4714882211780269 0.0059577084316505885 -0.8818522342210307
    outer loop
      vertex -30.820526468122473 -27.208955468674347 143.5669872981078
      vertex -29.034815313481392 24.94285836887889 142.96457744507512
      vertex -23.83565964778628 0.8176425332540158 140.02182631564372
    endloop
  endfacet
  facet normal -0.8284290179369413 0 -0.5600940655283135
    outer loop
      vertex -25.202254248593736 -25.14694631307312 155.5669872981078
      vertex -25.202254248593736 24.153571148975985 155.5669872981078
      vertex -21.558767100074956 -21.50345916455434 150.17794523163602
    endloop
  endfacet
  facet normal -0.5582862029478529 0.05071918313954792 -0.828096661060607
    outer loop
      vertex -21.355829856216488 -21.006629294549633 125.9610878698244
      vertex -22.867291350088873 0.4272446709401731 128.29286478447645
      vertex -21.350837405257618 -20.89824021535976 125.96436066296071
    endloop
  endfacet
  facet normal -0.5582862029478114 0.05071918313955389 -0.8280966610606346
    outer loop
      vertex -21.350837405257618 -20.89824021535976 125.96436066296071
      vertex -22.867291350088873 0.4272446709401731 128.29286478447645
      vertex -21.137472797804854 -16.265967705514047 126.1042314856405
    endloop
  endfacet
  facet normal -0.4731225751702141 -0.00717104333500597 0.8809674256190139
    outer loop
      vertex -29.378376933469564 -25.030862363887103 133.08046513537863
      vertex -20.31148418418418 -15.53529997681575 138.0271233306461
      vertex -20.793901536945366 16.293058824334825 138.0271233306461
    endloop
  endfacet
  facet normal -0.5131086537280912 -0.016805986448447083 0.8581591159504398
    outer loop
      vertex -21.560111535115123 -21.360871623197877 150.17993377082712
      vertex -21.566914198636212 -20.63939751908179 150.18999551617844
      vertex -26.240261288928366 -1.2742555964457591 147.77496025912768
    endloop
  endfacet
  facet normal -0.5131086537280771 -0.016805986448442625 0.8581591159504484
    outer loop
      vertex -21.566914198636212 -20.63939751908179 150.18999551617844
      vertex -21.605127787075418 -16.586556393136476 150.2465168176721
      vertex -26.240261288928366 -1.2742555964457591 147.77496025912768
    endloop
  endfacet
  facet normal -0.4714882211780186 0.005957708431650087 -0.8818522342210351
    outer loop
      vertex -20.305848654709475 -19.8990013427201 137.9946295124345
      vertex -23.80341629198221 0.6680263324599915 140.00357639627023
      vertex -20.31148418418418 -15.53529997681575 138.0271233306461
    endloop
  endfacet
  facet normal -0.5936729278308498 0.003047024169035778 0.8047006713085679
    outer loop
      vertex -21.350837405257618 -20.89824021535976 125.96436066296071
      vertex -21.137472797804854 -16.265967705514047 126.1042314856405
      vertex -20.963139563719146 17.700589747371037 126.1042314856405
    endloop
  endfacet
  facet normal -0.8284290179368851 1.4347211056586558e-14 -0.560094065528397
    outer loop
      vertex -21.558767100074956 -21.50345916455434 150.17794523163602
      vertex -25.202254248593736 24.153571148975985 155.5669872981078
      vertex -21.560111535115123 -21.360871623197877 150.17993377082712
    endloop
  endfacet
  facet normal -0.8284290179369328 2.169475683809599e-15 -0.5600940655283264
    outer loop
      vertex -21.560111535115123 -21.360871623197877 150.17993377082712
      vertex -25.202254248593736 24.153571148975985 155.5669872981078
      vertex -21.566914198636212 -20.63939751908179 150.18999551617844
    endloop
  endfacet
  facet normal -0.8284290179369431 -5.061829662816949e-16 -0.5600940655283111
    outer loop
      vertex -21.566914198636212 -20.63939751908179 150.18999551617844
      vertex -25.202254248593736 24.153571148975985 155.5669872981078
      vertex -21.605127787075418 -16.586556393136476 150.2465168176721
    endloop
  endfacet
  facet normal -0.009237416050222996 -0.8772084954280154 -0.4800207554821275
    outer loop
      vertex -29.55189091219216 -29.866909289859684 95.56698729810778
      vertex 30.337058074317714 -30.497567954797763 95.56698729810778
      vertex -29.47463666359842 -30.104673418933473 96
    endloop
  endfacet
  facet normal -0.009237416050222996 -0.8772084954280154 0.4800207554821275
    outer loop
      vertex -29.55189091219216 -29.866909289859684 96.43301270189222
      vertex -29.47463666359842 -30.104673418933473 96
      vertex 30.337058074317714 -30.497567954797763 96.43301270189222
    endloop
  endfacet
  facet normal -0.011857980966639927 -0.8773809228427117 -0.4796478963980414
    outer loop
      vertex -25.61651158691407 -25.931529964581593 83.56698729810778
      vertex 26.475048068797935 -26.63555794927799 83.56698729810778
      vertex -25.53925733832033 -26.16929409365538 84
    endloop
  endfacet
  facet normal -0.011857980966639923 -0.8773809228427117 0.47964789639804145
    outer loop
      vertex -25.61651158691407 -25.931529964581593 84.43301270189222
      vertex -25.53925733832033 -26.16929409365538 84
      vertex 26.552302317391675 -26.87332207835178 84
    endloop
  endfacet
  facet normal -0.002418347210836835 -0.5415609741941712 -0.8406579939705732
    outer loop
      vertex -29.55189091219216 -29.866909289859684 95.56698729810778
      vertex -16.129728787567352 -21.130777521957135 89.90046474860807
      vertex 17.828357297548692 -21.282417774269433 89.90046474860807
    endloop
  endfacet
  facet normal 0.021014278373315508 -0.8747714633873568 -0.48407983530363174
    outer loop
      vertex -29.323340806874736 -29.63835918454226 107.56698729810778
      vertex 28.098429516418822 -28.258939396898878 107.56698729810778
      vertex -29.246086558280997 -29.87612331361605 108
    endloop
  endfacet
  facet normal 0.021014278373315508 -0.8747714633873568 0.48407983530363174
    outer loop
      vertex -29.323340806874736 -29.63835918454226 108.43301270189222
      vertex -29.246086558280997 -29.87612331361605 108
      vertex 28.098429516418822 -28.258939396898878 108.43301270189222
    endloop
  endfacet
  facet normal -0.01633673938529154 -0.6028132225718934 -0.7977150679526781
    outer loop
      vertex -29.323340806874736 -29.63835918454226 107.56698729810778
      vertex -22.158941033583734 -22.473959411251258 102.00630777068743
      vertex 19.370885267997032 -23.562396422568472 101.97830563365368
    endloop
  endfacet
  facet normal 0.07831426997004624 -0.8558715443703646 -0.5112247789927105
    outer loop
      vertex -22.32896239375994 -25.123379191960648 114.16756361952842
      vertex 15.73715415335572 -21.640239522706697 114.16756361952842
      vertex -24.218444604446315 -28.202176900931246 119.03251154894946
    endloop
  endfacet
  facet normal 0.04263235503920905 -0.8535465095108348 -0.519269523856043
    outer loop
      vertex -25.61651158691407 -25.931529964581593 83.56698729810778
      vertex -19.36842565423439 -22.313910628809108 78.13351660635925
      vertex 15.55688485585469 -20.5694851980566 78.13351660635925
    endloop
  endfacet
  facet normal -0.01003771975085995 -0.7426984275841302 0.6695508119973148
    outer loop
      vertex -25.61651158691407 -25.931529964581593 84.43301270189222
      vertex 26.475048068797935 -26.63555794927799 84.43301270189222
      vertex -16.129728787567352 -21.130777521957135 89.90046474860807
    endloop
  endfacet
  facet normal -0.006296583634031623 -0.5979395781152875 0.8015164464674769
    outer loop
      vertex -29.55189091219216 -29.866909289859684 96.43301270189222
      vertex 28.4846065300081 -30.191157756606803 96.6470453263204
      vertex -17.65743100198398 -22.558898274007724 101.97830563365368
    endloop
  endfacet
  facet normal 0.019140533873088103 -0.7967722007260554 0.6039765724870556
    outer loop
      vertex -29.323340806874736 -29.63835918454226 108.43301270189222
      vertex 28.098429516418822 -28.258939396898878 108.43301270189222
      vertex -2.467002235782347 -28.928924276461704 108.51780631341465
    endloop
  endfacet
  facet normal -0.01633673938528983 -0.6028132225718277 -0.7977150679527281
    outer loop
      vertex -22.158941033583734 -22.473959411251258 102.00630777068743
      vertex -17.65743100198398 -22.558898274007724 101.97830563365368
      vertex 19.370885267997032 -23.562396422568472 101.97830563365368
    endloop
  endfacet
  facet normal 0.02077060843010003 -0.8747943770006184 0.4840489435930458
    outer loop
      vertex -28.608069917802307 -28.92308829546983 120.43301270189222
      vertex -28.530815669208568 -29.16085242454362 120
      vertex 27.431995719945835 -27.592505600425888 120.43301270189222
    endloop
  endfacet
  facet normal 0.02077060843010003 -0.8747943770006182 -0.4840489435930458
    outer loop
      vertex -28.608069917802307 -28.92308829546983 119.56698729810778
      vertex 27.509249968539574 -27.830269729499676 120
      vertex -28.530815669208568 -29.16085242454362 120
    endloop
  endfacet
  facet normal 0.015548641426072405 -0.6548611291432211 -0.7555892675833007
    outer loop
      vertex -28.608069917802307 -28.92308829546983 119.56698729810778
      vertex -24.218444604446315 -28.202176900931246 119.03251154894946
      vertex 27.431995719945835 -27.592505600425888 119.56698729810778
    endloop
  endfacet
  facet normal 0.07369550101855989 -0.8685625396966629 0.4900694723866264
    outer loop
      vertex -30.145103826053784 -30.775140581388836 132
      vertex 25.71455901391027 -26.03557877487037 132
      vertex -30.222358074647524 -30.537376452315048 132.4330127018922
    endloop
  endfacet
  facet normal 0.04964545172240549 -0.8717073681481993 -0.48750548041987996
    outer loop
      vertex -30.505514480523953 -31.135551235859005 144
      vertex -30.582768729117692 -30.897787106785216 143.5669872981078
      vertex 27.510410278934938 -27.831430039895043 144
    endloop
  endfacet
  facet normal 0.04964545172240549 -0.8717073681481993 0.48750548041987996
    outer loop
      vertex -30.505514480523953 -31.135551235859005 144
      vertex 27.510410278934938 -27.831430039895043 144
      vertex -30.582768729117692 -30.897787106785216 144.4330127018922
    endloop
  endfacet
  facet normal -0.013306548075800869 -0.877473588280229 -0.47944033794511437
    outer loop
      vertex -24.922745751406264 -25.23776412907379 155.5669872981078
      vertex 18.884550464414573 -22.874868638801335 150.0265642933766
      vertex -24.845491502812525 -25.475528258147577 156
    endloop
  endfacet
  facet normal 0 -0.8765515079563075 0.4813080654835563
    outer loop
      vertex -24.922745751406264 -25.23776412907379 156.4330127018922
      vertex -24.845491502812525 -25.475528258147577 156
      vertex 25.154508497187475 -25.475528258147577 156
    endloop
  endfacet
  facet normal 0.07705123637056929 -0.9081126612048555 -0.4115756328224523
    outer loop
      vertex -30.145103826053784 -30.775140581388836 132
      vertex -11.430637160052534 -28.23341285385088 129.89539937011983
      vertex 25.71455901391027 -26.03557877487037 132
    endloop
  endfacet
  facet normal 0.014266700484875428 -0.6008697051182585 0.7992196561198757
    outer loop
      vertex -28.608069917802307 -28.92308829546983 120.43301270189222
      vertex 27.431995719945835 -27.592505600425888 120.43301270189222
      vertex -21.076321359029023 -21.391339736696544 125.96108786982438
    endloop
  endfacet
  facet normal 0.043384099434182206 -0.5113175576011874 0.8582960883081324
    outer loop
      vertex -30.222358074647524 -30.537376452315048 132.4330127018922
      vertex 25.027921654980375 -25.849519378128413 132.4330127018922
      vertex -14.444023298414397 -20.3355940471327 137.7130339899908
    endloop
  endfacet
  facet normal 0.06317026666800861 -0.8700031377663027 -0.48898267626356734
    outer loop
      vertex -11.50789140864627 -27.99564872477709 129.46238666822762
      vertex 20.96625881669022 -23.58513307776041 125.81039282630701
      vertex -11.430637160052534 -28.23341285385088 129.89539937011983
    endloop
  endfacet
  facet normal -0.02923957441650582 -0.5009394862598066 -0.8649882533270048
    outer loop
      vertex -11.50789140864627 -27.99564872477709 129.46238666822762
      vertex -15.46635998648448 -21.45858027467169 125.81039282630701
      vertex 20.96625881669022 -23.58513307776041 125.81039282630701
    endloop
  endfacet
  facet normal 0.048170652941171635 -0.8458118848856845 -0.5313020267054765
    outer loop
      vertex -30.582768729117692 -30.897787106785216 143.5669872981078
      vertex -17.037834171392305 -29.188819985439924 142.0744344363412
      vertex 27.4331560303412 -27.593665910821255 143.5669872981078
    endloop
  endfacet
  facet normal 0.031183365893341645 -0.5475379691352332 0.8361995994060428
    outer loop
      vertex -30.582768729117692 -30.897787106785216 144.4330127018922
      vertex 27.4331560303412 -27.593665910821255 144.4330127018922
      vertex -17.594329230833402 -21.615601856067844 150.0265642933766
    endloop
  endfacet
  facet normal -0.04495790674032586 -0.43084255099397933 -0.901306542123449
    outer loop
      vertex -17.037834171392305 -29.188819985439924 142.0744344363412
      vertex -14.444023298414397 -20.3355940471327 137.7130339899908
      vertex 22.54192554038785 -24.195033730518503 137.7130339899908
    endloop
  endfacet
  facet normal 0.01426670048487389 -0.6008697051182655 0.7992196561198701
    outer loop
      vertex -21.076321359029023 -21.391339736696544 125.96108786982438
      vertex 27.431995719945835 -27.592505600425888 120.43301270189222
      vertex -15.46635998648448 -21.45858027467169 125.81039282630701
    endloop
  endfacet
  facet normal -0.028276493411687073 -0.8191233307443708 -0.5729200720437249
    outer loop
      vertex -24.922745751406264 -25.23776412907379 155.5669872981078
      vertex -17.594329230833402 -21.615601856067844 150.0265642933766
      vertex 18.884550464414573 -22.874868638801335 150.0265642933766
    endloop
  endfacet
  facet normal 0 0 1
    outer loop
      vertex -24.922745751406264 -25.23776412907379 156.4330127018922
      vertex 25.25 -25 156.4330127018922
      vertex -3.6955181300451474 -3.6955181300451474 156.4330127018922
    endloop
  endfacet
  facet normal 0 0 1
    outer loop
      vertex -24.922745751406264 -25.23776412907379 156.4330127018922
      vertex -3.6955181300451474 -3.6955181300451474 156.4330127018922
      vertex -5.226251859505506 0 156.4330127018922
    endloop
  endfacet
  facet normal 0 0 1
    outer loop
      vertex -24.922745751406264 -25.23776412907379 156.4330127018922
      vertex -5.226251859505506 0 156.4330127018922
      vertex -3.6955181300451474 3.6955181300451474 156.4330127018922
    endloop
  endfacet
  facet normal -0.9822633868453662 0 0.1875063701933098
    outer loop
      vertex -25.404508497187475 -25.293892626146235 0
      vertex -24.80768420501554 0.7512342971541872 3.126499915581586
      vertex -25.404508497187475 24.706107373853765 0
    endloop
  endfacet
  facet normal -0.9232195714512632 -0.02544618241126969 0.38342941291721244
    outer loop
      vertex -23.040687394927616 -20.646807630201852 6
      vertex -24.230362706467968 22.516112195445476 5.999999999999997
      vertex -24.80768420501554 0.16344904486171402 3.126499915581586
    endloop
  endfacet
  facet normal -0.6597155940149638 -0.015369112536799201 0.7513581871473248
    outer loop
      vertex -25.690611064206102 -25.635303128685486 12.433012701892219
      vertex -22.389348469289562 0.17611075820594868 15.859598027782148
      vertex -26.90652031656543 26.557319754898575 12.433012701892219
    endloop
  endfacet
  facet normal -0.6066413082646195 -2.5620396034275476e-15 0.7949756745379011
    outer loop
      vertex -29.372808782414744 -29.02360822074789 24.43301270189222
      vertex -21.862460349926703 18.89863645378567 30.164115859553203
      vertex -21.87093910418156 19.138095815887514 30.157645771551316
    endloop
  endfacet
  facet normal -0.6827688989287964 -0.015351127655128385 -0.7304731162303475
    outer loop
      vertex -25.482077396923398 -25.42676946140278 35.56698729810778
      vertex -26.644988571759203 26.29578801009235 35.56698729810778
      vertex -22.470905552087263 0.8032640863977125 32.20123019665211
    endloop
  endfacet
  facet normal -0.8717041715645978 -0.019599079624439072 0.48964039187423375
    outer loop
      vertex -25.482077396923398 -25.42676946140278 36.43301270189222
      vertex -24.25002077350367 0.604559735354933 39.66840548848837
      vertex -26.644988571759203 26.29578801009235 36.43301270189222
    endloop
  endfacet
  facet normal -0.7436315705799573 0.03647915183614308 0.6675937078179375
    outer loop
      vertex -29.372808782414744 -29.02360822074789 24.43301270189222
      vertex -21.88065245810761 21.82534452258699 29.99998743985011
      vertex -26.644690689926424 26.589382754405808 24.43301270189222
    endloop
  endfacet
  facet normal -0.7436315705799599 0.03647915183614369 0.6675937078179347
    outer loop
      vertex -29.372808782414744 -29.02360822074789 24.43301270189222
      vertex -21.87093910418156 19.138095815887514 30.157645771551316
      vertex -21.88752408825008 21.538323526583223 30.008016756656605
    endloop
  endfacet
  facet normal -0.7436315705799684 0.03647915183614602 0.6675937078179249
    outer loop
      vertex -29.372808782414744 -29.02360822074789 24.43301270189222
      vertex -21.88752408825008 21.538323526583223 30.008016756656605
      vertex -21.88065245810761 21.82534452258699 29.99998743985011
    endloop
  endfacet
  facet normal -0.9060374296629691 0 -0.4231975614883908
    outer loop
      vertex -25.202254248593736 -25.14694631307312 -0.4330127018922193
      vertex -25.404508497187475 24.706107373853765 0
      vertex -25.202254248593736 24.85305368692688 -0.4330127018922193
    endloop
  endfacet
  facet normal 0 0 -1
    outer loop
      vertex -25.202254248593736 -25.14694631307312 -0.4330127018922193
      vertex -25.202254248593736 24.85305368692688 -0.4330127018922193
      vertex -24.922745751406264 24.76223587092621 -0.4330127018922193
    endloop
  endfacet
  facet normal -0.9822633868453663 0 0.18750637019330937
    outer loop
      vertex -24.80768420501554 0.16344904486171402 3.126499915581586
      vertex -24.282595548589626 22.560931033336384 5.877208392969656
      vertex -24.80768420501554 0.7512342971541872 3.126499915581586
    endloop
  endfacet
  facet normal -0.9075690081869001 -0.02501481472802395 -0.4191571953608442
    outer loop
      vertex -23.040687394927616 -20.646807630201852 6
      vertex -26.87201001562289 25.07597308433253 11.566987298107781
      vertex -24.230362706467968 22.516112195445476 5.999999999999997
    endloop
  endfacet
  facet normal -0.9030803550835237 -0.021038677474003196 0.4289559957762118
    outer loop
      vertex -25.89286531279984 -25.7822494417586 12
      vertex -26.90652031656543 26.557319754898575 12.433012701892219
      vertex -27.10877456515917 26.41037344182546 12
    endloop
  endfacet
  facet normal -0.9030803550835237 -0.02103867747400319 -0.42895599577621196
    outer loop
      vertex -25.690611064206102 -25.635303128685486 11.566987298107781
      vertex -27.10877456515917 26.41037344182546 12
      vertex -26.87201001562289 25.07597308433253 11.566987298107781
    endloop
  endfacet
  facet normal -0.9232195714512619 -0.025446182411270158 0.38342941291721605
    outer loop
      vertex -24.80768420501554 0.16344904486171402 3.126499915581586
      vertex -24.230362706467968 22.516112195445476 5.999999999999997
      vertex -24.282595548589626 22.560931033336384 5.877208392969656
    endloop
  endfacet
  facet normal -0.8993312855027711 0.04411706524141157 -0.4350366920966764
    outer loop
      vertex -29.372808782414744 -29.02360822074789 23.56698729810778
      vertex -26.846944938520164 26.736329067478923 24
      vertex -26.644690689926424 26.589382754405808 23.56698729810778
    endloop
  endfacet
  facet normal -0.8993312855027711 0.04411706524141157 0.4350366920966764
    outer loop
      vertex -29.372808782414744 -29.02360822074789 24.43301270189222
      vertex -26.644690689926424 26.589382754405808 24.43301270189222
      vertex -26.846944938520164 26.736329067478923 24
    endloop
  endfacet
  facet normal -0.5465269305710324 0.02681010284070269 -0.8370122654694355
    outer loop
      vertex -29.372808782414744 -29.02360822074789 23.56698729810778
      vertex -26.644690689926424 26.589382754405808 23.56698729810778
      vertex -26.598979458902388 26.249778897235533 23.52626240729521
    endloop
  endfacet
  facet normal -0.9031905641510125 -0.020307008226271808 -0.4287591751152083
    outer loop
      vertex -25.684331645517137 -25.573715774475897 36
      vertex -26.847242820352943 26.148841697019233 36
      vertex -26.644988571759203 26.29578801009235 35.56698729810778
    endloop
  endfacet
  facet normal -0.9031905641510125 -0.020307008226271808 0.4287591751152083
    outer loop
      vertex -25.684331645517137 -25.573715774475897 36
      vertex -26.644988571759203 26.29578801009235 36.43301270189222
      vertex -26.847242820352943 26.148841697019233 36
    endloop
  endfacet
  facet normal -0.7064276247524919 -0.003608948104540553 0.7077760849874283
    outer loop
      vertex -20.184442663113106 -16.251768564055414 17.97653732440324
      vertex -20.349833368690366 16.122363707363355 17.97653732440324
      vertex -22.389348469289562 0.17611075820594868 15.859598027782148
    endloop
  endfacet
  facet normal 0 0 -1
    outer loop
      vertex -25.202254248593736 -25.14694631307312 -0.4330127018922193
      vertex -24.922745751406264 24.76223587092621 -0.4330127018922193
      vertex -5.5 10.25 -0.4330127018922193
    endloop
  endfacet
  facet normal -0.7774885327719967 -0.04447921413024758 -0.6273222305310114
    outer loop
      vertex -19.944554390282608 -14.626009152403551 30.164115859553203
      vertex -22.470905552087263 0.8032640863977125 32.20123019665211
      vertex -21.808137222736217 17.949078120060662 30.164115859553203
    endloop
  endfacet
  facet normal -0.4871583613397462 -0.027869762904562737 0.872868837393349
    outer loop
      vertex -19.764280662270235 -19.708972726749618 30.102435188377846
      vertex -21.808137222736217 17.949078120060662 30.164115859553203
      vertex -21.862460349926703 18.89863645378567 30.164115859553203
    endloop
  endfacet
  facet normal -0.6597155940149644 -0.01536911253679922 0.7513581871473246
    outer loop
      vertex -22.389348469289562 0.17611075820594868 15.859598027782148
      vertex -20.40535138056304 20.056150818896185 18.00825684119234
      vertex -26.69863869549088 26.349438133824027 12.611286917033095
    endloop
  endfacet
  facet normal -0.6597155940149645 -0.015369112536799128 0.7513581871473244
    outer loop
      vertex -22.389348469289562 0.17611075820594868 15.859598027782148
      vertex -20.349833368690366 16.122363707363355 17.97653732440324
      vertex -20.40535138056304 20.056150818896185 18.00825684119234
    endloop
  endfacet
  facet normal -0.6671030940516935 -0.003408049688960731 -0.7449576143002867
    outer loop
      vertex -20.184442663113106 -16.251768564055414 17.97653732440324
      vertex -26.598979458902388 26.249778897235533 23.52626240729521
      vertex -20.349833368690366 16.122363707363355 17.97653732440324
    endloop
  endfacet
  facet normal -0.7774885327719897 -0.044479214130248954 -0.6273222305310201
    outer loop
      vertex -22.470905552087263 0.8032640863977125 32.20123019665211
      vertex -21.862460349926703 18.89863645378567 30.164115859553203
      vertex -21.808137222736217 17.949078120060662 30.164115859553203
    endloop
  endfacet
  facet normal -0.7774885327720497 -0.04447921413023889 -0.6273222305309464
    outer loop
      vertex -22.470905552087263 0.8032640863977125 32.20123019665211
      vertex -21.87093910418156 19.138095815887514 30.157645771551316
      vertex -21.862460349926703 18.89863645378567 30.164115859553203
    endloop
  endfacet
  facet normal -0.7774885327719995 -0.04447921413024693 -0.6273222305310079
    outer loop
      vertex -22.470905552087263 0.8032640863977125 32.20123019665211
      vertex -21.88752408825008 21.538323526583223 30.008016756656605
      vertex -21.87093910418156 19.138095815887514 30.157645771551316
    endloop
  endfacet
  facet normal -0.9042622605506312 -0.012998561993621722 -0.42677957018812485
    outer loop
      vertex -29.719177535413085 -29.608561664371845 48
      vertex -30.515601318566983 25.79571850634346 48
      vertex -30.313347069973243 25.942664819416574 47.56698729810778
    endloop
  endfacet
  facet normal -0.9042622605506312 -0.012998561993621722 0.42677957018812485
    outer loop
      vertex -29.719177535413085 -29.608561664371845 48
      vertex -30.313347069973243 25.942664819416574 48.43301270189222
      vertex -30.515601318566983 25.79571850634346 48
    endloop
  endfacet
  facet normal -0.49121405581671246 -0.007061089061467457 -0.8710102711158816
    outer loop
      vertex -29.516923286819345 -29.46161535129873 47.56698729810778
      vertex -30.313347069973243 25.942664819416574 47.56698729810778
      vertex -29.363697457788806 25.667587145203612 47.03365387477822
    endloop
  endfacet
  facet normal -0.6553829819373882 0.032788452907795126 -0.7545846965999048
    outer loop
      vertex -31.28045986742341 -30.931259305756555 59.56698729810778
      vertex -28.429394675340042 26.05647392276865 59.56698729810778
      vertex -28.110546068487903 25.75305732530303 59.27687206975873
    endloop
  endfacet
  facet normal -0.8991798774387335 0.044985478536355296 -0.43526067445855837
    outer loop
      vertex -31.48271411601715 -30.78431299268344 60
      vertex -28.63164892393378 26.203420235841765 60
      vertex -28.429394675340042 26.05647392276865 59.56698729810778
    endloop
  endfacet
  facet normal -0.8991798774387335 0.044985478536355296 0.43526067445855837
    outer loop
      vertex -31.48271411601715 -30.78431299268344 60
      vertex -28.429394675340042 26.05647392276865 60.43301270189222
      vertex -28.63164892393378 26.203420235841765 60
    endloop
  endfacet
  facet normal -0.6335221896528113 -0.03133631092571498 0.7730896913263521
    outer loop
      vertex -22.787380629578703 -16.86365148639558 78.04010100812147
      vertex -24.63607696058631 20.51120576465287 78.04010100812148
      vertex -26.40033477602229 0.6441753274397894 75.78906088066542
    endloop
  endfacet
  facet normal -0.9015031905806059 0.03114820877630054 0.4316500740912899
    outer loop
      vertex -26.60258902461603 1.0850142666591442 75.3560481787732
      vertex -26.40033477602229 0.9380679535860259 75.78906088066542
      vertex -24.641177550289466 20.74766145046435 78.03359309754569
    endloop
  endfacet
  facet normal -0.7870679566360709 0 0.6168662996441937
    outer loop
      vertex -26.40033477602229 0.6441753274397894 75.78906088066542
      vertex -24.63607696058631 20.51120576465287 78.04010100812148
      vertex -26.40033477602229 0.9380679535860259 75.78906088066542
    endloop
  endfacet
  facet normal -0.6790003170272709 -0.06768066175616905 -0.7310115577069303
    outer loop
      vertex -19.885730776099802 -15.271136096560513 42.02035078463099
      vertex -29.363697457788806 25.667587145203612 47.03365387477822
      vertex -23.35438615626699 19.527845498461982 42.02035078463099
    endloop
  endfacet
  facet normal -0.5002917638575916 -0.007191579026477013 0.8658270221050888
    outer loop
      vertex -23.97402394166205 -1.159157824090032 51.870889060828965
      vertex -23.944465699562453 -1.0096934958341552 51.88920984454193
      vertex -30.313347069973243 25.942664819416574 48.43301270189222
    endloop
  endfacet
  facet normal -0.541522178914051 0.05200441304271114 -0.8390764391688411
    outer loop
      vertex -23.800238903631673 -16.61737258424036 53.86904978599912
      vertex -28.110546068487903 25.75305732530303 59.27687206975873
      vertex -20.75024708834446 15.142205437106897 53.86904978599912
    endloop
  endfacet
  facet normal -0.871704171564601 -0.01959907962443875 0.4896403918742281
    outer loop
      vertex -24.25002077350367 0.604559735354933 39.66840548848837
      vertex -23.35438615626699 19.527845498461982 42.02035078463099
      vertex -23.524228039779512 22.997552337700647 41.85686586983026
    endloop
  endfacet
  facet normal -0.8717041715645663 -0.01959907962444545 0.48964039187428937
    outer loop
      vertex -24.25002077350367 0.604559735354933 39.66840548848837
      vertex -23.524228039779512 22.997552337700647 41.85686586983026
      vertex -23.5333625687765 23.184162007109645 41.84807323479859
    endloop
  endfacet
  facet normal -0.500291763857557 -0.007191579026466274 0.8658270221051089
    outer loop
      vertex -23.944465699562453 -1.0096934958341552 51.88920984454193
      vertex -20.75024708834446 15.142205437106897 53.86904978599912
      vertex -30.313347069973243 25.942664819416574 48.43301270189222
    endloop
  endfacet
  facet normal -0.9001838744808494 0.03914410887126284 -0.4337473122283541
    outer loop
      vertex -29.03064516283519 -28.681444601168334 71.56698729810778
      vertex -26.8301994120031 26.71958354096186 72
      vertex -26.62794516340936 26.572637227888745 71.56698729810778
    endloop
  endfacet
  facet normal -0.5738274499615638 0.02870827415238263 0.8184729028292876
    outer loop
      vertex -24.700003415531132 -0.7023311917911759 63.98624724355014
      vertex -20.939787328198832 16.5711364814518 66.01664282222842
      vertex -28.429394675340042 26.05647392276865 60.43301270189222
    endloop
  endfacet
  facet normal -0.7870679566360743 1.5896048326190539e-15 0.6168662996441894
    outer loop
      vertex -26.40033477602229 0.9380679535860259 75.78906088066542
      vertex -24.63607696058631 20.51120576465287 78.04010100812148
      vertex -24.641177550289466 20.74766145046435 78.03359309754569
    endloop
  endfacet
  facet normal -0.9015031905806065 0.031148208776300694 0.43165007409128825
    outer loop
      vertex -26.60258902461603 1.0850142666591442 75.3560481787732
      vertex -24.641177550289466 20.74766145046435 78.03359309754569
      vertex -24.625277845360134 22.841411572589813 77.91571305011745
    endloop
  endfacet
  facet normal -0.9015031905806089 0.031148208776301985 0.4316500740912832
    outer loop
      vertex -26.60258902461603 1.0850142666591442 75.3560481787732
      vertex -24.625277845360134 22.841411572589813 77.91571305011745
      vertex -24.667805352858792 22.872309615397654 77.82466452552637
    endloop
  endfacet
  facet normal -0.6443010422193352 -0.06422194484165848 0.762070671785651
    outer loop
      vertex -19.885730776099802 -15.271136096560513 42.02035078463099
      vertex -23.35438615626699 19.527845498461982 42.02035078463099
      vertex -24.25002077350367 0.604559735354933 39.66840548848837
    endloop
  endfacet
  facet normal -0.6254505045953858 0.04458708046522702 0.7789888693408684
    outer loop
      vertex -23.261210178856455 -15.992895031116216 66.0166428222284
      vertex -20.939787328198832 16.5711364814518 66.01664282222842
      vertex -24.700003415531132 -0.7023311917911759 63.98624724355014
    endloop
  endfacet
  facet normal -0.6543983287575744 0.0466507113292682 -0.7547095722539676
    outer loop
      vertex -23.261210178856455 -15.992895031116216 66.0166428222284
      vertex -20.68879959568532 20.633491660164708 66.0501203439036
      vertex -20.939787328198832 16.5711364814518 66.01664282222842
    endloop
  endfacet
  facet normal -0.654398328757621 0.046650711329271254 -0.7547095722539271
    outer loop
      vertex -23.488288945571885 -19.178269084387846 66.0166428222284
      vertex -26.62794516340936 26.572637227888745 71.56698729810778
      vertex -20.68879959568532 20.633491660164708 66.0501203439036
    endloop
  endfacet
  facet normal -0.9822633868453663 -2.7653507720402982e-17 0.18750637019330965
    outer loop
      vertex -24.80768420501554 0.7512342971541872 3.126499915581586
      vertex -24.282595548589626 22.560931033336384 5.877208392969656
      vertex -25.404508497187475 24.706107373853765 0
    endloop
  endfacet
  facet normal -0.6597155940149577 -0.015369112536797281 0.7513581871473304
    outer loop
      vertex -22.389348469289562 0.17611075820594868 15.859598027782148
      vertex -26.69863869549088 26.349438133824027 12.611286917033095
      vertex -26.90652031656543 26.557319754898575 12.433012701892219
    endloop
  endfacet
  facet normal -0.923219571451262 -0.02544618241127285 0.38342941291721505
    outer loop
      vertex -24.282595548589626 22.560931033336384 5.877208392969656
      vertex -24.230362706467968 22.516112195445476 5.999999999999997
      vertex -24.259155594670133 23.56075447133642 6
    endloop
  endfacet
  facet normal -0.8717041715645909 -0.0195990796244368 0.489640391874246
    outer loop
      vertex -24.25002077350367 0.604559735354933 39.66840548848837
      vertex -26.502449755960598 26.153249194293743 36.68106832139737
      vertex -26.644988571759203 26.29578801009235 36.43301270189222
    endloop
  endfacet
  facet normal -0.777488532771996 -0.04447921413024761 -0.6273222305310121
    outer loop
      vertex -22.470905552087263 0.8032640863977125 32.20123019665211
      vertex -26.644988571759203 26.29578801009235 35.56698729810778
      vertex -21.88752408825008 21.538323526583223 30.008016756656605
    endloop
  endfacet
  facet normal -0.9822633868453664 -2.8686134163955175e-15 0.18750637019330857
    outer loop
      vertex -24.282595548589626 22.560931033336384 5.877208392969656
      vertex -24.259155594670133 23.56075447133642 6
      vertex -25.404508497187475 24.706107373853765 0
    endloop
  endfacet
  facet normal -0.9822633868453663 4.163916282060677e-16 0.18750637019330912
    outer loop
      vertex -25.404508497187475 24.706107373853765 0
      vertex -24.259155594670133 23.56075447133642 6
      vertex -24.260130165363663 23.910929603696804 5.994894652863477
    endloop
  endfacet
  facet normal -0.9822633868453664 0 0.18750637019330915
    outer loop
      vertex -25.404508497187475 24.706107373853765 0
      vertex -24.260130165363663 23.910929603696804 5.994894652863477
      vertex -24.260130165363663 24.14951429432242 5.994894652863477
    endloop
  endfacet
  facet normal -0.9060374296629692 0 -0.4231975614883909
    outer loop
      vertex -25.404508497187475 24.706107373853765 0
      vertex -25.202254248593736 25.14694631307312 -0.4330127018922193
      vertex -25.202254248593736 24.85305368692688 -0.4330127018922193
    endloop
  endfacet
  facet normal 0 0 -1
    outer loop
      vertex -25.202254248593736 24.85305368692688 -0.4330127018922193
      vertex -25.202254248593736 25.14694631307312 -0.4330127018922193
      vertex -24.922745751406264 24.76223587092621 -0.4330127018922193
    endloop
  endfacet
  facet normal -0.9060374296629691 0 -0.4231975614883909
    outer loop
      vertex -25.404508497187475 24.706107373853765 0
      vertex -25.404508497187475 25.293892626146235 0
      vertex -25.202254248593736 25.14694631307312 -0.4330127018922193
    endloop
  endfacet
  facet normal -0.2799809633056557 0.8616928014882813 -0.42319756148838406
    outer loop
      vertex -25.404508497187475 25.293892626146235 0
      vertex -24.845491502812525 25.475528258147577 0
      vertex -25.202254248593736 25.14694631307312 -0.4330127018922193
    endloop
  endfacet
  facet normal -0.9822633868453664 0 0.18750637019330915
    outer loop
      vertex -25.404508497187475 24.706107373853765 0
      vertex -24.260130165363663 24.14951429432242 5.994894652863477
      vertex -25.404508497187475 25.293892626146235 0
    endloop
  endfacet
  facet normal -0.2799809633056537 0.8616928014882811 -0.42319756148838555
    outer loop
      vertex -25.202254248593736 25.14694631307312 -0.4330127018922193
      vertex -24.845491502812525 25.475528258147577 0
      vertex -24.922745751406264 25.23776412907379 -0.4330127018922193
    endloop
  endfacet
  facet normal -0.30044747189088206 0.9246822380244882 0.2338676448686336
    outer loop
      vertex -25.404508497187475 25.293892626146235 0
      vertex -24.260130165363663 24.14951429432242 5.994894652863477
      vertex -24.845491502812525 25.475528258147577 0
    endloop
  endfacet
  facet normal -0.3004474718908558 0.9246822380244969 0.23386764486863296
    outer loop
      vertex -24.260130165363663 24.14951429432242 5.994894652863477
      vertex -24.230353849767646 24.175045914247026 5.9321992906321395
      vertex -24.845491502812525 25.475528258147577 0
    endloop
  endfacet
  facet normal -0.3004474718908956 0.9246822380244837 0.2338676448686342
    outer loop
      vertex -24.230353849767646 24.175045914247026 5.9321992906321395
      vertex -23.950845352580178 24.2658637302477 5.932199290632141
      vertex -24.845491502812525 25.475528258147577 0
    endloop
  endfacet
  facet normal -0.30044747189087095 0.9246822380244922 0.23386764486863224
    outer loop
      vertex -23.950845352580178 24.2658637302477 5.932199290632141
      vertex -23.700138600295183 24.33017535563023 6
      vertex -24.845491502812525 25.475528258147577 0
    endloop
  endfacet
  facet normal -0.9075690081869004 -0.025014814728025025 -0.4191571953608437
    outer loop
      vertex -24.230362706467968 22.516112195445476 5.999999999999997
      vertex -27.10877456515917 26.41037344182546 12
      vertex -24.259155594670133 23.56075447133642 6
    endloop
  endfacet
  facet normal -0.9048645890892907 -0.008723469055272754 -0.4256101226473717
    outer loop
      vertex -24.259155594670133 23.56075447133642 6
      vertex -27.10877456515917 26.41037344182546 12
      vertex -24.260130165363663 23.910929603696804 5.994894652863477
    endloop
  endfacet
  facet normal -0.9032997349733187 0 -0.4290100101362813
    outer loop
      vertex -24.260130165363663 23.910929603696804 5.994894652863477
      vertex -26.90652031656543 26.557319754898575 11.566987298107781
      vertex -24.260130165363663 24.14951429432242 5.994894652863477
    endloop
  endfacet
  facet normal -0.9032997349733181 3.9331656306579194e-15 -0.4290100101362828
    outer loop
      vertex -24.260130165363663 24.14951429432242 5.994894652863477
      vertex -26.90652031656543 26.557319754898575 11.566987298107781
      vertex -24.230353849767646 24.175045914247026 5.9321992906321395
    endloop
  endfacet
  facet normal -0.26516046549537015 0.816079999364797 -0.5135205567209862
    outer loop
      vertex -24.230353849767646 24.175045914247026 5.9321992906321395
      vertex -26.62701181937796 26.942030197045483 11.566987298107781
      vertex -23.950845352580178 24.2658637302477 5.932199290632141
    endloop
  endfacet
  facet normal -0.09983401493002458 0.8795794867405202 -0.46515921571891344
    outer loop
      vertex -23.950845352580178 24.2658637302477 5.932199290632141
      vertex -26.62701181937796 26.942030197045483 11.566987298107781
      vertex -23.700138600295183 24.33017535563023 6
    endloop
  endfacet
  facet normal -0.9075690081869002 -0.025014814728024325 -0.419157195360844
    outer loop
      vertex -24.230362706467968 22.516112195445476 5.999999999999997
      vertex -26.87201001562289 25.07597308433253 11.566987298107781
      vertex -27.10877456515917 26.41037344182546 12
    endloop
  endfacet
  facet normal -0.9060374296629689 0 -0.42319756148839127
    outer loop
      vertex -26.90652031656543 26.557319754898575 11.566987298107781
      vertex -27.10877456515917 26.99815869411793 12
      vertex -26.90652031656543 26.851212381044814 11.566987298107781
    endloop
  endfacet
  facet normal -0.27998096330565364 0.8616928014882809 -0.42319756148838594
    outer loop
      vertex -26.90652031656543 26.851212381044814 11.566987298107781
      vertex -26.54975757078422 27.17979432611927 12
      vertex -26.62701181937796 26.942030197045483 11.566987298107781
    endloop
  endfacet
  facet normal -0.906037429662969 0 -0.4231975614883914
    outer loop
      vertex -27.10877456515917 26.41037344182546 12
      vertex -27.10877456515917 26.99815869411793 12
      vertex -26.90652031656543 26.557319754898575 11.566987298107781
    endloop
  endfacet
  facet normal -0.906037429662969 0 0.4231975614883914
    outer loop
      vertex -27.10877456515917 26.41037344182546 12
      vertex -26.90652031656543 26.557319754898575 12.433012701892219
      vertex -27.10877456515917 26.99815869411793 12
    endloop
  endfacet
  facet normal -0.6509807389467146 0 0.7590942481144152
    outer loop
      vertex -26.69863869549088 26.349438133824027 12.611286917033095
      vertex -26.90652031656543 26.851212381044814 12.433012701892219
      vertex -26.90652031656543 26.557319754898575 12.433012701892219
    endloop
  endfacet
  facet normal -0.9060374296629689 0 0.42319756148839127
    outer loop
      vertex -27.10877456515917 26.99815869411793 12
      vertex -26.90652031656543 26.557319754898575 12.433012701892219
      vertex -26.90652031656543 26.851212381044814 12.433012701892219
    endloop
  endfacet
  facet normal -0.6509807389467147 0 0.7590942481144152
    outer loop
      vertex -26.69863869549088 26.349438133824027 12.611286917033095
      vertex -26.69863869549088 26.643330759970265 12.611286917033095
      vertex -26.90652031656543 26.851212381044814 12.433012701892219
    endloop
  endfacet
  facet normal -0.17386394026719457 0.5350981866687675 0.8267050628238357
    outer loop
      vertex -26.90652031656543 26.851212381044814 12.433012701892219
      vertex -26.69863869549088 26.643330759970265 12.611286917033095
      vertex -26.41913019830341 26.734148575970934 12.611286917033095
    endloop
  endfacet
  facet normal -0.17386394026719457 0.5350981866687675 0.8267050628238356
    outer loop
      vertex -26.90652031656543 26.851212381044814 12.433012701892219
      vertex -26.41913019830341 26.734148575970934 12.611286917033095
      vertex -26.62701181937796 26.942030197045483 12.433012701892219
    endloop
  endfacet
  facet normal -0.27998096330565564 0.8616928014882811 -0.4231975614883845
    outer loop
      vertex -26.90652031656543 26.851212381044814 11.566987298107781
      vertex -27.10877456515917 26.99815869411793 12
      vertex -26.54975757078422 27.17979432611927 12
    endloop
  endfacet
  facet normal -0.27998096330565564 0.8616928014882811 0.4231975614883845
    outer loop
      vertex -27.10877456515917 26.99815869411793 12
      vertex -26.90652031656543 26.851212381044814 12.433012701892219
      vertex -26.54975757078422 27.17979432611927 12
    endloop
  endfacet
  facet normal -0.27998096330565364 0.8616928014882809 0.42319756148838594
    outer loop
      vertex -26.90652031656543 26.851212381044814 12.433012701892219
      vertex -26.62701181937796 26.942030197045483 12.433012701892219
      vertex -26.54975757078422 27.17979432611927 12
    endloop
  endfacet
  facet normal -0.9048645890892909 -0.008723469055273188 -0.4256101226473712
    outer loop
      vertex -24.260130165363663 23.910929603696804 5.994894652863477
      vertex -27.10877456515917 26.41037344182546 12
      vertex -26.90652031656543 26.557319754898575 11.566987298107781
    endloop
  endfacet
  facet normal -0.903299734973319 0 -0.429010010136281
    outer loop
      vertex -24.230353849767646 24.175045914247026 5.9321992906321395
      vertex -26.90652031656543 26.557319754898575 11.566987298107781
      vertex -26.90652031656543 26.851212381044814 11.566987298107781
    endloop
  endfacet
  facet normal -0.265160465495361 0.8160799993648009 -0.5135205567209846
    outer loop
      vertex -24.230353849767646 24.175045914247026 5.9321992906321395
      vertex -26.90652031656543 26.851212381044814 11.566987298107781
      vertex -26.62701181937796 26.942030197045483 11.566987298107781
    endloop
  endfacet
  facet normal -0.09983401493003208 0.8795794867405179 -0.4651592157189162
    outer loop
      vertex -23.700138600295183 24.33017535563023 6
      vertex -26.62701181937796 26.942030197045483 11.566987298107781
      vertex -26.54975757078422 27.17979432611927 12
    endloop
  endfacet
  facet normal -0.06525436806278649 0.6111913060504258 0.7887883460454402
    outer loop
      vertex -26.62701181937796 26.942030197045483 12.433012701892219
      vertex -26.41913019830341 26.734148575970934 12.611286917033095
      vertex -25.263387821515817 26.881075785475225 12.593052120965524
    endloop
  endfacet
  facet normal -0.6509807389467205 0 0.7590942481144102
    outer loop
      vertex -26.69863869549088 26.349438133824027 12.611286917033095
      vertex -20.405351380563044 20.350043445042427 18.00825684119234
      vertex -26.69863869549088 26.643330759970265 12.611286917033095
    endloop
  endfacet
  facet normal -0.1738639402671964 0.5350981866687732 0.8267050628238317
    outer loop
      vertex -26.69863869549088 26.643330759970265 12.611286917033095
      vertex -20.405351380563044 20.350043445042427 18.00825684119234
      vertex -26.41913019830341 26.734148575970934 12.611286917033095
    endloop
  endfacet
  facet normal -0.06525436806278728 0.6111913060504315 0.7887883460454358
    outer loop
      vertex -26.41913019830341 26.734148575970934 12.611286917033095
      vertex -20.125842883375572 20.440861261043096 18.00825684119234
      vertex -25.263387821515817 26.881075785475225 12.593052120965524
    endloop
  endfacet
  facet normal -0.2799809633056558 0.8616928014882818 -0.42319756148838306
    outer loop
      vertex -26.846944938520164 26.736329067478923 24
      vertex -26.287927944145213 26.917964699480265 24
      vertex -26.644690689926424 26.589382754405808 23.56698729810778
    endloop
  endfacet
  facet normal -0.2799809633056538 0.8616928014882815 -0.42319756148838455
    outer loop
      vertex -26.644690689926424 26.589382754405808 23.56698729810778
      vertex -26.287927944145213 26.917964699480265 24
      vertex -26.365182192738953 26.680200570406477 23.56698729810778
    endloop
  endfacet
  facet normal -0.2799809633056558 0.8616928014882818 0.42319756148838306
    outer loop
      vertex -26.846944938520164 26.736329067478923 24
      vertex -26.644690689926424 26.589382754405808 24.43301270189222
      vertex -26.287927944145213 26.917964699480265 24
    endloop
  endfacet
  facet normal -0.2799809633056538 0.8616928014882814 0.42319756148838455
    outer loop
      vertex -26.287927944145213 26.917964699480265 24
      vertex -26.644690689926424 26.589382754405808 24.43301270189222
      vertex -26.365182192738953 26.680200570406477 24.43301270189222
    endloop
  endfacet
  facet normal -0.6652091340786555 -4.746717959817255e-15 -0.7466570885877434
    outer loop
      vertex -26.598979458902388 26.249778897235533 23.52626240729521
      vertex -26.644690689926424 26.589382754405808 23.56698729810778
      vertex -20.405351380563044 20.350043445042427 18.00825684119234
    endloop
  endfacet
  facet normal -0.17839902943242525 0.5490557559322199 -0.8165240738491838
    outer loop
      vertex -26.644690689926424 26.589382754405808 23.56698729810778
      vertex -26.365182192738953 26.680200570406477 23.56698729810778
      vertex -20.405351380563044 20.350043445042427 18.00825684119234
    endloop
  endfacet
  facet normal -0.2101234529165669 0.6466934918157389 0.7332364299307463
    outer loop
      vertex -26.644690689926424 26.589382754405808 24.43301270189222
      vertex -21.88065245810761 21.82534452258699 29.99998743985011
      vertex -26.365182192738953 26.680200570406477 24.43301270189222
    endloop
  endfacet
  facet normal -0.9060374296629683 0 -0.4231975614883927
    outer loop
      vertex -26.847242820352943 26.148841697019233 36
      vertex -26.847242820352943 26.736626949311702 36
      vertex -26.644988571759203 26.29578801009235 35.56698729810778
    endloop
  endfacet
  facet normal -0.9060374296629683 0 0.4231975614883927
    outer loop
      vertex -26.847242820352943 26.148841697019233 36
      vertex -26.644988571759203 26.29578801009235 36.43301270189222
      vertex -26.847242820352943 26.736626949311702 36
    endloop
  endfacet
  facet normal -0.8670469900147955 0 0.4982263713476868
    outer loop
      vertex -26.644988571759203 26.29578801009235 36.43301270189222
      vertex -26.502449755960598 26.153249194293743 36.68106832139737
      vertex -26.644988571759203 26.589680636238587 36.43301270189222
    endloop
  endfacet
  facet normal -0.9060374296629682 0 -0.4231975614883927
    outer loop
      vertex -26.644988571759203 26.29578801009235 35.56698729810778
      vertex -26.847242820352943 26.736626949311702 36
      vertex -26.644988571759203 26.589680636238587 35.56698729810778
    endloop
  endfacet
  facet normal -0.9060374296629682 0 0.4231975614883927
    outer loop
      vertex -26.644988571759203 26.29578801009235 36.43301270189222
      vertex -26.644988571759203 26.589680636238587 36.43301270189222
      vertex -26.847242820352943 26.736626949311702 36
    endloop
  endfacet
  facet normal -0.2799809633056554 0.8616928014882804 -0.42319756148838594
    outer loop
      vertex -26.847242820352943 26.736626949311702 36
      vertex -26.288225825977992 26.918262581313044 36
      vertex -26.644988571759203 26.589680636238587 35.56698729810778
    endloop
  endfacet
  facet normal -0.2799809633056554 0.8616928014882804 0.42319756148838594
    outer loop
      vertex -26.847242820352943 26.736626949311702 36
      vertex -26.644988571759203 26.589680636238587 36.43301270189222
      vertex -26.288225825977992 26.918262581313044 36
    endloop
  endfacet
  facet normal -0.8670469900147955 0 0.4982263713476868
    outer loop
      vertex -26.644988571759203 26.589680636238587 36.43301270189222
      vertex -26.502449755960598 26.153249194293743 36.68106832139737
      vertex -26.502449755960598 26.44714182043998 36.68106832139737
    endloop
  endfacet
  facet normal -0.2799809633056535 0.8616928014882803 -0.4231975614883875
    outer loop
      vertex -26.644988571759203 26.589680636238587 35.56698729810778
      vertex -26.288225825977992 26.918262581313044 36
      vertex -26.36548007457173 26.680498452239256 35.56698729810778
    endloop
  endfacet
  facet normal -0.2799809633056535 0.8616928014882803 0.4231975614883875
    outer loop
      vertex -26.644988571759203 26.589680636238587 36.43301270189222
      vertex -26.36548007457173 26.680498452239256 36.43301270189222
      vertex -26.288225825977992 26.918262581313044 36
    endloop
  endfacet
  facet normal -0.2502940748221681 0.7703259535326997 0.5864731890059869
    outer loop
      vertex -26.644988571759203 26.589680636238587 36.43301270189222
      vertex -26.502449755960598 26.44714182043998 36.68106832139737
      vertex -26.222941258773126 26.53795963644065 36.68106832139737
    endloop
  endfacet
  facet normal -0.25029407482216814 0.7703259535326997 0.5864731890059868
    outer loop
      vertex -26.644988571759203 26.589680636238587 36.43301270189222
      vertex -26.222941258773126 26.53795963644065 36.68106832139737
      vertex -26.36548007457173 26.680498452239256 36.43301270189222
    endloop
  endfacet
  facet normal -0.014524808465729757 0.8633273326378552 0.5044352749951573
    outer loop
      vertex -26.36548007457173 26.680498452239256 36.43301270189222
      vertex -26.222941258773126 26.53795963644065 36.68106832139737
      vertex -24.322646854996872 26.57227502118278 36.67705591894487
    endloop
  endfacet
  facet normal -0.7597539155880192 0 -0.6502107256487493
    outer loop
      vertex -26.644988571759203 26.29578801009235 35.56698729810778
      vertex -26.644988571759203 26.589680636238587 35.56698729810778
      vertex -21.88752408825008 21.538323526583223 30.008016756656605
    endloop
  endfacet
  facet normal -0.21011689913963782 0.646673321364378 -0.7332560972344568
    outer loop
      vertex -26.644988571759203 26.589680636238587 35.56698729810778
      vertex -26.36548007457173 26.680498452239256 35.56698729810778
      vertex -21.88065245810761 21.82534452258699 29.99998743985011
    endloop
  endfacet
  facet normal -0.8670469900148032 0 0.49822637134767345
    outer loop
      vertex -26.502449755960598 26.153249194293743 36.68106832139737
      vertex -23.5333625687765 23.478054633255883 41.84807323479859
      vertex -26.502449755960598 26.44714182043998 36.68106832139737
    endloop
  endfacet
  facet normal -0.2502940748221712 0.7703259535327092 0.586473189005973
    outer loop
      vertex -26.502449755960598 26.44714182043998 36.68106832139737
      vertex -23.5333625687765 23.478054633255883 41.84807323479859
      vertex -26.222941258773126 26.53795963644065 36.68106832139737
    endloop
  endfacet
  facet normal -0.014524808465729924 0.863327332637863 0.5044352749951438
    outer loop
      vertex -26.222941258773126 26.53795963644065 36.68106832139737
      vertex -23.25385407158903 23.568872449256553 41.84807323479859
      vertex -24.322646854996872 26.57227502118278 36.67705591894487
    endloop
  endfacet
  facet normal -0.6509807389467239 -8.748647332038233e-15 0.7590942481144072
    outer loop
      vertex -26.69863869549088 26.349438133824027 12.611286917033095
      vertex -20.40535138056304 20.056150818896185 18.00825684119234
      vertex -20.405351380563044 20.350043445042427 18.00825684119234
    endloop
  endfacet
  facet normal -0.17386394026719643 0.5350981866687737 0.8267050628238314
    outer loop
      vertex -26.41913019830341 26.734148575970934 12.611286917033095
      vertex -20.405351380563044 20.350043445042427 18.00825684119234
      vertex -20.125842883375572 20.440861261043096 18.00825684119234
    endloop
  endfacet
  facet normal -0.06525436806278646 0.611191306050432 0.7887883460454355
    outer loop
      vertex -25.263387821515817 26.881075785475225 12.593052120965524
      vertex -20.125842883375572 20.440861261043096 18.00825684119234
      vertex -15.440708236683045 20.868825569349724 18.0642381907438
    endloop
  endfacet
  facet normal -0.667103094051693 -0.0034080496889600537 -0.7449576143002874
    outer loop
      vertex -26.598979458902388 26.249778897235533 23.52626240729521
      vertex -20.40535138056304 20.056150818896185 18.00825684119234
      vertex -20.349833368690366 16.122363707363355 17.97653732440324
    endloop
  endfacet
  facet normal -0.6652091340786581 -8.743772282846548e-15 -0.7466570885877409
    outer loop
      vertex -26.598979458902388 26.249778897235533 23.52626240729521
      vertex -20.405351380563044 20.350043445042427 18.00825684119234
      vertex -20.40535138056304 20.056150818896185 18.00825684119234
    endloop
  endfacet
  facet normal -0.17839902943242633 0.5490557559322183 -0.8165240738491846
    outer loop
      vertex -26.365182192738953 26.680200570406477 23.56698729810778
      vertex -20.125842883375572 20.440861261043096 18.00825684119234
      vertex -20.405351380563044 20.350043445042427 18.00825684119234
    endloop
  endfacet
  facet normal -0.7597539155880211 -4.949308327943788e-15 -0.650210725648747
    outer loop
      vertex -26.644988571759203 26.589680636238587 35.56698729810778
      vertex -21.88065245810761 21.82534452258699 29.99998743985011
      vertex -21.88752408825008 21.538323526583223 30.008016756656605
    endloop
  endfacet
  facet normal 0.0220009100671485 0.9827907924851331 0.18340724675612294
    outer loop
      vertex -23.700138600295183 24.33017535563023 6
      vertex -21.1681352516231 24.297886290287767 5.869290978021138
      vertex -24.845491502812525 25.475528258147577 0
    endloop
  endfacet
  facet normal -0.01951083522083384 0.8676906692059035 0.49672148119645165
    outer loop
      vertex -26.62701181937796 26.942030197045483 12.433012701892219
      vertex -25.263387821515817 26.881075785475225 12.593052120965524
      vertex 2.875260877565361 27.56219087599005 12.508520502785437
    endloop
  endfacet
  facet normal -0.21012345291656706 0.6466934918157389 0.7332364299307463
    outer loop
      vertex -26.365182192738953 26.680200570406477 24.43301270189222
      vertex -21.88065245810761 21.82534452258699 29.99998743985011
      vertex -21.601143960920137 21.91616233858766 29.99998743985011
    endloop
  endfacet
  facet normal -0.030474858436592422 0.746387314280047 0.6648137032921989
    outer loop
      vertex -26.365182192738953 26.680200570406477 24.43301270189222
      vertex -21.601143960920137 21.91616233858766 29.99998743985011
      vertex -17.551871421445597 22.07183306580691 30.010833111915478
    endloop
  endfacet
  facet normal -0.21011689913963705 0.6466733213643783 -0.7332560972344567
    outer loop
      vertex -26.36548007457173 26.680498452239256 35.56698729810778
      vertex -21.601143960920137 21.91616233858766 29.99998743985011
      vertex -21.88065245810761 21.82534452258699 29.99998743985011
    endloop
  endfacet
  facet normal -0.02890717378675744 0.8014365189168055 0.5973808512583704
    outer loop
      vertex -26.36548007457173 26.680498452239256 36.43301270189222
      vertex -24.322646854996872 26.57227502118278 36.67705591894487
      vertex 1.9385612828228975 27.609934097143245 36.555725330565046
    endloop
  endfacet
  facet normal -0.8717041715645989 -0.01959907962443925 0.4896403918742319
    outer loop
      vertex -24.25002077350367 0.604559735354933 39.66840548848837
      vertex -23.5333625687765 23.184162007109645 41.84807323479859
      vertex -26.502449755960598 26.153249194293743 36.68106832139737
    endloop
  endfacet
  facet normal -0.679000317027271 -0.06768066175616949 -0.73101155770693
    outer loop
      vertex -29.363697457788806 25.667587145203612 47.03365387477822
      vertex -23.524228039779512 22.997552337700647 41.85686586983026
      vertex -23.35438615626699 19.527845498461982 42.02035078463099
    endloop
  endfacet
  facet normal -0.5002917638575562 -0.007191579026465466 0.8658270221051092
    outer loop
      vertex -20.75024708834446 15.142205437106897 53.86904978599912
      vertex -27.21824378361598 26.869043221949127 50.22911835145051
      vertex -30.313347069973243 25.942664819416574 48.43301270189222
    endloop
  endfacet
  facet normal -0.9277304421335153 0.040341959525772186 0.37106435161622997
    outer loop
      vertex -26.60258902461603 1.0850142666591442 75.3560481787732
      vertex -24.667805352858792 22.872309615397654 77.82466452552637
      vertex -26.805806398775896 26.676184141412833 72.06570547038564
    endloop
  endfacet
  facet normal -0.927730442133477 0.040341959525784635 0.3710643516163244
    outer loop
      vertex -26.60258902461603 1.0850142666591442 75.3560481787732
      vertex -26.805806398775896 26.676184141412833 72.06570547038564
      vertex -26.8301994120031 26.71958354096186 72
    endloop
  endfacet
  facet normal -0.9015031905806087 0.031148208776309385 0.43165007409128336
    outer loop
      vertex -24.625277845360134 22.841411572589813 77.91571305011745
      vertex -24.621044522774493 23.398875985928107 77.88432729362746
      vertex -24.667805352858792 22.872309615397654 77.82466452552637
    endloop
  endfacet
  facet normal -0.904262260550631 -0.012998561993622412 -0.4267795701881251
    outer loop
      vertex -30.515601318566983 25.79571850634346 48
      vertex -30.574252286988433 29.875851163654726 48
      vertex -30.313347069973243 25.942664819416574 47.56698729810778
    endloop
  endfacet
  facet normal -0.904262260550631 -0.012998561993622412 0.4267795701881251
    outer loop
      vertex -30.515601318566983 25.79571850634346 48
      vertex -30.313347069973243 25.942664819416574 48.43301270189222
      vertex -30.574252286988433 29.875851163654726 48
    endloop
  endfacet
  facet normal -0.49121405581671257 -0.0070610890614678365 -0.8710102711158817
    outer loop
      vertex -30.313347069973243 25.942664819416574 47.56698729810778
      vertex -30.371998038394693 30.022797476727842 47.56698729810778
      vertex -29.363697457788806 25.667587145203612 47.03365387477822
    endloop
  endfacet
  facet normal -0.6790003170272706 -0.06768066175616866 -0.7310115577069305
    outer loop
      vertex -29.363697457788806 25.667587145203612 47.03365387477822
      vertex -30.371998038394693 30.022797476727842 47.56698729810778
      vertex -23.5333625687765 23.184162007109645 41.84807323479859
    endloop
  endfacet
  facet normal -0.904262260550631 -0.012998561993622412 -0.42677957018812507
    outer loop
      vertex -30.313347069973243 25.942664819416574 47.56698729810778
      vertex -30.574252286988433 29.875851163654726 48
      vertex -30.371998038394693 30.022797476727842 47.56698729810778
    endloop
  endfacet
  facet normal -0.904262260550631 -0.012998561993622412 0.42677957018812507
    outer loop
      vertex -30.313347069973243 25.942664819416574 48.43301270189222
      vertex -30.371998038394693 30.022797476727842 48.43301270189222
      vertex -30.574252286988433 29.875851163654726 48
    endloop
  endfacet
  facet normal -0.9060374296629683 0 -0.4231975614883927
    outer loop
      vertex -30.574252286988433 29.875851163654726 48
      vertex -30.574252286988433 30.463636415947196 48
      vertex -30.371998038394693 30.31669010287408 47.56698729810778
    endloop
  endfacet
  facet normal -0.9060374296629683 0 0.4231975614883927
    outer loop
      vertex -30.574252286988433 29.875851163654726 48
      vertex -30.371998038394693 30.31669010287408 48.43301270189222
      vertex -30.574252286988433 30.463636415947196 48
    endloop
  endfacet
  facet normal -0.9060374296629682 0 -0.4231975614883927
    outer loop
      vertex -30.574252286988433 29.875851163654726 48
      vertex -30.371998038394693 30.31669010287408 47.56698729810778
      vertex -30.371998038394693 30.022797476727842 47.56698729810778
    endloop
  endfacet
  facet normal -0.9060374296629682 0 0.4231975614883927
    outer loop
      vertex -30.574252286988433 29.875851163654726 48
      vertex -30.371998038394693 30.022797476727842 48.43301270189222
      vertex -30.371998038394693 30.31669010287408 48.43301270189222
    endloop
  endfacet
  facet normal -0.2799809633056554 0.8616928014882804 -0.42319756148838594
    outer loop
      vertex -30.574252286988433 30.463636415947196 48
      vertex -30.015235292613482 30.645272047948538 48
      vertex -30.371998038394693 30.31669010287408 47.56698729810778
    endloop
  endfacet
  facet normal -0.2799809633056554 0.8616928014882804 0.42319756148838594
    outer loop
      vertex -30.574252286988433 30.463636415947196 48
      vertex -30.371998038394693 30.31669010287408 48.43301270189222
      vertex -30.015235292613482 30.645272047948538 48
    endloop
  endfacet
  facet normal -0.2799809633056535 0.8616928014882803 -0.4231975614883875
    outer loop
      vertex -30.371998038394693 30.31669010287408 47.56698729810778
      vertex -30.015235292613482 30.645272047948538 48
      vertex -30.09248954120722 30.40750791887475 47.56698729810778
    endloop
  endfacet
  facet normal -0.2799809633056535 0.8616928014882803 0.4231975614883875
    outer loop
      vertex -30.371998038394693 30.31669010287408 48.43301270189222
      vertex -30.09248954120722 30.40750791887475 48.43301270189222
      vertex -30.015235292613482 30.645272047948538 48
    endloop
  endfacet
  facet normal -0.6415108471953622 0 -0.7671139634569877
    outer loop
      vertex -30.371998038394693 30.022797476727842 47.56698729810778
      vertex -30.371998038394693 30.31669010287408 47.56698729810778
      vertex -23.5333625687765 23.184162007109645 41.84807323479859
    endloop
  endfacet
  facet normal -0.17087617999191274 0.5259028060565066 -0.8332031983215521
    outer loop
      vertex -30.371998038394693 30.31669010287408 47.56698729810778
      vertex -30.09248954120722 30.40750791887475 47.56698729810778
      vertex -23.5333625687765 23.478054633255883 41.84807323479859
    endloop
  endfacet
  facet normal -0.500291763857556 -0.007191579026466548 0.8658270221051093
    outer loop
      vertex -30.313347069973243 25.942664819416574 48.43301270189222
      vertex -27.21824378361598 26.869043221949127 50.22911835145051
      vertex -30.371998038394693 30.022797476727842 48.43301270189222
    endloop
  endfacet
  facet normal -0.4948839363486655 0 0.8689590839297613
    outer loop
      vertex -30.371998038394693 30.022797476727842 48.43301270189222
      vertex -27.21824378361598 27.162935848095366 50.22911835145051
      vertex -30.371998038394693 30.31669010287408 48.43301270189222
    endloop
  endfacet
  facet normal -0.12727045156607572 0.3916981735537726 0.9112490181025193
    outer loop
      vertex -30.371998038394693 30.31669010287408 48.43301270189222
      vertex -26.938735286428507 27.253753664096035 50.22911835145051
      vertex -30.09248954120722 30.40750791887475 48.43301270189222
    endloop
  endfacet
  facet normal -0.4948839363486651 0 0.8689590839297614
    outer loop
      vertex -30.371998038394693 30.022797476727842 48.43301270189222
      vertex -27.21824378361598 26.869043221949127 50.22911835145051
      vertex -27.21824378361598 27.162935848095366 50.22911835145051
    endloop
  endfacet
  facet normal -0.12727045156607586 0.3916981735537726 0.9112490181025193
    outer loop
      vertex -30.371998038394693 30.31669010287408 48.43301270189222
      vertex -27.21824378361598 27.162935848095366 50.22911835145051
      vertex -26.938735286428507 27.253753664096035 50.22911835145051
    endloop
  endfacet
  facet normal -0.6415108471953622 0 -0.7671139634569878
    outer loop
      vertex -30.371998038394693 30.31669010287408 47.56698729810778
      vertex -23.5333625687765 23.478054633255883 41.84807323479859
      vertex -23.5333625687765 23.184162007109645 41.84807323479859
    endloop
  endfacet
  facet normal -0.17087617999191282 0.5259028060565063 -0.8332031983215524
    outer loop
      vertex -30.09248954120722 30.40750791887475 47.56698729810778
      vertex -23.25385407158903 23.568872449256553 41.84807323479859
      vertex -23.5333625687765 23.478054633255883 41.84807323479859
    endloop
  endfacet
  facet normal -0.6790003170272675 -0.06768066175615127 -0.7310115577069349
    outer loop
      vertex -29.363697457788806 25.667587145203612 47.03365387477822
      vertex -23.5333625687765 23.184162007109645 41.84807323479859
      vertex -23.524228039779512 22.997552337700647 41.85686586983026
    endloop
  endfacet
  facet normal -0.8670469900148033 0 0.49822637134767317
    outer loop
      vertex -26.502449755960598 26.153249194293743 36.68106832139737
      vertex -23.5333625687765 23.184162007109645 41.84807323479859
      vertex -23.5333625687765 23.478054633255883 41.84807323479859
    endloop
  endfacet
  facet normal -0.2502940748221709 0.7703259535327093 0.5864731890059729
    outer loop
      vertex -26.222941258773126 26.53795963644065 36.68106832139737
      vertex -23.5333625687765 23.478054633255883 41.84807323479859
      vertex -23.25385407158903 23.568872449256553 41.84807323479859
    endloop
  endfacet
  facet normal 0.048507862951246594 0.6688559680543468 -0.7418077117622771
    outer loop
      vertex -30.09248954120722 30.40750791887475 47.56698729810778
      vertex -20.04872765832366 23.523984229928672 42.01718724832817
      vertex -23.25385407158903 23.568872449256553 41.84807323479859
    endloop
  endfacet
  facet normal -0.5415221789140494 0.05200441304271347 -0.8390764391688419
    outer loop
      vertex -28.110546068487903 25.75305732530303 59.27687206975873
      vertex -28.318970244939983 28.263662309419363 59.56698729810778
      vertex -20.514931010685736 20.45962307516512 54.04674552515086
    endloop
  endfacet
  facet normal -0.15126599151829456 0.4655488518303478 -0.8719993499822303
    outer loop
      vertex -28.318970244939983 28.263662309419363 59.56698729810778
      vertex -28.03946174775251 28.354480125420032 59.56698729810778
      vertex -20.514931010685736 20.45962307516512 54.04674552515086
    endloop
  endfacet
  facet normal -0.494883936348667 0 0.8689590839297604
    outer loop
      vertex -27.21824378361598 26.869043221949127 50.22911835145051
      vertex -20.529196297446305 20.17999573577945 54.03862125164274
      vertex -27.21824378361598 27.162935848095366 50.22911835145051
    endloop
  endfacet
  facet normal -0.12727045156607616 0.39169817355377395 0.9112490181025187
    outer loop
      vertex -27.21824378361598 27.162935848095366 50.22911835145051
      vertex -20.514931010685736 20.45962307516512 54.04674552515086
      vertex -26.938735286428507 27.253753664096035 50.22911835145051
    endloop
  endfacet
  facet normal -0.6553829819373875 0.032788452907794585 -0.7545846965999055
    outer loop
      vertex -28.110546068487903 25.75305732530303 59.27687206975873
      vertex -28.429394675340042 26.05647392276865 59.56698729810778
      vertex -28.318970244939983 28.263662309419363 59.56698729810778
    endloop
  endfacet
  facet normal -0.8991798774387337 0.0449854785363546 -0.4352606744585579
    outer loop
      vertex -28.63164892393378 26.203420235841765 60
      vertex -28.318970244939983 28.263662309419363 59.56698729810778
      vertex -28.429394675340042 26.05647392276865 59.56698729810778
    endloop
  endfacet
  facet normal -0.8991798774387337 0.044985478536354616 0.4352606744585579
    outer loop
      vertex -28.63164892393378 26.203420235841765 60
      vertex -28.429394675340042 26.05647392276865 60.43301270189222
      vertex -28.521224493533722 28.41060862249248 60
    endloop
  endfacet
  facet normal -0.573827449961561 0.028708274152382546 0.8184729028292895
    outer loop
      vertex -28.429394675340042 26.05647392276865 60.43301270189222
      vertex -27.07191691836523 27.016608982844613 61.351056752634776
      vertex -28.318970244939983 28.263662309419363 60.43301270189222
    endloop
  endfacet
  facet normal -0.8991798774387337 0.044985478536354616 -0.43526067445855793
    outer loop
      vertex -28.63164892393378 26.203420235841765 60
      vertex -28.521224493533722 28.41060862249248 60
      vertex -28.318970244939983 28.263662309419363 59.56698729810778
    endloop
  endfacet
  facet normal -0.8991798774387337 0.044985478536354616 0.4352606744585578
    outer loop
      vertex -28.429394675340042 26.05647392276865 60.43301270189222
      vertex -28.318970244939983 28.263662309419363 60.43301270189222
      vertex -28.521224493533722 28.41060862249248 60
    endloop
  endfacet
  facet normal -0.15588284856150694 0.4797580767457342 0.8634423694269262
    outer loop
      vertex -28.318970244939983 28.263662309419363 60.43301270189222
      vertex -26.792408421177758 27.10742679884528 61.351056752634776
      vertex -28.03946174775251 28.354480125420032 60.43301270189222
    endloop
  endfacet
  facet normal -0.2799809633056554 0.8616928014882804 -0.42319756148838594
    outer loop
      vertex -28.318970244939983 28.263662309419363 59.56698729810778
      vertex -28.521224493533722 28.41060862249248 60
      vertex -27.962207499158772 28.59224425449382 60
    endloop
  endfacet
  facet normal -0.2799809633056554 0.8616928014882804 0.42319756148838594
    outer loop
      vertex -28.318970244939983 28.263662309419363 60.43301270189222
      vertex -27.962207499158772 28.59224425449382 60
      vertex -28.521224493533722 28.41060862249248 60
    endloop
  endfacet
  facet normal -0.2799809633056535 0.8616928014882803 -0.4231975614883875
    outer loop
      vertex -28.318970244939983 28.263662309419363 59.56698729810778
      vertex -27.962207499158772 28.59224425449382 60
      vertex -28.03946174775251 28.354480125420032 59.56698729810778
    endloop
  endfacet
  facet normal -0.2799809633056535 0.8616928014882803 0.4231975614883875
    outer loop
      vertex -28.318970244939983 28.263662309419363 60.43301270189222
      vertex -28.03946174775251 28.354480125420032 60.43301270189222
      vertex -27.962207499158772 28.59224425449382 60
    endloop
  endfacet
  facet normal -0.5738274499615622 0.028708274152384868 0.8184729028292888
    outer loop
      vertex -28.429394675340042 26.05647392276865 60.43301270189222
      vertex -20.68879959568532 20.633491660164708 66.0501203439036
      vertex -27.07191691836523 27.016608982844613 61.351056752634776
    endloop
  endfacet
  facet normal -0.15588284856150755 0.479758076745736 0.8634423694269251
    outer loop
      vertex -27.07191691836523 27.016608982844613 61.351056752634776
      vertex -20.68879959568532 20.633491660164708 66.0501203439036
      vertex -26.792408421177758 27.10742679884528 61.351056752634776
    endloop
  endfacet
  facet normal -0.27998096330565625 0.8616928014882831 -0.4231975614883802
    outer loop
      vertex -26.62794516340936 26.572637227888745 71.56698729810778
      vertex -26.8301994120031 26.71958354096186 72
      vertex -26.27118241762815 26.901219172963202 72
    endloop
  endfacet
  facet normal -0.27998096330565625 0.861692801488283 0.4231975614883802
    outer loop
      vertex -26.8301994120031 26.71958354096186 72
      vertex -26.62794516340936 26.572637227888745 72.43301270189222
      vertex -26.27118241762815 26.901219172963202 72
    endloop
  endfacet
  facet normal -0.2799809633056543 0.8616928014882829 -0.4231975614883818
    outer loop
      vertex -26.62794516340936 26.572637227888745 71.56698729810778
      vertex -26.27118241762815 26.901219172963202 72
      vertex -26.34843666622189 26.663455043889414 71.56698729810778
    endloop
  endfacet
  facet normal -0.2799809633056543 0.8616928014882829 0.4231975614883818
    outer loop
      vertex -26.62794516340936 26.572637227888745 72.43301270189222
      vertex -26.34843666622189 26.663455043889414 72.43301270189222
      vertex -26.27118241762815 26.901219172963202 72
    endloop
  endfacet
  facet normal -0.9277304421337381 0.040341959524782624 0.37106435161578
    outer loop
      vertex -24.621044522774493 23.398875985928107 77.88432729362746
      vertex -26.8301994120031 26.71958354096186 72
      vertex -26.805806398775896 26.676184141412833 72.06570547038564
    endloop
  endfacet
  facet normal -0.2782606525010968 0.8563982292462716 0.4349173280216762
    outer loop
      vertex -26.62794516340936 26.572637227888745 72.43301270189222
      vertex -24.572299768649113 24.516991833128497 77.79600045751354
      vertex -26.34843666622189 26.663455043889414 72.43301270189222
    endloop
  endfacet
  facet normal -0.4125219680253624 0.7865116283014985 0.4595923024192281
    outer loop
      vertex -26.8301994120031 26.71958354096186 72
      vertex -24.598985455925554 24.488369584884314 77.82102981239665
      vertex -26.62794516340936 26.572637227888745 72.43301270189222
    endloop
  endfacet
  facet normal -0.25558672676170696 0.8659513070559032 0.4298880771915049
    outer loop
      vertex -26.34843666622189 26.663455043889414 72.43301270189222
      vertex -24.292791271461642 24.607809649129166 77.79600045751354
      vertex -26.27118241762815 26.901219172963202 72
    endloop
  endfacet
  facet normal -0.18336280901373034 0.5643326986317693 -0.8049265093942297
    outer loop
      vertex -26.62794516340936 26.572637227888745 71.56698729810778
      vertex -26.34843666622189 26.663455043889414 71.56698729810778
      vertex -20.68879959568532 20.633491660164708 66.0501203439036
    endloop
  endfacet
  facet normal -0.9277304421335137 0.04034195952577843 0.3710643516162335
    outer loop
      vertex -24.667805352858792 22.872309615397654 77.82466452552637
      vertex -24.621044522774493 23.398875985928107 77.88432729362746
      vertex -26.805806398775896 26.676184141412833 72.06570547038564
    endloop
  endfacet
  facet normal -0.9277304421335164 0.04034195952576515 0.37106435161622814
    outer loop
      vertex -24.621044522774493 23.398875985928107 77.88432729362746
      vertex -24.608580998909574 24.12426497056807 77.83662445589611
      vertex -26.8301994120031 26.71958354096186 72
    endloop
  endfacet
  facet normal -0.9277304421335162 0.04034195952576622 0.37106435161622847
    outer loop
      vertex -26.8301994120031 26.71958354096186 72
      vertex -24.608580998909574 24.12426497056807 77.83662445589611
      vertex -24.60629867984986 24.257098118183006 77.82788911772556
    endloop
  endfacet
  facet normal -0.927730442133515 0.04034195952577269 0.3710643516162306
    outer loop
      vertex -26.8301994120031 26.71958354096186 72
      vertex -24.60629867984986 24.257098118183006 77.82788911772556
      vertex -24.598985455925554 24.488369584884314 77.82102981239665
    endloop
  endfacet
  facet normal -0.4125219680254091 0.7865116283014695 0.4595923024192361
    outer loop
      vertex -26.62794516340936 26.572637227888745 72.43301270189222
      vertex -24.598985455925554 24.488369584884314 77.82102981239665
      vertex -24.572299768649113 24.516991833128497 77.79600045751354
    endloop
  endfacet
  facet normal -0.2782606525010967 0.8563982292462716 0.43491732802167626
    outer loop
      vertex -26.34843666622189 26.663455043889414 72.43301270189222
      vertex -24.572299768649113 24.516991833128497 77.79600045751354
      vertex -24.292791271461642 24.607809649129166 77.79600045751354
    endloop
  endfacet
  facet normal -0.25558672676170074 0.8659513070559054 0.4298880771915042
    outer loop
      vertex -26.27118241762815 26.901219172963202 72
      vertex -24.292791271461642 24.607809649129166 77.79600045751354
      vertex -24.025762802588407 24.65579955792346 77.85809105616417
    endloop
  endfacet
  facet normal 0.0334683393089573 0.9374529655596521 0.34649936165498835
    outer loop
      vertex -26.27118241762815 26.901219172963202 72
      vertex -24.025762802588407 24.65579955792346 77.85809105616417
      vertex -24.538911306367872 26.679325520947565 72.43301270189222
    endloop
  endfacet
  facet normal 0.033468339308951545 0.937452965559652 0.34649936165498885
    outer loop
      vertex -24.025762802588407 24.65579955792346 77.85809105616417
      vertex -24.02170916869262 26.637398997645548 72.49648827906212
      vertex -24.538911306367872 26.679325520947565 72.43301270189222
    endloop
  endfacet
  facet normal -0.15588284856150722 0.4797580767457343 0.8634423694269262
    outer loop
      vertex -28.318970244939983 28.263662309419363 60.43301270189222
      vertex -27.07191691836523 27.016608982844613 61.351056752634776
      vertex -26.792408421177758 27.10742679884528 61.351056752634776
    endloop
  endfacet
  facet normal -0.020076545641393658 0.5796312697491254 0.8146315261786311
    outer loop
      vertex -28.03946174775251 28.354480125420032 60.43301270189222
      vertex -26.792408421177758 27.10742679884528 61.351056752634776
      vertex -19.627679286399907 27.213306569547793 61.45229489883864
    endloop
  endfacet
  facet normal -0.5002917638575576 -0.007191579026466398 0.8658270221051085
    outer loop
      vertex -20.75024708834446 15.142205437106897 53.86904978599912
      vertex -20.529196297446305 20.17999573577945 54.03862125164274
      vertex -27.21824378361598 26.869043221949127 50.22911835145051
    endloop
  endfacet
  facet normal -0.5415221789140502 0.052004413042711715 -0.8390764391688413
    outer loop
      vertex -20.75024708834446 15.142205437106897 53.86904978599912
      vertex -28.110546068487903 25.75305732530303 59.27687206975873
      vertex -20.529196297446305 20.17999573577945 54.03862125164274
    endloop
  endfacet
  facet normal -0.4948839363486549 1.34674687096123e-14 0.8689590839297673
    outer loop
      vertex -27.21824378361598 27.162935848095366 50.22911835145051
      vertex -20.529196297446305 20.17999573577945 54.03862125164274
      vertex -20.52421666660472 20.277606176195103 54.04145721867274
    endloop
  endfacet
  facet normal -0.4948839363486746 -1.2037028424907141e-14 0.8689590839297561
    outer loop
      vertex -27.21824378361598 27.162935848095366 50.22911835145051
      vertex -20.52421666660472 20.277606176195103 54.04145721867274
      vertex -20.514931010685736 20.45962307516512 54.04674552515086
    endloop
  endfacet
  facet normal -0.12727045156607672 0.3916981735537742 0.9112490181025187
    outer loop
      vertex -26.938735286428507 27.253753664096035 50.22911835145051
      vertex -20.514931010685736 20.45962307516512 54.04674552515086
      vertex -20.235422513498264 20.55044089116579 54.04674552515086
    endloop
  endfacet
  facet normal -0.5415221789140446 0.052004413042722096 -0.8390764391688444
    outer loop
      vertex -28.110546068487903 25.75305732530303 59.27687206975873
      vertex -20.52421666660472 20.277606176195103 54.04145721867274
      vertex -20.529196297446305 20.17999573577945 54.03862125164274
    endloop
  endfacet
  facet normal -0.5415221789140532 0.05200441304270785 -0.8390764391688397
    outer loop
      vertex -28.110546068487903 25.75305732530303 59.27687206975873
      vertex -20.514931010685736 20.45962307516512 54.04674552515086
      vertex -20.52421666660472 20.277606176195103 54.04145721867274
    endloop
  endfacet
  facet normal -0.15126599151829442 0.4655488518303472 -0.8719993499822306
    outer loop
      vertex -28.03946174775251 28.354480125420032 59.56698729810778
      vertex -20.235422513498264 20.55044089116579 54.04674552515086
      vertex -20.514931010685736 20.45962307516512 54.04674552515086
    endloop
  endfacet
  facet normal -0.05046769456743477 0.4556689381155162 0.8887175201613423
    outer loop
      vertex -26.938735286428507 27.253753664096035 50.22911835145051
      vertex -20.235422513498264 20.55044089116579 54.04674552515086
      vertex -15.029375979389616 20.661447558152194 54.28546578384374
    endloop
  endfacet
  facet normal 0.024241155246864175 0.5933605697546673 -0.8045716877026646
    outer loop
      vertex -28.03946174775251 28.354480125420032 59.56698729810778
      vertex -15.029375979389616 20.661447558152194 54.28546578384374
      vertex -20.235422513498264 20.55044089116579 54.04674552515086
    endloop
  endfacet
  facet normal -0.5738274499615628 0.02870827415238401 0.8184729028292885
    outer loop
      vertex -28.429394675340042 26.05647392276865 60.43301270189222
      vertex -20.939787328198832 16.5711364814518 66.01664282222842
      vertex -20.68879959568532 20.633491660164708 66.0501203439036
    endloop
  endfacet
  facet normal -0.15588284856150658 0.4797580767457349 0.8634423694269259
    outer loop
      vertex -26.792408421177758 27.10742679884528 61.351056752634776
      vertex -20.68879959568532 20.633491660164708 66.0501203439036
      vertex -20.40929109849785 20.724309476165377 66.0501203439036
    endloop
  endfacet
  facet normal -0.1833628090137296 0.5643326986317683 -0.8049265093942306
    outer loop
      vertex -26.34843666622189 26.663455043889414 71.56698729810778
      vertex -20.40929109849785 20.724309476165377 66.0501203439036
      vertex -20.68879959568532 20.633491660164708 66.0501203439036
    endloop
  endfacet
  facet normal -0.020076545641393467 0.5796312697491272 0.8146315261786297
    outer loop
      vertex -26.792408421177758 27.10742679884528 61.351056752634776
      vertex -20.40929109849785 20.724309476165377 66.0501203439036
      vertex -15.737086267820075 20.81796555877598 66.09862784475014
    endloop
  endfacet
  facet normal -0.05046769456743567 0.45566893811551407 0.8887175201613433
    outer loop
      vertex -30.09248954120722 30.40750791887475 48.43301270189222
      vertex -26.938735286428507 27.253753664096035 50.22911835145051
      vertex -4.556023840949029 27.772216442924314 51.23433816615408
    endloop
  endfacet
  facet normal 0.03679341736982529 0.8731740251191971 0.48601786623064536
    outer loop
      vertex -30.09248954120722 30.40750791887475 48.43301270189222
      vertex -4.556023840949029 27.772216442924314 51.23433816615408
      vertex -30.015235292613482 30.645272047948538 48
    endloop
  endfacet
  facet normal -0.02007654564139365 0.5796312697491272 0.8146315261786299
    outer loop
      vertex -26.792408421177758 27.10742679884528 61.351056752634776
      vertex -15.737086267820075 20.81796555877598 66.09862784475014
      vertex -19.627679286399907 27.213306569547793 61.45229489883864
    endloop
  endfacet
  facet normal 0.03346833930892166 0.9374529655596529 0.3464993616549892
    outer loop
      vertex -24.025762802588407 24.65579955792346 77.85809105616417
      vertex -21.21950632560859 24.541347620609884 77.89668438581813
      vertex -24.02170916869262 26.637398997645548 72.49648827906212
    endloop
  endfacet
  facet normal 0 0 -1
    outer loop
      vertex -3.6955181300451474 3.6955181300451474 -0.4330127018922193
      vertex -5.5 10.25 -0.4330127018922193
      vertex 0 5.226251859505506 -0.4330127018922193
    endloop
  endfacet
  facet normal 0 0 -1
    outer loop
      vertex -24.922745751406264 24.76223587092621 -0.4330127018922193
      vertex -5.5 13.75 -0.4330127018922193
      vertex -5.5 10.25 -0.4330127018922193
    endloop
  endfacet
  facet normal 0.02200091006714827 0.982790792485133 0.18340724675612308
    outer loop
      vertex -24.845491502812525 25.475528258147577 0
      vertex -21.1681352516231 24.297886290287767 5.869290978021138
      vertex 21.922980156940024 23.333241767723983 5.869290978021137
    endloop
  endfacet
  facet normal 0 0 -1
    outer loop
      vertex -25.202254248593736 25.14694631307312 -0.4330127018922193
      vertex 25.077254248593736 24.76223587092621 -0.4330127018922193
      vertex -24.922745751406264 24.76223587092621 -0.4330127018922193
    endloop
  endfacet
  facet normal 0 0 -1
    outer loop
      vertex -25.202254248593736 25.14694631307312 -0.4330127018922193
      vertex -24.922745751406264 25.23776412907379 -0.4330127018922193
      vertex 25.077254248593736 25.23776412907379 -0.4330127018922193
    endloop
  endfacet
  facet normal 0 0.876551507956312 -0.4813080654835482
    outer loop
      vertex -24.922745751406264 25.23776412907379 -0.4330127018922193
      vertex -24.845491502812525 25.475528258147577 0
      vertex 25.077254248593736 25.23776412907379 -0.4330127018922193
    endloop
  endfacet
  facet normal -0.019739554682021685 0.8778623374144728 0.47850607784034865
    outer loop
      vertex -26.62701181937796 26.942030197045483 12.433012701892219
      vertex 28.010086509886822 28.170596390366875 12.433012701892219
      vertex -26.54975757078422 27.17979432611927 12
    endloop
  endfacet
  facet normal -0.030474858436591333 0.746387314280048 0.664813703292198
    outer loop
      vertex -26.365182192738953 26.680200570406477 24.43301270189222
      vertex -17.551871421445597 22.07183306580691 30.010833111915478
      vertex 19.711632974770986 23.593295180180302 30.010833111915478
    endloop
  endfacet
  facet normal -0.031686273212692365 0.8784856205022813 -0.4767168915201269
    outer loop
      vertex -26.36548007457173 26.680498452239256 35.56698729810778
      vertex -26.288225825977992 26.918262581313044 36
      vertex 28.576157204111727 28.89717696507183 36
    endloop
  endfacet
  facet normal -0.031686273212692365 0.8784856205022813 0.4767168915201269
    outer loop
      vertex -26.288225825977992 26.918262581313044 36
      vertex -26.36548007457173 26.680498452239256 36.43301270189222
      vertex 28.576157204111727 28.89717696507183 36
    endloop
  endfacet
  facet normal 0 0 -1
    outer loop
      vertex -24.922745751406264 24.76223587092621 -0.4330127018922193
      vertex 25.077254248593736 24.76223587092621 -0.4330127018922193
      vertex -5.5 13.75 -0.4330127018922193
    endloop
  endfacet
  facet normal -0.013558093194735369 0.87748948766166 -0.47940418975244714
    outer loop
      vertex -23.700138600295183 24.33017535563023 6
      vertex 28.08734075848056 28.408360519440663 12
      vertex -21.1681352516231 24.297886290287767 5.869290978021138
    endloop
  endfacet
  facet normal -0.06525436806278673 0.6111913060504318 0.7887883460454357
    outer loop
      vertex -25.263387821515817 26.881075785475225 12.593052120965524
      vertex -15.440708236683045 20.868825569349724 18.0642381907438
      vertex 21.354130941791816 24.797258377203057 18.0642381907438
    endloop
  endfacet
  facet normal -0.02022292680645205 0.8993589815804078 -0.43674300850961834
    outer loop
      vertex -23.700138600295183 24.33017535563023 6
      vertex -26.54975757078422 27.17979432611927 12
      vertex 28.08734075848056 28.408360519440663 12
    endloop
  endfacet
  facet normal -0.04896125544229017 0.6366704039694323 -0.7695801401900354
    outer loop
      vertex -26.365182192738953 26.680200570406477 23.56698729810778
      vertex 30.925458026933672 31.085967907413725 23.56698729810778
      vertex -20.125842883375572 20.440861261043096 18.00825684119234
    endloop
  endfacet
  facet normal -0.026978130652159933 0.7479547906082253 -0.6632011849150456
    outer loop
      vertex -26.36548007457173 26.680498452239256 35.56698729810778
      vertex 28.498902955517988 28.65941283599804 35.56698729810778
      vertex -21.601143960920137 21.91616233858766 29.99998743985011
    endloop
  endfacet
  facet normal -0.0676419739891856 0.8795861649369959 -0.47090629832937486
    outer loop
      vertex -26.365182192738953 26.680200570406477 23.56698729810778
      vertex -26.287927944145213 26.917964699480265 24
      vertex 31.00271227552741 31.323732036487513 24
    endloop
  endfacet
  facet normal -0.0676419739891856 0.8795861649369959 0.4709062983293748
    outer loop
      vertex -26.287927944145213 26.917964699480265 24
      vertex -26.365182192738953 26.680200570406477 24.43301270189222
      vertex 30.925458026933672 31.085967907413725 24.43301270189222
    endloop
  endfacet
  facet normal -0.04896125544229038 0.636670403969433 -0.769580140190035
    outer loop
      vertex -20.125842883375572 20.440861261043096 18.00825684119234
      vertex 30.925458026933672 31.085967907413725 23.56698729810778
      vertex -15.440708236683045 20.868825569349724 18.0642381907438
    endloop
  endfacet
  facet normal -0.02697813065216099 0.7479547906082294 -0.6632011849150411
    outer loop
      vertex -21.601143960920137 21.91616233858766 29.99998743985011
      vertex 28.498902955517988 28.65941283599804 35.56698729810778
      vertex -17.551871421445597 22.07183306580691 30.010833111915478
    endloop
  endfacet
  facet normal -0.028907173786757574 0.8014365189168083 0.5973808512583665
    outer loop
      vertex -24.322646854996872 26.57227502118278 36.67705591894487
      vertex 20.378442600822126 24.204139812436797 42.01718724832817
      vertex 1.9385612828228975 27.609934097143245 36.555725330565046
    endloop
  endfacet
  facet normal -0.05046769456743567 0.4556689381155151 0.8887175201613429
    outer loop
      vertex -26.938735286428507 27.253753664096035 50.22911835145051
      vertex -15.029375979389616 20.661447558152194 54.28546578384374
      vertex -4.556023840949029 27.772216442924314 51.23433816615408
    endloop
  endfacet
  facet normal 0.03679341736982531 0.8731740251191973 0.48601786623064536
    outer loop
      vertex -30.015235292613482 30.645272047948538 48
      vertex -4.556023840949029 27.772216442924314 51.23433816615408
      vertex -4.478769592355293 28.009980571998103 50.801325464261865
    endloop
  endfacet
  facet normal -0.014524808465728492 0.8633273326378633 0.5044352749951436
    outer loop
      vertex -24.322646854996872 26.57227502118278 36.67705591894487
      vertex -23.25385407158903 23.568872449256553 41.84807323479859
      vertex 20.378442600822126 24.204139812436797 42.01718724832817
    endloop
  endfacet
  facet normal 0.04850786295124781 0.6688559680543478 -0.7418077117622762
    outer loop
      vertex -30.09248954120722 30.40750791887475 47.56698729810778
      vertex 21.05294053160187 26.115309885763494 47.04137027932961
      vertex -20.04872765832366 23.523984229928672 42.01718724832817
    endloop
  endfacet
  facet normal 0.06309649259542194 0.8700128817911421 -0.4889748645274399
    outer loop
      vertex -30.09248954120722 30.40750791887475 47.56698729810778
      vertex -30.015235292613482 30.645272047948538 48
      vertex 26.24411962967717 26.56513939063727 48
    endloop
  endfacet
  facet normal 0.0334683393089567 0.9374529655596578 0.34649936165497286
    outer loop
      vertex -24.02170916869262 26.637398997645548 72.49648827906212
      vertex -21.21950632560859 24.541347620609884 77.89668438581813
      vertex 19.979355410886804 23.070492511717443 77.89668438581805
    endloop
  endfacet
  facet normal -0.0076926572300232724 0.877103964259263 -0.4802389602119211
    outer loop
      vertex -26.34843666622189 26.663455043889414 71.56698729810778
      vertex -26.27118241762815 26.901219172963202 72
      vertex 26.970580632676107 27.13109051315616 71.56698729810778
    endloop
  endfacet
  facet normal -0.007692657230023288 0.8771039642592612 0.48023896021192414
    outer loop
      vertex -26.27118241762815 26.901219172963202 72
      vertex -24.538911306367872 26.679325520947565 72.43301270189222
      vertex 26.970580632676107 27.13109051315616 72.43301270189222
    endloop
  endfacet
  facet normal 0.035677571017516146 0.8732943480139889 -0.48588485534446535
    outer loop
      vertex -28.03946174775251 28.354480125420032 59.56698729810778
      vertex -27.962207499158772 28.59224425449382 60
      vertex 26.064036106883005 26.385055867843107 60
    endloop
  endfacet
  facet normal 0.03567757101751614 0.8732943480139889 0.48588485534446535
    outer loop
      vertex -28.03946174775251 28.354480125420032 60.43301270189222
      vertex 25.986781858289266 26.14729173876932 60.43301270189222
      vertex -27.962207499158772 28.59224425449382 60
    endloop
  endfacet
  facet normal -0.020076545641394147 0.5796312697491268 0.8146315261786299
    outer loop
      vertex -19.627679286399907 27.213306569547793 61.45229489883864
      vertex -15.737086267820075 20.81796555877598 66.09862784475014
      vertex 18.716895063187543 22.011339630915156 66.09862784475014
    endloop
  endfacet
  facet normal -0.005940907726806725 0.6773724036660392 -0.7356162942506602
    outer loop
      vertex -20.40929109849785 20.724309476165377 66.0501203439036
      vertex 24.95833775275293 26.833637112830765 71.3093364318004
      vertex -15.737086267820075 20.81796555877598 66.09862784475014
    endloop
  endfacet
  facet normal -0.014524808465728416 0.8633273326378539 0.5044352749951596
    outer loop
      vertex -23.25385407158903 23.568872449256553 41.84807323479859
      vertex -20.04872765832366 23.523984229928672 42.01718724832817
      vertex 20.378442600822126 24.204139812436797 42.01718724832817
    endloop
  endfacet
  facet normal 0.024241155246863995 0.5933605697546672 -0.8045716877026646
    outer loop
      vertex -28.03946174775251 28.354480125420032 59.56698729810778
      vertex 25.060861448637606 26.18511929513338 59.56698729810778
      vertex -15.029375979389616 20.661447558152194 54.28546578384374
    endloop
  endfacet
  facet normal 0.06967487358784949 0.9607196068295675 0.268632181697872
    outer loop
      vertex -30.015235292613482 30.645272047948538 48
      vertex -4.478769592355293 28.009980571998103 50.801325464261865
      vertex 26.24411962967717 26.56513939063727 48
    endloop
  endfacet
  facet normal 0.032158856543815416 0.7871653494717614 0.6159030122809872
    outer loop
      vertex -28.03946174775251 28.354480125420032 60.43301270189222
      vertex -19.627679286399907 27.213306569547793 61.45229489883864
      vertex 25.986781858289266 26.14729173876932 60.43301270189222
    endloop
  endfacet
  facet normal -0.005940907726805697 0.677372403666035 -0.7356162942506642
    outer loop
      vertex -26.34843666622189 26.663455043889414 71.56698729810778
      vertex 24.95833775275293 26.833637112830765 71.3093364318004
      vertex -20.40929109849785 20.724309476165377 66.0501203439036
    endloop
  endfacet
  facet normal -0.007076988558941223 0.8069064478576788 0.5906368602099262
    outer loop
      vertex -24.538911306367872 26.679325520947565 72.43301270189222
      vertex -24.02170916869262 26.637398997645548 72.49648827906212
      vertex 26.970580632676107 27.13109051315616 72.43301270189222
    endloop
  endfacet
  facet normal -0.6202757652967409 -0.053283351624166364 0.7825719515962976
    outer loop
      vertex -25.89602008410154 -25.840712148580923 84.43301270189222
      vertex -22.68797217013518 18.705421004713926 90.00878326503016
      vertex -30.453469491349633 27.212921542132246 84.43301270189222
    endloop
  endfacet
  facet normal -0.6057443471465476 0.0059403772474083665 0.7956371646788262
    outer loop
      vertex -29.83139940937963 -29.482198847712777 96.43301270189222
      vertex -21.973797498803478 15.484128912501092 102.07953248323832
      vertex -21.94521407205109 18.398800566542924 102.07953248323832
    endloop
  endfacet
  facet normal -0.6616622854561557 0.02058887887148298 0.7495192579725702
    outer loop
      vertex -29.83139940937963 -29.482198847712777 96.43301270189222
      vertex -21.94521407205109 18.398800566542924 102.07953248323832
      vertex -28.043111128824787 27.98780319330417 96.43301270189222
    endloop
  endfacet
  facet normal -0.6420598122958456 0.055569896061369715 -0.7646379431380267
    outer loop
      vertex -25.124255978367902 -21.003019320091386 113.98035567078664
      vertex -27.57761491417599 27.52230697865537 119.56698729810778
      vertex -21.77933614318359 16.4053272992753 113.8902991039171
    endloop
  endfacet
  facet normal -0.818983812248656 -0.07035290573003251 -0.5694874747788571
    outer loop
      vertex -25.89602008410154 -25.840712148580923 83.56698729810778
      vertex -30.453469491349633 27.212921542132246 83.56698729810778
      vertex -30.167036187083585 27.00475730332837 83.18078164801993
    endloop
  endfacet
  facet normal -0.8931308188496693 -0.0767223324360898 -0.44320539722174557
    outer loop
      vertex -25.89602008410154 -25.840712148580923 83.56698729810778
      vertex -30.655723739943372 27.06597522905913 84
      vertex -30.453469491349633 27.212921542132246 83.56698729810778
    endloop
  endfacet
  facet normal -0.8931308188496693 -0.0767223324360898 0.44320539722174557
    outer loop
      vertex -25.89602008410154 -25.840712148580923 84.43301270189222
      vertex -30.453469491349633 27.212921542132246 84.43301270189222
      vertex -30.655723739943372 27.06597522905913 84
    endloop
  endfacet
  facet normal -0.5553096183012046 0.01727951361092132 -0.8314641581159951
    outer loop
      vertex -29.83139940937963 -29.482198847712777 95.56698729810778
      vertex -28.043111128824787 27.98780319330417 95.56698729810778
      vertex -28.027161084282593 27.677960522615738 95.54989558867773
    endloop
  endfacet
  facet normal -0.9019945899812627 0.02806727504961859 -0.4308340605335458
    outer loop
      vertex -30.03365365797337 -29.33525253463966 96
      vertex -28.245365377418526 28.134749506377286 96
      vertex -28.043111128824787 27.98780319330417 95.56698729810778
    endloop
  endfacet
  facet normal -0.9019945899812627 0.02806727504961859 0.4308340605335458
    outer loop
      vertex -30.03365365797337 -29.33525253463966 96
      vertex -28.043111128824787 27.98780319330417 96.43301270189222
      vertex -28.245365377418526 28.134749506377286 96
    endloop
  endfacet
  facet normal -0.7019480644763718 -0.03472090348435901 -0.7113813138107473
    outer loop
      vertex -22.787380629578703 -16.86365148639558 78.04010100812147
      vertex -30.167036187083585 27.00475730332837 83.18078164801993
      vertex -24.63607696058631 20.51120576465287 78.04010100812148
    endloop
  endfacet
  facet normal -0.7458810220843907 -0.033002149291395964 -0.6652611209416146
    outer loop
      vertex -21.115521722270174 -16.83350516869069 90.00878326503015
      vertex -28.027161084282593 27.677960522615738 95.54989558867773
      vertex -22.68797217013518 18.705421004713926 90.00878326503016
    endloop
  endfacet
  facet normal -0.8992750725187242 0.04443998199323555 -0.43512002016326956
    outer loop
      vertex -29.73693598925147 -27.727282641678855 108
      vertex -27.078432312433172 26.069455780176856 108
      vertex -26.876178063839433 25.92250946710374 107.56698729810778
    endloop
  endfacet
  facet normal -0.8992750725187239 0.04443998199323553 0.4351200201632705
    outer loop
      vertex -29.53468174065773 -27.87422895475197 108.43301270189222
      vertex -26.876178063839433 25.92250946710374 108.43301270189222
      vertex -27.078432312433172 26.069455780176856 108
    endloop
  endfacet
  facet normal -0.6321502560835516 0.03123932471372639 -0.774215834457634
    outer loop
      vertex -29.53468174065773 -27.87422895475197 107.56698729810778
      vertex -26.876178063839433 25.92250946710374 107.56698729810778
      vertex -26.78900969419646 26.341794335313423 107.51273197397576
    endloop
  endfacet
  facet normal -0.741113055965518 0.007267902962947704 -0.6713409088264859
    outer loop
      vertex -24.00076297805065 -0.8029743457281757 104.14083617624897
      vertex -26.78900969419646 26.341794335313423 107.51273197397576
      vertex -21.913262713604265 20.05639251284574 102.06220544219264
    endloop
  endfacet
  facet normal -0.6996063839150427 0.03457284211877152 0.7136915483408419
    outer loop
      vertex -24.688157785694177 -0.5709102239154249 111.8612525018141
      vertex -21.77933614318359 16.4053272992753 113.8902991039171
      vertex -26.876178063839433 25.92250946710374 108.43301270189222
    endloop
  endfacet
  facet normal -0.7411130559655141 0.007267902962946991 -0.6713409088264904
    outer loop
      vertex -24.00076297805065 -0.8029743457281757 104.14083617624897
      vertex -21.94521407205109 18.398800566542924 102.07953248323832
      vertex -21.973797498803478 15.484128912501092 102.07953248323832
    endloop
  endfacet
  facet normal -0.7411130559655077 0.007267902962945499 -0.6713409088264974
    outer loop
      vertex -24.00076297805065 -0.8029743457281757 104.14083617624897
      vertex -21.913262713604265 20.05639251284574 102.06220544219264
      vertex -21.94521407205109 18.398800566542924 102.07953248323832
    endloop
  endfacet
  facet normal -0.5582862029477997 0.050719183139556326 -0.8280966610606423
    outer loop
      vertex -30.071286876336888 -25.413104203649674 131.5669872981078
      vertex -25.455042285589368 25.39973435006875 131.5669872981078
      vertex -22.867291350088873 0.4272446709401731 128.29286478447645
    endloop
  endfacet
  facet normal -0.4731225751715116 -0.007171043334648026 0.8809674256183199
    outer loop
      vertex -29.378376933469564 -25.030862363887103 133.08046513537863
      vertex -20.793901536945366 16.293058824334825 138.0271233306461
      vertex -20.79470508441647 16.34607432445593 138.02712333064608
    endloop
  endfacet
  facet normal -0.49930888637701787 -1.1716873803991882e-13 0.8664240509040261
    outer loop
      vertex -29.378376933469564 -24.736969737740864 133.08046513537863
      vertex -20.79470508441647 16.34607432445593 138.02712333064608
      vertex -20.796910690758793 16.62933499313797 138.02585226846193
    endloop
  endfacet
  facet normal -0.714370254579171 0.06489910655170225 0.6967519252512194
    outer loop
      vertex -30.071286876336888 -25.413104203649674 132.4330127018922
      vertex -20.796910690758793 16.62933499313797 138.02585226846193
      vertex -20.621251981239247 20.049913293665373 137.88734225498612
    endloop
  endfacet
  facet normal -0.6380435776325307 0.014909090053614503 0.7698559034492455
    outer loop
      vertex -28.856486843944115 -27.20779515827898 120.43301270189222
      vertex -20.92381601656498 20.868508081044364 126.07642690574092
      vertex -27.57761491417599 27.52230697865537 120.43301270189222
    endloop
  endfacet
  facet normal -0.7143702545788951 0.0648991065516086 0.6967519252515113
    outer loop
      vertex -30.071286876336888 -25.413104203649674 132.4330127018922
      vertex -20.621251981239247 20.049913293665373 137.88734225498612
      vertex -20.6104016128061 20.261201051139246 137.87878654669248
    endloop
  endfacet
  facet normal -0.7143702545792705 0.06489910655173436 0.6967519252511147
    outer loop
      vertex -30.071286876336888 -25.413104203649674 132.4330127018922
      vertex -20.6104016128061 20.261201051139246 137.87878654669248
      vertex -20.59446783187001 20.539159896349393 137.86923269929383
    endloop
  endfacet
  facet normal -0.7143702545791575 0.0648991065516973 0.6967519252512339
    outer loop
      vertex -30.071286876336888 -25.413104203649674 132.4330127018922
      vertex -20.59446783187001 20.539159896349393 137.86923269929383
      vertex -25.455042285589368 25.39973435006875 132.4330127018922
    endloop
  endfacet
  facet normal -0.5859311938877882 0 0.8103608060791385
    outer loop
      vertex -26.240261288928366 -1.2742555964457591 147.77496025912768
      vertex -22.828369063335025 20.820175500274367 150.24192814572996
      vertex -26.240261288928366 -0.9803629702995225 147.77496025912768
    endloop
  endfacet
  facet normal -0.903070799533701 0.021101950316616016 -0.4289730046546018
    outer loop
      vertex -29.058741092537854 -27.060848845205864 120
      vertex -27.779869162769728 27.669253291728484 120
      vertex -27.57761491417599 27.52230697865537 119.56698729810778
    endloop
  endfacet
  facet normal -0.9030707995337008 0.021101950316616012 0.42897300465460225
    outer loop
      vertex -28.856486843944115 -27.20779515827898 120.43301270189222
      vertex -27.57761491417599 27.52230697865537 120.43301270189222
      vertex -27.779869162769728 27.669253291728484 120
    endloop
  endfacet
  facet normal -0.8922265079513405 0.08105699087638395 -0.44425400700390133
    outer loop
      vertex -30.071286876336888 -25.413104203649674 131.5669872981078
      vertex -25.657296534183107 25.546680663141867 132
      vertex -25.455042285589368 25.39973435006875 131.5669872981078
    endloop
  endfacet
  facet normal -0.8922265079513405 0.08105699087638395 0.44425400700390133
    outer loop
      vertex -30.071286876336888 -25.413104203649674 132.4330127018922
      vertex -25.455042285589368 25.39973435006875 132.4330127018922
      vertex -25.657296534183107 25.546680663141867 132
    endloop
  endfacet
  facet normal -0.9044854994997303 0.011429046675251853 -0.4263512144779445
    outer loop
      vertex -30.820526468122473 -27.208955468674347 143.5669872981078
      vertex -30.35274289779308 25.964241287902457 144
      vertex -30.150488649199342 25.81729497482934 143.5669872981078
    endloop
  endfacet
  facet normal -0.47148822117802297 0.00595770843165043 -0.8818522342210326
    outer loop
      vertex -30.820526468122473 -27.208955468674347 143.5669872981078
      vertex -30.150488649199342 25.81729497482934 143.5669872981078
      vertex -29.034815313481392 24.94285836887889 142.96457744507512
    endloop
  endfacet
  facet normal -0.9044854994997303 0.011429046675251853 0.4263512144779445
    outer loop
      vertex -30.820526468122473 -27.208955468674347 144.4330127018922
      vertex -30.150488649199342 25.81729497482934 144.4330127018922
      vertex -30.35274289779308 25.964241287902457 144
    endloop
  endfacet
  facet normal -0.9060374296629655 0 -0.42319756148839843
    outer loop
      vertex -25.202254248593736 -25.14694631307312 155.5669872981078
      vertex -25.404508497187475 24.706107373853765 156
      vertex -25.202254248593736 24.153571148975985 155.5669872981078
    endloop
  endfacet
  facet normal -0.9060374296629656 0 0.4231975614883985
    outer loop
      vertex -25.404508497187475 -25.293892626146235 156
      vertex -25.202254248593736 24.85305368692688 156.4330127018922
      vertex -25.404508497187475 24.706107373853765 156
    endloop
  endfacet
  facet normal 0 0 1
    outer loop
      vertex -25.202254248593736 -25.14694631307312 156.4330127018922
      vertex -24.922745751406264 24.76223587092621 156.4330127018922
      vertex -25.202254248593736 24.85305368692688 156.4330127018922
    endloop
  endfacet
  facet normal -0.5200113253882085 -0.00788172863599003 -0.8541230004055079
    outer loop
      vertex -23.83565964778628 0.8176425332540158 140.02182631564372
      vertex -29.034815313481392 24.94285836887889 142.96457744507512
      vertex -20.796910690758793 16.62933499313797 138.02585226846193
    endloop
  endfacet
  facet normal -0.5859311938882222 1.0173629978209434e-13 0.8103608060788247
    outer loop
      vertex -26.240261288928366 -1.2742555964457591 147.77496025912768
      vertex -22.82202278934816 20.56683286253562 150.24651681767213
      vertex -22.828369063335025 20.820175500274367 150.24192814572996
    endloop
  endfacet
  facet normal -0.6182111682499747 0.00781169438426237 0.7859732367465501
    outer loop
      vertex -26.240261288928366 -0.9803629702995225 147.77496025912768
      vertex -22.828369063335025 20.820175500274367 150.24192814572996
      vertex -22.85697847754561 22.1585773542119 150.20612305172338
    endloop
  endfacet
  facet normal -0.618211168249919 0.007811694384249772 0.7859732367465939
    outer loop
      vertex -26.240261288928366 -0.9803629702995225 147.77496025912768
      vertex -22.85697847754561 22.1585773542119 150.20612305172338
      vertex -22.855076068627127 22.744460197585887 150.20179638114678
    endloop
  endfacet
  facet normal -0.638043577632541 0.014909090053616932 0.7698559034492369
    outer loop
      vertex -28.856486843944115 -27.20779515827898 120.43301270189222
      vertex -20.9628152635565 17.763775405368296 126.1042314856405
      vertex -20.92381601656498 20.868508081044364 126.07642690574092
    endloop
  endfacet
  facet normal -0.7696599843521084 0.003950277104312836 -0.6384417779233369
    outer loop
      vertex -21.137472797804854 -16.265967705514047 126.1042314856405
      vertex -22.867291350088873 0.4272446709401731 128.29286478447645
      vertex -20.963139563719146 17.700589747371037 126.1042314856405
    endloop
  endfacet
  facet normal -0.5936729278306521 0.0030470241690330143 0.8047006713087137
    outer loop
      vertex -21.350837405257618 -20.89824021535976 125.96436066296071
      vertex -20.963139563719146 17.700589747371037 126.1042314856405
      vertex -20.9628152635565 17.763775405368296 126.1042314856405
    endloop
  endfacet
  facet normal -0.5200113253882019 -0.007881728635990596 -0.8541230004055119
    outer loop
      vertex -20.31148418418418 -15.53529997681575 138.0271233306461
      vertex -23.80341629198221 0.6680263324599915 140.00357639627023
      vertex -20.793901536945366 16.293058824334825 138.0271233306461
    endloop
  endfacet
  facet normal -0.5131086537280829 -0.016805986448444908 0.8581591159504448
    outer loop
      vertex -21.605127787075418 -16.586556393136476 150.2465168176721
      vertex -22.82202278934816 20.56683286253562 150.24651681767213
      vertex -26.240261288928366 -1.2742555964457591 147.77496025912768
    endloop
  endfacet
  facet normal -0.5200113253883354 -0.00788172863595464 -0.8541230004054309
    outer loop
      vertex -23.80341629198221 0.6680263324599915 140.00357639627023
      vertex -23.83565964778628 0.8176425332540158 140.02182631564372
      vertex -20.793901536945366 16.293058824334825 138.0271233306461
    endloop
  endfacet
  facet normal 0 0 1
    outer loop
      vertex -24.922745751406264 -25.23776412907379 156.4330127018922
      vertex -3.6955181300451474 3.6955181300451474 156.4330127018922
      vertex -24.922745751406264 24.76223587092621 156.4330127018922
    endloop
  endfacet
  facet normal -0.7696599843521034 0.003950277104309464 -0.638441777923343
    outer loop
      vertex -22.867291350088873 0.4272446709401731 128.29286478447645
      vertex -20.9628152635565 17.763775405368296 126.1042314856405
      vertex -20.963139563719146 17.700589747371037 126.1042314856405
    endloop
  endfacet
  facet normal -0.7696599843521108 0.003950277104313504 -0.6384417779233339
    outer loop
      vertex -22.867291350088873 0.4272446709401731 128.29286478447645
      vertex -20.92381601656498 20.868508081044364 126.07642690574092
      vertex -20.9628152635565 17.763775405368296 126.1042314856405
    endloop
  endfacet
  facet normal -0.7696599843521084 0.003950277104312946 -0.6384417779233368
    outer loop
      vertex -22.867291350088873 0.4272446709401731 128.29286478447645
      vertex -25.455042285589368 25.39973435006875 131.5669872981078
      vertex -20.92381601656498 20.868508081044364 126.07642690574092
    endloop
  endfacet
  facet normal -0.5200113253862864 -0.007881728636524336 -0.8541230004066733
    outer loop
      vertex -23.83565964778628 0.8176425332540158 140.02182631564372
      vertex -20.79470508441647 16.34607432445593 138.02712333064608
      vertex -20.793901536945366 16.293058824334825 138.0271233306461
    endloop
  endfacet
  facet normal -0.5200113253884828 -0.007881728635916043 -0.8541230004053416
    outer loop
      vertex -23.83565964778628 0.8176425332540158 140.02182631564372
      vertex -20.796910690758793 16.62933499313797 138.02585226846193
      vertex -20.79470508441647 16.34607432445593 138.02712333064608
    endloop
  endfacet
  facet normal -0.9198164151077014 -0.030126995705569398 -0.3911906525316952
    outer loop
      vertex -21.605127787075418 -16.586556393136476 150.2465168176721
      vertex -25.202254248593736 24.153571148975985 155.5669872981078
      vertex -22.82202278934816 20.56683286253562 150.24651681767213
    endloop
  endfacet
  facet normal -0.7019480644763747 -0.03472090348436386 -0.7113813138107444
    outer loop
      vertex -24.63607696058631 20.51120576465287 78.04010100812148
      vertex -30.167036187083585 27.00475730332837 83.18078164801993
      vertex -24.641177550289466 20.74766145046435 78.03359309754569
    endloop
  endfacet
  facet normal -0.6202757652967418 -0.05328335162416591 0.7825719515962969
    outer loop
      vertex -28.450447050597205 28.10124648893035 86.0811157360096
      vertex -22.68797217013518 18.705421004713926 90.00878326503016
      vertex -22.926059035574397 22.576858473907546 90.0836692243021
    endloop
  endfacet
  facet normal -0.7458810220843911 -0.03300214929139673 -0.6652611209416137
    outer loop
      vertex -28.027161084282593 27.677960522615738 95.54989558867773
      vertex -22.926059035574397 22.576858473907546 90.0836692243021
      vertex -22.68797217013518 18.705421004713926 90.00878326503016
    endloop
  endfacet
  facet normal -0.6616622854561524 0.020588878871486832 0.7495192579725728
    outer loop
      vertex -28.043111128824787 27.98780319330417 96.43301270189222
      vertex -21.94521407205109 18.398800566542924 102.07953248323832
      vertex -21.913262713604265 20.05639251284574 102.06220544219264
    endloop
  endfacet
  facet normal -0.6616622854561593 0.02058887887147711 0.7495192579725671
    outer loop
      vertex -28.043111128824787 27.98780319330417 96.43301270189222
      vertex -21.913262713604265 20.05639251284574 102.06220544219264
      vertex -21.8791929377429 21.82388500222228 102.04372959535974
    endloop
  endfacet
  facet normal -0.7019480644763727 -0.03472090348435736 -0.7113813138107469
    outer loop
      vertex -24.60629867984986 24.257098118183006 77.82788911772556
      vertex -30.167036187083585 27.00475730332837 83.18078164801993
      vertex -30.725185083663426 30.375984521996568 83.56698729810778
    endloop
  endfacet
  facet normal -0.8931308188496694 -0.07672233243609032 -0.4432053972217454
    outer loop
      vertex -30.655723739943372 27.06597522905913 84
      vertex -30.725185083663426 30.375984521996568 83.56698729810778
      vertex -30.453469491349633 27.212921542132246 83.56698729810778
    endloop
  endfacet
  facet normal -0.8931308188496694 -0.07672233243609032 0.44320539722174535
    outer loop
      vertex -30.655723739943372 27.06597522905913 84
      vertex -30.453469491349633 27.212921542132246 84.43301270189222
      vertex -30.927439332257165 30.229038208923452 84
    endloop
  endfacet
  facet normal -0.8931308188496694 -0.07672233243609032 -0.4432053972217454
    outer loop
      vertex -30.655723739943372 27.06597522905913 84
      vertex -30.927439332257165 30.229038208923452 84
      vertex -30.725185083663426 30.375984521996568 83.56698729810778
    endloop
  endfacet
  facet normal -0.8931308188496694 -0.07672233243609032 0.44320539722174535
    outer loop
      vertex -30.453469491349633 27.212921542132246 84.43301270189222
      vertex -30.725185083663426 30.375984521996568 84.43301270189222
      vertex -30.927439332257165 30.229038208923452 84
    endloop
  endfacet
  facet normal -0.8189838122486562 -0.07035290573003301 -0.5694874747788565
    outer loop
      vertex -30.453469491349633 27.212921542132246 83.56698729810778
      vertex -30.725185083663426 30.375984521996568 83.56698729810778
      vertex -30.167036187083585 27.00475730332837 83.18078164801993
    endloop
  endfacet
  facet normal -0.6202757652967374 -0.053283351624166427 0.7825719515963002
    outer loop
      vertex -30.453469491349633 27.212921542132246 84.43301270189222
      vertex -28.450447050597205 28.10124648893035 86.0811157360096
      vertex -30.725185083663426 30.375984521996568 84.43301270189222
    endloop
  endfacet
  facet normal -0.9060374296629709 0 -0.42319756148838705
    outer loop
      vertex -30.927439332257165 30.229038208923452 84
      vertex -30.927439332257165 30.81682346121592 84
      vertex -30.725185083663426 30.375984521996568 83.56698729810778
    endloop
  endfacet
  facet normal -0.9060374296629709 0 -0.423197561488387
    outer loop
      vertex -30.927439332257165 30.81682346121592 84
      vertex -30.725185083663426 30.669877148142806 83.56698729810778
      vertex -30.725185083663426 30.375984521996568 83.56698729810778
    endloop
  endfacet
  facet normal -0.27998096330565625 0.861692801488283 -0.4231975614883802
    outer loop
      vertex -30.927439332257165 30.81682346121592 84
      vertex -30.368422337882215 30.998459093217264 84
      vertex -30.725185083663426 30.669877148142806 83.56698729810778
    endloop
  endfacet
  facet normal -0.2799809633056543 0.8616928014882829 -0.4231975614883818
    outer loop
      vertex -30.725185083663426 30.669877148142806 83.56698729810778
      vertex -30.368422337882215 30.998459093217264 84
      vertex -30.445676586475955 30.760694964143475 83.56698729810778
    endloop
  endfacet
  facet normal -0.9060374296629709 0 0.42319756148838705
    outer loop
      vertex -30.927439332257165 30.229038208923452 84
      vertex -30.725185083663426 30.375984521996568 84.43301270189222
      vertex -30.927439332257165 30.81682346121592 84
    endloop
  endfacet
  facet normal -0.9060374296629709 0 0.423197561488387
    outer loop
      vertex -30.927439332257165 30.81682346121592 84
      vertex -30.725185083663426 30.375984521996568 84.43301270189222
      vertex -30.725185083663426 30.669877148142806 84.43301270189222
    endloop
  endfacet
  facet normal -0.27998096330565625 0.861692801488283 0.4231975614883802
    outer loop
      vertex -30.927439332257165 30.81682346121592 84
      vertex -30.725185083663426 30.669877148142806 84.43301270189222
      vertex -30.368422337882215 30.998459093217264 84
    endloop
  endfacet
  facet normal -0.2799809633056543 0.8616928014882829 0.4231975614883818
    outer loop
      vertex -30.725185083663426 30.669877148142806 84.43301270189222
      vertex -30.445676586475955 30.760694964143475 84.43301270189222
      vertex -30.368422337882215 30.998459093217264 84
    endloop
  endfacet
  facet normal -0.5867150563166283 0 0.8097934568094359
    outer loop
      vertex -30.725185083663426 30.375984521996568 84.43301270189222
      vertex -28.450447050597205 28.10124648893035 86.0811157360096
      vertex -30.725185083663426 30.669877148142806 84.43301270189222
    endloop
  endfacet
  facet normal -0.15403318139899572 0.47406538657041963 0.8669116381061813
    outer loop
      vertex -30.725185083663426 30.669877148142806 84.43301270189222
      vertex -28.450447050597205 28.39513911507659 86.0811157360096
      vertex -30.445676586475955 30.760694964143475 84.43301270189222
    endloop
  endfacet
  facet normal -0.6841087356174107 0 -0.7293800366420428
    outer loop
      vertex -24.572299768649113 24.516991833128497 77.79600045751354
      vertex -30.725185083663426 30.375984521996568 83.56698729810778
      vertex -30.725185083663426 30.669877148142806 83.56698729810778
    endloop
  endfacet
  facet normal -0.18451213342748046 0.5678699554588401 -0.8021714195265339
    outer loop
      vertex -24.572299768649113 24.516991833128497 77.79600045751354
      vertex -30.725185083663426 30.669877148142806 83.56698729810778
      vertex -30.445676586475955 30.760694964143475 83.56698729810778
    endloop
  endfacet
  facet normal -0.5867150563166288 0 0.8097934568094355
    outer loop
      vertex -30.725185083663426 30.669877148142806 84.43301270189222
      vertex -28.450447050597205 28.10124648893035 86.0811157360096
      vertex -28.450447050597205 28.39513911507659 86.0811157360096
    endloop
  endfacet
  facet normal -0.15403318139899602 0.4740653865704199 0.8669116381061812
    outer loop
      vertex -30.445676586475955 30.760694964143475 84.43301270189222
      vertex -28.450447050597205 28.39513911507659 86.0811157360096
      vertex -28.170938553409734 28.485956931077258 86.0811157360096
    endloop
  endfacet
  facet normal -0.2799809633056543 0.8616928014882829 -0.4231975614883818
    outer loop
      vertex -28.043111128824787 27.98780319330417 95.56698729810778
      vertex -27.686348383043576 28.316385138378628 96
      vertex -27.763602631637315 28.07862100930484 95.56698729810778
    endloop
  endfacet
  facet normal -0.2799809633056542 0.8616928014882829 0.4231975614883817
    outer loop
      vertex -27.686348383043576 28.316385138378628 96
      vertex -28.043111128824787 27.98780319330417 96.43301270189222
      vertex -27.763602631637315 28.07862100930484 96.43301270189222
    endloop
  endfacet
  facet normal -0.27998096330565625 0.861692801488283 -0.4231975614883802
    outer loop
      vertex -28.245365377418526 28.134749506377286 96
      vertex -27.686348383043576 28.316385138378628 96
      vertex -28.043111128824787 27.98780319330417 95.56698729810778
    endloop
  endfacet
  facet normal -0.27998096330565625 0.861692801488283 0.4231975614883802
    outer loop
      vertex -28.245365377418526 28.134749506377286 96
      vertex -28.043111128824787 27.98780319330417 96.43301270189222
      vertex -27.686348383043576 28.316385138378628 96
    endloop
  endfacet
  facet normal -0.7019480644763731 -0.03472090348436101 -0.7113813138107461
    outer loop
      vertex -24.625277845360134 22.841411572589813 77.91571305011745
      vertex -24.641177550289466 20.74766145046435 78.03359309754569
      vertex -30.167036187083585 27.00475730332837 83.18078164801993
    endloop
  endfacet
  facet normal -0.7019480644763783 -0.03472090348437473 -0.7113813138107404
    outer loop
      vertex -24.625277845360134 22.841411572589813 77.91571305011745
      vertex -30.167036187083585 27.00475730332837 83.18078164801993
      vertex -24.621044522774493 23.398875985928107 77.88432729362746
    endloop
  endfacet
  facet normal -0.7019480644763699 -0.034720903484348115 -0.7113813138107499
    outer loop
      vertex -24.621044522774493 23.398875985928107 77.88432729362746
      vertex -30.167036187083585 27.00475730332837 83.18078164801993
      vertex -24.608580998909574 24.12426497056807 77.83662445589611
    endloop
  endfacet
  facet normal -0.7019480644763797 -0.034720903484388714 -0.7113813138107382
    outer loop
      vertex -24.608580998909574 24.12426497056807 77.83662445589611
      vertex -30.167036187083585 27.00475730332837 83.18078164801993
      vertex -24.60629867984986 24.257098118183006 77.82788911772556
    endloop
  endfacet
  facet normal -0.6202757652967384 -0.05328335162416282 0.7825719515962996
    outer loop
      vertex -30.453469491349633 27.212921542132246 84.43301270189222
      vertex -22.68797217013518 18.705421004713926 90.00878326503016
      vertex -28.450447050597205 28.10124648893035 86.0811157360096
    endloop
  endfacet
  facet normal -0.6841087356174096 1.705667046526588e-15 -0.7293800366420439
    outer loop
      vertex -24.60629867984986 24.257098118183006 77.82788911772556
      vertex -30.725185083663426 30.375984521996568 83.56698729810778
      vertex -24.598985455925554 24.488369584884314 77.82102981239665
    endloop
  endfacet
  facet normal -0.6841087356173772 6.503319696905782e-14 -0.7293800366420742
    outer loop
      vertex -24.598985455925554 24.488369584884314 77.82102981239665
      vertex -30.725185083663426 30.375984521996568 83.56698729810778
      vertex -24.572299768649113 24.516991833128497 77.79600045751354
    endloop
  endfacet
  facet normal -0.18451213342747977 0.5678699554588396 -0.8021714195265345
    outer loop
      vertex -24.572299768649113 24.516991833128497 77.79600045751354
      vertex -30.445676586475955 30.760694964143475 83.56698729810778
      vertex -24.292791271461642 24.607809649129166 77.79600045751354
    endloop
  endfacet
  facet normal 0.03845949205563435 0.7037934592386434 -0.7093628367794063
    outer loop
      vertex -24.292791271461642 24.607809649129166 77.79600045751354
      vertex -30.445676586475955 30.760694964143475 83.56698729810778
      vertex -24.025762802588407 24.65579955792346 77.85809105616417
    endloop
  endfacet
  facet normal -0.5867150563166331 0 0.8097934568094323
    outer loop
      vertex -28.450447050597205 28.10124648893035 86.0811157360096
      vertex -22.926059035574397 22.576858473907546 90.0836692243021
      vertex -28.450447050597205 28.39513911507659 86.0811157360096
    endloop
  endfacet
  facet normal -0.15403318139899708 0.47406538657042385 0.8669116381061788
    outer loop
      vertex -28.450447050597205 28.39513911507659 86.0811157360096
      vertex -22.926059035574397 22.870751100053784 90.0836692243021
      vertex -28.170938553409734 28.485956931077258 86.0811157360096
    endloop
  endfacet
  facet normal -0.7311025828924568 1.5947830906276108e-14 -0.6822675525686228
    outer loop
      vertex -28.027161084282593 27.677960522615738 95.54989558867773
      vertex -28.043111128824787 27.98780319330417 95.56698729810778
      vertex -22.926059035574397 22.870751100053784 90.0836692243021
    endloop
  endfacet
  facet normal -0.20019022386181923 0.6161221562829511 -0.7617856409826856
    outer loop
      vertex -28.043111128824787 27.98780319330417 95.56698729810778
      vertex -27.763602631637315 28.07862100930484 95.56698729810778
      vertex -22.926059035574397 22.870751100053784 90.0836692243021
    endloop
  endfacet
  facet normal -0.7311025828924634 0 -0.6822675525686156
    outer loop
      vertex -28.027161084282593 27.677960522615738 95.54989558867773
      vertex -22.926059035574397 22.870751100053784 90.0836692243021
      vertex -22.926059035574397 22.576858473907546 90.0836692243021
    endloop
  endfacet
  facet normal -0.5867150563166326 0 0.8097934568094329
    outer loop
      vertex -28.450447050597205 28.39513911507659 86.0811157360096
      vertex -22.926059035574397 22.576858473907546 90.0836692243021
      vertex -22.926059035574397 22.870751100053784 90.0836692243021
    endloop
  endfacet
  facet normal -0.15403318139899735 0.4740653865704239 0.8669116381061786
    outer loop
      vertex -28.170938553409734 28.485956931077258 86.0811157360096
      vertex -22.926059035574397 22.870751100053784 90.0836692243021
      vertex -22.646550538386926 22.961568916054453 90.0836692243021
    endloop
  endfacet
  facet normal -0.20019022386181998 0.6161221562829513 -0.7617856409826854
    outer loop
      vertex -27.763602631637315 28.07862100930484 95.56698729810778
      vertex -22.646550538386926 22.961568916054453 90.0836692243021
      vertex -22.926059035574397 22.870751100053784 90.0836692243021
    endloop
  endfacet
  facet normal 0.022001614809115607 0.6009077794167546 0.7990155002139924
    outer loop
      vertex -30.445676586475955 30.760694964143475 84.43301270189222
      vertex -28.170938553409734 28.485956931077258 86.0811157360096
      vertex -18.071986166818746 28.37930325951582 85.88324192830699
    endloop
  endfacet
  facet normal -0.18095247546497176 0.5569144547496538 0.8106185858429318
    outer loop
      vertex -28.043111128824787 27.98780319330417 96.43301270189222
      vertex -21.8791929377429 21.82388500222228 102.04372959535974
      vertex -27.763602631637315 28.07862100930484 96.43301270189222
    endloop
  endfacet
  facet normal -0.18095247546497154 0.5569144547496541 0.8106185858429317
    outer loop
      vertex -27.763602631637315 28.07862100930484 96.43301270189222
      vertex -21.8791929377429 21.82388500222228 102.04372959535974
      vertex -21.59968444055543 21.91470281822295 102.04372959535974
    endloop
  endfacet
  facet normal -0.7411130559655104 0.0072679029629639635 -0.6713409088264944
    outer loop
      vertex -26.78900969419646 26.341794335313423 107.51273197397576
      vertex -26.833873841376356 26.77856590585574 107.56698729810778
      vertex -21.8791929377429 21.82388500222228 102.04372959535974
    endloop
  endfacet
  facet normal -0.20475432480548278 0.6301690146192704 -0.7489744184464703
    outer loop
      vertex -26.833873841376356 26.77856590585574 107.56698729810778
      vertex -26.554365344188884 26.86938372185641 107.56698729810778
      vertex -21.8791929377429 21.82388500222228 102.04372959535974
    endloop
  endfacet
  facet normal -0.8992750725187242 0.0444399819932351 -0.4351200201632699
    outer loop
      vertex -27.078432312433172 26.069455780176856 108
      vertex -26.833873841376356 26.77856590585574 107.56698729810778
      vertex -26.876178063839433 25.92250946710374 107.56698729810778
    endloop
  endfacet
  facet normal -0.6321502560835487 0.031239324713725928 -0.7742158344576363
    outer loop
      vertex -26.876178063839433 25.92250946710374 107.56698729810778
      vertex -26.833873841376356 26.77856590585574 107.56698729810778
      vertex -26.78900969419646 26.341794335313423 107.51273197397576
    endloop
  endfacet
  facet normal -0.8992750725187242 0.0444399819932351 0.4351200201632699
    outer loop
      vertex -27.078432312433172 26.069455780176856 108
      vertex -26.876178063839433 25.92250946710374 108.43301270189222
      vertex -26.833873841376356 26.77856590585574 108.43301270189222
    endloop
  endfacet
  facet normal -0.8992750725187242 0.04443998199323508 -0.4351200201632699
    outer loop
      vertex -27.078432312433172 26.069455780176856 108
      vertex -27.036128089970095 26.925512218928855 108
      vertex -26.833873841376356 26.77856590585574 107.56698729810778
    endloop
  endfacet
  facet normal -0.8992750725187242 0.04443998199323508 0.4351200201632699
    outer loop
      vertex -27.078432312433172 26.069455780176856 108
      vertex -26.833873841376356 26.77856590585574 108.43301270189222
      vertex -27.036128089970095 26.925512218928855 108
    endloop
  endfacet
  facet normal -0.27998096330565625 0.8616928014882831 -0.4231975614883802
    outer loop
      vertex -26.833873841376356 26.77856590585574 107.56698729810778
      vertex -27.036128089970095 26.925512218928855 108
      vertex -26.477111095595145 27.107147850930197 108
    endloop
  endfacet
  facet normal -0.2799809633056543 0.8616928014882829 -0.4231975614883818
    outer loop
      vertex -26.833873841376356 26.77856590585574 107.56698729810778
      vertex -26.477111095595145 27.107147850930197 108
      vertex -26.554365344188884 26.86938372185641 107.56698729810778
    endloop
  endfacet
  facet normal -0.27998096330565625 0.8616928014882831 0.4231975614883802
    outer loop
      vertex -26.833873841376356 26.77856590585574 108.43301270189222
      vertex -26.477111095595145 27.107147850930197 108
      vertex -27.036128089970095 26.925512218928855 108
    endloop
  endfacet
  facet normal -0.2799809633056543 0.8616928014882829 0.4231975614883818
    outer loop
      vertex -26.833873841376356 26.77856590585574 108.43301270189222
      vertex -26.554365344188884 26.86938372185641 108.43301270189222
      vertex -26.477111095595145 27.107147850930197 108
    endloop
  endfacet
  facet normal -0.6996063839150425 0.03457284211877167 0.7136915483408421
    outer loop
      vertex -26.876178063839433 25.92250946710374 108.43301270189222
      vertex -21.447465314543276 21.392157379022656 113.97404685386684
      vertex -26.833873841376356 26.77856590585574 108.43301270189222
    endloop
  endfacet
  facet normal -0.19542365391380376 0.6014521624251494 0.7746385555890498
    outer loop
      vertex -26.833873841376356 26.77856590585574 108.43301270189222
      vertex -21.167956817355805 21.482975195023325 113.97404685386684
      vertex -26.554365344188884 26.86938372185641 108.43301270189222
    endloop
  endfacet
  facet normal -0.7411130559655144 0.007267902962953988 -0.67134090882649
    outer loop
      vertex -26.78900969419646 26.341794335313423 107.51273197397576
      vertex -21.8791929377429 21.82388500222228 102.04372959535974
      vertex -21.913262713604265 20.05639251284574 102.06220544219264
    endloop
  endfacet
  facet normal -0.6996063839150425 0.034572842118771874 0.7136915483408423
    outer loop
      vertex -26.876178063839433 25.92250946710374 108.43301270189222
      vertex -21.77933614318359 16.4053272992753 113.8902991039171
      vertex -21.447465314543276 21.392157379022656 113.97404685386684
    endloop
  endfacet
  facet normal -0.19542365391380426 0.6014521624251494 0.7746385555890497
    outer loop
      vertex -26.833873841376356 26.77856590585574 108.43301270189222
      vertex -21.447465314543276 21.392157379022656 113.97404685386684
      vertex -21.167956817355805 21.482975195023325 113.97404685386684
    endloop
  endfacet
  facet normal -0.006129076266035837 0.7140428697572861 0.7000751492324979
    outer loop
      vertex -26.554365344188884 26.86938372185641 108.43301270189222
      vertex -21.167956817355805 21.482975195023325 113.97404685386684
      vertex -17.33586429930039 21.50191240413607 113.9882813373684
    endloop
  endfacet
  facet normal -0.6420598122958462 0.05556989606136924 -0.7646379431380264
    outer loop
      vertex -21.77933614318359 16.4053272992753 113.8902991039171
      vertex -27.57761491417599 27.52230697865537 119.56698729810778
      vertex -21.447465314543276 21.392157379022656 113.97404685386684
    endloop
  endfacet
  facet normal 0.02200161480911559 0.6009077794167589 0.7990155002139891
    outer loop
      vertex -28.170938553409734 28.485956931077258 86.0811157360096
      vertex -22.646550538386926 22.961568916054453 90.0836692243021
      vertex -18.071986166818746 28.37930325951582 85.88324192830699
    endloop
  endfacet
  facet normal 0.02200161480911724 0.600907779416758 0.7990155002139897
    outer loop
      vertex -22.646550538386926 22.961568916054453 90.0836692243021
      vertex -18.407919211420843 22.89404174125989 90.01773917775911
      vertex -18.071986166818746 28.37930325951582 85.88324192830699
    endloop
  endfacet
  facet normal 0.031617464781481655 0.6899129102458464 0.723201570930884
    outer loop
      vertex -27.763602631637315 28.07862100930484 96.43301270189222
      vertex -21.59968444055543 21.91470281822295 102.04372959535974
      vertex -17.880818423418873 21.803825978654107 101.98691866752232
    endloop
  endfacet
  facet normal -0.2047543248054829 0.6301690146192703 -0.7489744184464705
    outer loop
      vertex -26.554365344188884 26.86938372185641 107.56698729810778
      vertex -21.59968444055543 21.91470281822295 102.04372959535974
      vertex -21.8791929377429 21.82388500222228 102.04372959535974
    endloop
  endfacet
  facet normal -0.18122834285909165 0.5577634872869801 -0.8099729501619263
    outer loop
      vertex -21.447465314543276 21.392157379022656 113.97404685386684
      vertex -27.57761491417599 27.52230697865537 119.56698729810778
      vertex -21.167956817355805 21.482975195023325 113.97404685386684
    endloop
  endfacet
  facet normal 0.012247156247708455 0.7497624298441735 -0.6615937620307533
    outer loop
      vertex -26.554365344188884 26.86938372185641 107.56698729810778
      vertex -2.74639522308245 26.432612151314093 107.51273197397576
      vertex -21.59968444055543 21.91470281822295 102.04372959535974
    endloop
  endfacet
  facet normal -0.6182111682499838 0.007811694384264142 0.7859732367465426
    outer loop
      vertex -26.240261288928366 -0.9803629702995225 147.77496025912768
      vertex -22.855076068627127 22.744460197585887 150.20179638114678
      vertex -30.150488649199342 25.81729497482934 144.4330127018922
    endloop
  endfacet
  facet normal -0.9198164151077021 -0.030126995705570193 -0.3911906525316935
    outer loop
      vertex -25.202254248593736 24.153571148975985 155.5669872981078
      vertex -22.85697847754561 22.1585773542119 150.20612305172338
      vertex -22.828369063335025 20.820175500274367 150.24192814572996
    endloop
  endfacet
  facet normal -0.9154184324699676 -1.4324621899290812e-15 -0.4025035322754663
    outer loop
      vertex -25.404508497187475 24.706107373853765 156
      vertex -22.855076068627127 22.744460197585887 150.20179638114678
      vertex -22.85697847754561 22.1585773542119 150.20612305172338
    endloop
  endfacet
  facet normal -0.17255097907683445 0.5310573076282462 0.8295807951214059
    outer loop
      vertex -27.57761491417599 27.52230697865537 120.43301270189222
      vertex -20.92381601656498 20.868508081044364 126.07642690574092
      vertex -27.298106416988517 27.613124794656038 120.43301270189222
    endloop
  endfacet
  facet normal -0.18122834285909087 0.5577634872869808 -0.809972950161926
    outer loop
      vertex -21.167956817355805 21.482975195023325 113.97404685386684
      vertex -27.57761491417599 27.52230697865537 119.56698729810778
      vertex -27.298106416988517 27.613124794656038 119.56698729810778
    endloop
  endfacet
  facet normal -0.21419220727465482 0.6592158301204363 -0.7208024609152186
    outer loop
      vertex -25.455042285589368 25.39973435006875 131.5669872981078
      vertex -25.175533788401896 25.49055216606942 131.5669872981078
      vertex -20.92381601656498 20.868508081044364 126.07642690574092
    endloop
  endfacet
  facet normal -0.20513227297319855 0.6313322194729548 0.74789061983702
    outer loop
      vertex -25.455042285589368 25.39973435006875 132.4330127018922
      vertex -20.314959334682538 20.629977712350062 137.86923269929383
      vertex -25.175533788401896 25.49055216606942 132.4330127018922
    endloop
  endfacet
  facet normal -0.2799809633056546 0.8616928014882779 -0.4231975614883916
    outer loop
      vertex -25.657296534183107 25.546680663141867 132
      vertex -25.098279539808157 25.72831629514321 132
      vertex -25.455042285589368 25.39973435006875 131.5669872981078
    endloop
  endfacet
  facet normal -0.27998096330565264 0.8616928014882778 -0.42319756148839316
    outer loop
      vertex -25.455042285589368 25.39973435006875 131.5669872981078
      vertex -25.098279539808157 25.72831629514321 132
      vertex -25.175533788401896 25.49055216606942 131.5669872981078
    endloop
  endfacet
  facet normal -0.2799809633056546 0.8616928014882779 0.4231975614883916
    outer loop
      vertex -25.657296534183107 25.546680663141867 132
      vertex -25.455042285589368 25.39973435006875 132.4330127018922
      vertex -25.098279539808157 25.72831629514321 132
    endloop
  endfacet
  facet normal -0.27998096330565264 0.8616928014882778 0.42319756148839316
    outer loop
      vertex -25.455042285589368 25.39973435006875 132.4330127018922
      vertex -25.175533788401896 25.49055216606942 132.4330127018922
      vertex -25.098279539808157 25.72831629514321 132
    endloop
  endfacet
  facet normal -0.27998096330565625 0.8616928014882831 -0.4231975614883802
    outer loop
      vertex -27.57761491417599 27.52230697865537 119.56698729810778
      vertex -27.779869162769728 27.669253291728484 120
      vertex -27.220852168394778 27.850888923729826 120
    endloop
  endfacet
  facet normal -0.27998096330565625 0.8616928014882831 0.4231975614883802
    outer loop
      vertex -27.57761491417599 27.52230697865537 120.43301270189222
      vertex -27.220852168394778 27.850888923729826 120
      vertex -27.779869162769728 27.669253291728484 120
    endloop
  endfacet
  facet normal -0.2799809633056543 0.8616928014882829 -0.4231975614883818
    outer loop
      vertex -27.57761491417599 27.52230697865537 119.56698729810778
      vertex -27.220852168394778 27.850888923729826 120
      vertex -27.298106416988517 27.613124794656038 119.56698729810778
    endloop
  endfacet
  facet normal -0.2799809633056543 0.8616928014882829 0.4231975614883818
    outer loop
      vertex -27.57761491417599 27.52230697865537 120.43301270189222
      vertex -27.298106416988517 27.613124794656038 120.43301270189222
      vertex -27.220852168394778 27.850888923729826 120
    endloop
  endfacet
  facet normal -0.9044854994997306 0.011429046675251858 -0.42635121447794444
    outer loop
      vertex -30.150488649199342 25.81729497482934 143.5669872981078
      vertex -30.35274289779308 25.964241287902457 144
      vertex -30.09710795338565 30.041800017865032 143.5669872981078
    endloop
  endfacet
  facet normal -0.471488221178041 0.005957708431652177 -0.881852234221023
    outer loop
      vertex -30.150488649199342 25.81729497482934 143.5669872981078
      vertex -30.062983504797458 29.713782943130603 143.5465263807849
      vertex -29.10658822469086 25.275900325192776 143.0052013134693
    endloop
  endfacet
  facet normal -0.9044854994997306 0.011429046675251858 0.4263512144779444
    outer loop
      vertex -30.35274289779308 25.964241287902457 144
      vertex -30.150488649199342 25.81729497482934 144.4330127018922
      vertex -30.09710795338565 30.041800017865032 144.4330127018922
    endloop
  endfacet
  facet normal -0.47148822117807904 0.0059577084315588546 -0.8818522342210033
    outer loop
      vertex -30.150488649199342 25.81729497482934 143.5669872981078
      vertex -29.10658822469086 25.275900325192776 143.0052013134693
      vertex -29.034815313481392 24.94285836887889 142.96457744507512
    endloop
  endfacet
  facet normal -0.47148822117792083 0.00595770843164914 -0.8818522342210873
    outer loop
      vertex -30.150488649199342 25.81729497482934 143.5669872981078
      vertex -30.09710795338565 30.041800017865032 143.5669872981078
      vertex -30.062983504797458 29.713782943130603 143.5465263807849
    endloop
  endfacet
  facet normal -0.9044854994997306 0.011429046675251858 -0.4263512144779444
    outer loop
      vertex -30.35274289779308 25.964241287902457 144
      vertex -30.29936220197939 30.188746330938148 144
      vertex -30.09710795338565 30.041800017865032 143.5669872981078
    endloop
  endfacet
  facet normal -0.9044854994997306 0.011429046675251858 0.4263512144779444
    outer loop
      vertex -30.35274289779308 25.964241287902457 144
      vertex -30.09710795338565 30.041800017865032 144.4330127018922
      vertex -30.29936220197939 30.188746330938148 144
    endloop
  endfacet
  facet normal -0.2799809633056546 0.8616928014882779 -0.4231975614883916
    outer loop
      vertex -30.29936220197939 30.188746330938148 144
      vertex -29.740345207604438 30.37038196293949 144
      vertex -30.09710795338565 30.041800017865032 143.5669872981078
    endloop
  endfacet
  facet normal -0.2799809633056546 0.8616928014882779 0.4231975614883916
    outer loop
      vertex -30.29936220197939 30.188746330938148 144
      vertex -30.09710795338565 30.041800017865032 144.4330127018922
      vertex -29.740345207604438 30.37038196293949 144
    endloop
  endfacet
  facet normal -0.27998096330565264 0.8616928014882778 -0.42319756148839316
    outer loop
      vertex -30.09710795338565 30.041800017865032 143.5669872981078
      vertex -29.740345207604438 30.37038196293949 144
      vertex -29.817599456198177 30.1326178338657 143.5669872981078
    endloop
  endfacet
  facet normal -0.27998096330565264 0.8616928014882778 0.42319756148839316
    outer loop
      vertex -30.09710795338565 30.041800017865032 144.4330127018922
      vertex -29.817599456198177 30.1326178338657 144.4330127018922
      vertex -29.740345207604438 30.37038196293949 144
    endloop
  endfacet
  facet normal -0.6182111682499828 0.007811694384264849 0.7859732367465436
    outer loop
      vertex -30.150488649199342 25.81729497482934 144.4330127018922
      vertex -27.707118674539053 27.651810739018437 146.33662450450527
      vertex -30.09710795338565 30.041800017865032 144.4330127018922
    endloop
  endfacet
  facet normal -0.165110399137143 0.5081575572408213 0.8452895676132616
    outer loop
      vertex -30.09710795338565 30.041800017865032 144.4330127018922
      vertex -27.427610177351582 27.742628555019106 146.33662450450527
      vertex -29.817599456198177 30.1326178338657 144.4330127018922
    endloop
  endfacet
  facet normal -0.16511039913714354 0.5081575572408211 0.8452895676132615
    outer loop
      vertex -30.09710795338565 30.041800017865032 144.4330127018922
      vertex -27.707118674539053 27.651810739018437 146.33662450450527
      vertex -27.427610177351582 27.742628555019106 146.33662450450527
    endloop
  endfacet
  facet normal -0.5200113253882039 -0.007881728635985205 -0.8541230004055108
    outer loop
      vertex -29.10658822469086 25.275900325192776 143.0052013134693
      vertex -30.062983504797458 29.713782943130603 143.5465263807849
      vertex -20.6104016128061 20.261201051139246 137.87878654669248
    endloop
  endfacet
  facet normal -0.5200113253882268 -0.007881728636038891 -0.8541230004054964
    outer loop
      vertex -29.034815313481392 24.94285836887889 142.96457744507512
      vertex -29.10658822469086 25.275900325192776 143.0052013134693
      vertex -20.6104016128061 20.261201051139246 137.87878654669248
    endloop
  endfacet
  facet normal -0.5142415982938144 1.4924890706072952e-14 -0.8576453687767591
    outer loop
      vertex -30.062983504797458 29.713782943130603 143.5465263807849
      vertex -30.09710795338565 30.041800017865032 143.5669872981078
      vertex -20.59446783187001 20.539159896349393 137.86923269929383
    endloop
  endfacet
  facet normal -0.13277771381569198 0.40864778391432344 -0.9029823184402841
    outer loop
      vertex -30.09710795338565 30.041800017865032 143.5669872981078
      vertex -29.817599456198177 30.1326178338657 143.5669872981078
      vertex -20.59446783187001 20.539159896349393 137.86923269929383
    endloop
  endfacet
  facet normal -0.5142415982938544 -4.1678531953859745e-14 -0.8576453687767353
    outer loop
      vertex -30.062983504797458 29.713782943130603 143.5465263807849
      vertex -20.59446783187001 20.539159896349393 137.86923269929383
      vertex -20.6104016128061 20.261201051139246 137.87878654669248
    endloop
  endfacet
  facet normal -0.6182111682499833 0.0078116943842661095 0.7859732367465432
    outer loop
      vertex -30.150488649199342 25.81729497482934 144.4330127018922
      vertex -22.855076068627127 22.744460197585887 150.20179638114678
      vertex -27.707118674539053 27.651810739018437 146.33662450450527
    endloop
  endfacet
  facet normal -0.16511039913714293 0.5081575572408212 0.8452895676132617
    outer loop
      vertex -27.707118674539053 27.651810739018437 146.33662450450527
      vertex -22.846112240896137 22.79080430537552 150.20838631597513
      vertex -27.427610177351582 27.742628555019106 146.33662450450527
    endloop
  endfacet
  facet normal -0.6182111682498362 0.007811694384497965 0.7859732367466565
    outer loop
      vertex -27.707118674539053 27.651810739018437 146.33662450450527
      vertex -22.855076068627127 22.744460197585887 150.20179638114678
      vertex -22.846112240896137 22.79080430537552 150.20838631597513
    endloop
  endfacet
  facet normal -0.16511039913714468 0.5081575572408203 0.8452895676132619
    outer loop
      vertex -27.427610177351582 27.742628555019106 146.33662450450527
      vertex -22.846112240896137 22.79080430537552 150.20838631597513
      vertex -22.566603743708665 22.88162212137619 150.20838631597513
    endloop
  endfacet
  facet normal -0.014290560344973356 0.6141752022738112 0.7890403036581527
    outer loop
      vertex -27.427610177351582 27.742628555019106 146.33662450450527
      vertex -22.566603743708665 22.88162212137619 150.20838631597513
      vertex -22.288527596463943 22.918564351798995 150.18466745422256
    endloop
  endfacet
  facet normal -0.9060374296629655 0 0.4231975614883984
    outer loop
      vertex -25.404508497187475 24.706107373853765 156
      vertex -25.202254248593736 24.85305368692688 156.4330127018922
      vertex -25.202254248593736 25.14694631307312 156.4330127018922
    endloop
  endfacet
  facet normal -0.9060374296629654 0 0.42319756148839843
    outer loop
      vertex -25.404508497187475 24.706107373853765 156
      vertex -25.202254248593736 25.14694631307312 156.4330127018922
      vertex -25.404508497187475 25.293892626146235 156
    endloop
  endfacet
  facet normal -0.2799809633056546 0.8616928014882779 -0.4231975614883916
    outer loop
      vertex -25.404508497187475 25.293892626146235 156
      vertex -24.845491502812525 25.475528258147577 156
      vertex -25.202254248593736 25.14694631307312 155.5669872981078
    endloop
  endfacet
  facet normal -0.2799809633056546 0.8616928014882779 0.4231975614883916
    outer loop
      vertex -25.404508497187475 25.293892626146235 156
      vertex -25.202254248593736 25.14694631307312 156.4330127018922
      vertex -24.845491502812525 25.475528258147577 156
    endloop
  endfacet
  facet normal -0.27998096330565264 0.8616928014882778 -0.42319756148839316
    outer loop
      vertex -25.202254248593736 25.14694631307312 155.5669872981078
      vertex -24.845491502812525 25.475528258147577 156
      vertex -24.922745751406264 25.23776412907379 155.5669872981078
    endloop
  endfacet
  facet normal -0.27998096330565264 0.8616928014882778 0.42319756148839316
    outer loop
      vertex -25.202254248593736 25.14694631307312 156.4330127018922
      vertex -24.922745751406264 25.23776412907379 156.4330127018922
      vertex -24.845491502812525 25.475528258147577 156
    endloop
  endfacet
  facet normal -0.9198164151077035 -0.030126995705583488 -0.3911906525316891
    outer loop
      vertex -25.202254248593736 24.153571148975985 155.5669872981078
      vertex -25.404508497187475 24.706107373853765 156
      vertex -22.85697847754561 22.1585773542119 150.20612305172338
    endloop
  endfacet
  facet normal -0.8488494296451263 0.2317450644541448 -0.475130372521362
    outer loop
      vertex -25.404508497187475 25.293892626146235 156
      vertex -25.202254248593736 25.14694631307312 155.5669872981078
      vertex -22.846112240896137 22.79080430537552 150.20838631597513
    endloop
  endfacet
  facet normal -0.2703024824398067 0.8319055002625981 -0.484633682919083
    outer loop
      vertex -25.202254248593736 25.14694631307312 155.5669872981078
      vertex -24.922745751406264 25.23776412907379 155.5669872981078
      vertex -22.846112240896137 22.79080430537552 150.20838631597513
    endloop
  endfacet
  facet normal -0.8488494296451397 0.23174506445410925 -0.47513037252135526
    outer loop
      vertex -25.404508497187475 25.293892626146235 156
      vertex -22.846112240896137 22.79080430537552 150.20838631597513
      vertex -22.855076068627127 22.744460197585887 150.20179638114678
    endloop
  endfacet
  facet normal -0.9154184324699675 0 -0.40250353227546676
    outer loop
      vertex -25.404508497187475 24.706107373853765 156
      vertex -25.404508497187475 25.293892626146235 156
      vertex -22.855076068627127 22.744460197585887 150.20179638114678
    endloop
  endfacet
  facet normal -0.15528267415451674 0.8773454720563248 -0.4540398812545948
    outer loop
      vertex -24.922745751406264 25.23776412907379 155.5669872981078
      vertex -24.845491502812525 25.475528258147577 156
      vertex -22.288527596463943 22.918564351798995 150.18466745422256
    endloop
  endfacet
  facet normal 0.050843463358162595 0.8715630706292317 0.48763998620815746
    outer loop
      vertex -29.817599456198177 30.1326178338657 144.4330127018922
      vertex -11.428790086002111 27.902183746898704 146.50218925590136
      vertex -29.740345207604438 30.37038196293949 144
    endloop
  endfacet
  facet normal -0.1725509790768325 0.5310573076282451 0.8295807951214071
    outer loop
      vertex -27.298106416988517 27.613124794656038 120.43301270189222
      vertex -20.92381601656498 20.868508081044364 126.07642690574092
      vertex -20.64430751937751 20.959325897045034 126.07642690574092
    endloop
  endfacet
  facet normal -0.022462861481229345 0.6335057656953825 0.7734118338148068
    outer loop
      vertex -27.298106416988517 27.613124794656038 120.43301270189222
      vertex -20.64430751937751 20.959325897045034 126.07642690574092
      vertex -16.692481431832228 21.204350297525732 125.99050237558426
    endloop
  endfacet
  facet normal -0.2141922072746533 0.6592158301204368 -0.7208024609152187
    outer loop
      vertex -25.175533788401896 25.49055216606942 131.5669872981078
      vertex -20.64430751937751 20.959325897045034 126.07642690574092
      vertex -20.92381601656498 20.868508081044364 126.07642690574092
    endloop
  endfacet
  facet normal -0.2051322729731985 0.631332219472955 0.7478906198370198
    outer loop
      vertex -25.455042285589368 25.39973435006875 132.4330127018922
      vertex -20.59446783187001 20.539159896349393 137.86923269929383
      vertex -20.314959334682538 20.629977712350062 137.86923269929383
    endloop
  endfacet
  facet normal -0.06062525179098629 0.744712709670569 -0.6646258788975934
    outer loop
      vertex -25.175533788401896 25.49055216606942 131.5669872981078
      vertex -16.692481431832228 21.204350297525732 125.99050237558426
      vertex -20.64430751937751 20.959325897045034 126.07642690574092
    endloop
  endfacet
  facet normal -0.5200113253882107 -0.00788172863599295 -0.8541230004055066
    outer loop
      vertex -29.034815313481392 24.94285836887889 142.96457744507512
      vertex -20.621251981239247 20.049913293665373 137.88734225498612
      vertex -20.796910690758793 16.62933499313797 138.02585226846193
    endloop
  endfacet
  facet normal -0.520011325388158 -0.007881728635865193 -0.85412300040554
    outer loop
      vertex -29.034815313481392 24.94285836887889 142.96457744507512
      vertex -20.6104016128061 20.261201051139246 137.87878654669248
      vertex -20.621251981239247 20.049913293665373 137.88734225498612
    endloop
  endfacet
  facet normal -0.9198164151077082 -0.030126995705602275 -0.39119065253167656
    outer loop
      vertex -25.202254248593736 24.153571148975985 155.5669872981078
      vertex -22.828369063335025 20.820175500274367 150.24192814572996
      vertex -22.82202278934816 20.56683286253562 150.24651681767213
    endloop
  endfacet
  facet normal -0.13277771381569112 0.4086477839143236 -0.9029823184402841
    outer loop
      vertex -29.817599456198177 30.1326178338657 143.5669872981078
      vertex -20.314959334682538 20.629977712350062 137.86923269929383
      vertex -20.59446783187001 20.539159896349393 137.86923269929383
    endloop
  endfacet
  facet normal 0.041351114959412204 0.5438940295716049 -0.8381344581199223
    outer loop
      vertex -29.817599456198177 30.1326178338657 143.5669872981078
      vertex -16.575818548305886 20.536485891108917 137.9930409929569
      vertex -20.314959334682538 20.629977712350062 137.86923269929383
    endloop
  endfacet
  facet normal -0.014290560344938507 0.6141752022738355 0.7890403036581343
    outer loop
      vertex -27.427610177351582 27.742628555019106 146.33662450450527
      vertex -22.288527596463943 22.918564351798995 150.18466745422256
      vertex -20.566183754771476 22.928782839825 150.20790747956616
    endloop
  endfacet
  facet normal -0.2703024824398069 0.831905500262598 -0.48463368291908315
    outer loop
      vertex -24.922745751406264 25.23776412907379 155.5669872981078
      vertex -22.566603743708665 22.88162212137619 150.20838631597513
      vertex -22.846112240896137 22.79080430537552 150.20838631597513
    endloop
  endfacet
  facet normal -0.15528267415450175 0.8773454720563304 -0.45403988125458955
    outer loop
      vertex -24.922745751406264 25.23776412907379 155.5669872981078
      vertex -22.288527596463943 22.918564351798995 150.18466745422256
      vertex -22.566603743708665 22.88162212137619 150.20838631597513
    endloop
  endfacet
  facet normal -0.014290560344932438 0.6141752022738409 0.7890403036581302
    outer loop
      vertex -27.427610177351582 27.742628555019106 146.33662450450527
      vertex -20.566183754771476 22.928782839825 150.20790747956616
      vertex -11.428790086002111 27.902183746898704 146.50218925590136
    endloop
  endfacet
  facet normal -0.014290560344932429 0.6141752022738382 0.7890403036581325
    outer loop
      vertex -29.817599456198177 30.1326178338657 144.4330127018922
      vertex -27.427610177351582 27.742628555019106 146.33662450450527
      vertex -11.428790086002111 27.902183746898704 146.50218925590136
    endloop
  endfacet
  facet normal 0.05084346335816258 0.8715630706292316 0.48763998620815774
    outer loop
      vertex -29.740345207604438 30.37038196293949 144
      vertex -11.428790086002111 27.902183746898704 146.50218925590136
      vertex -11.351535837408376 28.139947875972492 146.06917655400915
    endloop
  endfacet
  facet normal 0 0 1
    outer loop
      vertex -24.922745751406264 24.76223587092621 156.4330127018922
      vertex -3.6955181300451474 3.6955181300451474 156.4330127018922
      vertex 0 5.226251859505506 156.4330127018922
    endloop
  endfacet
  facet normal 0 0 1
    outer loop
      vertex -24.922745751406264 24.76223587092621 156.4330127018922
      vertex 0 5.226251859505506 156.4330127018922
      vertex -5.5 10.25 156.4330127018922
    endloop
  endfacet
  facet normal 0.012247156247707974 0.7497624298441744 -0.6615937620307523
    outer loop
      vertex -21.59968444055543 21.91470281822295 102.04372959535974
      vertex -2.74639522308245 26.432612151314093 107.51273197397576
      vertex -17.880818423418873 21.803825978654107 101.98691866752232
    endloop
  endfacet
  facet normal 0.03161746478148139 0.6899129102458461 0.7232015709308842
    outer loop
      vertex -27.763602631637315 28.07862100930484 96.43301270189222
      vertex -17.880818423418873 21.803825978654107 101.98691866752232
      vertex 15.952897828330247 20.25328776414944 101.98691866752232
    endloop
  endfacet
  facet normal -0.0061290762660358876 0.7140428697572861 0.7000751492324981
    outer loop
      vertex -26.554365344188884 26.86938372185641 108.43301270189222
      vertex -17.33586429930039 21.50191240413607 113.9882813373684
      vertex 17.69411455410227 21.802596608241505 113.9882813373684
    endloop
  endfacet
  facet normal 0.04764830228187814 0.8719450439249966 -0.4872796729438756
    outer loop
      vertex -30.445676586475955 30.760694964143475 83.56698729810778
      vertex -30.368422337882215 30.998459093217264 84
      vertex 27.51437635239284 27.835396113352942 84
    endloop
  endfacet
  facet normal 0.04764830228187814 0.8719450439249966 0.4872796729438756
    outer loop
      vertex -30.445676586475955 30.760694964143475 84.43301270189222
      vertex 27.51437635239284 27.835396113352942 84
      vertex -30.368422337882215 30.998459093217264 84
    endloop
  endfacet
  facet normal 0.03845949205566789 0.7037934592386609 -0.7093628367793872
    outer loop
      vertex -24.025762802588407 24.65579955792346 77.85809105616417
      vertex -30.445676586475955 30.760694964143475 83.56698729810778
      vertex 27.4371221037991 27.597631984279154 83.56698729810778
    endloop
  endfacet
  facet normal 0.0012591565006369752 0.8764560192889784 -0.481480280776923
    outer loop
      vertex -27.763602631637315 28.07862100930484 95.56698729810778
      vertex -27.686348383043576 28.316385138378628 96
      vertex 27.838231010784195 27.998740891264248 95.56698729810778
    endloop
  endfacet
  facet normal 0.0012591565006369752 0.8764560192889784 0.481480280776923
    outer loop
      vertex -27.686348383043576 28.316385138378628 96
      vertex -27.763602631637315 28.07862100930484 96.43301270189222
      vertex 27.915485259377935 28.236505020338036 96
    endloop
  endfacet
  facet normal 0.014299139134687807 0.8753834021109311 -0.48321779140331633
    outer loop
      vertex -26.554365344188884 26.86938372185641 107.56698729810778
      vertex -26.477111095595145 27.107147850930197 108
      vertex 25.852817402624357 26.01332728310441 107.56698729810778
    endloop
  endfacet
  facet normal 0.014299139134687805 0.8753834021109311 0.4832177914033162
    outer loop
      vertex -26.554365344188884 26.86938372185641 108.43301270189222
      vertex 25.930071651218096 26.251091412178198 108
      vertex -26.477111095595145 27.107147850930197 108
    endloop
  endfacet
  facet normal 0.03845949205567189 0.7037934592386367 -0.7093628367794109
    outer loop
      vertex -24.025762802588407 24.65579955792346 77.85809105616417
      vertex 27.4371221037991 27.597631984279154 83.56698729810778
      vertex -21.21950632560859 24.541347620609884 77.89668438581813
    endloop
  endfacet
  facet normal 0.022001614809116256 0.600907779416758 0.7990155002139897
    outer loop
      vertex -18.407919211420843 22.89404174125989 90.01773917775911
      vertex 17.20449845631856 21.590130021715396 90.01773917775911
      vertex -18.071986166818746 28.37930325951582 85.88324192830699
    endloop
  endfacet
  facet normal 0.0010510371793457567 0.7315912373625506 -0.6817427350072605
    outer loop
      vertex -27.763602631637315 28.07862100930484 95.56698729810778
      vertex 27.7446422233616 27.988410461567707 95.55575723030331
      vertex -22.646550538386926 22.961568916054453 90.0836692243021
    endloop
  endfacet
  facet normal 0.0010510371793453416 0.7315912373625525 -0.6817427350072583
    outer loop
      vertex -22.646550538386926 22.961568916054453 90.0836692243021
      vertex 27.7446422233616 27.988410461567707 95.55575723030331
      vertex -18.407919211420843 22.89404174125989 90.01773917775911
    endloop
  endfacet
  facet normal 0.03538046269863582 0.6474484425352061 0.7612875521890308
    outer loop
      vertex -30.445676586475955 30.760694964143475 84.43301270189222
      vertex -18.071986166818746 28.37930325951582 85.88324192830699
      vertex 27.4371221037991 27.597631984279154 84.43301270189222
    endloop
  endfacet
  facet normal -0.0005839968505894637 0.6736775206519994 -0.7390252073615984
    outer loop
      vertex -21.167956817355805 21.482975195023325 113.97404685386684
      vertex 27.50011834080875 27.660628221288803 119.56698729810778
      vertex -17.33586429930039 21.50191240413607 113.9882813373684
    endloop
  endfacet
  facet normal 0.012247156247709855 0.7497624298442405 -0.6615937620306773
    outer loop
      vertex -26.554365344188884 26.86938372185641 107.56698729810778
      vertex 25.852817402624357 26.01332728310441 107.56698729810778
      vertex -2.74639522308245 26.432612151314093 107.51273197397576
    endloop
  endfacet
  facet normal -0.0035276225762086192 0.743899852339096 0.6682818010157323
    outer loop
      vertex -25.175533788401896 25.49055216606942 132.4330127018922
      vertex -20.314959334682538 20.629977712350062 137.86923269929383
      vertex 16.830888735761103 20.694902718913784 137.9930409929569
    endloop
  endfacet
  facet normal 0 0 1
    outer loop
      vertex -24.922745751406264 24.76223587092621 156.4330127018922
      vertex -5.5 10.25 156.4330127018922
      vertex -5.5 13.75 156.4330127018922
    endloop
  endfacet
  facet normal 0 0 1
    outer loop
      vertex -24.922745751406264 24.76223587092621 156.4330127018922
      vertex -5.5 13.75 156.4330127018922
      vertex 5.5 13.75 156.4330127018922
    endloop
  endfacet
  facet normal -0.022462861481228443 0.6335057656953836 0.7734118338148059
    outer loop
      vertex -27.298106416988517 27.613124794656038 120.43301270189222
      vertex -16.692481431832228 21.204350297525732 125.99050237558426
      vertex 18.244683249705908 22.443153057160924 125.99050237558427
    endloop
  endfacet
  facet normal -0.0007599133959406599 0.8766084474102934 -0.4812037535811057
    outer loop
      vertex -27.298106416988517 27.613124794656038 119.56698729810778
      vertex -27.220852168394778 27.850888923729826 120
      vertex 27.50011834080875 27.660628221288803 119.56698729810778
    endloop
  endfacet
  facet normal -0.0007599133959406599 0.8766084474102934 0.4812037535811057
    outer loop
      vertex -27.298106416988517 27.613124794656038 120.43301270189222
      vertex 27.50011834080875 27.660628221288803 120.43301270189222
      vertex -27.220852168394778 27.850888923729826 120
    endloop
  endfacet
  facet normal 0.041351114959414105 0.5438940295716068 -0.8381344581199208
    outer loop
      vertex -29.817599456198177 30.1326178338657 143.5669872981078
      vertex 21.313697660510144 25.345368005791297 142.98304703683007
      vertex -16.575818548305886 20.536485891108917 137.9930409929569
    endloop
  endfacet
  facet normal 0 0 1
    outer loop
      vertex -25.202254248593736 24.85305368692688 156.4330127018922
      vertex -24.922745751406264 24.76223587092621 156.4330127018922
      vertex 24.797745751406264 25.14694631307312 156.4330127018922
    endloop
  endfacet
  facet normal 0 0 1
    outer loop
      vertex -25.202254248593736 24.85305368692688 156.4330127018922
      vertex 24.797745751406264 25.14694631307312 156.4330127018922
      vertex -25.202254248593736 25.14694631307312 156.4330127018922
    endloop
  endfacet
  facet normal 0 0 1
    outer loop
      vertex -25.202254248593736 25.14694631307312 156.4330127018922
      vertex 24.797745751406264 25.14694631307312 156.4330127018922
      vertex -24.922745751406264 25.23776412907379 156.4330127018922
    endloop
  endfacet
  facet normal 0 0.8765515079563075 0.4813080654835563
    outer loop
      vertex -24.922745751406264 25.23776412907379 156.4330127018922
      vertex 25.077254248593736 25.23776412907379 156.4330127018922
      vertex -24.845491502812525 25.475528258147577 156
    endloop
  endfacet
  facet normal 0.06611463035406524 0.8696102330542594 -0.48929224214211886
    outer loop
      vertex -29.817599456198177 30.1326178338657 143.5669872981078
      vertex -29.740345207604438 30.37038196293949 144
      vertex 25.747602910349958 25.90811279083001 143.5669872981078
    endloop
  endfacet
  facet normal -0.0035276225762086275 0.743899852339091 0.6682818010157381
    outer loop
      vertex -20.314959334682538 20.629977712350062 137.86923269929383
      vertex -16.575818548305886 20.536485891108917 137.9930409929569
      vertex 16.830888735761103 20.694902718913784 137.9930409929569
    endloop
  endfacet
  facet normal -0.0005839968505892567 0.6736775206519985 -0.739025207361599
    outer loop
      vertex -21.167956817355805 21.482975195023325 113.97404685386684
      vertex -27.298106416988517 27.613124794656038 119.56698729810778
      vertex 27.50011834080875 27.660628221288803 119.56698729810778
    endloop
  endfacet
  facet normal -0.0716090383006606 0.8796361148922659 -0.47022595739803114
    outer loop
      vertex -25.175533788401896 25.49055216606942 131.5669872981078
      vertex -25.098279539808157 25.72831629514321 132
      vertex 29.88320561724878 30.204225378208882 132
    endloop
  endfacet
  facet normal -0.0716090383006606 0.8796361148922659 0.47022595739803114
    outer loop
      vertex -25.175533788401896 25.49055216606942 132.4330127018922
      vertex 29.88320561724878 30.204225378208882 132
      vertex -25.098279539808157 25.72831629514321 132
    endloop
  endfacet
  facet normal -0.06062525179098623 0.744712709670569 -0.6646258788975934
    outer loop
      vertex -25.175533788401896 25.49055216606942 131.5669872981078
      vertex 29.80595136865504 29.966461249135094 131.5669872981078
      vertex -16.692481431832228 21.204350297525732 125.99050237558426
    endloop
  endfacet
  facet normal 0 0.9154184324699672 -0.4025035322754671
    outer loop
      vertex -24.845491502812525 25.475528258147577 156
      vertex 25.154508497187475 25.475528258147577 156
      vertex -22.288527596463943 22.918564351798995 150.18466745422256
    endloop
  endfacet
  facet normal -6.457158158148104e-15 0.9154184324699867 -0.40250353227542285
    outer loop
      vertex -22.288527596463943 22.918564351798995 150.18466745422256
      vertex 25.154508497187475 25.475528258147577 156
      vertex -20.566183754771476 22.928782839825 150.20790747956616
    endloop
  endfacet
  facet normal 0.07035991978168668 0.9254488138459263 0.3722821170019892
    outer loop
      vertex -29.740345207604438 30.37038196293949 144
      vertex -11.351535837408376 28.139947875972492 146.06917655400915
      vertex 25.824857158943697 26.1458769199038 144
    endloop
  endfacet
  facet normal -0.01429056034493281 0.6141752022738414 0.7890403036581299
    outer loop
      vertex -20.566183754771476 22.928782839825 150.20790747956616
      vertex 21.503994630990995 23.907667074678507 150.20790747956616
      vertex -11.428790086002111 27.902183746898704 146.50218925590136
    endloop
  endfacet
  facet normal 0.009565568191130877 -0.8984465008905977 0.4389787978281206
    outer loop
      vertex -22.420426122159352 -23.050462877494404 6
      vertex 25.154508497187475 -25.475528258147577 0
      vertex 19.108517301707032 -22.60831307799846 6
    endloop
  endfacet
  facet normal -0.047898502467580435 -0.6579513636365327 -0.7515355856845307
    outer loop
      vertex -25.01867444553604 -25.750927851350113 11.56369406579095
      vertex 18.709019161876824 -22.636764214507398 6.050369972387981
      vertex 29.005495722954784 -29.166005603434833 11.110326599624763
    endloop
  endfacet
  facet normal -0.008630867142999637 -0.5314297270357196 -0.8470584120089361
    outer loop
      vertex -29.093300285227272 -29.408318662894796 23.56698729810778
      vertex 17.10378232823041 -21.248100441209992 17.976695817143366
      vertex 21.167125620046672 -21.327635500526725 17.985192419800704
    endloop
  endfacet
  facet normal -0.00863086714299968 -0.5314297270357201 -0.8470584120089358
    outer loop
      vertex -29.093300285227272 -29.408318662894796 23.56698729810778
      vertex 21.167125620046672 -21.327635500526725 17.985192419800704
      vertex 30.210960005509225 -30.371469885989274 23.56698729810778
    endloop
  endfacet
  facet normal -0.04264605173572714 -0.8789445185548982 -0.4750135235692261
    outer loop
      vertex -23.02421715873833 -25.720294662005106 35.746498910493706
      vertex 21.562858931112387 -24.737307609504594 29.924656587987045
      vertex 24.06469631970172 -24.934617646420566 30.06513909087157
    endloop
  endfacet
  facet normal 0 0 -1
    outer loop
      vertex -24.922745751406264 -25.23776412907379 -0.4330127018922193
      vertex 0 -5.226251859505506 -0.4330127018922193
      vertex 25.077254248593736 -25.23776412907379 -0.4330127018922193
    endloop
  endfacet
  facet normal 0.00959638141811051 -0.9013406348727973 -0.43300458356786603
    outer loop
      vertex -22.420426122159352 -23.050462877494404 6
      vertex 19.108517301707032 -22.60831307799846 6
      vertex 18.709019161876824 -22.636764214507398 6.050369972387981
    endloop
  endfacet
  facet normal -0.04789850246758031 -0.6579513636365312 -0.7515355856845317
    outer loop
      vertex -25.04479397910417 -25.75278801123822 11.566987298107781
      vertex 29.005495722954784 -29.166005603434833 11.110326599624763
      vertex 29.568064620403977 -29.728574500884026 11.566987298107781
    endloop
  endfacet
  facet normal -0.06402918275876297 -0.8795282929184434 -0.47151908308276735
    outer loop
      vertex -25.33384831842489 -25.963885073759943 12
      vertex 29.568064620403977 -29.728574500884026 11.566987298107781
      vertex 29.645318868997716 -29.966338629957814 12
    endloop
  endfacet
  facet normal -0.06402918275876304 -0.8795282929184443 0.47151908308276574
    outer loop
      vertex -25.41110256701863 -25.726120944686155 12.433012701892219
      vertex 29.645318868997716 -29.966338629957814 12
      vertex 29.568064620403977 -29.728574500884026 12.433012701892219
    endloop
  endfacet
  facet normal 0 -0.876551507956312 -0.4813080654835482
    outer loop
      vertex -24.922745751406264 -25.23776412907379 -0.4330127018922193
      vertex 25.077254248593736 -25.23776412907379 -0.4330127018922193
      vertex 25.154508497187475 -25.475528258147577 0
    endloop
  endfacet
  facet normal -0.012695819189931094 -0.5601259323437723 0.8283101810862381
    outer loop
      vertex -15.70374805901149 -20.504484675873567 17.976695817143366
      vertex 29.568064620403977 -29.728574500884026 12.433012701892219
      vertex 17.10378232823041 -21.248100441209992 17.976695817143366
    endloop
  endfacet
  facet normal -0.014251877039956723 -0.8775330450120368 -0.47930432807636997
    outer loop
      vertex -29.093300285227272 -29.408318662894796 23.56698729810778
      vertex 30.210960005509225 -30.371469885989274 23.56698729810778
      vertex 30.288214254102964 -30.609234015063063 24
    endloop
  endfacet
  facet normal -0.014251877039956723 -0.8775330450120368 0.47930432807636997
    outer loop
      vertex -29.093300285227272 -29.408318662894796 24.43301270189222
      vertex 30.288214254102964 -30.609234015063063 24
      vertex 30.210960005509225 -30.371469885989274 24.43301270189222
    endloop
  endfacet
  facet normal -0.03606381650963309 -0.90492039957604 -0.4240500814407418
    outer loop
      vertex -23.02421715873833 -25.720294662005106 35.746498910493706
      vertex 24.655392069175495 -24.9764118301356 30.104091250128803
      vertex 27.532921726286897 -27.853941487247003 36
    endloop
  endfacet
  facet normal -0.036063816509630316 -0.9049203995760506 -0.42405008144071915
    outer loop
      vertex -23.02421715873833 -25.720294662005106 35.746498910493706
      vertex 24.06469631970172 -24.934617646420566 30.06513909087157
      vertex 24.655392069175495 -24.9764118301356 30.104091250128803
    endloop
  endfacet
  facet normal -0.035016322952700116 -0.8786364845655498 0.47620561222770624
    outer loop
      vertex -25.202568899735926 -25.51758727740345 36.43301270189222
      vertex 27.532921726286897 -27.853941487247003 36
      vertex 27.455667477693158 -27.616177358173214 36.43301270189222
    endloop
  endfacet
  facet normal -0.0961077321695077 -0.7664859153088007 0.6350296413951588
    outer loop
      vertex -14.761457168123606 -20.18269339784039 29.924656587987045
      vertex 30.210960005509225 -30.371469885989274 24.43301270189222
      vertex 21.562858931112387 -24.737307609504594 29.924656587987045
    endloop
  endfacet
  facet normal 0.05549423434278946 -0.7167207826680111 -0.6951486960690215
    outer loop
      vertex -31.00095137023594 -31.315969747903463 59.56698729810778
      vertex 17.664638544067905 -22.131682194418225 53.98269988679672
      vertex 21.697124401009 -21.85763428148905 54.02206395471583
    endloop
  endfacet
  facet normal 0.02814756469286247 -0.7490846366085834 0.6618760622645661
    outer loop
      vertex -29.237414789631874 -29.552433167299398 48.43301270189222
      vertex 27.26865422560019 -27.429164106080247 48.43301270189222
      vertex 24.892176077888177 -27.271414669890028 48.712611499973065
    endloop
  endfacet
  facet normal 0.030141795315828557 -0.802156635476656 -0.5963524162237545
    outer loop
      vertex -29.237414789631874 -29.552433167299398 47.56698729810778
      vertex 21.00870441865682 -23.371308446697952 41.792344863430074
      vertex 23.286441596147906 -23.446951476627962 42.00921771018078
    endloop
  endfacet
  facet normal 0.030141795315829056 -0.8021566354766574 -0.5963524162237523
    outer loop
      vertex -29.237414789631874 -29.552433167299398 47.56698729810778
      vertex 23.286441596147906 -23.446951476627962 42.00921771018078
      vertex 27.26865422560019 -27.429164106080247 47.56698729810778
    endloop
  endfacet
  facet normal 0.05549423434279043 -0.7167207826680139 -0.6951486960690187
    outer loop
      vertex -31.00095137023594 -31.315969747903463 59.56698729810778
      vertex 21.697124401009 -21.85763428148905 54.02206395471583
      vertex 26.688669692218543 -26.849179572698596 59.56698729810778
    endloop
  endfacet
  facet normal 0.0396533048602936 -0.6876168145419836 0.7249901597765254
    outer loop
      vertex -19.901471011308722 -24.298034678987356 53.98269988679672
      vertex 24.892176077888177 -27.271414669890028 48.712611499973065
      vertex 17.664638544067905 -22.131682194418225 53.98269988679672
    endloop
  endfacet
  facet normal 0.048613423906601075 -0.6278535354734128 0.776811864616918
    outer loop
      vertex -31.00095137023594 -31.315969747903463 60.43301270189222
      vertex 26.688669692218543 -26.849179572698596 60.43301270189222
      vertex 22.01689576547063 -26.512300468034447 60.99765606428938
    endloop
  endfacet
  facet normal 0.06731952968214147 -0.8694471880554087 -0.48941768266575536
    outer loop
      vertex -31.00095137023594 -31.315969747903463 59.56698729810778
      vertex 26.688669692218543 -26.849179572698596 59.56698729810778
      vertex 26.765923940812282 -27.086943701772384 60
    endloop
  endfacet
  facet normal 0.06731952968214147 -0.8694471880554087 0.48941768266575536
    outer loop
      vertex -31.00095137023594 -31.315969747903463 60.43301270189222
      vertex 26.765923940812282 -27.086943701772384 60
      vertex 26.688669692218543 -26.849179572698596 60.43301270189222
    endloop
  endfacet
  facet normal 0.02830967119993819 -0.6299948923611571 -0.7760831128915289
    outer loop
      vertex -28.751136665647717 -29.06615504331524 71.56698729810778
      vertex 19.872489507058436 -20.032999387538492 66.00788804201092
      vertex 26.426178018962904 -26.586687899442953 71.56698729810778
    endloop
  endfacet
  facet normal 0.02830967119994107 -0.6299948923611668 -0.7760831128915208
    outer loop
      vertex -28.751136665647717 -29.06615504331524 71.56698729810778
      vertex 15.17335311444216 -20.343193700832977 66.08827869319248
      vertex 19.872489507058436 -20.032999387538492 66.00788804201092
    endloop
  endfacet
  facet normal 0.053249401329245834 -0.5997586583031467 0.798407197517962
    outer loop
      vertex -20.102147248966066 -23.47511893431856 66.08827869319248
      vertex 22.01689576547063 -26.512300468034447 60.99765606428938
      vertex 15.17335311444216 -20.343193700832977 66.08827869319248
    endloop
  endfacet
  facet normal 0.03274394541282029 -0.6555697026125298 0.7544244157338238
    outer loop
      vertex -19.36842565423439 -22.313910628809108 78.13351660635925
      vertex 26.426178018962904 -26.586687899442953 72.43301270189222
      vertex 15.55688485585469 -20.5694851980566 78.13351660635925
    endloop
  endfacet
  facet normal 0.03282622427294066 -0.8735967231638673 -0.4855421755906856
    outer loop
      vertex -29.237414789631874 -29.552433167299398 47.56698729810778
      vertex 27.26865422560019 -27.429164106080247 47.56698729810778
      vertex 27.34590847419393 -27.666928235154035 48
    endloop
  endfacet
  facet normal 0.03282622427294066 -0.8735967231638673 0.4855421755906856
    outer loop
      vertex -29.237414789631874 -29.552433167299398 48.43301270189222
      vertex 27.34590847419393 -27.666928235154035 48
      vertex 27.26865422560019 -27.429164106080247 48.43301270189222
    endloop
  endfacet
  facet normal 0.0392252957124445 -0.8729079110692741 -0.4863056188951016
    outer loop
      vertex -28.751136665647717 -29.06615504331524 71.56698729810778
      vertex 26.426178018962904 -26.586687899442953 71.56698729810778
      vertex 26.503432267556644 -26.824452028516742 72
    endloop
  endfacet
  facet normal 0.0392252957124445 -0.8729079110692741 0.4863056188951016
    outer loop
      vertex -28.751136665647717 -29.06615504331524 72.43301270189222
      vertex 26.503432267556644 -26.824452028516742 72
      vertex 26.426178018962904 -26.586687899442953 72.43301270189222
    endloop
  endfacet
  facet normal -0.0805254128618585 -0.8262292317443078 0.5575490242970907
    outer loop
      vertex -13.815457446130974 -19.977298765135334 41.792344863430074
      vertex 27.455667477693158 -27.616177358173214 36.43301270189222
      vertex 21.00870441865682 -23.371308446697952 41.792344863430074
    endloop
  endfacet
  facet normal 0 0 -1
    outer loop
      vertex 25.077254248593736 -25.23776412907379 -0.4330127018922193
      vertex 0 -5.226251859505506 -0.4330127018922193
      vertex 3.6955181300451474 -3.6955181300451474 -0.4330127018922193
    endloop
  endfacet
  facet normal 0 0 -1
    outer loop
      vertex 25.077254248593736 -25.23776412907379 -0.4330127018922193
      vertex 3.6955181300451474 -3.6955181300451474 -0.4330127018922193
      vertex 5.226251859505506 0 -0.4330127018922193
    endloop
  endfacet
  facet normal 0 0 -1
    outer loop
      vertex 25.077254248593736 -25.23776412907379 -0.4330127018922193
      vertex 5.226251859505506 0 -0.4330127018922193
      vertex 3.6955181300451474 3.6955181300451474 -0.4330127018922193
    endloop
  endfacet
  facet normal -0.04789850246757803 -0.6579513636365304 -0.7515355856845326
    outer loop
      vertex 18.709019161876824 -22.636764214507398 6.050369972387981
      vertex 19.108517301707032 -22.60831307799846 6
      vertex 29.005495722954784 -29.166005603434833 11.110326599624763
    endloop
  endfacet
  facet normal -0.04789850246758002 -0.6579513636365321 -0.751535585684531
    outer loop
      vertex 19.108517301707032 -22.60831307799846 6
      vertex 22.333584983526233 -22.654604744486335 5.8349802064102345
      vertex 29.005495722954784 -29.166005603434833 11.110326599624763
    endloop
  endfacet
  facet normal -0.012695819189931392 -0.5601259323437726 0.8283101810862379
    outer loop
      vertex 17.10378232823041 -21.248100441209992 17.976695817143366
      vertex 29.568064620403977 -29.728574500884026 12.433012701892219
      vertex 21.167125620046672 -21.327635500526725 17.985192419800704
    endloop
  endfacet
  facet normal 0.009565568191130976 -0.8984465008905976 0.43897879782812077
    outer loop
      vertex 19.108517301707032 -22.60831307799846 6
      vertex 25.154508497187475 -25.475528258147577 0
      vertex 22.333584983526233 -22.654604744486335 5.8349802064102345
    endloop
  endfacet
  facet normal 0.18242937604154422 -0.8477476986825156 0.4980395186484617
    outer loop
      vertex 22.333584983526233 -22.654604744486335 5.8349802064102345
      vertex 25.077254248593736 -25.23776412907379 0.4330127018922193
      vertex 22.477233572588858 -22.63774345306891 5.811063225869551
    endloop
  endfacet
  facet normal 0.670464164850028 -0.4871207292671627 0.5596348798727453
    outer loop
      vertex 22.477233572588858 -22.63774345306891 5.811063225869551
      vertex 25.25 -25 0.4330127018922193
      vertex 22.649979323995126 -22.399979323995126 5.811063225869551
    endloop
  endfacet
  facet normal 0.18242937604154458 -0.8477476986825159 0.49803951864846124
    outer loop
      vertex 22.333584983526233 -22.654604744486335 5.8349802064102345
      vertex 25.154508497187475 -25.475528258147577 0
      vertex 25.077254248593736 -25.23776412907379 0.4330127018922193
    endloop
  endfacet
  facet normal 0.6704641648500368 -0.48712072926715133 0.5596348798727446
    outer loop
      vertex 22.477233572588858 -22.63774345306891 5.811063225869551
      vertex 25.077254248593736 -25.23776412907379 0.4330127018922193
      vertex 25.25 -25 0.4330127018922193
    endloop
  endfacet
  facet normal 0.8540279349417401 -0.16587660610283853 0.4930732581340735
    outer loop
      vertex 22.649979323995126 -22.399979323995126 5.811063225869551
      vertex 25.25 -25 0.4330127018922193
      vertex 25.5 -25 0
    endloop
  endfacet
  facet normal 0.7329996781371365 -0.5325554391808743 -0.4231975614883908
    outer loop
      vertex 25.154508497187475 -25.475528258147577 0
      vertex 25.077254248593736 -25.23776412907379 -0.4330127018922193
      vertex 25.25 -25 -0.4330127018922193
    endloop
  endfacet
  facet normal 0.7329996781371365 -0.5325554391808743 0.4231975614883908
    outer loop
      vertex 25.154508497187475 -25.475528258147577 0
      vertex 25.25 -25 0.4330127018922193
      vertex 25.077254248593736 -25.23776412907379 0.4330127018922193
    endloop
  endfacet
  facet normal 0.7329996781371404 -0.5325554391808718 -0.42319756148838705
    outer loop
      vertex 25.154508497187475 -25.475528258147577 0
      vertex 25.25 -25 -0.4330127018922193
      vertex 25.5 -25 0
    endloop
  endfacet
  facet normal 0.7329996781371404 -0.5325554391808718 0.42319756148838705
    outer loop
      vertex 25.154508497187475 -25.475528258147577 0
      vertex 25.5 -25 0
      vertex 25.25 -25 0.4330127018922193
    endloop
  endfacet
  facet normal -0.04789850246758141 -0.657951363636533 -0.7515355856845303
    outer loop
      vertex 22.333584983526233 -22.654604744486335 5.8349802064102345
      vertex 22.477233572588858 -22.63774345306891 5.811063225869551
      vertex 29.005495722954784 -29.166005603434833 11.110326599624763
    endloop
  endfacet
  facet normal 0.40649655200797463 -0.2953370325213489 -0.8646019838209439
    outer loop
      vertex 22.477233572588858 -22.63774345306891 5.811063225869551
      vertex 22.649979323995126 -22.399979323995126 5.811063225869551
      vertex 29.178241474361048 -28.928241474361045 11.110326599624763
    endloop
  endfacet
  facet normal 0.40649655200797913 -0.295337032521343 -0.8646019838209438
    outer loop
      vertex 22.477233572588858 -22.63774345306891 5.811063225869551
      vertex 29.178241474361048 -28.928241474361045 11.110326599624763
      vertex 29.005495722954784 -29.166005603434833 11.110326599624763
    endloop
  endfacet
  facet normal 0.34601127049862374 -0.2513919031864184 0.9039238417589387
    outer loop
      vertex 21.167125620046672 -21.327635500526725 17.985192419800704
      vertex 29.74081037181024 -29.490810371810237 12.433012701892219
      vertex 21.339871371452936 -21.089871371452936 17.985192419800704
    endloop
  endfacet
  facet normal 0.6242337820078931 -0.009878742981566121 -0.7811751377490366
    outer loop
      vertex 22.649979323995126 -22.399979323995126 5.811063225869551
      vertex 29.466549400062206 -27.343753061081056 11.320674811070289
      vertex 29.178241474361048 -28.928241474361045 11.110326599624763
    endloop
  endfacet
  facet normal 0.34601127049862307 -0.25139190318641763 0.9039238417589391
    outer loop
      vertex 21.167125620046672 -21.327635500526725 17.985192419800704
      vertex 29.568064620403977 -29.728574500884026 12.433012701892219
      vertex 29.74081037181024 -29.490810371810237 12.433012701892219
    endloop
  endfacet
  facet normal 0.6242337820078935 -0.009878742981565311 -0.7811751377490365
    outer loop
      vertex 22.649979323995126 -22.399979323995126 5.811063225869551
      vertex 29.194119430183623 -25.2110297838263 11.076006738188266
      vertex 29.466549400062206 -27.343753061081056 11.320674811070289
    endloop
  endfacet
  facet normal 0.40649655200797974 -0.29533703252134214 -0.8646019838209438
    outer loop
      vertex 29.005495722954784 -29.166005603434833 11.110326599624763
      vertex 29.178241474361048 -28.928241474361045 11.110326599624763
      vertex 29.568064620403977 -29.728574500884026 11.566987298107781
    endloop
  endfacet
  facet normal 0.7329996781371363 -0.5325554391808741 -0.42319756148839127
    outer loop
      vertex 29.568064620403977 -29.728574500884026 11.566987298107781
      vertex 29.74081037181024 -29.490810371810237 11.566987298107781
      vertex 29.645318868997716 -29.966338629957814 12
    endloop
  endfacet
  facet normal 0.7329996781371363 -0.5325554391808741 0.42319756148839127
    outer loop
      vertex 29.568064620403977 -29.728574500884026 12.433012701892219
      vertex 29.645318868997716 -29.966338629957814 12
      vertex 29.74081037181024 -29.490810371810237 12.433012701892219
    endloop
  endfacet
  facet normal 0.7329996781371403 -0.5325554391808717 -0.42319756148838755
    outer loop
      vertex 29.645318868997716 -29.966338629957814 12
      vertex 29.74081037181024 -29.490810371810237 11.566987298107781
      vertex 29.99081037181024 -29.490810371810237 12
    endloop
  endfacet
  facet normal 0.7329996781371403 -0.5325554391808717 0.42319756148838755
    outer loop
      vertex 29.645318868997716 -29.966338629957814 12
      vertex 29.99081037181024 -29.490810371810237 12
      vertex 29.74081037181024 -29.490810371810237 12.433012701892219
    endloop
  endfacet
  facet normal 0.40649655200797974 -0.295337032521342 -0.8646019838209437
    outer loop
      vertex 29.178241474361048 -28.928241474361045 11.110326599624763
      vertex 29.74081037181024 -29.490810371810237 11.566987298107781
      vertex 29.568064620403977 -29.728574500884026 11.566987298107781
    endloop
  endfacet
  facet normal 0.6242337820078925 -0.009878742981565922 -0.7811751377490372
    outer loop
      vertex 29.178241474361048 -28.928241474361045 11.110326599624763
      vertex 29.466549400062206 -27.343753061081056 11.320674811070289
      vertex 29.74081037181024 -29.490810371810237 11.566987298107781
    endloop
  endfacet
  facet normal 0.8657864448090563 0.023489912299945383 -0.49986203697123843
    outer loop
      vertex 29.74081037181024 -29.490810371810237 11.566987298107781
      vertex 29.8822186011913 -25.488356815612367 12
      vertex 29.99081037181024 -29.490810371810237 12
    endloop
  endfacet
  facet normal 0.8657864448090563 0.023489912299945383 0.49986203697123843
    outer loop
      vertex 29.74081037181024 -29.490810371810237 12.433012701892219
      vertex 29.99081037181024 -29.490810371810237 12
      vertex 29.8822186011913 -25.488356815612367 12
    endloop
  endfacet
  facet normal 0.7516860681987266 0.02039422068218335 -0.6592056815886114
    outer loop
      vertex 29.74081037181024 -29.490810371810237 11.566987298107781
      vertex 29.466549400062206 -27.343753061081056 11.320674811070289
      vertex 29.6322186011913 -25.488356815612367 11.566987298107781
    endloop
  endfacet
  facet normal 0.8657864448090563 0.023489912299945383 -0.49986203697123843
    outer loop
      vertex 29.74081037181024 -29.490810371810237 11.566987298107781
      vertex 29.6322186011913 -25.488356815612367 11.566987298107781
      vertex 29.8822186011913 -25.488356815612367 12
    endloop
  endfacet
  facet normal 0.8657864448090563 0.023489912299945383 0.49986203697123843
    outer loop
      vertex 29.74081037181024 -29.490810371810237 12.433012701892219
      vertex 29.8822186011913 -25.488356815612367 12
      vertex 29.6322186011913 -25.488356815612367 12.433012701892219
    endloop
  endfacet
  facet normal 0.7516860681987255 0.020394220682183616 -0.6592056815886128
    outer loop
      vertex 29.194119430183623 -25.2110297838263 11.076006738188266
      vertex 29.6322186011913 -25.488356815612367 11.566987298107781
      vertex 29.466549400062206 -27.343753061081056 11.320674811070289
    endloop
  endfacet
  facet normal -0.09610773216950837 -0.7664859153088012 0.6350296413951584
    outer loop
      vertex 21.562858931112387 -24.737307609504594 29.924656587987045
      vertex 30.210960005509225 -30.371469885989274 24.43301270189222
      vertex 24.06469631970172 -24.934617646420566 30.06513909087157
    endloop
  endfacet
  facet normal 0.3269761788330981 -0.23756209956693355 -0.9146861906277236
    outer loop
      vertex 21.167125620046672 -21.327635500526725 17.985192419800704
      vertex 21.339871371452936 -21.089871371452936 17.985192419800704
      vertex 30.38370575691549 -30.133705756915486 23.56698729810778
    endloop
  endfacet
  facet normal 0.32697617883309626 -0.23756209956693272 -0.9146861906277244
    outer loop
      vertex 21.167125620046672 -21.327635500526725 17.985192419800704
      vertex 30.38370575691549 -30.133705756915486 23.56698729810778
      vertex 30.210960005509225 -30.371469885989274 23.56698729810778
    endloop
  endfacet
  facet normal -0.09610773216950576 -0.7664859153088001 0.6350296413951602
    outer loop
      vertex 24.06469631970172 -24.934617646420566 30.06513909087157
      vertex 30.210960005509225 -30.371469885989274 24.43301270189222
      vertex 24.655392069175495 -24.9764118301356 30.104091250128803
    endloop
  endfacet
  facet normal -0.09610773216949918 -0.7664859153087974 0.6350296413951642
    outer loop
      vertex 24.655392069175495 -24.9764118301356 30.104091250128803
      vertex 30.210960005509225 -30.371469885989274 24.43301270189222
      vertex 24.806283523352153 -24.96679340383221 30.138537238674477
    endloop
  endfacet
  facet normal 0.48779124832749043 -0.35440108669874787 0.7977841611625636
    outer loop
      vertex 24.806283523352153 -24.96679340383221 30.138537238674477
      vertex 30.38370575691549 -30.133705756915486 24.43301270189222
      vertex 24.979029274758418 -24.72902927475842 30.138537238674477
    endloop
  endfacet
  facet normal 0.7219493326894361 -0.008458760535820741 0.6918942190822781
    outer loop
      vertex 24.979029274758418 -24.72902927475842 30.138537238674477
      vertex 30.38370575691549 -30.133705756915486 24.43301270189222
      vertex 25.00553199853112 -24.505531998531122 30.11361563458157
    endloop
  endfacet
  facet normal 0.7219493326894408 -0.008458760535811667 0.6918942190822734
    outer loop
      vertex 25.00553199853112 -24.505531998531122 30.11361563458157
      vertex 30.38370575691549 -30.133705756915486 24.43301270189222
      vertex 24.970173691181323 -22.115701629795787 30.179726765365736
    endloop
  endfacet
  facet normal 0.7219493326894406 -0.00845876053581188 0.6918942190822737
    outer loop
      vertex 30.38370575691549 -30.133705756915486 24.43301270189222
      vertex 25.224827351498046 -19.914757413625285 29.94091890211393
      vertex 24.970173691181323 -22.115701629795787 30.179726765365736
    endloop
  endfacet
  facet normal 0.167787345329076 -0.8511893030098693 -0.49731697858508156
    outer loop
      vertex 24.655392069175495 -24.9764118301356 30.104091250128803
      vertex 24.806283523352153 -24.96679340383221 30.138537238674477
      vertex 27.455667477693158 -27.616177358173214 35.56698729810778
    endloop
  endfacet
  facet normal 0.6684635113677287 -0.48566716942845306 -0.5632796237298849
    outer loop
      vertex 24.806283523352153 -24.96679340383221 30.138537238674477
      vertex 24.979029274758418 -24.72902927475842 30.138537238674477
      vertex 27.628413229099422 -27.378413229099426 35.56698729810778
    endloop
  endfacet
  facet normal 0.6684635113677289 -0.485667169428453 -0.5632796237298848
    outer loop
      vertex 24.806283523352153 -24.96679340383221 30.138537238674477
      vertex 27.628413229099422 -27.378413229099426 35.56698729810778
      vertex 27.455667477693158 -27.616177358173214 35.56698729810778
    endloop
  endfacet
  facet normal 0.5595157638091017 -0.40651199749671774 0.7222811820477852
    outer loop
      vertex 27.455667477693158 -27.616177358173214 36.43301270189222
      vertex 27.628413229099422 -27.378413229099426 36.43301270189222
      vertex 23.286441596147906 -23.446951476627962 42.00921771018078
    endloop
  endfacet
  facet normal 0.16778734532909342 -0.8511893030098622 -0.49731697858508767
    outer loop
      vertex 24.655392069175495 -24.9764118301356 30.104091250128803
      vertex 27.455667477693158 -27.616177358173214 35.56698729810778
      vertex 27.532921726286897 -27.853941487247003 36
    endloop
  endfacet
  facet normal 0.8553547108681038 -0.15649629855363142 -0.49383927257231713
    outer loop
      vertex 24.979029274758418 -24.72902927475842 30.138537238674477
      vertex 27.878413229099422 -27.378413229099426 36
      vertex 27.628413229099422 -27.378413229099426 35.56698729810778
    endloop
  endfacet
  facet normal 0.9031900528152719 0.02521679376207594 -0.4284995236962432
    outer loop
      vertex 25.00553199853112 -24.505531998531122 30.11361563458157
      vertex 27.64628723082943 -26.42237748762102 35.56698729810778
      vertex 27.878413229099422 -27.378413229099426 36
    endloop
  endfacet
  facet normal 0.8553547108681019 -0.15649629855363742 -0.49383927257231863
    outer loop
      vertex 24.979029274758418 -24.72902927475842 30.138537238674477
      vertex 25.00553199853112 -24.505531998531122 30.11361563458157
      vertex 27.878413229099422 -27.378413229099426 36
    endloop
  endfacet
  facet normal 0.9031900528152724 0.025216793762080362 -0.42849952369624184
    outer loop
      vertex 25.00553199853112 -24.505531998531122 30.11361563458157
      vertex 24.970173691181323 -22.115701629795787 30.179726765365736
      vertex 27.64628723082943 -26.42237748762102 35.56698729810778
    endloop
  endfacet
  facet normal 0.48779124832749066 -0.3544010866987486 0.7977841611625631
    outer loop
      vertex 24.806283523352153 -24.96679340383221 30.138537238674477
      vertex 30.210960005509225 -30.371469885989274 24.43301270189222
      vertex 30.38370575691549 -30.133705756915486 24.43301270189222
    endloop
  endfacet
  facet normal 0.7329996781371368 -0.5325554391808747 -0.42319756148838983
    outer loop
      vertex 30.288214254102964 -30.609234015063063 24
      vertex 30.210960005509225 -30.371469885989274 23.56698729810778
      vertex 30.38370575691549 -30.133705756915486 23.56698729810778
    endloop
  endfacet
  facet normal 0.732999678137141 -0.5325554391808721 -0.42319756148838616
    outer loop
      vertex 30.288214254102964 -30.609234015063063 24
      vertex 30.38370575691549 -30.133705756915486 23.56698729810778
      vertex 30.63370575691549 -30.133705756915486 24
    endloop
  endfacet
  facet normal 0.7329996781371368 -0.5325554391808747 0.42319756148838983
    outer loop
      vertex 30.288214254102964 -30.609234015063063 24
      vertex 30.38370575691549 -30.133705756915486 24.43301270189222
      vertex 30.210960005509225 -30.371469885989274 24.43301270189222
    endloop
  endfacet
  facet normal 0.732999678137141 -0.5325554391808721 0.42319756148838616
    outer loop
      vertex 30.288214254102964 -30.609234015063063 24
      vertex 30.63370575691549 -30.133705756915486 24
      vertex 30.38370575691549 -30.133705756915486 24.43301270189222
    endloop
  endfacet
  facet normal 0.7329996781371357 -0.5325554391808739 -0.42319756148839266
    outer loop
      vertex 27.532921726286897 -27.853941487247003 36
      vertex 27.455667477693158 -27.616177358173214 35.56698729810778
      vertex 27.628413229099422 -27.378413229099426 35.56698729810778
    endloop
  endfacet
  facet normal 0.7329996781371357 -0.5325554391808739 0.42319756148839266
    outer loop
      vertex 27.532921726286897 -27.853941487247003 36
      vertex 27.628413229099422 -27.378413229099426 36.43301270189222
      vertex 27.455667477693158 -27.616177358173214 36.43301270189222
    endloop
  endfacet
  facet normal 0.7329996781371398 -0.5325554391808713 -0.423197561488389
    outer loop
      vertex 27.532921726286897 -27.853941487247003 36
      vertex 27.628413229099422 -27.378413229099426 35.56698729810778
      vertex 27.878413229099422 -27.378413229099426 36
    endloop
  endfacet
  facet normal 0.7329996781371398 -0.5325554391808713 0.423197561488389
    outer loop
      vertex 27.532921726286897 -27.853941487247003 36
      vertex 27.878413229099422 -27.378413229099426 36
      vertex 27.628413229099422 -27.378413229099426 36.43301270189222
    endloop
  endfacet
  facet normal 0.854027934941742 -0.16587660610283253 0.4930732581340721
    outer loop
      vertex 22.649979323995126 -22.399979323995126 5.811063225869551
      vertex 25.5 -25 0
      vertex 22.671260112102793 -22.24566534190009 5.826117159499422
    endloop
  endfacet
  facet normal 0.8540279349417443 -0.16587660610282617 0.49307325813407027
    outer loop
      vertex 22.671260112102793 -22.24566534190009 5.826117159499422
      vertex 25.5 -25 0
      vertex 22.68027747593197 -22.18027747593197 5.832496002045762
    endloop
  endfacet
  facet normal 0.9003076543124027 2.725676339321491e-15 0.4352540954276011
    outer loop
      vertex 22.68027747593197 -22.18027747593197 5.832496002045762
      vertex 25.5 -25 0
      vertex 22.68690807108983 -20.676748497790044 5.818780851204023
    endloop
  endfacet
  facet normal 0.6242337820078933 -0.00987874298156608 -0.7811751377490364
    outer loop
      vertex 22.649979323995126 -22.399979323995126 5.811063225869551
      vertex 22.671260112102793 -22.24566534190009 5.826117159499422
      vertex 29.194119430183623 -25.2110297838263 11.076006738188266
    endloop
  endfacet
  facet normal 0.5618662748773707 0.015244162807466448 0.8270876039790019
    outer loop
      vertex 21.339871371452936 -21.089871371452936 17.985192419800704
      vertex 29.74081037181024 -29.490810371810237 12.433012701892219
      vertex 21.436834950083195 -17.338657057074094 17.85018291667111
    endloop
  endfacet
  facet normal 0.5618662748773702 0.015244162807465962 0.8270876039790022
    outer loop
      vertex 21.436834950083195 -17.338657057074094 17.85018291667111
      vertex 29.74081037181024 -29.490810371810237 12.433012701892219
      vertex 21.489944065173265 -15.28403329458333 17.776235200000045
    endloop
  endfacet
  facet normal 0.5618662748773703 0.015244162807466002 0.8270876039790023
    outer loop
      vertex 29.74081037181024 -29.490810371810237 12.433012701892219
      vertex 29.6322186011913 -25.488356815612367 12.433012701892219
      vertex 21.489944065173265 -15.28403329458333 17.776235200000045
    endloop
  endfacet
  facet normal 0.6242337820078935 -0.009878742981565639 -0.7811751377490364
    outer loop
      vertex 22.671260112102793 -22.24566534190009 5.826117159499422
      vertex 26.04492220602482 -0.5574785331217598 8.247727542974337
      vertex 29.194119430183623 -25.2110297838263 11.076006738188266
    endloop
  endfacet
  facet normal 0.602706304876668 0.016827378182262546 0.7977856537977002
    outer loop
      vertex 24.970173691181323 -22.115701629795787 30.179726765365736
      vertex 25.224827351498046 -19.914757413625285 29.94091890211393
      vertex 24.89635372750411 -19.471691549786954 30.179726765365736
    endloop
  endfacet
  facet normal 0.9031900528152723 0.025216793762080025 -0.428499523696242
    outer loop
      vertex 27.64628723082943 -26.42237748762102 35.56698729810778
      vertex 24.970173691181323 -22.115701629795787 30.179726765365736
      vertex 24.89635372750411 -19.471691549786954 30.179726765365736
    endloop
  endfacet
  facet normal 0.9031900528152726 0.025216793762080855 -0.4284995236962411
    outer loop
      vertex 27.64628723082943 -26.42237748762102 35.56698729810778
      vertex 24.89635372750411 -19.471691549786954 30.179726765365736
      vertex 24.845227376259434 -17.64049872184034 30.179726765365736
    endloop
  endfacet
  facet normal 0.4924631834077846 -0.044013456458424534 -0.8692196665046489
    outer loop
      vertex 21.339871371452936 -21.089871371452936 17.985192419800704
      vertex 27.16673731530796 0.5757745443938082 20.18939587109277
      vertex 30.38370575691549 -30.133705756915486 23.56698729810778
    endloop
  endfacet
  facet normal 0.039653304860293746 -0.6876168145419835 0.7249901597765255
    outer loop
      vertex 17.664638544067905 -22.131682194418225 53.98269988679672
      vertex 24.892176077888177 -27.271414669890028 48.712611499973065
      vertex 21.697124401009 -21.85763428148905 54.02206395471583
    endloop
  endfacet
  facet normal 0.05324940132924599 -0.5997586583031477 0.7984071975179614
    outer loop
      vertex 22.01689576547063 -26.512300468034447 60.99765606428938
      vertex 25.938973900974943 -26.099483781454996 61.04618026285166
      vertex 19.872489507058436 -20.032999387538492 66.00788804201092
    endloop
  endfacet
  facet normal 0.5035683896047511 -0.36586385080702666 -0.7826637334536022
    outer loop
      vertex 21.697124401009 -21.85763428148905 54.02206395471583
      vertex 21.869870152415263 -21.619870152415263 54.02206395471583
      vertex 26.861415443624807 -26.611415443624807 59.56698729810778
    endloop
  endfacet
  facet normal 0.05324940132924391 -0.5997586583031482 0.7984071975179611
    outer loop
      vertex 15.17335311444216 -20.343193700832977 66.08827869319248
      vertex 22.01689576547063 -26.512300468034447 60.99765606428938
      vertex 19.872489507058436 -20.032999387538492 66.00788804201092
    endloop
  endfacet
  facet normal 0.4087909326877845 -0.29700399766065416 0.8629476222377819
    outer loop
      vertex 19.872489507058436 -20.032999387538492 66.00788804201092
      vertex 26.111719652381208 -25.861719652381208 61.04618026285166
      vertex 20.0452352584647 -19.795235258464704 66.00788804201092
    endloop
  endfacet
  facet normal 0.4199276959753334 -0.3050953298133873 -0.8547383049091156
    outer loop
      vertex 19.872489507058436 -20.032999387538492 66.00788804201092
      vertex 20.0452352584647 -19.795235258464704 66.00788804201092
      vertex 26.59892377036917 -26.348923770369165 71.56698729810778
    endloop
  endfacet
  facet normal 0.6381751045076669 0.008528547199082422 0.7698440100886031
    outer loop
      vertex 20.0452352584647 -19.795235258464704 66.00788804201092
      vertex 26.111719652381208 -25.861719652381208 61.04618026285166
      vertex 20.1336662111559 -15.13287910951965 65.88293083549897
    endloop
  endfacet
  facet normal 0.032743945412820205 -0.6555697026125299 0.7544244157338238
    outer loop
      vertex 20.326252728801975 -20.486762609282025 77.99839704204345
      vertex 15.55688485585469 -20.5694851980566 78.13351660635925
      vertex 26.426178018962904 -26.586687899442953 72.43301270189222
    endloop
  endfacet
  facet normal 0.4424199386004341 -0.321436900630738 0.8372233374922686
    outer loop
      vertex 20.326252728801975 -20.486762609282025 77.99839704204345
      vertex 26.59892377036917 -26.348923770369165 72.43301270189222
      vertex 20.49899848020824 -20.248998480208236 77.99839704204345
    endloop
  endfacet
  facet normal 0.6702332819113022 -0.006853142934506471 0.7421188464459881
    outer loop
      vertex 20.49899848020824 -20.248998480208236 77.99839704204345
      vertex 26.59892377036917 -26.348923770369165 72.43301270189222
      vertex 20.500872747164326 -20.197179496087003 77.99718285217
    endloop
  endfacet
  facet normal -0.08052541286185734 -0.8262292317443075 0.5575490242970917
    outer loop
      vertex 27.455667477693158 -27.616177358173214 36.43301270189222
      vertex 23.286441596147906 -23.446951476627962 42.00921771018078
      vertex 21.00870441865682 -23.371308446697952 41.792344863430074
    endloop
  endfacet
  facet normal 0.559515763809102 -0.4065119974967166 0.7222811820477857
    outer loop
      vertex 27.628413229099422 -27.378413229099426 36.43301270189222
      vertex 23.45918734755417 -23.209187347554174 42.00921771018078
      vertex 23.286441596147906 -23.446951476627962 42.00921771018078
    endloop
  endfacet
  facet normal 0.5718250234899372 -0.41545519814310644 -0.7073988414230017
    outer loop
      vertex 23.286441596147906 -23.446951476627962 42.00921771018078
      vertex 23.45918734755417 -23.209187347554174 42.00921771018078
      vertex 27.441399977006455 -27.19139997700646 47.56698729810778
    endloop
  endfacet
  facet normal 0.5718250234899374 -0.41545519814310644 -0.7073988414230015
    outer loop
      vertex 23.286441596147906 -23.446951476627962 42.00921771018078
      vertex 27.441399977006455 -27.19139997700646 47.56698729810778
      vertex 27.26865422560019 -27.429164106080247 47.56698729810778
    endloop
  endfacet
  facet normal 0.7329996781371357 -0.5325554391808739 -0.42319756148839266
    outer loop
      vertex 27.34590847419393 -27.666928235154035 48
      vertex 27.26865422560019 -27.429164106080247 47.56698729810778
      vertex 27.441399977006455 -27.19139997700646 47.56698729810778
    endloop
  endfacet
  facet normal 0.7329996781371357 -0.5325554391808739 0.42319756148839266
    outer loop
      vertex 27.34590847419393 -27.666928235154035 48
      vertex 27.441399977006455 -27.19139997700646 48.43301270189222
      vertex 27.26865422560019 -27.429164106080247 48.43301270189222
    endloop
  endfacet
  facet normal 0.4719211820922484 -0.3428708086565826 0.8122376539313084
    outer loop
      vertex 27.26865422560019 -27.429164106080247 48.43301270189222
      vertex 27.441399977006455 -27.19139997700646 48.43301270189222
      vertex 27.14583813147357 -26.895838131473575 48.72950403462659
    endloop
  endfacet
  facet normal 0.03965330486029505 -0.6876168145419833 0.7249901597765258
    outer loop
      vertex 21.697124401009 -21.85763428148905 54.02206395471583
      vertex 24.892176077888177 -27.271414669890028 48.712611499973065
      vertex 26.973092380067307 -27.133602260547363 48.72950403462659
    endloop
  endfacet
  facet normal 0.4719211820922594 -0.34287080865659064 0.8122376539312987
    outer loop
      vertex 21.697124401009 -21.85763428148905 54.02206395471583
      vertex 26.973092380067307 -27.133602260547363 48.72950403462659
      vertex 27.14583813147357 -26.895838131473575 48.72950403462659
    endloop
  endfacet
  facet normal 0.5035683896047514 -0.36586385080702716 -0.782663733453602
    outer loop
      vertex 21.697124401009 -21.85763428148905 54.02206395471583
      vertex 26.861415443624807 -26.611415443624807 59.56698729810778
      vertex 26.688669692218543 -26.849179572698596 59.56698729810778
    endloop
  endfacet
  facet normal 0.039653304860294024 -0.6876168145419708 0.7249901597765377
    outer loop
      vertex 27.26865422560019 -27.429164106080247 48.43301270189222
      vertex 26.973092380067307 -27.133602260547363 48.72950403462659
      vertex 24.892176077888177 -27.271414669890028 48.712611499973065
    endloop
  endfacet
  facet normal 0.4719211820922484 -0.3428708086565826 0.8122376539313084
    outer loop
      vertex 27.26865422560019 -27.429164106080247 48.43301270189222
      vertex 27.14583813147357 -26.895838131473575 48.72950403462659
      vertex 26.973092380067307 -27.133602260547363 48.72950403462659
    endloop
  endfacet
  facet normal 0.7329996781371398 -0.5325554391808713 -0.423197561488389
    outer loop
      vertex 27.34590847419393 -27.666928235154035 48
      vertex 27.441399977006455 -27.19139997700646 47.56698729810778
      vertex 27.691399977006455 -27.19139997700646 48
    endloop
  endfacet
  facet normal 0.7329996781371398 -0.5325554391808713 0.423197561488389
    outer loop
      vertex 27.34590847419393 -27.666928235154035 48
      vertex 27.691399977006455 -27.19139997700646 48
      vertex 27.441399977006455 -27.19139997700646 48.43301270189222
    endloop
  endfacet
  facet normal 0.05324940132924554 -0.5997586583031438 0.7984071975179644
    outer loop
      vertex 22.01689576547063 -26.512300468034447 60.99765606428938
      vertex 26.688669692218543 -26.849179572698596 60.43301270189222
      vertex 25.938973900974943 -26.099483781454996 61.04618026285166
    endloop
  endfacet
  facet normal 0.40879093268778444 -0.2970039976606546 0.8629476222377818
    outer loop
      vertex 19.872489507058436 -20.032999387538492 66.00788804201092
      vertex 25.938973900974943 -26.099483781454996 61.04618026285166
      vertex 26.111719652381208 -25.861719652381208 61.04618026285166
    endloop
  endfacet
  facet normal 0.40879093268778144 -0.2970039976606519 0.8629476222377841
    outer loop
      vertex 25.938973900974943 -26.099483781454996 61.04618026285166
      vertex 26.688669692218543 -26.849179572698596 60.43301270189222
      vertex 26.111719652381208 -25.861719652381208 61.04618026285166
    endloop
  endfacet
  facet normal 0.7329996781371357 -0.5325554391808738 -0.42319756148839266
    outer loop
      vertex 26.688669692218543 -26.849179572698596 59.56698729810778
      vertex 26.861415443624807 -26.611415443624807 59.56698729810778
      vertex 26.765923940812282 -27.086943701772384 60
    endloop
  endfacet
  facet normal 0.7329996781371398 -0.5325554391808713 -0.423197561488389
    outer loop
      vertex 26.765923940812282 -27.086943701772384 60
      vertex 26.861415443624807 -26.611415443624807 59.56698729810778
      vertex 27.111415443624807 -26.611415443624807 60
    endloop
  endfacet
  facet normal 0.7329996781371398 -0.5325554391808713 0.423197561488389
    outer loop
      vertex 26.765923940812282 -27.086943701772384 60
      vertex 27.111415443624807 -26.611415443624807 60
      vertex 26.861415443624807 -26.611415443624807 60.43301270189222
    endloop
  endfacet
  facet normal 0.7329996781371357 -0.5325554391808739 0.42319756148839266
    outer loop
      vertex 26.765923940812282 -27.086943701772384 60
      vertex 26.861415443624807 -26.611415443624807 60.43301270189222
      vertex 26.688669692218543 -26.849179572698596 60.43301270189222
    endloop
  endfacet
  facet normal 0.4087909326877815 -0.2970039976606519 0.862947622237784
    outer loop
      vertex 26.111719652381208 -25.861719652381208 61.04618026285166
      vertex 26.688669692218543 -26.849179572698596 60.43301270189222
      vertex 26.861415443624807 -26.611415443624807 60.43301270189222
    endloop
  endfacet
  facet normal 0.41992769597533386 -0.3050953298133885 -0.854738304909115
    outer loop
      vertex 19.872489507058436 -20.032999387538492 66.00788804201092
      vertex 26.59892377036917 -26.348923770369165 71.56698729810778
      vertex 26.426178018962904 -26.586687899442953 71.56698729810778
    endloop
  endfacet
  facet normal 0.44241993860043294 -0.3214369006307378 0.8372233374922693
    outer loop
      vertex 20.326252728801975 -20.486762609282025 77.99839704204345
      vertex 26.426178018962904 -26.586687899442953 72.43301270189222
      vertex 26.59892377036917 -26.348923770369165 72.43301270189222
    endloop
  endfacet
  facet normal 0.732999678137138 -0.5325554391808754 -0.423197561488387
    outer loop
      vertex 26.426178018962904 -26.586687899442953 71.56698729810778
      vertex 26.59892377036917 -26.348923770369165 71.56698729810778
      vertex 26.503432267556644 -26.824452028516742 72
    endloop
  endfacet
  facet normal 0.7329996781371418 -0.5325554391808728 -0.4231975614883832
    outer loop
      vertex 26.503432267556644 -26.824452028516742 72
      vertex 26.59892377036917 -26.348923770369165 71.56698729810778
      vertex 26.84892377036917 -26.348923770369165 72
    endloop
  endfacet
  facet normal 0.732999678137138 -0.5325554391808754 0.423197561488387
    outer loop
      vertex 26.426178018962904 -26.586687899442953 72.43301270189222
      vertex 26.503432267556644 -26.824452028516742 72
      vertex 26.59892377036917 -26.348923770369165 72.43301270189222
    endloop
  endfacet
  facet normal 0.7329996781371418 -0.5325554391808728 0.4231975614883832
    outer loop
      vertex 26.503432267556644 -26.824452028516742 72
      vertex 26.84892377036917 -26.348923770369165 72
      vertex 26.59892377036917 -26.348923770369165 72.43301270189222
    endloop
  endfacet
  facet normal 0.7954375163621991 -0.014871464451299842 0.605853115126604
    outer loop
      vertex 27.628413229099422 -27.378413229099426 36.43301270189222
      vertex 23.530514117685716 -19.431733571617006 42.00829385698217
      vertex 23.45918734755417 -23.209187347554174 42.00921771018078
    endloop
  endfacet
  facet normal 0.8075259122971158 -0.015392100410971258 -0.5896312273053806
    outer loop
      vertex 23.45918734755417 -23.209187347554174 42.00921771018078
      vertex 23.530514117685716 -19.431733571617006 42.00829385698217
      vertex 27.441399977006455 -27.19139997700646 47.56698729810778
    endloop
  endfacet
  facet normal 0.8075259122971205 -0.015392100410965294 -0.5896312273053743
    outer loop
      vertex 27.441399977006455 -27.19139997700646 47.56698729810778
      vertex 23.530514117685716 -19.431733571617006 42.00829385698217
      vertex 23.53376384665573 -19.259628470742154 42.008251765177114
    endloop
  endfacet
  facet normal 0.47192118209225936 -0.34287080865659053 0.8122376539312989
    outer loop
      vertex 21.697124401009 -21.85763428148905 54.02206395471583
      vertex 27.14583813147357 -26.895838131473575 48.72950403462659
      vertex 21.869870152415263 -21.619870152415263 54.02206395471583
    endloop
  endfacet
  facet normal 0.7154742217151542 0.01479516810229136 0.6984824558010884
    outer loop
      vertex 21.869870152415263 -21.619870152415263 54.02206395471583
      vertex 27.14583813147357 -26.895838131473575 48.72950403462659
      vertex 21.957803128000695 -18.258808418058273 53.86079827123795
    endloop
  endfacet
  facet normal 0.8660250301408329 -0.0009289202100006447 -0.49999978427676633
    outer loop
      vertex 27.441399977006455 -27.19139997700646 47.56698729810778
      vertex 25.735117033281753 2.056436136219302 44.55728071191584
      vertex 27.691399977006455 -27.19139997700646 48
    endloop
  endfacet
  facet normal 0.7154742217151405 0.014795168102288392 0.6984824558011022
    outer loop
      vertex 27.14583813147357 -26.895838131473575 48.72950403462659
      vertex 27.441399977006455 -27.19139997700646 48.43301270189222
      vertex 23.82125395189685 -0.19493489863990698 51.569389145729886
    endloop
  endfacet
  facet normal 0.6381751045076618 0.008528547199079953 0.7698440100886076
    outer loop
      vertex 26.111719652381208 -25.861719652381208 61.04618026285166
      vertex 26.861415443624807 -26.611415443624807 60.43301270189222
      vertex 22.230789903985414 -0.8492775048642942 63.98624724355014
    endloop
  endfacet
  facet normal 0.4924631834077858 -0.04401345645842489 -0.8692196665046483
    outer loop
      vertex 21.339871371452936 -21.089871371452936 17.985192419800704
      vertex 21.436834950083195 -17.338657057074094 17.85018291667111
      vertex 27.16673731530796 0.5757745443938082 20.18939587109277
    endloop
  endfacet
  facet normal 0.49246318340778156 -0.04401345645842322 -0.8692196665046507
    outer loop
      vertex 21.436834950083195 -17.338657057074094 17.85018291667111
      vertex 21.489944065173265 -15.28403329458333 17.776235200000045
      vertex 27.16673731530796 0.5757745443938082 20.18939587109277
    endloop
  endfacet
  facet normal 0.6242337820075766 -0.009878742981487894 -0.7811751377492906
    outer loop
      vertex 22.671260112102793 -22.24566534190009 5.826117159499422
      vertex 22.68027747593197 -22.18027747593197 5.832496002045762
      vertex 26.04492220602482 -0.5574785331217598 8.247727542974337
    endloop
  endfacet
  facet normal 0.6242337820078914 -0.00987874298156516 -0.781175137749038
    outer loop
      vertex 22.68027747593197 -22.18027747593197 5.832496002045762
      vertex 22.68690807108983 -20.676748497790044 5.818780851204023
      vertex 26.04492220602482 -0.5574785331217598 8.247727542974337
    endloop
  endfacet
  facet normal 0.6242337820079121 -0.009878742981570626 -0.7811751377490214
    outer loop
      vertex 22.68690807108983 -20.676748497790044 5.818780851204023
      vertex 22.689595929965915 -20.506903780213023 5.818780851204023
      vertex 26.04492220602482 -0.5574785331217598 8.247727542974337
    endloop
  endfacet
  facet normal 0.56186627487737 0.01524416280746567 0.8270876039790024
    outer loop
      vertex 29.6322186011913 -25.488356815612367 12.433012701892219
      vertex 23.905471097200344 0.24393800966258256 15.849094604113796
      vertex 21.489944065173265 -15.28403329458333 17.776235200000045
    endloop
  endfacet
  facet normal 0 0 -1
    outer loop
      vertex 25.077254248593736 -25.23776412907379 -0.4330127018922193
      vertex 25.25 25 -0.4330127018922193
      vertex 25.25 -25 -0.4330127018922193
    endloop
  endfacet
  facet normal 0.8660254037844386 0 -0.5
    outer loop
      vertex 25.25 -25 -0.4330127018922193
      vertex 25.25 25 -0.4330127018922193
      vertex 25.5 -25 0
    endloop
  endfacet
  facet normal 0.7516860681987254 0.020394220682182957 -0.6592056815886128
    outer loop
      vertex 29.194119430183623 -25.2110297838263 11.076006738188266
      vertex 28.21616486000588 26.704266067971695 11.566987298107781
      vertex 29.6322186011913 -25.488356815612367 11.566987298107781
    endloop
  endfacet
  facet normal 0.8657864448090563 0.023489912299944963 -0.49986203697123843
    outer loop
      vertex 29.6322186011913 -25.488356815612367 11.566987298107781
      vertex 28.21616486000588 26.704266067971695 11.566987298107781
      vertex 29.8822186011913 -25.488356815612367 12
    endloop
  endfacet
  facet normal 0.8657864448090563 0.023489912299944963 0.49986203697123843
    outer loop
      vertex 29.6322186011913 -25.488356815612367 12.433012701892219
      vertex 29.8822186011913 -25.488356815612367 12
      vertex 28.46616486000588 26.704266067971695 12
    endloop
  endfacet
  facet normal 0.9031900528152723 0.025216793762080112 -0.4284995236962421
    outer loop
      vertex 27.64628723082943 -26.42237748762102 35.56698729810778
      vertex 24.845227376259434 -17.64049872184034 30.179726765365736
      vertex 25.446462385524192 -0.3232089640849135 32.46611438059734
    endloop
  endfacet
  facet normal 0.8659808249830129 -0.010146313730700046 -0.4999742624169953
    outer loop
      vertex 30.38370575691549 -30.133705756915486 23.56698729810778
      vertex 31.296583354034784 26.44243644133269 24
      vertex 30.63370575691549 -30.133705756915486 24
    endloop
  endfacet
  facet normal 0.8659808249830129 -0.010146313730700046 0.4999742624169953
    outer loop
      vertex 30.63370575691549 -30.133705756915486 24
      vertex 31.296583354034784 26.44243644133269 24
      vertex 30.38370575691549 -30.133705756915486 24.43301270189222
    endloop
  endfacet
  facet normal 0.8659119100583511 -0.016189050583485895 0.49993447436669475
    outer loop
      vertex 27.878413229099422 -27.378413229099426 36
      vertex 28.634651011561797 26.442734323165467 36.43301270189222
      vertex 27.628413229099422 -27.378413229099426 36.43301270189222
    endloop
  endfacet
  facet normal 0.8659119100583537 -0.016189050583485895 -0.4999344743666904
    outer loop
      vertex 27.878413229099422 -27.378413229099426 36
      vertex 27.64628723082943 -26.42237748762102 35.56698729810778
      vertex 28.634651011561797 26.442734323165467 35.56698729810778
    endloop
  endfacet
  facet normal 0.9003076543124018 0 0.4352540954276028
    outer loop
      vertex 22.68690807108983 -20.676748497790044 5.818780851204023
      vertex 25.5 -25 0
      vertex 25.5 25 0
    endloop
  endfacet
  facet normal 0.9410158919315252 -0.014891943380672646 0.33803449698908355
    outer loop
      vertex 22.68690807108983 -20.676748497790044 5.818780851204023
      vertex 25.5 25 0
      vertex 22.689595929965915 -20.506903780213023 5.818780851204023
    endloop
  endfacet
  facet normal 0.5618662748773716 0.015244162807465942 0.8270876039790014
    outer loop
      vertex 29.6322186011913 -25.488356815612367 12.433012701892219
      vertex 24.167710158851722 1.9297153038863502 15.63987668403472
      vertex 23.905471097200344 0.24393800966258256 15.849094604113796
    endloop
  endfacet
  facet normal 0.6242337820078934 -0.00987874298156563 -0.7811751377490366
    outer loop
      vertex 22.689595929965915 -20.506903780213023 5.818780851204023
      vertex 23.34036878276415 20.615170140362256 5.818780851204025
      vertex 26.04492220602482 -0.5574785331217598 8.247727542974337
    endloop
  endfacet
  facet normal 0.6027063048766675 0.016827378182261966 0.7977856537977007
    outer loop
      vertex 25.224827351498046 -19.914757413625285 29.94091890211393
      vertex 30.555882356487416 26.16097801748851 24.941588230660205
      vertex 24.89635372750411 -19.471691549786954 30.179726765365736
    endloop
  endfacet
  facet normal 0.9031900528152714 0.025216793762080414 -0.428499523696244
    outer loop
      vertex 24.845227376259434 -17.64049872184034 30.179726765365736
      vertex 25.3009618294999 1.403039168829093 32.26101680902416
      vertex 25.446462385524192 -0.3232089640849135 32.46611438059734
    endloop
  endfacet
  facet normal 0.7954375163621991 -0.014871464451299972 0.605853115126604
    outer loop
      vertex 27.628413229099422 -27.378413229099426 36.43301270189222
      vertex 28.634651011561797 26.442734323165467 36.43301270189222
      vertex 23.530514117685716 -19.431733571617006 42.00829385698217
    endloop
  endfacet
  facet normal 0.6027063048766632 0.01682737818226287 0.7977856537977038
    outer loop
      vertex 24.89635372750411 -19.471691549786954 30.179726765365736
      vertex 30.555882356487416 26.16097801748851 24.941588230660205
      vertex 24.845227376259434 -17.64049872184034 30.179726765365736
    endloop
  endfacet
  facet normal 0.7219493326894401 -0.008458760535812432 0.6918942190822742
    outer loop
      vertex 30.38370575691549 -30.133705756915486 24.43301270189222
      vertex 31.046583354034784 26.44243644133269 24.43301270189222
      vertex 25.224827351498046 -19.914757413625285 29.94091890211393
    endloop
  endfacet
  facet normal 0.6865501219041372 -0.008044003663506502 -0.7270379798321928
    outer loop
      vertex 30.38370575691549 -30.133705756915486 23.56698729810778
      vertex 27.16673731530796 0.5757745443938082 20.18939587109277
      vertex 31.046583354034784 26.44243644133269 23.56698729810778
    endloop
  endfacet
  facet normal 0.6381751045076653 0.00852854719908085 0.7698440100886047
    outer loop
      vertex 26.111719652381208 -25.861719652381208 61.04618026285166
      vertex 22.230789903985414 -0.8492775048642942 63.98624724355014
      vertex 20.1336662111559 -15.13287910951965 65.88293083549897
    endloop
  endfacet
  facet normal 0.6272726317228456 -0.032751865997655796 -0.7781107638152598
    outer loop
      vertex 20.0452352584647 -19.795235258464704 66.00788804201092
      vertex 21.909841779660844 18.88491771884031 65.88293083549897
      vertex 26.59892377036917 -26.348923770369165 71.56698729810778
    endloop
  endfacet
  facet normal 0.7184486322694953 -0.05207690457891218 -0.6936278244127541
    outer loop
      vertex 21.869870152415263 -21.619870152415263 54.02206395471583
      vertex 21.957803128000695 -18.258808418058273 53.86079827123795
      vertex 24.622186533449117 18.498802829463948 53.86079827123794
    endloop
  endfacet
  facet normal 0.9695830507622162 -0.07028043724764736 0.23445547085728927
    outer loop
      vertex 21.957803128000695 -18.258808418058273 53.86079827123795
      vertex 23.642166647743455 -1.9309669793775033 51.78960546576227
      vertex 24.622186533449117 18.498802829463948 53.86079827123794
    endloop
  endfacet
  facet normal 0.6272726317228872 -0.03275186599765752 -0.778110763815226
    outer loop
      vertex 20.0452352584647 -19.795235258464704 66.00788804201092
      vertex 20.1336662111559 -15.13287910951965 65.88293083549897
      vertex 21.721964629693215 15.286643522517785 65.88293083549897
    endloop
  endfacet
  facet normal 0.6477207954461992 -0.04125339252910077 -0.7607600993423504
    outer loop
      vertex 20.500872747164326 -20.197179496087003 77.99718285217
      vertex 20.669578390941037 -15.532873246837141 77.88789175913712
      vertex 22.92307532900234 19.849352062923554 77.88789175913712
    endloop
  endfacet
  facet normal 0.8136965245500414 -0.04248564051268207 0.5797352294672208
    outer loop
      vertex 20.1336662111559 -15.13287910951965 65.88293083549897
      vertex 22.230789903985414 -0.8492775048642942 63.98624724355014
      vertex 21.721964629693215 15.286643522517785 65.88293083549897
    endloop
  endfacet
  facet normal 0.670233281911234 -0.006853142934635751 0.7421188464460485
    outer loop
      vertex 20.500872747164326 -20.197179496087003 77.99718285217
      vertex 27.065348366131182 26.382291515266733 72.49871817227785
      vertex 20.669578390941037 -15.532873246837141 77.88789175913712
    endloop
  endfacet
  facet normal 0.8075259122971159 -0.015392100410970968 -0.5896312273053805
    outer loop
      vertex 27.441399977006455 -27.19139997700646 47.56698729810778
      vertex 23.53376384665573 -19.259628470742154 42.008251765177114
      vertex 25.485117033281753 2.056436136219302 44.12426801002362
    endloop
  endfacet
  facet normal 0.7154742217151545 0.014795168102291662 0.6984824558010881
    outer loop
      vertex 21.957803128000695 -18.258808418058273 53.86079827123795
      vertex 27.14583813147357 -26.895838131473575 48.72950403462659
      vertex 23.642166647743455 -1.9309669793775033 51.78960546576227
    endloop
  endfacet
  facet normal 0.8075259122971116 -0.01539210041096997 -0.5896312273053865
    outer loop
      vertex 23.53376384665573 -19.259628470742154 42.008251765177114
      vertex 23.610705446392117 -15.222990594053233 42.00825176517712
      vertex 25.485117033281753 2.056436136219302 44.12426801002362
    endloop
  endfacet
  facet normal 0.8658865654871551 0.01790551903210121 0.49991984167169223
    outer loop
      vertex 27.441399977006455 -27.19139997700646 48.43301270189222
      vertex 27.691399977006455 -27.19139997700646 48
      vertex 26.37186056476959 24.530072416762575 48.43301270189222
    endloop
  endfacet
  facet normal 0.7154742217151538 0.014795168102291483 0.6984824558010887
    outer loop
      vertex 27.14583813147357 -26.895838131473575 48.72950403462659
      vertex 23.82125395189685 -0.19493489863990698 51.569389145729886
      vertex 23.642166647743455 -1.9309669793775033 51.78960546576227
    endloop
  endfacet
  facet normal 0.7184486322695024 -0.05207690457891263 -0.6936278244127466
    outer loop
      vertex 21.869870152415263 -21.619870152415263 54.02206395471583
      vertex 24.622186533449117 18.498802829463948 53.86079827123794
      vertex 26.861415443624807 -26.611415443624807 59.56698729810778
    endloop
  endfacet
  facet normal 0.8657896563527981 -0.023331550955780433 -0.4998638911568843
    outer loop
      vertex 26.861415443624807 -26.611415443624807 59.56698729810778
      vertex 25.203073744987698 20.169012222505756 54.51114096490889
      vertex 27.111415443624807 -26.611415443624807 60
    endloop
  endfacet
  facet normal 0.8659674090357053 0.011572754669777276 0.49996651671621
    outer loop
      vertex 26.861415443624807 -26.611415443624807 60.43301270189222
      vertex 27.111415443624807 -26.611415443624807 60
      vertex 26.40952760969553 25.90952760969553 60
    endloop
  endfacet
  facet normal 0.8659914518940952 -0.008854772450390456 -0.49998039786696524
    outer loop
      vertex 26.59892377036917 -26.348923770369165 71.56698729810778
      vertex 27.138544806087538 26.425690914815625 71.56698729810778
      vertex 26.84892377036917 -26.348923770369165 72
    endloop
  endfacet
  facet normal 0.8659914518940952 -0.008854772450390456 0.49998039786696524
    outer loop
      vertex 26.59892377036917 -26.348923770369165 72.43301270189222
      vertex 26.84892377036917 -26.348923770369165 72
      vertex 27.138544806087538 26.425690914815625 72.43301270189222
    endloop
  endfacet
  facet normal 0.7954375163621196 -0.014871464451279232 0.6058531151267087
    outer loop
      vertex 23.530514117685716 -19.431733571617006 42.00829385698217
      vertex 28.446749660280087 26.33451089210899 36.67705591894487
      vertex 23.53376384665573 -19.259628470742154 42.008251765177114
    endloop
  endfacet
  facet normal 0.8660250301408329 -0.0009289202100006676 -0.49999978427676645
    outer loop
      vertex 27.441399977006455 -27.19139997700646 47.56698729810778
      vertex 25.485117033281753 2.056436136219302 44.12426801002362
      vertex 25.735117033281753 2.056436136219302 44.55728071191584
    endloop
  endfacet
  facet normal 0.7966304316791972 -0.015184423692314626 0.6042759209167184
    outer loop
      vertex 23.53376384665573 -19.259628470742154 42.008251765177114
      vertex 28.446749660280087 26.33451089210899 36.67705591894487
      vertex 23.610705446392117 -15.222990594053233 42.00825176517712
    endloop
  endfacet
  facet normal 0.7154742217151537 0.014795168102291718 0.6984824558010889
    outer loop
      vertex 27.441399977006455 -27.19139997700646 48.43301270189222
      vertex 26.37186056476959 24.530072416762575 48.43301270189222
      vertex 23.82125395189685 -0.19493489863990698 51.569389145729886
    endloop
  endfacet
  facet normal 0.6702332819112305 -0.006853142934635017 0.7421188464460517
    outer loop
      vertex 20.500872747164326 -20.197179496087003 77.99718285217
      vertex 26.59892377036917 -26.348923770369165 72.43301270189222
      vertex 27.138544806087538 26.425690914815625 72.43301270189222
    endloop
  endfacet
  facet normal 0.6381751045076645 0.008528547199080746 0.7698440100886051
    outer loop
      vertex 26.861415443624807 -26.611415443624807 60.43301270189222
      vertex 26.15952760969553 25.90952760969553 60.43301270189222
      vertex 22.230789903985414 -0.8492775048642942 63.98624724355014
    endloop
  endfacet
  facet normal -0.005573536880597122 -0.5292772215367552 -0.8484306444542022
    outer loop
      vertex -29.55189091219216 -29.866909289859684 95.56698729810778
      vertex 17.828357297548692 -21.282417774269433 89.90046474860807
      vertex 21.14430690585241 -21.304816786332463 89.89265470472351
    endloop
  endfacet
  facet normal -0.009139637597882753 -0.676248654188098 -0.736616742094127
    outer loop
      vertex -25.61651158691407 -25.931529964581593 83.56698729810778
      vertex 15.55688485585469 -20.5694851980566 78.13351660635925
      vertex 26.389559674299473 -26.55006955477953 83.4895656546333
    endloop
  endfacet
  facet normal -0.005573536880597021 -0.5292772215367565 -0.8484306444542017
    outer loop
      vertex -29.55189091219216 -29.866909289859684 95.56698729810778
      vertex 21.14430690585241 -21.304816786332463 89.89265470472351
      vertex 30.337058074317714 -30.497567954797763 95.56698729810778
    endloop
  endfacet
  facet normal 0.019140533873089116 -0.7967722007260954 0.6039765724870028
    outer loop
      vertex -22.32896239375994 -25.123379191960648 114.16756361952842
      vertex -2.467002235782347 -28.928924276461704 108.51780631341465
      vertex 26.547233922154234 -28.162486517001476 108.60941306252097
    endloop
  endfacet
  facet normal 0.01805009680736525 -0.7513800530268628 -0.6596227785019203
    outer loop
      vertex -29.323340806874736 -29.63835918454226 107.56698729810778
      vertex 19.370885267997032 -23.562396422568472 101.97830563365368
      vertex 23.392264242568825 -23.552774123048877 102.07738692374387
    endloop
  endfacet
  facet normal 0.01805009680736617 -0.7513800530268674 -0.6596227785019153
    outer loop
      vertex -29.323340806874736 -29.63835918454226 107.56698729810778
      vertex 23.392264242568825 -23.552774123048877 102.07738692374387
      vertex 28.098429516418822 -28.258939396898878 107.56698729810778
    endloop
  endfacet
  facet normal 0.015548641426072195 -0.6548611291432198 -0.7555892675833019
    outer loop
      vertex -24.218444604446315 -28.202176900931246 119.03251154894946
      vertex 15.73715415335572 -21.640239522706697 114.16756361952842
      vertex 21.180608542126766 -21.34111842260682 114.0203348727417
    endloop
  endfacet
  facet normal 0.054347320209156315 -0.593944435638514 0.802668285258693
    outer loop
      vertex -22.32896239375994 -25.123379191960648 114.16756361952842
      vertex 26.547233922154234 -28.162486517001476 108.60941306252097
      vertex 15.73715415335572 -21.640239522706697 114.16756361952842
    endloop
  endfacet
  facet normal -0.006296583634031548 -0.597939578115261 0.8015164464674965
    outer loop
      vertex -29.55189091219216 -29.866909289859684 96.43301270189222
      vertex 30.337058074317714 -30.497567954797763 96.43301270189222
      vertex 28.4846065300081 -30.191157756606803 96.6470453263204
    endloop
  endfacet
  facet normal -0.009237416050222996 -0.8772084954280154 -0.4800207554821275
    outer loop
      vertex -29.47463666359842 -30.104673418933473 96
      vertex 30.337058074317714 -30.497567954797763 95.56698729810778
      vertex 30.414312322911453 -30.73533208387155 96
    endloop
  endfacet
  facet normal -0.009237416050222996 -0.8772084954280154 0.4800207554821275
    outer loop
      vertex -29.47463666359842 -30.104673418933473 96
      vertex 30.414312322911453 -30.73533208387155 96
      vertex 30.337058074317714 -30.497567954797763 96.43301270189222
    endloop
  endfacet
  facet normal -0.011857980966639927 -0.8773809228427117 -0.4796478963980413
    outer loop
      vertex -25.53925733832033 -26.16929409365538 84
      vertex 26.475048068797935 -26.63555794927799 83.56698729810778
      vertex 26.552302317391675 -26.87332207835178 84
    endloop
  endfacet
  facet normal -0.009139637597882696 -0.6762486541880925 -0.7366167420941321
    outer loop
      vertex -25.61651158691407 -25.931529964581593 83.56698729810778
      vertex 26.389559674299473 -26.55006955477953 83.4895656546333
      vertex 26.475048068797935 -26.63555794927799 83.56698729810778
    endloop
  endfacet
  facet normal -0.011857980966639927 -0.8773809228427117 0.47964789639804145
    outer loop
      vertex -25.61651158691407 -25.931529964581593 84.43301270189222
      vertex 26.552302317391675 -26.87332207835178 84
      vertex 26.475048068797935 -26.63555794927799 84.43301270189222
    endloop
  endfacet
  facet normal 0.021014278373315508 -0.8747714633873568 -0.4840798353036317
    outer loop
      vertex -29.246086558280997 -29.87612331361605 108
      vertex 28.098429516418822 -28.258939396898878 107.56698729810778
      vertex 28.17568376501256 -28.496703525972666 108
    endloop
  endfacet
  facet normal 0.021014278373315508 -0.8747714633873568 0.4840798353036317
    outer loop
      vertex -29.246086558280997 -29.87612331361605 108
      vertex 28.17568376501256 -28.496703525972666 108
      vertex 28.098429516418822 -28.258939396898878 108.43301270189222
    endloop
  endfacet
  facet normal -0.017372123483717798 -0.6410181060711009 0.767329132129548
    outer loop
      vertex -17.65743100198398 -22.558898274007724 101.97830563365368
      vertex 28.4846065300081 -30.191157756606803 96.6470453263204
      vertex 19.370885267997032 -23.562396422568472 101.97830563365368
    endloop
  endfacet
  facet normal -0.003202040603663406 -0.7170600734909267 0.6970040157281443
    outer loop
      vertex -16.129728787567352 -21.130777521957135 89.90046474860807
      vertex 26.475048068797935 -26.63555794927799 84.43301270189222
      vertex 17.828357297548692 -21.282417774269433 89.90046474860807
    endloop
  endfacet
  facet normal 0.07369550101855994 -0.8685625396966637 0.490069472386625
    outer loop
      vertex -30.222358074647524 -30.537376452315048 132.4330127018922
      vertex 25.71455901391027 -26.03557877487037 132
      vertex 25.027921654980375 -25.849519378128413 132.4330127018922
    endloop
  endfacet
  facet normal -0.013306548075800303 -0.8774735882802309 -0.47944033794511093
    outer loop
      vertex -24.845491502812525 -25.475528258147577 156
      vertex 18.884550464414573 -22.874868638801335 150.0265642933766
      vertex 22.026037467677785 -22.947352954177358 150.07203548706474
    endloop
  endfacet
  facet normal 0 -0.9198391823172619 -0.3922956521221094
    outer loop
      vertex -24.845491502812525 -25.475528258147577 156
      vertex 22.026037467677785 -22.947352954177358 150.07203548706474
      vertex 25.154508497187475 -25.475528258147577 156
    endloop
  endfacet
  facet normal 0.02077060843010003 -0.8747943770006182 -0.48404894359304584
    outer loop
      vertex -28.608069917802307 -28.92308829546983 119.56698729810778
      vertex 27.431995719945835 -27.592505600425888 119.56698729810778
      vertex 27.509249968539574 -27.830269729499676 120
    endloop
  endfacet
  facet normal 0.02077060843010003 -0.8747943770006182 0.48404894359304584
    outer loop
      vertex -28.530815669208568 -29.16085242454362 120
      vertex 27.509249968539574 -27.830269729499676 120
      vertex 27.431995719945835 -27.592505600425888 120.43301270189222
    endloop
  endfacet
  facet normal 0.0155486414260724 -0.65486112914322 -0.7555892675833017
    outer loop
      vertex -24.218444604446315 -28.202176900931246 119.03251154894946
      vertex 21.180608542126766 -21.34111842260682 114.0203348727417
      vertex 27.431995719945835 -27.592505600425888 119.56698729810778
    endloop
  endfacet
  facet normal -0.0483219479102968 -0.8278633408423571 0.5588445922074272
    outer loop
      vertex -15.46635998648448 -21.45858027467169 125.81039282630701
      vertex 27.431995719945835 -27.592505600425888 120.43301270189222
      vertex 20.96625881669022 -23.58513307776041 125.81039282630701
    endloop
  endfacet
  facet normal 0.06317026666801039 -0.870003137766307 -0.48898267626355923
    outer loop
      vertex -11.430637160052534 -28.23341285385088 129.89539937011983
      vertex 20.96625881669022 -23.58513307776041 125.81039282630701
      vertex 22.98930120167721 -23.558627658230392 126.02458513590314
    endloop
  endfacet
  facet normal 0.07705123637056942 -0.9081126612048539 -0.41157563282245574
    outer loop
      vertex -11.430637160052534 -28.23341285385088 129.89539937011983
      vertex 22.98930120167721 -23.558627658230392 126.02458513590314
      vertex 25.71455901391027 -26.03557877487037 132
    endloop
  endfacet
  facet normal 0.0496454517224055 -0.8717073681481994 -0.4875054804198798
    outer loop
      vertex -30.582768729117692 -30.897787106785216 143.5669872981078
      vertex 27.4331560303412 -27.593665910821255 143.5669872981078
      vertex 27.510410278934938 -27.831430039895043 144
    endloop
  endfacet
  facet normal 0.0496454517224055 -0.8717073681481994 0.4875054804198798
    outer loop
      vertex -30.582768729117692 -30.897787106785216 144.4330127018922
      vertex 27.510410278934938 -27.831430039895043 144
      vertex 27.4331560303412 -27.593665910821255 144.4330127018922
    endloop
  endfacet
  facet normal 0.048170652941168554 -0.8458118848856706 -0.5313020267054991
    outer loop
      vertex -17.037834171392305 -29.188819985439924 142.0744344363412
      vertex 22.54192554038785 -24.195033730518503 137.7130339899908
      vertex 23.95391899497858 -24.274938755938685 137.9682584386149
    endloop
  endfacet
  facet normal 0.04817065294117169 -0.8458118848856813 -0.5313020267054815
    outer loop
      vertex -17.037834171392305 -29.188819985439924 142.0744344363412
      vertex 23.95391899497858 -24.274938755938685 137.9682584386149
      vertex 27.4331560303412 -27.593665910821255 143.5669872981078
    endloop
  endfacet
  facet normal -0.027066357324397043 -0.7840676861832501 0.6200848940140635
    outer loop
      vertex -17.594329230833402 -21.615601856067844 150.0265642933766
      vertex 27.4331560303412 -27.593665910821255 144.4330127018922
      vertex 18.884550464414573 -22.874868638801335 150.0265642933766
    endloop
  endfacet
  facet normal 0 -0.8765515079563075 0.4813080654835563
    outer loop
      vertex -24.922745751406264 -25.23776412907379 156.4330127018922
      vertex 25.154508497187475 -25.475528258147577 156
      vertex 25.077254248593736 -25.23776412907379 156.4330127018922
    endloop
  endfacet
  facet normal 0 0 1
    outer loop
      vertex -24.922745751406264 -25.23776412907379 156.4330127018922
      vertex 25.077254248593736 -25.23776412907379 156.4330127018922
      vertex 25.25 -25 156.4330127018922
    endloop
  endfacet
  facet normal -0.10037717943113164 -0.9619389153832231 0.25416125771013687
    outer loop
      vertex -14.444023298414397 -20.3355940471327 137.7130339899908
      vertex 25.027921654980375 -25.849519378128413 132.4330127018922
      vertex 22.54192554038785 -24.195033730518503 137.7130339899908
    endloop
  endfacet
  facet normal 0 0 1
    outer loop
      vertex 25.25 -25 156.4330127018922
      vertex 0 -5.226251859505506 156.4330127018922
      vertex -3.6955181300451474 -3.6955181300451474 156.4330127018922
    endloop
  endfacet
  facet normal 0 0 1
    outer loop
      vertex 25.25 -25 156.4330127018922
      vertex 3.6955181300451474 -3.6955181300451474 156.4330127018922
      vertex 0 -5.226251859505506 156.4330127018922
    endloop
  endfacet
  facet normal 0 0 1
    outer loop
      vertex 25.25 -25 156.4330127018922
      vertex 5.226251859505506 0 156.4330127018922
      vertex 3.6955181300451474 -3.6955181300451474 156.4330127018922
    endloop
  endfacet
  facet normal 0 0 1
    outer loop
      vertex 25.25 -25 156.4330127018922
      vertex 3.6955181300451474 3.6955181300451474 156.4330127018922
      vertex 5.226251859505506 0 156.4330127018922
    endloop
  endfacet
  facet normal 0 0 1
    outer loop
      vertex 25.25 -25 156.4330127018922
      vertex 5.5 10.25 156.4330127018922
      vertex 3.6955181300451474 3.6955181300451474 156.4330127018922
    endloop
  endfacet
  facet normal 0.019140533873088405 -0.7967722007260721 0.6039765724870337
    outer loop
      vertex -2.467002235782347 -28.928924276461704 108.51780631341465
      vertex 28.098429516418822 -28.258939396898878 108.43301270189222
      vertex 26.547233922154234 -28.162486517001476 108.60941306252097
    endloop
  endfacet
  facet normal 0.05434732020915193 -0.5939444356385181 0.8026682852586902
    outer loop
      vertex 15.73715415335572 -21.640239522706697 114.16756361952842
      vertex 26.547233922154234 -28.162486517001476 108.60941306252097
      vertex 27.858841478127395 -28.01935135860745 108.62652097034709
    endloop
  endfacet
  facet normal -0.009139637597882213 -0.6762486541880974 -0.7366167420941275
    outer loop
      vertex 20.326252728801975 -20.486762609282025 77.99839704204345
      vertex 26.389559674299473 -26.55006955477953 83.4895656546333
      vertex 15.55688485585469 -20.5694851980566 78.13351660635925
    endloop
  endfacet
  facet normal 0.44012484433736326 -0.31976941704283585 -0.8390695092309676
    outer loop
      vertex 20.326252728801975 -20.486762609282025 77.99839704204345
      vertex 20.49899848020824 -20.248998480208236 77.99839704204345
      vertex 26.562305425705738 -26.31230542570574 83.4895656546333
    endloop
  endfacet
  facet normal 0.6477207954461304 -0.04125339252928531 -0.7607600993423992
    outer loop
      vertex 20.49899848020824 -20.248998480208236 77.99839704204345
      vertex 20.500872747164326 -20.197179496087003 77.99718285217
      vertex 26.583272867580764 -25.596683638174976 83.46861190273778
    endloop
  endfacet
  facet normal -0.0032020406036627866 -0.7170600734909263 0.6970040157281447
    outer loop
      vertex 17.828357297548692 -21.282417774269433 89.90046474860807
      vertex 26.475048068797935 -26.63555794927799 84.43301270189222
      vertex 21.14430690585241 -21.304816786332463 89.89265470472351
    endloop
  endfacet
  facet normal 0.47838042903061295 -0.3475637262562175 0.8064438116269352
    outer loop
      vertex 21.14430690585241 -21.304816786332463 89.89265470472351
      vertex 26.475048068797935 -26.63555794927799 84.43301270189222
      vertex 21.31705265725868 -21.06705265725868 89.89265470472351
    endloop
  endfacet
  facet normal 0.7092222930175897 -0.012692597331966461 0.7048706527156886
    outer loop
      vertex 21.31705265725868 -21.06705265725868 89.89265470472351
      vertex 26.6477938202042 -26.397793820204203 84.43301270189222
      vertex 21.31747053537427 -21.033110779383293 89.8928454377505
    endloop
  endfacet
  facet normal 0.054347320209156585 -0.5939444356385127 0.8026682852586938
    outer loop
      vertex 15.73715415335572 -21.640239522706697 114.16756361952842
      vertex 27.858841478127395 -28.01935135860745 108.62652097034709
      vertex 21.180608542126766 -21.34111842260682 114.0203348727417
    endloop
  endfacet
  facet normal 0.43378215397240727 -0.31516118275072547 -0.8441009843509379
    outer loop
      vertex 21.180608542126766 -21.34111842260682 114.0203348727417
      vertex 21.35335429353303 -21.10335429353303 114.0203348727417
      vertex 27.6047414713521 -27.3547414713521 119.56698729810778
    endloop
  endfacet
  facet normal 0.4401248443373634 -0.31976941704283607 -0.8390695092309673
    outer loop
      vertex 20.326252728801975 -20.486762609282025 77.99839704204345
      vertex 26.562305425705738 -26.31230542570574 83.4895656546333
      vertex 26.389559674299473 -26.55006955477953 83.4895656546333
    endloop
  endfacet
  facet normal 0.6477207954462202 -0.04125339252911482 -0.7607600993423319
    outer loop
      vertex 20.49899848020824 -20.248998480208236 77.99839704204345
      vertex 26.583272867580764 -25.596683638174976 83.46861190273778
      vertex 26.562305425705738 -26.31230542570574 83.4895656546333
    endloop
  endfacet
  facet normal 0.4783804290306261 -0.3475637262562024 0.8064438116269339
    outer loop
      vertex 21.31705265725868 -21.06705265725868 89.89265470472351
      vertex 26.475048068797935 -26.63555794927799 84.43301270189222
      vertex 26.6477938202042 -26.397793820204203 84.43301270189222
    endloop
  endfacet
  facet normal 0.732999678137138 -0.5325554391808754 -0.423197561488387
    outer loop
      vertex 26.552302317391675 -26.87332207835178 84
      vertex 26.475048068797935 -26.63555794927799 83.56698729810778
      vertex 26.6477938202042 -26.397793820204203 83.56698729810778
    endloop
  endfacet
  facet normal 0.4401248443373585 -0.3197694170428324 -0.8390695092309712
    outer loop
      vertex 26.389559674299473 -26.55006955477953 83.4895656546333
      vertex 26.562305425705738 -26.31230542570574 83.4895656546333
      vertex 26.475048068797935 -26.63555794927799 83.56698729810778
    endloop
  endfacet
  facet normal 0.4401248443373585 -0.3197694170428324 -0.8390695092309713
    outer loop
      vertex 26.475048068797935 -26.63555794927799 83.56698729810778
      vertex 26.562305425705738 -26.31230542570574 83.4895656546333
      vertex 26.6477938202042 -26.397793820204203 83.56698729810778
    endloop
  endfacet
  facet normal 0.6477207954462169 -0.0412533925291097 -0.7607600993423349
    outer loop
      vertex 26.6477938202042 -26.397793820204203 83.56698729810778
      vertex 26.562305425705738 -26.31230542570574 83.4895656546333
      vertex 26.619171888737366 -26.04241591899364 83.523347306604
    endloop
  endfacet
  facet normal 0.7329996781371418 -0.5325554391808728 -0.4231975614883832
    outer loop
      vertex 26.552302317391675 -26.87332207835178 84
      vertex 26.6477938202042 -26.397793820204203 83.56698729810778
      vertex 26.8977938202042 -26.397793820204203 84
    endloop
  endfacet
  facet normal 0.865921406999414 -0.015496963150215719 -0.49993995742816566
    outer loop
      vertex 26.6477938202042 -26.397793820204203 83.56698729810778
      vertex 26.660393457593194 -25.693765835507804 83.56698729810778
      vertex 26.8977938202042 -26.397793820204203 84
    endloop
  endfacet
  facet normal 0.732999678137138 -0.5325554391808754 0.423197561488387
    outer loop
      vertex 26.552302317391675 -26.87332207835178 84
      vertex 26.6477938202042 -26.397793820204203 84.43301270189222
      vertex 26.475048068797935 -26.63555794927799 84.43301270189222
    endloop
  endfacet
  facet normal 0.7329996781371418 -0.5325554391808728 0.4231975614883832
    outer loop
      vertex 26.552302317391675 -26.87332207835178 84
      vertex 26.8977938202042 -26.397793820204203 84
      vertex 26.6477938202042 -26.397793820204203 84.43301270189222
    endloop
  endfacet
  facet normal 0.865921406999414 -0.015496963150215719 0.49993995742816566
    outer loop
      vertex 26.8977938202042 -26.397793820204203 84
      vertex 26.910393457593194 -25.693765835507804 84
      vertex 26.6477938202042 -26.397793820204203 84.43301270189222
    endloop
  endfacet
  facet normal 0.6477207954462341 -0.04125339252911522 -0.7607600993423198
    outer loop
      vertex 26.562305425705738 -26.31230542570574 83.4895656546333
      vertex 26.583272867580764 -25.596683638174976 83.46861190273778
      vertex 26.619171888737366 -26.04241591899364 83.523347306604
    endloop
  endfacet
  facet normal 0.780182215715019 -0.013962531645088991 -0.6253964806361351
    outer loop
      vertex 26.6477938202042 -26.397793820204203 83.56698729810778
      vertex 26.619171888737366 -26.04241591899364 83.523347306604
      vertex 26.660393457593194 -25.693765835507804 83.56698729810778
    endloop
  endfacet
  facet normal 0.7801822157150341 -0.01396253164509314 -0.6253964806361161
    outer loop
      vertex 26.619171888737366 -26.04241591899364 83.523347306604
      vertex 26.583272867580764 -25.596683638174976 83.46861190273778
      vertex 26.660393457593194 -25.693765835507804 83.56698729810778
    endloop
  endfacet
  facet normal 0.865921406999414 -0.015496963150215719 -0.49993995742816566
    outer loop
      vertex 26.8977938202042 -26.397793820204203 84
      vertex 26.660393457593194 -25.693765835507804 83.56698729810778
      vertex 26.910393457593194 -25.693765835507804 84
    endloop
  endfacet
  facet normal 0.865921406999414 -0.015496963150215719 0.49993995742816566
    outer loop
      vertex 26.6477938202042 -26.397793820204203 84.43301270189222
      vertex 26.910393457593194 -25.693765835507804 84
      vertex 26.660393457593194 -25.693765835507804 84.43301270189222
    endloop
  endfacet
  facet normal 0.3270064221352494 -0.23758407261215067 -0.9146696716975627
    outer loop
      vertex 21.14430690585241 -21.304816786332463 89.89265470472351
      vertex 21.31705265725868 -21.06705265725868 89.89265470472351
      vertex 30.337058074317714 -30.497567954797763 95.56698729810778
    endloop
  endfacet
  facet normal 0.5240479165664059 -0.0016658856470777301 -0.8516871526372933
    outer loop
      vertex 21.31705265725868 -21.06705265725868 89.89265470472351
      vertex 21.31747053537427 -21.033110779383293 89.8928454377505
      vertex 30.365264507265433 -29.492137127069043 95.47654989583307
    endloop
  endfacet
  facet normal 0.3270064221352604 -0.23758407261213993 -0.9146696716975617
    outer loop
      vertex 21.31705265725868 -21.06705265725868 89.89265470472351
      vertex 30.509803825723978 -30.259803825723974 95.56698729810778
      vertex 30.337058074317714 -30.497567954797763 95.56698729810778
    endloop
  endfacet
  facet normal 0.524047916566302 -0.0016658856472310723 -0.851687152637357
    outer loop
      vertex 21.31705265725868 -21.06705265725868 89.89265470472351
      vertex 30.365264507265433 -29.492137127069043 95.47654989583307
      vertex 30.509803825723978 -30.259803825723974 95.56698729810778
    endloop
  endfacet
  facet normal 0.732999678137138 -0.5325554391808754 -0.423197561488387
    outer loop
      vertex 30.337058074317714 -30.497567954797763 95.56698729810778
      vertex 30.509803825723978 -30.259803825723974 95.56698729810778
      vertex 30.414312322911453 -30.73533208387155 96
    endloop
  endfacet
  facet normal 0.732999678137138 -0.5325554391808754 0.423197561488387
    outer loop
      vertex 30.337058074317714 -30.497567954797763 96.43301270189222
      vertex 30.414312322911453 -30.73533208387155 96
      vertex 30.509803825723978 -30.259803825723974 96.43301270189222
    endloop
  endfacet
  facet normal 0.7329996781371418 -0.5325554391808728 -0.4231975614883832
    outer loop
      vertex 30.414312322911453 -30.73533208387155 96
      vertex 30.509803825723978 -30.259803825723974 95.56698729810778
      vertex 30.759803825723978 -30.259803825723974 96
    endloop
  endfacet
  facet normal 0.7329996781371418 -0.5325554391808728 0.4231975614883832
    outer loop
      vertex 30.414312322911453 -30.73533208387155 96
      vertex 30.759803825723978 -30.259803825723974 96
      vertex 30.509803825723978 -30.259803825723974 96.43301270189222
    endloop
  endfacet
  facet normal 0.8654236562265242 0.03727188830774969 -0.4996525808854484
    outer loop
      vertex 30.509803825723978 -30.259803825723974 95.56698729810778
      vertex 30.482642747851 -29.629145160785896 95.56698729810778
      vertex 30.759803825723978 -30.259803825723974 96
    endloop
  endfacet
  facet normal 0.8654236562265242 0.037271888307749704 0.4996525808854484
    outer loop
      vertex 30.759803825723978 -30.259803825723974 96
      vertex 30.482642747851 -29.629145160785896 96.43301270189222
      vertex 30.509803825723978 -30.259803825723974 96.43301270189222
    endloop
  endfacet
  facet normal 0.6297809519234756 0.0271232767091081 -0.7762990921384116
    outer loop
      vertex 30.509803825723978 -30.259803825723974 95.56698729810778
      vertex 30.365264507265433 -29.492137127069043 95.47654989583307
      vertex 30.482642747851 -29.629145160785896 95.56698729810778
    endloop
  endfacet
  facet normal 0.8654236562265242 0.03727188830774969 -0.4996525808854484
    outer loop
      vertex 30.759803825723978 -30.259803825723974 96
      vertex 30.482642747851 -29.629145160785896 95.56698729810778
      vertex 30.732642747851 -29.629145160785896 96
    endloop
  endfacet
  facet normal 0.8654236562265242 0.03727188830774969 0.4996525808854484
    outer loop
      vertex 30.759803825723978 -30.259803825723974 96
      vertex 30.732642747851 -29.629145160785896 96
      vertex 30.482642747851 -29.629145160785896 96.43301270189222
    endloop
  endfacet
  facet normal 0.6470994246599046 0.027869145136494865 0.7618960856666619
    outer loop
      vertex 30.244604997689684 -29.953393627533014 96.6470453263204
      vertex 30.509803825723978 -30.259803825723974 96.43301270189222
      vertex 30.482642747851 -29.629145160785896 96.43301270189222
    endloop
  endfacet
  facet normal -0.01737212348372477 -0.641018106071104 0.7673291321295452
    outer loop
      vertex 23.392264242568825 -23.552774123048877 102.07738692374387
      vertex 28.4846065300081 -30.191157756606803 96.6470453263204
      vertex 30.337058074317714 -30.497567954797763 96.43301270189222
    endloop
  endfacet
  facet normal -0.017372123483717705 -0.6410181060711009 0.767329132129548
    outer loop
      vertex 19.370885267997032 -23.562396422568472 101.97830563365368
      vertex 28.4846065300081 -30.191157756606803 96.6470453263204
      vertex 23.392264242568825 -23.552774123048877 102.07738692374387
    endloop
  endfacet
  facet normal 0.5185673126702989 -0.37676120628842774 -0.767553864993196
    outer loop
      vertex 23.392264242568825 -23.552774123048877 102.07738692374387
      vertex 23.56500999397509 -23.31500999397509 102.07738692374387
      vertex 28.271175267825086 -28.02117526782509 107.56698729810778
    endloop
  endfacet
  facet normal 0.7843722027890604 0.06477840727874304 -0.6168986994979536
    outer loop
      vertex 23.486940063782868 -22.145601009992774 102.10091845061397
      vertex 28.271175267825086 -28.02117526782509 107.56698729810778
      vertex 23.56500999397509 -23.31500999397509 102.07738692374387
    endloop
  endfacet
  facet normal 0.40687340750211776 -0.29561083406474586 0.8643311084596926
    outer loop
      vertex 23.392264242568825 -23.552774123048877 102.07738692374387
      vertex 30.509803825723978 -30.259803825723974 96.43301270189222
      vertex 23.56500999397509 -23.31500999397509 102.07738692374387
    endloop
  endfacet
  facet normal 0.5185673126702988 -0.37676120628842824 -0.7675538649931957
    outer loop
      vertex 23.392264242568825 -23.552774123048877 102.07738692374387
      vertex 28.271175267825086 -28.02117526782509 107.56698729810778
      vertex 28.098429516418822 -28.258939396898878 107.56698729810778
    endloop
  endfacet
  facet normal 0.6470994246599349 0.027869145136506724 0.7618960856666357
    outer loop
      vertex 23.486940063782868 -22.145601009992774 102.10091845061397
      vertex 23.56500999397509 -23.31500999397509 102.07738692374387
      vertex 30.244604997689684 -29.953393627533014 96.6470453263204
    endloop
  endfacet
  facet normal 0.6470994246599251 0.027869145136493172 0.7618960856666445
    outer loop
      vertex 23.486940063782868 -22.145601009992774 102.10091845061397
      vertex 30.482642747851 -29.629145160785896 96.43301270189222
      vertex 23.368755135039926 -20.37530971982479 102.13654128029386
    endloop
  endfacet
  facet normal 0.40496970337487453 -0.29422771205556564 0.865696016397796
    outer loop
      vertex 21.180608542126766 -21.34111842260682 114.0203348727417
      vertex 27.858841478127395 -28.01935135860745 108.62652097034709
      vertex 28.03158722953366 -27.781587229533663 108.62652097034709
    endloop
  endfacet
  facet normal 0.4068734075021182 -0.2956108340647463 0.8643311084596923
    outer loop
      vertex 23.392264242568825 -23.552774123048877 102.07738692374387
      vertex 30.337058074317714 -30.497567954797763 96.43301270189222
      vertex 30.509803825723978 -30.259803825723974 96.43301270189222
    endloop
  endfacet
  facet normal 0.6470994246600653 0.027869145136735822 0.7618960856665168
    outer loop
      vertex 30.244604997689684 -29.953393627533014 96.6470453263204
      vertex 23.56500999397509 -23.31500999397509 102.07738692374387
      vertex 30.509803825723978 -30.259803825723974 96.43301270189222
    endloop
  endfacet
  facet normal 0.05434732020915063 -0.593944435638508 0.8026682852586978
    outer loop
      vertex 26.547233922154234 -28.162486517001476 108.60941306252097
      vertex 28.098429516418822 -28.258939396898878 108.43301270189222
      vertex 27.858841478127395 -28.01935135860745 108.62652097034709
    endloop
  endfacet
  facet normal 0.732999678137138 -0.5325554391808754 -0.423197561488387
    outer loop
      vertex 28.098429516418822 -28.258939396898878 107.56698729810778
      vertex 28.271175267825086 -28.02117526782509 107.56698729810778
      vertex 28.17568376501256 -28.496703525972666 108
    endloop
  endfacet
  facet normal 0.7329996781371418 -0.5325554391808728 -0.4231975614883832
    outer loop
      vertex 28.17568376501256 -28.496703525972666 108
      vertex 28.271175267825086 -28.02117526782509 107.56698729810778
      vertex 28.521175267825086 -28.02117526782509 108
    endloop
  endfacet
  facet normal 0.732999678137138 -0.5325554391808754 0.423197561488387
    outer loop
      vertex 28.098429516418822 -28.258939396898878 108.43301270189222
      vertex 28.17568376501256 -28.496703525972666 108
      vertex 28.271175267825086 -28.02117526782509 108.43301270189222
    endloop
  endfacet
  facet normal 0.7329996781371418 -0.5325554391808728 0.4231975614883832
    outer loop
      vertex 28.17568376501256 -28.496703525972666 108
      vertex 28.521175267825086 -28.02117526782509 108
      vertex 28.271175267825086 -28.02117526782509 108.43301270189222
    endloop
  endfacet
  facet normal 0.40496970337486754 -0.29422771205555925 0.8656960163978015
    outer loop
      vertex 27.858841478127395 -28.01935135860745 108.62652097034709
      vertex 28.098429516418822 -28.258939396898878 108.43301270189222
      vertex 28.03158722953366 -27.781587229533663 108.62652097034709
    endloop
  endfacet
  facet normal 0.40496970337486754 -0.29422771205555925 0.8656960163978015
    outer loop
      vertex 28.098429516418822 -28.258939396898878 108.43301270189222
      vertex 28.271175267825086 -28.02117526782509 108.43301270189222
      vertex 28.03158722953366 -27.781587229533663 108.62652097034709
    endloop
  endfacet
  facet normal 0.6470994246599165 0.027869145136479718 0.7618960856666522
    outer loop
      vertex 23.486940063782868 -22.145601009992774 102.10091845061397
      vertex 30.244604997689684 -29.953393627533014 96.6470453263204
      vertex 30.482642747851 -29.629145160785896 96.43301270189222
    endloop
  endfacet
  facet normal 0.7092222930175826 -0.012692597332002918 0.704870652715695
    outer loop
      vertex 26.6477938202042 -26.397793820204203 84.43301270189222
      vertex 26.660393457593194 -25.693765835507804 84.43301270189222
      vertex 23.834119163412502 0.8430381308045042 87.75458339549084
    endloop
  endfacet
  facet normal 0.5240479165663052 -0.00166588564722608 -0.851687152637355
    outer loop
      vertex 21.31747053537427 -21.033110779383293 89.8928454377505
      vertex 24.889314254264846 -0.40866906072904685 92.05027999814509
      vertex 30.365264507265433 -29.492137127069043 95.47654989583307
    endloop
  endfacet
  facet normal 0.40496970337487437 -0.2942277120555642 0.8656960163977968
    outer loop
      vertex 21.180608542126766 -21.34111842260682 114.0203348727417
      vertex 28.03158722953366 -27.781587229533663 108.62652097034709
      vertex 21.35335429353303 -21.10335429353303 114.0203348727417
    endloop
  endfacet
  facet normal 0.7843722027890635 0.06477840727874992 -0.616898699497949
    outer loop
      vertex 23.486940063782868 -22.145601009992774 102.10091845061397
      vertex 23.340836183628593 -0.949920658801294 104.14083617624897
      vertex 28.271175267825086 -28.02117526782509 107.56698729810778
    endloop
  endfacet
  facet normal 0.6442374263143965 0.026892101847268406 0.7643526368071472
    outer loop
      vertex 21.35335429353303 -21.10335429353303 114.0203348727417
      vertex 28.03158722953366 -27.781587229533663 108.62652097034709
      vertex 23.064045688367084 -0.7178565369885431 111.8612525018141
    endloop
  endfacet
  facet normal 0.6442374263143867 0.0268921018472656 0.7643526368071556
    outer loop
      vertex 28.03158722953366 -27.781587229533663 108.62652097034709
      vertex 28.271175267825086 -28.02117526782509 108.43301270189222
      vertex 23.064045688367084 -0.7178565369885431 111.8612525018141
    endloop
  endfacet
  facet normal -0.02706635732439379 -0.7840676861832478 0.6200848940140667
    outer loop
      vertex 18.884550464414573 -22.874868638801335 150.0265642933766
      vertex 27.4331560303412 -27.593665910821255 144.4330127018922
      vertex 22.026037467677785 -22.947352954177358 150.07203548706474
    endloop
  endfacet
  facet normal 5.051177573433821e-15 -0.9198391823172609 -0.3922956521221116
    outer loop
      vertex 22.026037467677785 -22.947352954177358 150.07203548706474
      vertex 22.633681982933396 -22.954701743893498 150.0892666357837
      vertex 25.154508497187475 -25.475528258147577 156
    endloop
  endfacet
  facet normal 0.38472751875388395 -0.7784043666364954 -0.4960558217728287
    outer loop
      vertex 22.633681982933396 -22.954701743893498 150.0892666357837
      vertex 22.761243076512557 -22.92175295699261 150.1364967707703
      vertex 25.077254248593736 -25.23776412907379 155.5669872981078
    endloop
  endfacet
  facet normal 0.43378215397240577 -0.3151611827507262 -0.8441009843509386
    outer loop
      vertex 21.180608542126766 -21.34111842260682 114.0203348727417
      vertex 27.6047414713521 -27.3547414713521 119.56698729810778
      vertex 27.431995719945835 -27.592505600425888 119.56698729810778
    endloop
  endfacet
  facet normal -0.048321947910298035 -0.8278633408423579 0.5588445922074262
    outer loop
      vertex 20.96625881669022 -23.58513307776041 125.81039282630701
      vertex 27.431995719945835 -27.592505600425888 120.43301270189222
      vertex 22.98930120167721 -23.558627658230392 126.02458513590314
    endloop
  endfacet
  facet normal -0.04832194791029961 -0.8278633408423584 0.5588445922074256
    outer loop
      vertex 22.98930120167721 -23.558627658230392 126.02458513590314
      vertex 27.431995719945835 -27.592505600425888 120.43301270189222
      vertex 23.23100508871515 -23.552024849675252 126.05526598354423
    endloop
  endfacet
  facet normal -0.04832194791026696 -0.8278633408423485 0.5588445922074429
    outer loop
      vertex 23.23100508871515 -23.552024849675252 126.05526598354423
      vertex 27.431995719945835 -27.592505600425888 120.43301270189222
      vertex 23.359251986387147 -23.5197618668672 126.11414904531279
    endloop
  endfacet
  facet normal 0.5716748021257874 -0.41534605593343665 0.7075843231975821
    outer loop
      vertex 23.359251986387147 -23.5197618668672 126.11414904531279
      vertex 27.6047414713521 -27.3547414713521 120.43301270189222
      vertex 23.53199773779341 -23.28199773779341 126.11414904531279
    endloop
  endfacet
  facet normal 0.8123880697068475 -0.001010303460653801 0.5831162864171258
    outer loop
      vertex 27.6047414713521 -27.3547414713521 120.43301270189222
      vertex 23.57576914732825 -23.07576914732825 126.05352474401101
      vertex 23.53199773779341 -23.28199773779341 126.11414904531279
    endloop
  endfacet
  facet normal 0.8123880697068547 -0.0010103034606326218 0.5831162864171159
    outer loop
      vertex 27.6047414713521 -27.3547414713521 120.43301270189222
      vertex 23.537329887749447 -20.878047125360133 126.11088545032914
      vertex 23.57576914732825 -23.07576914732825 126.05352474401101
    endloop
  endfacet
  facet normal 0.5716748021257868 -0.41534605593343715 0.7075843231975822
    outer loop
      vertex 23.359251986387147 -23.5197618668672 126.11414904531279
      vertex 27.431995719945835 -27.592505600425888 120.43301270189222
      vertex 27.6047414713521 -27.3547414713521 120.43301270189222
    endloop
  endfacet
  facet normal 0.07705123637057494 -0.9081126612048526 -0.4115756328224577
    outer loop
      vertex 22.98930120167721 -23.558627658230392 126.02458513590314
      vertex 23.23100508871515 -23.552024849675252 126.05526598354423
      vertex 25.71455901391027 -26.03557877487037 132
    endloop
  endfacet
  facet normal 0.41837213129923545 -0.7625912193882879 -0.49337550796935553
    outer loop
      vertex 23.23100508871515 -23.552024849675252 126.05526598354423
      vertex 23.359251986387147 -23.5197618668672 126.11414904531279
      vertex 25.637304765316532 -25.79781464579658 131.5669872981078
    endloop
  endfacet
  facet normal 0.698746719095427 -0.5076692077270465 -0.5040089265867912
    outer loop
      vertex 23.359251986387147 -23.5197618668672 126.11414904531279
      vertex 23.53199773779341 -23.28199773779341 126.11414904531279
      vertex 25.810050516722796 -25.560050516722793 131.5669872981078
    endloop
  endfacet
  facet normal 0.8222078993806079 -0.3140576808934388 -0.47470195203723686
    outer loop
      vertex 26.060050516722796 -25.560050516722793 132
      vertex 23.53199773779341 -23.28199773779341 126.11414904531279
      vertex 23.57576914732825 -23.07576914732825 126.05352474401101
    endloop
  endfacet
  facet normal 0.4183721312992752 -0.7625912193882614 -0.4933755079693628
    outer loop
      vertex 23.23100508871515 -23.552024849675252 126.05526598354423
      vertex 25.637304765316532 -25.79781464579658 131.5669872981078
      vertex 25.71455901391027 -26.03557877487037 132
    endloop
  endfacet
  facet normal 0.6987467190954268 -0.5076692077270469 -0.5040089265867909
    outer loop
      vertex 23.359251986387147 -23.5197618668672 126.11414904531279
      vertex 25.810050516722796 -25.560050516722793 131.5669872981078
      vertex 25.637304765316532 -25.79781464579658 131.5669872981078
    endloop
  endfacet
  facet normal 0.8222078993806032 -0.3140576808934484 -0.4747019520372384
    outer loop
      vertex 25.810050516722796 -25.560050516722793 131.5669872981078
      vertex 23.53199773779341 -23.28199773779341 126.11414904531279
      vertex 26.060050516722796 -25.560050516722793 132
    endloop
  endfacet
  facet normal 0.9262210410079349 0.026015841108363955 -0.3760821176360313
    outer loop
      vertex 25.864096452589198 -24.84323942831866 131.5669872981078
      vertex 26.060050516722796 -25.560050516722793 132
      vertex 23.57576914732825 -23.07576914732825 126.05352474401101
    endloop
  endfacet
  facet normal -0.10037717943112942 -0.9619389153832231 0.25416125771013803
    outer loop
      vertex 22.54192554038785 -24.195033730518503 137.7130339899908
      vertex 25.027921654980375 -25.849519378128413 132.4330127018922
      vertex 23.95391899497858 -24.274938755938685 137.9682584386149
    endloop
  endfacet
  facet normal -0.10037717943113364 -0.9619389153832228 0.25416125771013715
    outer loop
      vertex 25.027921654980375 -25.849519378128413 132.4330127018922
      vertex 25.71455901391027 -26.03557877487037 132
      vertex 23.95391899497858 -24.274938755938685 137.9682584386149
    endloop
  endfacet
  facet normal 0.7480031526880436 -0.543456101509949 0.3809812978354125
    outer loop
      vertex 25.71455901391027 -26.03557877487037 132
      vertex 26.060050516722796 -25.560050516722793 132
      vertex 24.29004671708141 -23.790046717081413 138
    endloop
  endfacet
  facet normal 0.7480031526880214 -0.5434561015099774 0.38098129783541607
    outer loop
      vertex 25.71455901391027 -26.03557877487037 132
      vertex 24.04943241603738 -24.209942296517436 137.87344638922505
      vertex 23.95391899497858 -24.274938755938685 137.9682584386149
    endloop
  endfacet
  facet normal 0.7480031526880405 -0.543456101509953 0.38098129783541285
    outer loop
      vertex 25.71455901391027 -26.03557877487037 132
      vertex 24.222178167443644 -23.972178167443648 137.87344638922505
      vertex 24.04943241603738 -24.209942296517436 137.87344638922505
    endloop
  endfacet
  facet normal 0.7480031526880513 -0.5434561015099396 0.3809812978354109
    outer loop
      vertex 25.71455901391027 -26.03557877487037 132
      vertex 24.29004671708141 -23.790046717081413 138
      vertex 24.222178167443644 -23.972178167443648 137.87344638922505
    endloop
  endfacet
  facet normal 0.7329996781371335 -0.5325554391808722 -0.4231975614883984
    outer loop
      vertex 25.637304765316532 -25.79781464579658 131.5669872981078
      vertex 25.810050516722796 -25.560050516722793 131.5669872981078
      vertex 25.71455901391027 -26.03557877487037 132
    endloop
  endfacet
  facet normal 0.7329996781371376 -0.5325554391808697 -0.4231975614883947
    outer loop
      vertex 25.71455901391027 -26.03557877487037 132
      vertex 25.810050516722796 -25.560050516722793 131.5669872981078
      vertex 26.060050516722796 -25.560050516722793 132
    endloop
  endfacet
  facet normal 0.732999678137138 -0.5325554391808754 -0.423197561488387
    outer loop
      vertex 27.509249968539574 -27.830269729499676 120
      vertex 27.431995719945835 -27.592505600425888 119.56698729810778
      vertex 27.6047414713521 -27.3547414713521 119.56698729810778
    endloop
  endfacet
  facet normal 0.7329996781371418 -0.5325554391808728 -0.4231975614883832
    outer loop
      vertex 27.509249968539574 -27.830269729499676 120
      vertex 27.6047414713521 -27.3547414713521 119.56698729810778
      vertex 27.8547414713521 -27.3547414713521 120
    endloop
  endfacet
  facet normal 0.7329996781371418 -0.5325554391808728 0.4231975614883832
    outer loop
      vertex 27.509249968539574 -27.830269729499676 120
      vertex 27.8547414713521 -27.3547414713521 120
      vertex 27.6047414713521 -27.3547414713521 120.43301270189222
    endloop
  endfacet
  facet normal 0.732999678137138 -0.5325554391808754 0.423197561488387
    outer loop
      vertex 27.509249968539574 -27.830269729499676 120
      vertex 27.6047414713521 -27.3547414713521 120.43301270189222
      vertex 27.431995719945835 -27.592505600425888 120.43301270189222
    endloop
  endfacet
  facet normal 0.04817065294123416 -0.845811884885661 -0.5313020267055085
    outer loop
      vertex 23.95391899497858 -24.274938755938685 137.9682584386149
      vertex 24.04943241603738 -24.209942296517436 137.87344638922505
      vertex 27.4331560303412 -27.593665910821255 143.5669872981078
    endloop
  endfacet
  facet normal 0.6224828908719846 -0.45226029317421973 -0.6387297376744141
    outer loop
      vertex 24.04943241603738 -24.209942296517436 137.87344638922505
      vertex 24.222178167443644 -23.972178167443648 137.87344638922505
      vertex 27.605901781747463 -27.355901781747466 143.5669872981078
    endloop
  endfacet
  facet normal 0.8657610814000654 0.02470492347616645 -0.4998473934002519
    outer loop
      vertex 24.222178167443644 -23.972178167443648 137.87344638922505
      vertex 24.29004671708141 -23.790046717081413 138
      vertex 27.605901781747463 -27.355901781747466 143.5669872981078
    endloop
  endfacet
  facet normal 0.8760096025682115 0.07413410036529886 -0.47656197012698365
    outer loop
      vertex 24.29004671708141 -23.790046717081413 138
      vertex 24.250040104820997 -21.897599517244622 138.22084996441143
      vertex 27.59721817728085 -27.08272202862214 143.5669872981078
    endloop
  endfacet
  facet normal 0.6224828908719839 -0.452260293174221 -0.6387297376744139
    outer loop
      vertex 24.04943241603738 -24.209942296517436 137.87344638922505
      vertex 27.605901781747463 -27.355901781747466 143.5669872981078
      vertex 27.4331560303412 -27.593665910821255 143.5669872981078
    endloop
  endfacet
  facet normal 0.5323957255855261 -0.38680813636615924 0.752950368231001
    outer loop
      vertex 22.761243076512557 -22.92175295699261 150.1364967707703
      vertex 27.4331560303412 -27.593665910821255 144.4330127018922
      vertex 27.605901781747463 -27.355901781747466 144.4330127018922
    endloop
  endfacet
  facet normal 0.8657610814000699 0.024704923476184852 -0.49984739340024287
    outer loop
      vertex 24.29004671708141 -23.790046717081413 138
      vertex 27.855901781747463 -27.355901781747466 144
      vertex 27.605901781747463 -27.355901781747466 143.5669872981078
    endloop
  endfacet
  facet normal 0.8760096025680837 0.07413410036460812 -0.47656197012732593
    outer loop
      vertex 24.29004671708141 -23.790046717081413 138
      vertex 27.59721817728085 -27.08272202862214 143.5669872981078
      vertex 27.855901781747463 -27.355901781747466 144
    endloop
  endfacet
  facet normal -0.027066357324399565 -0.7840676861832503 0.6200848940140633
    outer loop
      vertex 22.026037467677785 -22.947352954177358 150.07203548706474
      vertex 27.4331560303412 -27.593665910821255 144.4330127018922
      vertex 22.633681982933396 -22.954701743893498 150.0892666357837
    endloop
  endfacet
  facet normal -0.027066357324405925 -0.7840676861832527 0.6200848940140598
    outer loop
      vertex 22.633681982933396 -22.954701743893498 150.0892666357837
      vertex 27.4331560303412 -27.593665910821255 144.4330127018922
      vertex 22.761243076512557 -22.92175295699261 150.1364967707703
    endloop
  endfacet
  facet normal 0.5323957255855266 -0.3868081363661593 0.7529503682310005
    outer loop
      vertex 22.761243076512557 -22.92175295699261 150.1364967707703
      vertex 27.605901781747463 -27.355901781747466 144.4330127018922
      vertex 22.93398882791882 -22.68398882791882 150.1364967707703
    endloop
  endfacet
  facet normal 0.7832579239850572 0.024897533325263056 0.6211981466077758
    outer loop
      vertex 22.93398882791882 -22.68398882791882 150.1364967707703
      vertex 27.605901781747463 -27.355901781747466 144.4330127018922
      vertex 22.974138829538944 -22.474138829538944 150.07746157492303
    endloop
  endfacet
  facet normal 0.7832579239850506 0.024897533325246208 0.6211981466077849
    outer loop
      vertex 22.974138829538944 -22.474138829538944 150.07746157492303
      vertex 27.605901781747463 -27.355901781747466 144.4330127018922
      vertex 22.977005601593287 -21.374411650067138 150.0297700030966
    endloop
  endfacet
  facet normal 0.38472751875396594 -0.7784043666364445 -0.49605582177284474
    outer loop
      vertex 22.633681982933396 -22.954701743893498 150.0892666357837
      vertex 25.077254248593736 -25.23776412907379 155.5669872981078
      vertex 25.154508497187475 -25.475528258147577 156
    endloop
  endfacet
  facet normal 0.6950376665550536 -0.5049744233178594 -0.5117845971348705
    outer loop
      vertex 22.761243076512557 -22.92175295699261 150.1364967707703
      vertex 25.25 -25 155.5669872981078
      vertex 25.077254248593736 -25.23776412907379 155.5669872981078
    endloop
  endfacet
  facet normal 0.7329996781371335 -0.5325554391808722 -0.4231975614883984
    outer loop
      vertex 25.154508497187475 -25.475528258147577 156
      vertex 25.077254248593736 -25.23776412907379 155.5669872981078
      vertex 25.25 -25 155.5669872981078
    endloop
  endfacet
  facet normal 0.7329996781371335 -0.5325554391808722 0.4231975614883984
    outer loop
      vertex 25.154508497187475 -25.475528258147577 156
      vertex 25.25 -25 156.4330127018922
      vertex 25.077254248593736 -25.23776412907379 156.4330127018922
    endloop
  endfacet
  facet normal 0.7329996781371376 -0.5325554391808697 -0.4231975614883947
    outer loop
      vertex 25.154508497187475 -25.475528258147577 156
      vertex 25.25 -25 155.5669872981078
      vertex 25.5 -25 156
    endloop
  endfacet
  facet normal 0.7329996781371376 -0.5325554391808697 0.4231975614883947
    outer loop
      vertex 25.154508497187475 -25.475528258147577 156
      vertex 25.5 -25 156
      vertex 25.25 -25 156.4330127018922
    endloop
  endfacet
  facet normal 0.82803962223481 -0.29291724430682015 -0.47806889879695386
    outer loop
      vertex 22.93398882791882 -22.68398882791882 150.1364967707703
      vertex 25.5 -25 156
      vertex 25.25 -25 155.5669872981078
    endloop
  endfacet
  facet normal 0.7329996781371335 -0.5325554391808722 -0.4231975614883984
    outer loop
      vertex 27.510410278934938 -27.831430039895043 144
      vertex 27.4331560303412 -27.593665910821255 143.5669872981078
      vertex 27.605901781747463 -27.355901781747466 143.5669872981078
    endloop
  endfacet
  facet normal 0.7329996781371376 -0.5325554391808697 -0.4231975614883947
    outer loop
      vertex 27.510410278934938 -27.831430039895043 144
      vertex 27.605901781747463 -27.355901781747466 143.5669872981078
      vertex 27.855901781747463 -27.355901781747466 144
    endloop
  endfacet
  facet normal 0.7329996781371376 -0.5325554391808697 0.4231975614883947
    outer loop
      vertex 27.510410278934938 -27.831430039895043 144
      vertex 27.855901781747463 -27.355901781747466 144
      vertex 27.605901781747463 -27.355901781747466 144.4330127018922
    endloop
  endfacet
  facet normal 0.7329996781371335 -0.5325554391808722 0.4231975614883984
    outer loop
      vertex 27.510410278934938 -27.831430039895043 144
      vertex 27.605901781747463 -27.355901781747466 144.4330127018922
      vertex 27.4331560303412 -27.593665910821255 144.4330127018922
    endloop
  endfacet
  facet normal 0.9262210410079347 0.026015841108361432 -0.376082117636032
    outer loop
      vertex 25.864096452589198 -24.84323942831866 131.5669872981078
      vertex 23.57576914732825 -23.07576914732825 126.05352474401101
      vertex 23.537329887749447 -20.878047125360133 126.11088545032914
    endloop
  endfacet
  facet normal 0.9262210410079317 0.026015841108348304 -0.37608211763604044
    outer loop
      vertex 25.864096452589198 -24.84323942831866 131.5669872981078
      vertex 23.537329887749447 -20.878047125360133 126.11088545032914
      vertex 23.529662877161723 -20.4396943007753 126.12232649127216
    endloop
  endfacet
  facet normal 0.9507318821597622 -0.07168303498728631 0.3016130480267182
    outer loop
      vertex 26.060050516722796 -25.560050516722793 132
      vertex 24.73663298479318 -19.765439366754972 137.54880024509842
      vertex 24.29004671708141 -23.790046717081413 138
    endloop
  endfacet
  facet normal 0.9262210410079358 0.02601584110836398 -0.3760821176360293
    outer loop
      vertex 25.864096452589198 -24.84323942831866 131.5669872981078
      vertex 23.529662877161723 -20.4396943007753 126.12232649127216
      vertex 23.50544787991956 -19.577587253756615 126.12232649127216
    endloop
  endfacet
  facet normal 0.8653319456590902 -0.04001039567983121 0.49959963176467254
    outer loop
      vertex 24.29004671708141 -23.790046717081413 138
      vertex 24.48663298479318 -19.765439366754972 137.98181294699063
      vertex 24.250040104820997 -21.897599517244622 138.22084996441143
    endloop
  endfacet
  facet normal 0.4968489457178518 0.04204685599364829 0.8668178511314292
    outer loop
      vertex 24.250040104820997 -21.897599517244622 138.22084996441143
      vertex 24.48663298479318 -19.765439366754972 137.98181294699063
      vertex 24.04847656433258 -19.51581305021472 138.22084996441143
    endloop
  endfacet
  facet normal 0.8653319456590918 -0.040010395679831286 0.49959963176467015
    outer loop
      vertex 24.29004671708141 -23.790046717081413 138
      vertex 24.73663298479318 -19.765439366754972 137.54880024509842
      vertex 24.48663298479318 -19.765439366754972 137.98181294699063
    endloop
  endfacet
  facet normal 0.783257923985089 0.02489753332532428 0.6211981466077333
    outer loop
      vertex 22.977005601593287 -21.374411650067138 150.0297700030966
      vertex 27.605901781747463 -27.355901781747466 144.4330127018922
      vertex 22.97829507694563 -20.87975387282927 150.00831831275642
    endloop
  endfacet
  facet normal 0.7832579239850536 0.024897533325258316 0.6211981466077806
    outer loop
      vertex 22.97829507694563 -20.87975387282927 150.00831831275642
      vertex 27.605901781747463 -27.355901781747466 144.4330127018922
      vertex 22.97879509624959 -20.687940638850296 150
    endloop
  endfacet
  facet normal 0.6950376665550538 -0.504974423317859 -0.5117845971348703
    outer loop
      vertex 22.761243076512557 -22.92175295699261 150.1364967707703
      vertex 22.93398882791882 -22.68398882791882 150.1364967707703
      vertex 25.25 -25 155.5669872981078
    endloop
  endfacet
  facet normal 0.8280396222348293 -0.29291724430677835 -0.4780688987969458
    outer loop
      vertex 22.93398882791882 -22.68398882791882 150.1364967707703
      vertex 22.974138829538944 -22.474138829538944 150.07746157492303
      vertex 25.5 -25 156
    endloop
  endfacet
  facet normal 0.8760096025682101 0.07413410036529477 -0.47656197012698676
    outer loop
      vertex 27.59721817728085 -27.08272202862214 143.5669872981078
      vertex 24.250040104820997 -21.897599517244622 138.22084996441143
      vertex 23.572698670487874 -0.8542603313954105 140.2492774914211
    endloop
  endfacet
  facet normal 0.7092222930175685 -0.01269259733200553 0.704870652715709
    outer loop
      vertex 21.31747053537427 -21.033110779383293 89.8928454377505
      vertex 23.834119163412502 0.8430381308045042 87.75458339549084
      vertex 21.359940543601347 -17.583512011653266 89.91223011697335
    endloop
  endfacet
  facet normal 0.52404791656631 -0.0016658856472272165 -0.8516871526373521
    outer loop
      vertex 21.31747053537427 -21.033110779383293 89.8928454377505
      vertex 21.359940543601347 -17.583512011653266 89.91223011697335
      vertex 24.889314254264846 -0.40866906072904685 92.05027999814509
    endloop
  endfacet
  facet normal 0.6477207954462274 -0.0412533925291024 -0.7607600993423265
    outer loop
      vertex 20.500872747164326 -20.197179496087003 77.99718285217
      vertex 22.92307532900234 19.849352062923554 77.88789175913712
      vertex 26.583272867580764 -25.596683638174976 83.46861190273778
    endloop
  endfacet
  facet normal 0.7092222930175689 -0.012692597332005642 0.7048706527157088
    outer loop
      vertex 21.359940543601347 -17.583512011653266 89.91223011697335
      vertex 23.834119163412502 0.8430381308045042 87.75458339549084
      vertex 21.37409875997255 -16.433520104747636 89.91869238279764
    endloop
  endfacet
  facet normal 0.5240479165663159 -0.0016658856472288848 -0.8516871526373485
    outer loop
      vertex 21.359940543601347 -17.583512011653266 89.91223011697335
      vertex 21.37409875997255 -16.433520104747636 89.91869238279764
      vertex 24.889314254264846 -0.40866906072904685 92.05027999814509
    endloop
  endfacet
  facet normal 0.7843722027890654 0.0647784072787497 -0.6168986994979464
    outer loop
      vertex 23.486940063782868 -22.145601009992774 102.10091845061397
      vertex 23.368755135039926 -20.37530971982479 102.13654128029386
      vertex 23.340836183628593 -0.949920658801294 104.14083617624897
    endloop
  endfacet
  facet normal 0.7843722027890537 0.06477840727875118 -0.6168986994979612
    outer loop
      vertex 23.368755135039926 -20.37530971982479 102.13654128029386
      vertex 23.0970283081403 -17.085093446754083 102.13654128029387
      vertex 23.340836183628593 -0.949920658801294 104.14083617624897
    endloop
  endfacet
  facet normal 0.6442374263143897 0.02689210184726957 0.7643526368071528
    outer loop
      vertex 21.35335429353303 -21.10335429353303 114.0203348727417
      vertex 23.064045688367084 -0.7178565369885431 111.8612525018141
      vertex 21.29190007316703 -16.571282384191854 113.91268059559532
    endloop
  endfacet
  facet normal 0.658641759541068 -0.008941416632203839 -0.752403537775611
    outer loop
      vertex 21.35335429353303 -21.10335429353303 114.0203348727417
      vertex 21.29190007316703 -16.571282384191854 113.91268059559532
      vertex 21.74012255247781 16.4456381534151 113.91268059559532
    endloop
  endfacet
  facet normal 0.7843722027890618 0.0647784072787498 -0.6168986994979508
    outer loop
      vertex 23.0970283081403 -17.085093446754083 102.13654128029387
      vertex 20.456592870852077 14.886735551077269 102.13654128029387
      vertex 23.340836183628593 -0.949920658801294 104.14083617624897
    endloop
  endfacet
  facet normal 0.7965192221300963 -0.010813177448066189 0.6045165042997114
    outer loop
      vertex 21.29190007316703 -16.571282384191854 113.91268059559532
      vertex 23.064045688367084 -0.7178565369885431 111.8612525018141
      vertex 21.74012255247781 16.4456381534151 113.91268059559532
    endloop
  endfacet
  facet normal 0.7092222930175698 -0.012692597332005806 0.7048706527157078
    outer loop
      vertex 21.31747053537427 -21.033110779383293 89.8928454377505
      vertex 26.6477938202042 -26.397793820204203 84.43301270189222
      vertex 23.834119163412502 0.8430381308045042 87.75458339549084
    endloop
  endfacet
  facet normal 0.780182215715034 -0.013962531645093113 -0.625396480636116
    outer loop
      vertex 26.660393457593194 -25.693765835507804 83.56698729810778
      vertex 26.583272867580764 -25.596683638174976 83.46861190273778
      vertex 27.609867855205366 27.359867855205366 83.56698729810778
    endloop
  endfacet
  facet normal 0.8659214069994139 -0.015496963150219999 -0.49993995742816566
    outer loop
      vertex 26.660393457593194 -25.693765835507804 83.56698729810778
      vertex 27.609867855205366 27.359867855205366 83.56698729810778
      vertex 26.910393457593194 -25.693765835507804 84
    endloop
  endfacet
  facet normal 0.8659214069994139 -0.015496963150219999 0.49993995742816566
    outer loop
      vertex 26.910393457593194 -25.693765835507804 84
      vertex 27.609867855205366 27.359867855205366 84.43301270189222
      vertex 26.660393457593194 -25.693765835507804 84.43301270189222
    endloop
  endfacet
  facet normal 0.6297809519234734 0.027123276709104915 -0.7762990921384135
    outer loop
      vertex 30.482642747851 -29.629145160785896 95.56698729810778
      vertex 30.365264507265433 -29.492137127069043 95.47654989583307
      vertex 27.997198340894602 27.747198340894602 95.55532799912778
    endloop
  endfacet
  facet normal 0.8654236562265243 0.03727188830774566 0.4996525808854485
    outer loop
      vertex 30.732642747851 -29.629145160785896 96
      vertex 28.01097676219046 27.76097676219046 96.43301270189222
      vertex 30.482642747851 -29.629145160785896 96.43301270189222
    endloop
  endfacet
  facet normal 0.8654236562265243 0.03727188830774566 -0.4996525808854485
    outer loop
      vertex 30.482642747851 -29.629145160785896 95.56698729810778
      vertex 28.26097676219046 27.76097676219046 96
      vertex 30.732642747851 -29.629145160785896 96
    endloop
  endfacet
  facet normal 0.658641759541049 -0.008941416632203795 -0.7524035377756276
    outer loop
      vertex 21.35335429353303 -21.10335429353303 114.0203348727417
      vertex 21.766166014164686 18.364049087114267 113.91268059559532
      vertex 27.6047414713521 -27.3547414713521 119.56698729810778
    endloop
  endfacet
  facet normal 0.8654600841295953 0.036126495879486735 0.49967361254509257
    outer loop
      vertex 28.271175267825086 -28.02117526782509 108.43301270189222
      vertex 28.521175267825086 -28.02117526782509 108
      vertex 26.02556315403062 25.77556315403062 108.43301270189222
    endloop
  endfacet
  facet normal 0.8654600841295953 0.036126495879486735 -0.49967361254509257
    outer loop
      vertex 28.271175267825086 -28.02117526782509 107.56698729810778
      vertex 26.27556315403062 25.77556315403062 108
      vertex 28.521175267825086 -28.02117526782509 108
    endloop
  endfacet
  facet normal 0.6297809519234482 0.027123276709103902 -0.7762990921384341
    outer loop
      vertex 30.365264507265433 -29.492137127069043 95.47654989583307
      vertex 24.889314254264846 -0.40866906072904685 92.05027999814509
      vertex 27.997198340894602 27.747198340894602 95.55532799912778
    endloop
  endfacet
  facet normal 0.6470994246599248 0.027869145136492728 0.7618960856666448
    outer loop
      vertex 23.368755135039926 -20.37530971982479 102.13654128029386
      vertex 30.482642747851 -29.629145160785896 96.43301270189222
      vertex 28.01097676219046 27.76097676219046 96.43301270189222
    endloop
  endfacet
  facet normal 0.5513410258517124 0.045533221849407494 0.8330364931506867
    outer loop
      vertex 23.368755135039926 -20.37530971982479 102.13654128029386
      vertex 28.01097676219046 27.76097676219046 96.43301270189222
      vertex 23.0970283081403 -17.085093446754083 102.13654128029387
    endloop
  endfacet
  facet normal 0.669336516180216 0.02793980142722989 -0.7424338324752844
    outer loop
      vertex 28.271175267825086 -28.02117526782509 107.56698729810778
      vertex 23.340836183628593 -0.949920658801294 104.14083617624897
      vertex 25.895079683921228 25.645079683921228 107.44444030527586
    endloop
  endfacet
  facet normal 0.6442374263143943 0.026892101847267882 0.764352636807149
    outer loop
      vertex 28.271175267825086 -28.02117526782509 108.43301270189222
      vertex 26.02556315403062 25.77556315403062 108.43301270189222
      vertex 23.064045688367084 -0.7178565369885431 111.8612525018141
    endloop
  endfacet
  facet normal 0.9262210410079331 0.02601584110835954 -0.3760821176360361
    outer loop
      vertex 23.50544787991956 -19.577587253756615 126.12232649127216
      vertex 22.446377479821937 18.127643355293788 126.12232649127216
      vertex 23.837859281532676 0.6325825052707739 128.33905246832498
    endloop
  endfacet
  facet normal 0.9166003065906264 -0.019706548428931964 -0.39931883239710614
    outer loop
      vertex 22.97829507694563 -20.87975387282927 150.00831831275642
      vertex 22.97879509624959 -20.687940638850296 150
      vertex 23.904348537045994 22.361839014824476 150
    endloop
  endfacet
  facet normal 0.8760096025682079 0.07413410036529465 -0.4765619701269904
    outer loop
      vertex 23.876503398928456 -17.483682849190483 138.22084996441146
      vertex 21.112132006666513 15.181661071540093 138.22084996441146
      vertex 23.305295711219742 0.8884491431274254 140.02883740688347
    endloop
  endfacet
  facet normal 0.9262210410079343 0.026015841108359576 -0.37608211763603294
    outer loop
      vertex 25.864096452589198 -24.84323942831866 131.5669872981078
      vertex 23.50544787991956 -19.577587253756615 126.12232649127216
      vertex 23.97144331176269 -1.046965681843398 128.5518609934284
    endloop
  endfacet
  facet normal 0.8641850873216412 -0.06515760227714736 -0.49893749279481947
    outer loop
      vertex 25.864096452589198 -24.84323942831866 131.5669872981078
      vertex 29.6412236920403 25.252788036995632 131.5669872981078
      vertex 26.060050516722796 -25.560050516722793 132
    endloop
  endfacet
  facet normal 0.8660249015134118 -0.0010770073904595866 -0.499999710013682
    outer loop
      vertex 27.6047414713521 -27.3547414713521 119.56698729810778
      vertex 27.922864092215015 27.422864092215015 120
      vertex 27.8547414713521 -27.3547414713521 120
    endloop
  endfacet
  facet normal 0.8660249015134118 -0.0010770073904595866 0.499999710013682
    outer loop
      vertex 27.6047414713521 -27.3547414713521 120.43301270189222
      vertex 27.8547414713521 -27.3547414713521 120
      vertex 27.922864092215015 27.422864092215015 120
    endloop
  endfacet
  facet normal 0.8760096025682059 0.07413410036529539 -0.47656197012699425
    outer loop
      vertex 24.250040104820997 -21.897599517244622 138.22084996441143
      vertex 24.04847656433258 -19.51581305021472 138.22084996441143
      vertex 23.572698670487874 -0.8542603313954105 140.2492774914211
    endloop
  endfacet
  facet normal 0.8760096025682075 0.07413410036529505 -0.47656197012699114
    outer loop
      vertex 24.04847656433258 -19.51581305021472 138.22084996441143
      vertex 23.876503398928456 -17.483682849190483 138.22084996441146
      vertex 23.572698670487874 -0.8542603313954105 140.2492774914211
    endloop
  endfacet
  facet normal 0.9166003065905141 -0.019706548428926832 -0.39931883239736404
    outer loop
      vertex 22.974138829538944 -22.474138829538944 150.07746157492303
      vertex 22.977005601593287 -21.374411650067138 150.0297700030966
      vertex 24.66671944653724 0.6579916364894772 152.82104733720573
    endloop
  endfacet
  facet normal 0.9166003065905224 -0.019706548428929715 -0.39931883239734484
    outer loop
      vertex 22.974138829538944 -22.474138829538944 150.07746157492303
      vertex 24.66671944653724 0.6579916364894772 152.82104733720573
      vertex 25.5 -25 156
    endloop
  endfacet
  facet normal 0.9166003065905279 -0.019706548428931964 -0.3993188323973319
    outer loop
      vertex 22.977005601593287 -21.374411650067138 150.0297700030966
      vertex 22.97829507694563 -20.87975387282927 150.00831831275642
      vertex 24.66671944653724 0.6579916364894772 152.82104733720573
    endloop
  endfacet
  facet normal 0.8656974458075868 0.02751805037212831 0.49981065337379255
    outer loop
      vertex 27.855901781747463 -27.355901781747466 144
      vertex 25.974990216751408 23.95136588664661 144.4330127018922
      vertex 27.605901781747463 -27.355901781747466 144.4330127018922
    endloop
  endfacet
  facet normal 0.7832579239850562 0.024897533325262965 0.6211981466077771
    outer loop
      vertex 22.97879509624959 -20.687940638850296 150
      vertex 27.605901781747463 -27.355901781747466 144.4330127018922
      vertex 25.974990216751408 23.95136588664661 144.4330127018922
    endloop
  endfacet
  facet normal 0.8656974458075861 0.027518050372128296 -0.4998106533737936
    outer loop
      vertex 27.855901781747463 -27.355901781747466 144
      vertex 27.59721817728085 -27.08272202862214 143.5669872981078
      vertex 26.170348661756222 25.670348661756222 144
    endloop
  endfacet
  facet normal 0.8660254037844338 0 0.5000000000000082
    outer loop
      vertex 25.25 -25 156.4330127018922
      vertex 25.5 -25 156
      vertex 25.5 25 156
    endloop
  endfacet
  facet normal 0.8123880697068767 -0.001010303460641333 0.5831162864170852
    outer loop
      vertex 23.537329887749447 -20.878047125360133 126.11088545032914
      vertex 27.672864092215015 27.422864092215015 120.43301270189222
      vertex 23.529662877161723 -20.4396943007753 126.12232649127216
    endloop
  endfacet
  facet normal 0.7196057041127394 0.020212397289632603 0.6940886756058009
    outer loop
      vertex 23.529662877161723 -20.4396943007753 126.12232649127216
      vertex 27.672864092215015 27.422864092215015 120.43301270189222
      vertex 23.50544787991956 -19.577587253756615 126.12232649127216
    endloop
  endfacet
  facet normal 0.8123880697068533 -0.0010103034606354542 0.5831162864171181
    outer loop
      vertex 27.6047414713521 -27.3547414713521 120.43301270189222
      vertex 27.672864092215015 27.422864092215015 120.43301270189222
      vertex 23.537329887749447 -20.878047125360133 126.11088545032914
    endloop
  endfacet
  facet normal 0.9262210410079409 0.026015841108357318 -0.37608211763601695
    outer loop
      vertex 23.50544787991956 -19.577587253756615 126.12232649127216
      vertex 23.837859281532676 0.6325825052707739 128.33905246832498
      vertex 23.97144331176269 -1.046965681843398 128.5518609934284
    endloop
  endfacet
  facet normal 0.9507318821597618 -0.07168303498728773 0.30161304802671957
    outer loop
      vertex 26.060050516722796 -25.560050516722793 132
      vertex 29.8912236920403 25.252788036995632 132
      vertex 24.73663298479318 -19.765439366754972 137.54880024509842
    endloop
  endfacet
  facet normal 0.49684894571789917 0.04204685599363614 0.8668178511314025
    outer loop
      vertex 24.04847656433258 -19.51581305021472 138.22084996441143
      vertex 29.428865200457576 24.773646449964474 132.98852469430835
      vertex 23.876503398928456 -17.483682849190483 138.22084996441146
    endloop
  endfacet
  facet normal 0.49684894571785065 0.042046855993645264 0.86681785113143
    outer loop
      vertex 24.48663298479318 -19.765439366754972 137.98181294699063
      vertex 29.428865200457576 24.773646449964474 132.98852469430835
      vertex 24.04847656433258 -19.51581305021472 138.22084996441143
    endloop
  endfacet
  facet normal 0.8653319456590917 -0.04001039567983333 0.4995996317646701
    outer loop
      vertex 24.48663298479318 -19.765439366754972 137.98181294699063
      vertex 24.73663298479318 -19.765439366754972 137.54880024509842
      vertex 29.678865200457576 24.773646449964474 132.55551199241614
    endloop
  endfacet
  facet normal 0.6323445559200382 -0.04767735023576289 -0.7732187483971052
    outer loop
      vertex 25.864096452589198 -24.84323942831866 131.5669872981078
      vertex 23.97144331176269 -1.046965681843398 128.5518609934284
      vertex 29.6412236920403 25.252788036995632 131.5669872981078
    endloop
  endfacet
  facet normal 0.8760096025682143 0.0741341003652937 -0.47656197012697904
    outer loop
      vertex 23.876503398928456 -17.483682849190483 138.22084996441146
      vertex 23.305295711219742 0.8884491431274254 140.02883740688347
      vertex 23.572698670487874 -0.8542603313954105 140.2492774914211
    endloop
  endfacet
  facet normal 0.7205695109081158 0.022904847639109733 -0.6930042914039335
    outer loop
      vertex 27.59721817728085 -27.08272202862214 143.5669872981078
      vertex 23.572698670487874 -0.8542603313954105 140.2492774914211
      vertex 25.37663494989765 25.10760387671751 142.98304703683007
    endloop
  endfacet
  facet normal 0 0 -1
    outer loop
      vertex -5.5 10.25 -0.4330127018922193
      vertex 5.5 10.25 -0.4330127018922193
      vertex 0 5.226251859505506 -0.4330127018922193
    endloop
  endfacet
  facet normal 0 0 -1
    outer loop
      vertex 25.077254248593736 24.76223587092621 -0.4330127018922193
      vertex 3.6955181300451474 3.6955181300451474 -0.4330127018922193
      vertex 0 5.226251859505506 -0.4330127018922193
    endloop
  endfacet
  facet normal 0 0 -1
    outer loop
      vertex 25.077254248593736 24.76223587092621 -0.4330127018922193
      vertex 0 5.226251859505506 -0.4330127018922193
      vertex 5.5 10.25 -0.4330127018922193
    endloop
  endfacet
  facet normal -0.01951083522083394 0.8676906692059069 0.49672148119644566
    outer loop
      vertex -25.263387821515817 26.881075785475225 12.593052120965524
      vertex 24.8242330295678 24.984742910047853 17.873036494559802
      vertex 2.875260877565361 27.56219087599005 12.508520502785437
    endloop
  endfacet
  facet normal -0.01951083522083349 0.8676906692058824 0.4967214811964883
    outer loop
      vertex -26.62701181937796 26.942030197045483 12.433012701892219
      vertex 2.875260877565361 27.56219087599005 12.508520502785437
      vertex 28.010086509886822 28.170596390366875 12.433012701892219
    endloop
  endfacet
  facet normal -9.20908023000716e-16 0.9393815777433155 0.3428735209905826
    outer loop
      vertex -24.845491502812525 25.475528258147577 0
      vertex 21.922980156940024 23.333241767723983 5.869290978021137
      vertex 23.005079559470484 23.326099320430586 5.888859369852728
    endloop
  endfacet
  facet normal 0 0.9393815777433188 0.34287352099057306
    outer loop
      vertex -24.845491502812525 25.475528258147577 0
      vertex 23.005079559470484 23.326099320430586 5.888859369852728
      vertex 25.154508497187475 25.475528258147577 0
    endloop
  endfacet
  facet normal -0.01951083522083384 0.8676906692059072 0.49672148119644494
    outer loop
      vertex -25.263387821515817 26.881075785475225 12.593052120965524
      vertex 21.354130941791816 24.797258377203057 18.0642381907438
      vertex 24.8242330295678 24.984742910047853 17.873036494559802
    endloop
  endfacet
  facet normal -0.02890717378675711 0.8014365189167931 0.5973808512583867
    outer loop
      vertex -26.36548007457173 26.680498452239256 36.43301270189222
      vertex 1.9385612828228975 27.609934097143245 36.555725330565046
      vertex 28.498902955517988 28.65941283599804 36.43301270189222
    endloop
  endfacet
  facet normal -0.04944573535200694 0.6429703653786725 0.764293286965361
    outer loop
      vertex -26.365182192738953 26.680200570406477 24.43301270189222
      vertex 19.711632974770986 23.593295180180302 30.010833111915478
      vertex 23.65286751901709 23.813377399497142 30.080663497943586
    endloop
  endfacet
  facet normal 0 0 -1
    outer loop
      vertex 25.077254248593736 24.76223587092621 -0.4330127018922193
      vertex 5.5 13.75 -0.4330127018922193
      vertex -5.5 13.75 -0.4330127018922193
    endloop
  endfacet
  facet normal 0 0 -1
    outer loop
      vertex 25.077254248593736 24.76223587092621 -0.4330127018922193
      vertex 5.5 10.25 -0.4330127018922193
      vertex 5.5 13.75 -0.4330127018922193
    endloop
  endfacet
  facet normal 0 0 -1
    outer loop
      vertex -25.202254248593736 25.14694631307312 -0.4330127018922193
      vertex 25.25 25 -0.4330127018922193
      vertex 25.077254248593736 24.76223587092621 -0.4330127018922193
    endloop
  endfacet
  facet normal 0 0 -1
    outer loop
      vertex -25.202254248593736 25.14694631307312 -0.4330127018922193
      vertex 25.077254248593736 25.23776412907379 -0.4330127018922193
      vertex 25.25 25 -0.4330127018922193
    endloop
  endfacet
  facet normal 0 0.876551507956312 -0.4813080654835482
    outer loop
      vertex -24.845491502812525 25.475528258147577 0
      vertex 25.154508497187475 25.475528258147577 0
      vertex 25.077254248593736 25.23776412907379 -0.4330127018922193
    endloop
  endfacet
  facet normal 0.016862292307766903 0.75324636888597 -0.6575222968525314
    outer loop
      vertex -21.1681352516231 24.297886290287767 5.869290978021138
      vertex 23.005079559470484 23.326099320430586 5.888859369852728
      vertex 21.922980156940024 23.333241767723983 5.869290978021137
    endloop
  endfacet
  facet normal 0.01686229230776731 0.7532463688859887 -0.6575222968525103
    outer loop
      vertex -21.1681352516231 24.297886290287767 5.869290978021138
      vertex 28.010086509886822 28.170596390366875 11.566987298107781
      vertex 23.005079559470484 23.326099320430586 5.888859369852728
    endloop
  endfacet
  facet normal -0.013558093194735653 0.8774894876616607 -0.47940418975244586
    outer loop
      vertex -21.1681352516231 24.297886290287767 5.869290978021138
      vertex 28.08734075848056 28.408360519440663 12
      vertex 28.010086509886822 28.170596390366875 11.566987298107781
    endloop
  endfacet
  facet normal -0.019739554682021685 0.8778623374144728 0.47850607784034854
    outer loop
      vertex -26.54975757078422 27.17979432611927 12
      vertex 28.010086509886822 28.170596390366875 12.433012701892219
      vertex 28.08734075848056 28.408360519440663 12
    endloop
  endfacet
  facet normal -0.049445735352006845 0.6429703653786731 0.7642932869653605
    outer loop
      vertex -26.365182192738953 26.680200570406477 24.43301270189222
      vertex 23.65286751901709 23.813377399497142 30.080663497943586
      vertex 30.291278460021264 30.451788340501317 24.925495364296157
    endloop
  endfacet
  facet normal -0.031137295953090244 0.7626116704931122 -0.6461067317622023
    outer loop
      vertex -17.551871421445597 22.07183306580691 30.010833111915478
      vertex 28.498902955517988 28.65941283599804 35.56698729810778
      vertex 19.711632974770986 23.593295180180302 30.010833111915478
    endloop
  endfacet
  facet normal -0.04944573535200676 0.6429703653786717 0.7642932869653618
    outer loop
      vertex -26.365182192738953 26.680200570406477 24.43301270189222
      vertex 30.291278460021264 30.451788340501317 24.925495364296157
      vertex 30.925458026933672 31.085967907413725 24.43301270189222
    endloop
  endfacet
  facet normal -0.03168627321269237 0.8784856205022815 -0.4767168915201266
    outer loop
      vertex -26.36548007457173 26.680498452239256 35.56698729810778
      vertex 28.576157204111727 28.89717696507183 36
      vertex 28.498902955517988 28.65941283599804 35.56698729810778
    endloop
  endfacet
  facet normal -0.03168627321269237 0.8784856205022815 0.4767168915201266
    outer loop
      vertex -26.36548007457173 26.680498452239256 36.43301270189222
      vertex 28.498902955517988 28.65941283599804 36.43301270189222
      vertex 28.576157204111727 28.89717696507183 36
    endloop
  endfacet
  facet normal -0.07690183019624038 0.7202848089814364 -0.6894025692315369
    outer loop
      vertex -15.440708236683045 20.868825569349724 18.0642381907438
      vertex 30.925458026933672 31.085967907413725 23.56698729810778
      vertex 21.354130941791816 24.797258377203057 18.0642381907438
    endloop
  endfacet
  facet normal -0.06764197398918564 0.8795861649369965 -0.4709062983293738
    outer loop
      vertex -26.365182192738953 26.680200570406477 23.56698729810778
      vertex 31.00271227552741 31.323732036487513 24
      vertex 30.925458026933672 31.085967907413725 23.56698729810778
    endloop
  endfacet
  facet normal -0.06764197398918562 0.879586164936996 0.4709062983293746
    outer loop
      vertex -26.287927944145213 26.917964699480265 24
      vertex 30.925458026933672 31.085967907413725 24.43301270189222
      vertex 31.00271227552741 31.323732036487513 24
    endloop
  endfacet
  facet normal -0.05046769456743587 0.45566893811551534 0.8887175201613426
    outer loop
      vertex -15.029375979389616 20.661447558152194 54.28546578384374
      vertex 23.257601084197752 24.90192853617688 54.28546578384374
      vertex -4.556023840949029 27.772216442924314 51.23433816615408
    endloop
  endfacet
  facet normal -0.015734777519554446 0.9352456204609757 -0.35364960933807726
    outer loop
      vertex -20.04872765832366 23.523984229928672 42.01718724832817
      vertex 21.05294053160187 26.115309885763494 47.04137027932961
      vertex 20.378442600822126 24.204139812436797 42.01718724832817
    endloop
  endfacet
  facet normal 0.03679341736982503 0.8731740251191972 0.48601786623064513
    outer loop
      vertex -4.478769592355293 28.009980571998103 50.801325464261865
      vertex -4.556023840949029 27.772216442924314 51.23433816615408
      vertex 24.679871061949708 25.00089082290981 54
    endloop
  endfacet
  facet normal 0.0485078629512481 0.6688559680543508 -0.7418077117622734
    outer loop
      vertex -30.09248954120722 30.40750791887475 47.56698729810778
      vertex 25.3528906264717 26.386407665740627 47.56698729810778
      vertex 21.05294053160187 26.115309885763494 47.04137027932961
    endloop
  endfacet
  facet normal 0.06309649259542185 0.8700128817911406 -0.48897486452744243
    outer loop
      vertex -30.09248954120722 30.40750791887475 47.56698729810778
      vertex 26.24411962967717 26.56513939063727 48
      vertex 25.3528906264717 26.386407665740627 47.56698729810778
    endloop
  endfacet
  facet normal 0.03215885654381553 0.7871653494717641 0.615903012280984
    outer loop
      vertex -19.627679286399907 27.213306569547793 61.45229489883864
      vertex 18.716895063187543 22.011339630915156 66.09862784475014
      vertex 21.833970822090244 21.994480702570296 65.95741920278822
    endloop
  endfacet
  facet normal 0.035677571017516146 0.8732943480139891 -0.48588485534446524
    outer loop
      vertex -28.03946174775251 28.354480125420032 59.56698729810778
      vertex 26.064036106883005 26.385055867843107 60
      vertex 25.060861448637606 26.18511929513338 59.56698729810778
    endloop
  endfacet
  facet normal -0.007076988558941729 0.8069064478577233 0.5906368602098654
    outer loop
      vertex -24.02170916869262 26.637398997645548 72.49648827906212
      vertex 19.979355410886804 23.070492511717443 77.89668438581805
      vertex 26.970580632676107 27.13109051315616 72.43301270189222
    endloop
  endfacet
  facet normal -0.025942375349907905 0.7489840250890579 -0.6620799976759589
    outer loop
      vertex -15.737086267820075 20.81796555877598 66.09862784475014
      vertex 24.95833775275293 26.833637112830765 71.3093364318004
      vertex 18.716895063187543 22.011339630915156 66.09862784475014
    endloop
  endfacet
  facet normal -0.10786275662558985 0.9738845452534004 -0.1997861813282045
    outer loop
      vertex -15.029375979389616 20.661447558152194 54.28546578384374
      vertex 25.060861448637606 26.18511929513338 59.56698729810778
      vertex 23.257601084197752 24.90192853617688 54.28546578384374
    endloop
  endfacet
  facet normal -0.02890717378675749 0.8014365189168086 0.5973808512583663
    outer loop
      vertex 1.9385612828228975 27.609934097143245 36.555725330565046
      vertex 20.378442600822126 24.204139812436797 42.01718724832817
      vertex 23.966732055431123 24.287751816391225 42.07865154433855
    endloop
  endfacet
  facet normal 0.036793417369825186 0.873174025119198 0.48601786623064375
    outer loop
      vertex -4.556023840949029 27.772216442924314 51.23433816615408
      vertex 23.257601084197752 24.90192853617688 54.28546578384374
      vertex 24.679871061949708 25.00089082290981 54
    endloop
  endfacet
  facet normal 0.0696748735878494 0.9607196068295677 0.268632181697871
    outer loop
      vertex -4.478769592355293 28.009980571998103 50.801325464261865
      vertex 24.679871061949708 25.00089082290981 54
      vertex 26.24411962967717 26.56513939063727 48
    endloop
  endfacet
  facet normal 0.0321588565438154 0.7871653494717638 0.6159030122809843
    outer loop
      vertex -19.627679286399907 27.213306569547793 61.45229489883864
      vertex 21.833970822090244 21.994480702570296 65.95741920278822
      vertex 25.986781858289266 26.14729173876932 60.43301270189222
    endloop
  endfacet
  facet normal 0.03567757101751615 0.8732943480139892 0.48588485534446474
    outer loop
      vertex -27.962207499158772 28.59224425449382 60
      vertex 25.986781858289266 26.14729173876932 60.43301270189222
      vertex 26.064036106883005 26.385055867843107 60
    endloop
  endfacet
  facet normal -0.005940907726805696 0.6773724036660345 -0.7356162942506644
    outer loop
      vertex -26.34843666622189 26.663455043889414 71.56698729810778
      vertex 26.970580632676107 27.13109051315616 71.56698729810778
      vertex 24.95833775275293 26.833637112830765 71.3093364318004
    endloop
  endfacet
  facet normal -0.0076926572300232724 0.877103964259263 -0.4802389602119211
    outer loop
      vertex -26.27118241762815 26.901219172963202 72
      vertex 27.047834881269846 27.368854642229948 72
      vertex 26.970580632676107 27.13109051315616 71.56698729810778
    endloop
  endfacet
  facet normal -0.0076926572300232724 0.877103964259263 0.4802389602119211
    outer loop
      vertex -26.27118241762815 26.901219172963202 72
      vertex 26.970580632676107 27.13109051315616 72.43301270189222
      vertex 27.047834881269846 27.368854642229948 72
    endloop
  endfacet
  facet normal 0 0 -1
    outer loop
      vertex 25.077254248593736 -25.23776412907379 -0.4330127018922193
      vertex 3.6955181300451474 3.6955181300451474 -0.4330127018922193
      vertex 25.077254248593736 24.76223587092621 -0.4330127018922193
    endloop
  endfacet
  facet normal 0.87963710997307 -0.07861677977855107 0.46910335395888614
    outer loop
      vertex 21.489944065173265 -15.28403329458333 17.776235200000045
      vertex 23.905471097200344 0.24393800966258256 15.849094604113796
      vertex 24.466663094105552 18.02224726266514 17.776235200000045
    endloop
  endfacet
  facet normal 0.4924631834077841 -0.044013456458424374 -0.8692196665046493
    outer loop
      vertex 21.489944065173265 -15.28403329458333 17.776235200000045
      vertex 24.466663094105552 18.02224726266514 17.776235200000045
      vertex 27.16673731530796 0.5757745443938082 20.18939587109277
    endloop
  endfacet
  facet normal 0.5618662748773702 0.015244162807465761 0.8270876039790024
    outer loop
      vertex 29.6322186011913 -25.488356815612367 12.433012701892219
      vertex 28.105246263775935 27.241768050978116 12.498456374944091
      vertex 24.167710158851722 1.9297153038863502 15.63987668403472
    endloop
  endfacet
  facet normal 0.8796371099730705 -0.07861677977855099 0.46910335395888514
    outer loop
      vertex 23.905471097200344 0.24393800966258256 15.849094604113796
      vertex 24.167710158851722 1.9297153038863502 15.63987668403472
      vertex 24.466663094105552 18.02224726266514 17.776235200000045
    endloop
  endfacet
  facet normal 0.7516860681987251 0.020394220682182954 -0.659205681588613
    outer loop
      vertex 29.194119430183623 -25.2110297838263 11.076006738188266
      vertex 26.04492220602482 -0.5574785331217598 8.247727542974337
      vertex 28.21616486000588 26.704266067971695 11.566987298107781
    endloop
  endfacet
  facet normal 0.9031900528152725 0.025216793762080095 -0.42849952369624145
    outer loop
      vertex 24.845227376259434 -17.64049872184034 30.179726765365736
      vertex 23.82445064373932 18.920667604698842 30.17972676536574
      vertex 25.3009618294999 1.403039168829093 32.26101680902416
    endloop
  endfacet
  facet normal 0.755571405493353 -0.014126129414414814 -0.6549139666158954
    outer loop
      vertex 27.64628723082943 -26.42237748762102 35.56698729810778
      vertex 25.446462385524192 -0.3232089640849135 32.46611438059734
      vertex 28.634651011561797 26.442734323165467 35.56698729810778
    endloop
  endfacet
  facet normal 0.865980824983013 -0.010146313730700048 -0.4999742624169952
    outer loop
      vertex 30.38370575691549 -30.133705756915486 23.56698729810778
      vertex 31.046583354034784 26.44243644133269 23.56698729810778
      vertex 31.296583354034784 26.44243644133269 24
    endloop
  endfacet
  facet normal 0.865980824983013 -0.010146313730700048 0.4999742624169952
    outer loop
      vertex 30.38370575691549 -30.133705756915486 24.43301270189222
      vertex 31.296583354034784 26.44243644133269 24
      vertex 31.046583354034784 26.44243644133269 24.43301270189222
    endloop
  endfacet
  facet normal 0.941015891931508 -0.014891943380665356 0.33803449698913224
    outer loop
      vertex 22.689595929965915 -20.506903780213023 5.818780851204023
      vertex 25.5 25 0
      vertex 23.34036878276415 20.615170140362256 5.818780851204025
    endloop
  endfacet
  facet normal 0 0 -1
    outer loop
      vertex 25.077254248593736 -25.23776412907379 -0.4330127018922193
      vertex 25.077254248593736 24.76223587092621 -0.4330127018922193
      vertex 25.25 25 -0.4330127018922193
    endloop
  endfacet
  facet normal 0.8660254037844386 0 -0.5
    outer loop
      vertex 25.5 -25 0
      vertex 25.25 25 -0.4330127018922193
      vertex 25.5 25 0
    endloop
  endfacet
  facet normal 0.751686068198723 0.020394220682182457 -0.6592056815886156
    outer loop
      vertex 26.04492220602482 -0.5574785331217598 8.247727542974337
      vertex 23.34036878276415 20.615170140362256 5.818780851204025
      vertex 23.347831859436592 22.847831859436592 5.896364051707983
    endloop
  endfacet
  facet normal 0.49246318340778555 -0.044013456458424055 -0.8692196665046483
    outer loop
      vertex 27.16673731530796 0.5757745443938082 20.18939587109277
      vertex 24.466663094105552 18.02224726266514 17.776235200000045
      vertex 24.652031171732 20.0963164441286 17.776235200000045
    endloop
  endfacet
  facet normal 0.4924631834077825 -0.04401345645842459 -0.8692196665046501
    outer loop
      vertex 27.16673731530796 0.5757745443938082 20.18939587109277
      vertex 24.652031171732 20.0963164441286 17.776235200000045
      vertex 25.078870842591172 20.506742310935085 17.997282386921825
    endloop
  endfacet
  facet normal 0.8657864448090562 0.02348991229994496 -0.4998620369712385
    outer loop
      vertex 29.8822186011913 -25.488356815612367 12
      vertex 28.21616486000588 26.704266067971695 11.566987298107781
      vertex 28.46616486000588 26.704266067971695 12
    endloop
  endfacet
  facet normal 0.8657864448090564 0.023489912299944966 0.4998620369712384
    outer loop
      vertex 29.6322186011913 -25.488356815612367 12.433012701892219
      vertex 28.46616486000588 26.704266067971695 12
      vertex 28.21616486000588 26.704266067971695 12.433012701892219
    endloop
  endfacet
  facet normal 0.5618662748773573 0.015244162807465378 0.827087603979011
    outer loop
      vertex 29.6322186011913 -25.488356815612367 12.433012701892219
      vertex 28.21616486000588 26.704266067971695 12.433012701892219
      vertex 28.105246263775935 27.241768050978116 12.498456374944091
    endloop
  endfacet
  facet normal 0.6027063048766653 0.0168273781822624 0.7977856537977024
    outer loop
      vertex 24.845227376259434 -17.64049872184034 30.179726765365736
      vertex 30.555882356487416 26.16097801748851 24.941588230660205
      vertex 23.82445064373932 18.920667604698842 30.17972676536574
    endloop
  endfacet
  facet normal 0.7555714054933568 -0.014126129414415739 -0.6549139666158912
    outer loop
      vertex 25.446462385524192 -0.3232089640849135 32.46611438059734
      vertex 25.3009618294999 1.403039168829093 32.26101680902416
      vertex 28.634651011561797 26.442734323165467 35.56698729810778
    endloop
  endfacet
  facet normal 0.7954375163621978 -0.014871464451299776 0.6058531151266056
    outer loop
      vertex 23.530514117685716 -19.431733571617006 42.00829385698217
      vertex 28.634651011561797 26.442734323165467 36.43301270189222
      vertex 28.446749660280087 26.33451089210899 36.67705591894487
    endloop
  endfacet
  facet normal 0.7555714054933517 -0.014126129414414984 -0.654913966615897
    outer loop
      vertex 25.3009618294999 1.403039168829093 32.26101680902416
      vertex 23.82445064373932 18.920667604698842 30.17972676536574
      vertex 23.825209174255647 21.957685753167734 30.11509508916316
    endloop
  endfacet
  facet normal 0.72194933268944 -0.00845876053581244 0.6918942190822742
    outer loop
      vertex 25.224827351498046 -19.914757413625285 29.94091890211393
      vertex 31.046583354034784 26.44243644133269 24.43301270189222
      vertex 30.555882356487416 26.16097801748851 24.941588230660205
    endloop
  endfacet
  facet normal 0.8659119100583511 -0.016189050583485895 -0.49993447436669464
    outer loop
      vertex 27.878413229099422 -27.378413229099426 36
      vertex 28.634651011561797 26.442734323165467 35.56698729810778
      vertex 28.884651011561797 26.442734323165467 36
    endloop
  endfacet
  facet normal 0.8659119100583511 -0.016189050583485895 0.49993447436669464
    outer loop
      vertex 27.878413229099422 -27.378413229099426 36
      vertex 28.884651011561797 26.442734323165467 36
      vertex 28.634651011561797 26.442734323165467 36.43301270189222
    endloop
  endfacet
  facet normal 0.627272631722633 -0.032751865997646096 -0.7781107638154315
    outer loop
      vertex 20.0452352584647 -19.795235258464704 66.00788804201092
      vertex 21.721964629693215 15.286643522517785 65.88293083549897
      vertex 21.909841779660844 18.88491771884031 65.88293083549897
    endloop
  endfacet
  facet normal 0.74093828955584 -0.007576102442404989 -0.6715303818457123
    outer loop
      vertex 26.59892377036917 -26.348923770369165 71.56698729810778
      vertex 21.909841779660844 18.88491771884031 65.88293083549897
      vertex 21.96013486775669 20.375828068913073 65.92160188572643
    endloop
  endfacet
  facet normal 0.8136965245500319 -0.04248564051268393 0.5797352294672339
    outer loop
      vertex 22.230789903985414 -0.8492775048642942 63.98624724355014
      vertex 21.909841779660844 18.88491771884031 65.88293083549897
      vertex 21.721964629693215 15.286643522517785 65.88293083549897
    endloop
  endfacet
  facet normal 0.8136965245500117 -0.042485640512686926 0.579735229467262
    outer loop
      vertex 22.230789903985414 -0.8492775048642942 63.98624724355014
      vertex 21.96013486775669 20.375828068913073 65.92160188572643
      vertex 21.909841779660844 18.88491771884031 65.88293083549897
    endloop
  endfacet
  facet normal 0.8136965245501003 -0.04248564051267459 0.5797352294671385
    outer loop
      vertex 22.230789903985414 -0.8492775048642942 63.98624724355014
      vertex 22.006716573496508 21.756716573496508 65.95741920278822
      vertex 21.96013486775669 20.375828068913073 65.92160188572643
    endloop
  endfacet
  facet normal 0.8075259122971158 -0.015392100410971143 -0.5896312273053806
    outer loop
      vertex 23.610705446392117 -15.222990594053233 42.00825176517712
      vertex 24.2827167961305 20.033183922889478 42.00825176517712
      vertex 25.485117033281753 2.056436136219302 44.12426801002362
    endloop
  endfacet
  facet normal 0.9306733723126618 0.01924523424293893 -0.36534462501467313
    outer loop
      vertex 27.691399977006455 -27.19139997700646 48
      vertex 25.735117033281753 2.056436136219302 44.55728071191584
      vertex 26.385934342201963 25.81453345827673 47.466666576670434
    endloop
  endfacet
  facet normal 0.9695830507622187 -0.07028043724764647 0.2344554708572794
    outer loop
      vertex 23.642166647743455 -1.9309669793775033 51.78960546576227
      vertex 23.82125395189685 -0.19493489863990698 51.569389145729886
      vertex 24.622186533449117 18.498802829463948 53.86079827123794
    endloop
  endfacet
  facet normal 0.7184486322695043 -0.052076904578912286 -0.6936278244127447
    outer loop
      vertex 26.861415443624807 -26.611415443624807 59.56698729810778
      vertex 24.622186533449117 18.498802829463948 53.86079827123794
      vertex 24.953073744987698 20.169012222505756 54.07812826301667
    endloop
  endfacet
  facet normal 0.8657896563527978 -0.0233315509557804 -0.4998638911568849
    outer loop
      vertex 26.861415443624807 -26.611415443624807 59.56698729810778
      vertex 24.953073744987698 20.169012222505756 54.07812826301667
      vertex 25.203073744987698 20.169012222505756 54.51114096490889
    endloop
  endfacet
  facet normal 0.973663052230429 0.01301199504382814 -0.2276201851908224
    outer loop
      vertex 27.111415443624807 -26.611415443624807 60
      vertex 25.203073744987698 20.169012222505756 54.51114096490889
      vertex 26.40952760969553 25.90952760969553 60
    endloop
  endfacet
  facet normal 0.7409382895558317 -0.0075761024424069985 -0.6715303818457216
    outer loop
      vertex 26.59892377036917 -26.348923770369165 71.56698729810778
      vertex 21.96013486775669 20.375828068913073 65.92160188572643
      vertex 26.9067696768132 26.595872983756976 71.3093364318004
    endloop
  endfacet
  facet normal 0.8660250301408329 -0.0009289202100007557 -0.49999978427676633
    outer loop
      vertex 25.485117033281753 2.056436136219302 44.12426801002362
      vertex 24.331599533172742 23.04003155983173 42.08733290386045
      vertex 25.735117033281753 2.056436136219302 44.55728071191584
    endloop
  endfacet
  facet normal 0.7966304316791935 -0.015184423692313546 0.6042759209167234
    outer loop
      vertex 23.610705446392117 -15.222990594053233 42.00825176517712
      vertex 28.446749660280087 26.33451089210899 36.67705591894487
      vertex 24.2827167961305 20.033183922889478 42.00825176517712
    endloop
  endfacet
  facet normal 0.8658865654871555 0.017905519032101223 0.4999198416716916
    outer loop
      vertex 27.691399977006455 -27.19139997700646 48
      vertex 26.589611132489694 26.089611132489694 48
      vertex 26.37186056476959 24.530072416762575 48.43301270189222
    endloop
  endfacet
  facet normal 0.930673372312662 0.019245234242938943 -0.36534462501467246
    outer loop
      vertex 27.691399977006455 -27.19139997700646 48
      vertex 26.385934342201963 25.81453345827673 47.466666576670434
      vertex 26.589611132489694 26.089611132489694 48
    endloop
  endfacet
  facet normal 0.8660250301408334 -0.0009289202100006462 -0.49999978427676567
    outer loop
      vertex 25.485117033281753 2.056436136219302 44.12426801002362
      vertex 24.2827167961305 20.033183922889478 42.00825176517712
      vertex 24.331599533172742 23.04003155983173 42.08733290386045
    endloop
  endfacet
  facet normal 0.9695830507622158 -0.07028043724764779 0.2344554708572909
    outer loop
      vertex 23.82125395189685 -0.19493489863990698 51.569389145729886
      vertex 24.72677654898508 19.941717960815375 53.86079827123794
      vertex 24.622186533449117 18.498802829463948 53.86079827123794
    endloop
  endfacet
  facet normal 0.9695830507622165 -0.07028043724764746 0.23445547085728807
    outer loop
      vertex 23.82125395189685 -0.19493489863990698 51.569389145729886
      vertex 26.37186056476959 24.530072416762575 48.43301270189222
      vertex 24.72677654898508 19.941717960815375 53.86079827123794
    endloop
  endfacet
  facet normal 0.8659674090357053 0.011572754669777276 0.49996651671621
    outer loop
      vertex 26.861415443624807 -26.611415443624807 60.43301270189222
      vertex 26.40952760969553 25.90952760969553 60
      vertex 26.15952760969553 25.90952760969553 60.43301270189222
    endloop
  endfacet
  facet normal 0.8214068747829334 -0.05231547368828748 0.5679382336769592
    outer loop
      vertex 20.669578390941037 -15.532873246837141 77.88789175913712
      vertex 27.065348366131182 26.382291515266733 72.49871817227785
      vertex 22.92307532900234 19.849352062923554 77.88789175913712
    endloop
  endfacet
  facet normal 0.6702332819111706 -0.0068531429346231736 0.7421188464461058
    outer loop
      vertex 20.500872747164326 -20.197179496087003 77.99718285217
      vertex 27.138544806087538 26.425690914815625 72.43301270189222
      vertex 27.065348366131182 26.382291515266733 72.49871817227785
    endloop
  endfacet
  facet normal 0.7409382895558356 -0.007576102442407001 -0.6715303818457173
    outer loop
      vertex 26.59892377036917 -26.348923770369165 71.56698729810778
      vertex 26.9067696768132 26.595872983756976 71.3093364318004
      vertex 27.138544806087538 26.425690914815625 71.56698729810778
    endloop
  endfacet
  facet normal 0.8659914518940952 -0.008854772450390456 -0.49998039786696524
    outer loop
      vertex 26.84892377036917 -26.348923770369165 72
      vertex 27.138544806087538 26.425690914815625 71.56698729810778
      vertex 27.388544806087538 26.425690914815625 72
    endloop
  endfacet
  facet normal 0.8659914518940952 -0.008854772450390456 0.49998039786696524
    outer loop
      vertex 26.84892377036917 -26.348923770369165 72
      vertex 27.388544806087538 26.425690914815625 72
      vertex 27.138544806087538 26.425690914815625 72.43301270189222
    endloop
  endfacet
  facet normal -0.019510835220834192 0.8676906692059063 0.49672148119644643
    outer loop
      vertex 2.875260877565361 27.56219087599005 12.508520502785437
      vertex 24.8242330295678 24.984742910047853 17.873036494559802
      vertex 28.010086509886822 28.170596390366875 12.433012701892219
    endloop
  endfacet
  facet normal -0.028907173786757782 0.8014365189168079 0.5973808512583672
    outer loop
      vertex 1.9385612828228975 27.609934097143245 36.555725330565046
      vertex 23.966732055431123 24.287751816391225 42.07865154433855
      vertex 28.498902955517988 28.65941283599804 36.43301270189222
    endloop
  endfacet
  facet normal 0.7516860681987251 0.02039422068218294 -0.6592056815886133
    outer loop
      vertex 26.04492220602482 -0.5574785331217598 8.247727542974337
      vertex 23.347831859436592 22.847831859436592 5.896364051707983
      vertex 28.182832261293086 27.932832261293086 11.566987298107781
    endloop
  endfacet
  facet normal 0.8796371099730702 -0.07861677977855105 0.4691033539588857
    outer loop
      vertex 24.167710158851722 1.9297153038863502 15.63987668403472
      vertex 28.105246263775935 27.241768050978116 12.498456374944091
      vertex 24.466663094105552 18.02224726266514 17.776235200000045
    endloop
  endfacet
  facet normal 0.941015891931508 -0.014891943380666023 0.33803449698913174
    outer loop
      vertex 23.34036878276415 20.615170140362256 5.818780851204025
      vertex 25.5 25 0
      vertex 23.347831859436592 22.847831859436592 5.896364051707983
    endloop
  endfacet
  facet normal 0.49246318340778433 -0.044013456458426845 -0.8692196665046491
    outer loop
      vertex 24.652031171732 20.0963164441286 17.776235200000045
      vertex 24.8683356609982 22.51653075904038 17.77623520000004
      vertex 25.078870842591172 20.506742310935085 17.997282386921825
    endloop
  endfacet
  facet normal 0.8796371099730697 -0.07861677977855017 0.46910335395888675
    outer loop
      vertex 24.466663094105552 18.02224726266514 17.776235200000045
      vertex 28.105246263775935 27.241768050978116 12.498456374944091
      vertex 24.652031171732 20.0963164441286 17.776235200000045
    endloop
  endfacet
  facet normal 0.8796371099730709 -0.07861677977855254 0.46910335395888436
    outer loop
      vertex 24.652031171732 20.0963164441286 17.776235200000045
      vertex 28.105246263775935 27.241768050978116 12.498456374944091
      vertex 24.8683356609982 22.51653075904038 17.77623520000004
    endloop
  endfacet
  facet normal 0.7516860681987283 0.020394220682182367 -0.6592056815886096
    outer loop
      vertex 26.04492220602482 -0.5574785331217598 8.247727542974337
      vertex 28.182832261293086 27.932832261293086 11.566987298107781
      vertex 28.21616486000588 26.704266067971695 11.566987298107781
    endloop
  endfacet
  facet normal 0.7555714054933531 -0.014126129414414762 -0.6549139666158954
    outer loop
      vertex 25.3009618294999 1.403039168829093 32.26101680902416
      vertex 23.825209174255647 21.957685753167734 30.11509508916316
      vertex 28.671648706924252 28.421648706924252 35.56698729810778
    endloop
  endfacet
  facet normal 0.6027063048766644 0.016827378182263694 0.7977856537977029
    outer loop
      vertex 23.82445064373932 18.920667604698842 30.17972676536574
      vertex 30.555882356487416 26.16097801748851 24.941588230660205
      vertex 23.825209174255647 21.957685753167734 30.11509508916316
    endloop
  endfacet
  facet normal 0.6865501219041363 -0.008044003663506404 -0.7270379798321933
    outer loop
      vertex 27.16673731530796 0.5757745443938082 20.18939587109277
      vertex 25.078870842591172 20.506742310935085 17.997282386921825
      vertex 31.098203778339936 30.848203778339936 23.56698729810778
    endloop
  endfacet
  facet normal 0.6865501219041392 -0.00804400366350702 -0.7270379798321908
    outer loop
      vertex 27.16673731530796 0.5757745443938082 20.18939587109277
      vertex 31.098203778339936 30.848203778339936 23.56698729810778
      vertex 31.046583354034784 26.44243644133269 23.56698729810778
    endloop
  endfacet
  facet normal 0.7555714054933562 -0.01412612941441564 -0.6549139666158917
    outer loop
      vertex 25.3009618294999 1.403039168829093 32.26101680902416
      vertex 28.671648706924252 28.421648706924252 35.56698729810778
      vertex 28.634651011561797 26.442734323165467 35.56698729810778
    endloop
  endfacet
  facet normal 0.7734048807618574 0.44995539099446213 0.4465255161004327
    outer loop
      vertex 23.347831859436592 22.847831859436592 5.896364051707983
      vertex 25.25 25 0.4330127018922193
      vertex 23.281440311774436 23.031440311774436 5.826338790371554
    endloop
  endfacet
  facet normal 0.7207501123821067 0.5236556087102471 0.45420708819599115
    outer loop
      vertex 23.10869456036817 23.269204440848224 5.826338790371554
      vertex 23.281440311774436 23.031440311774436 5.826338790371554
      vertex 25.077254248593736 25.23776412907379 0.4330127018922193
    endloop
  endfacet
  facet normal 0.6240951699644387 0.6325521502720824 0.4586752620462795
    outer loop
      vertex 23.005079559470484 23.326099320430586 5.888859369852728
      vertex 23.10869456036817 23.269204440848224 5.826338790371554
      vertex 25.154508497187475 25.475528258147577 0
    endloop
  endfacet
  facet normal 0.6240951699644185 0.6325521502721019 0.45867526204628023
    outer loop
      vertex 23.10869456036817 23.269204440848224 5.826338790371554
      vertex 25.077254248593736 25.23776412907379 0.4330127018922193
      vertex 25.154508497187475 25.475528258147577 0
    endloop
  endfacet
  facet normal 0.7207501123821064 0.5236556087102475 0.4542070881959913
    outer loop
      vertex 23.281440311774436 23.031440311774436 5.826338790371554
      vertex 25.25 25 0.4330127018922193
      vertex 25.077254248593736 25.23776412907379 0.4330127018922193
    endloop
  endfacet
  facet normal 0.7734048807618624 0.4499553909944548 0.44652551610043145
    outer loop
      vertex 23.347831859436592 22.847831859436592 5.896364051707983
      vertex 25.5 25 0
      vertex 25.25 25 0.4330127018922193
    endloop
  endfacet
  facet normal 0.7329996781371365 0.5325554391808743 -0.4231975614883908
    outer loop
      vertex 25.077254248593736 25.23776412907379 -0.4330127018922193
      vertex 25.154508497187475 25.475528258147577 0
      vertex 25.25 25 -0.4330127018922193
    endloop
  endfacet
  facet normal 0.7329996781371365 0.5325554391808743 0.4231975614883908
    outer loop
      vertex 25.077254248593736 25.23776412907379 0.4330127018922193
      vertex 25.25 25 0.4330127018922193
      vertex 25.154508497187475 25.475528258147577 0
    endloop
  endfacet
  facet normal 0.7329996781371404 0.5325554391808718 -0.42319756148838705
    outer loop
      vertex 25.25 25 -0.4330127018922193
      vertex 25.154508497187475 25.475528258147577 0
      vertex 25.5 25 0
    endloop
  endfacet
  facet normal 0.7329996781371404 0.5325554391808718 0.42319756148838705
    outer loop
      vertex 25.25 25 0.4330127018922193
      vertex 25.5 25 0
      vertex 25.154508497187475 25.475528258147577 0
    endloop
  endfacet
  facet normal 0.016862292307779515 0.7532463688859832 -0.6575222968525163
    outer loop
      vertex 23.005079559470484 23.326099320430586 5.888859369852728
      vertex 28.010086509886822 28.170596390366875 11.566987298107781
      vertex 23.10869456036817 23.269204440848224 5.826338790371554
    endloop
  endfacet
  facet normal 0.7516860681987225 0.020394220682188262 -0.6592056815886159
    outer loop
      vertex 23.347831859436592 22.847831859436592 5.896364051707983
      vertex 23.281440311774436 23.031440311774436 5.826338790371554
      vertex 28.182832261293086 27.932832261293086 11.566987298107781
    endloop
  endfacet
  facet normal 0.5198104113229787 0.37766437032610584 -0.7662680729786552
    outer loop
      vertex 23.10869456036817 23.269204440848224 5.826338790371554
      vertex 28.182832261293086 27.932832261293086 11.566987298107781
      vertex 23.281440311774436 23.031440311774436 5.826338790371554
    endloop
  endfacet
  facet normal 0.8796371099730701 -0.07861677977855008 0.469103353958886
    outer loop
      vertex 24.8683356609982 22.51653075904038 17.77623520000004
      vertex 28.105246263775935 27.241768050978116 12.498456374944091
      vertex 24.993612503608645 24.493612503608645 17.87266094489138
    endloop
  endfacet
  facet normal 0.5198104113229792 0.3776643703261053 -0.7662680729786552
    outer loop
      vertex 23.10869456036817 23.269204440848224 5.826338790371554
      vertex 28.010086509886822 28.170596390366875 11.566987298107781
      vertex 28.182832261293086 27.932832261293086 11.566987298107781
    endloop
  endfacet
  facet normal 0.8796371099730701 -0.07861677977855179 0.46910335395888547
    outer loop
      vertex 24.993612503608645 24.493612503608645 17.87266094489138
      vertex 28.105246263775935 27.241768050978116 12.498456374944091
      vertex 28.17220490476907 27.67220490476907 12.445035852800336
    endloop
  endfacet
  facet normal 0.8659604606057842 -0.012246396336326286 0.4999625050383194
    outer loop
      vertex 24.996978780974064 24.746978780974064 17.873036494559802
      vertex 28.17220490476907 27.67220490476907 12.445035852800336
      vertex 28.182832261293086 27.932832261293086 12.433012701892219
    endloop
  endfacet
  facet normal 0.6261965774626811 0.45495844441804495 0.6331592692417423
    outer loop
      vertex 24.8242330295678 24.984742910047853 17.873036494559802
      vertex 28.182832261293086 27.932832261293086 12.433012701892219
      vertex 28.010086509886822 28.170596390366875 12.433012701892219
    endloop
  endfacet
  facet normal 0.8659604606057836 -0.012246396336325384 0.4999625050383205
    outer loop
      vertex 24.993612503608645 24.493612503608645 17.87266094489138
      vertex 28.17220490476907 27.67220490476907 12.445035852800336
      vertex 24.996978780974064 24.746978780974064 17.873036494559802
    endloop
  endfacet
  facet normal 0.6261965774626815 0.4549584444180442 0.6331592692417423
    outer loop
      vertex 24.8242330295678 24.984742910047853 17.873036494559802
      vertex 24.996978780974064 24.746978780974064 17.873036494559802
      vertex 28.182832261293086 27.932832261293086 12.433012701892219
    endloop
  endfacet
  facet normal 0.8657864448090563 0.02348991229994423 -0.49986203697123843
    outer loop
      vertex 28.21616486000588 26.704266067971695 11.566987298107781
      vertex 28.432832261293086 27.932832261293086 12
      vertex 28.46616486000588 26.704266067971695 12
    endloop
  endfacet
  facet normal 0.8657864448090563 0.02348991229994423 0.49986203697123843
    outer loop
      vertex 28.21616486000588 26.704266067971695 12.433012701892219
      vertex 28.46616486000588 26.704266067971695 12
      vertex 28.432832261293086 27.932832261293086 12
    endloop
  endfacet
  facet normal 0.561866274877358 0.015244162807465463 0.8270876039790106
    outer loop
      vertex 28.21616486000588 26.704266067971695 12.433012701892219
      vertex 28.17220490476907 27.67220490476907 12.445035852800336
      vertex 28.105246263775935 27.241768050978116 12.498456374944091
    endloop
  endfacet
  facet normal 0.8657864448090563 0.023489912299944234 -0.49986203697123843
    outer loop
      vertex 28.21616486000588 26.704266067971695 11.566987298107781
      vertex 28.182832261293086 27.932832261293086 11.566987298107781
      vertex 28.432832261293086 27.932832261293086 12
    endloop
  endfacet
  facet normal 0.7329996781371363 0.5325554391808741 -0.42319756148839127
    outer loop
      vertex 28.010086509886822 28.170596390366875 11.566987298107781
      vertex 28.08734075848056 28.408360519440663 12
      vertex 28.182832261293086 27.932832261293086 11.566987298107781
    endloop
  endfacet
  facet normal 0.8657864448090563 0.023489912299944234 0.49986203697123843
    outer loop
      vertex 28.21616486000588 26.704266067971695 12.433012701892219
      vertex 28.432832261293086 27.932832261293086 12
      vertex 28.182832261293086 27.932832261293086 12.433012701892219
    endloop
  endfacet
  facet normal 0.5618662748773379 0.015244162807464375 0.8270876039790243
    outer loop
      vertex 28.21616486000588 26.704266067971695 12.433012701892219
      vertex 28.182832261293086 27.932832261293086 12.433012701892219
      vertex 28.17220490476907 27.67220490476907 12.445035852800336
    endloop
  endfacet
  facet normal 0.7329996781371363 0.5325554391808741 0.42319756148839127
    outer loop
      vertex 28.010086509886822 28.170596390366875 12.433012701892219
      vertex 28.182832261293086 27.932832261293086 12.433012701892219
      vertex 28.08734075848056 28.408360519440663 12
    endloop
  endfacet
  facet normal 0.7329996781371403 0.5325554391808717 -0.42319756148838755
    outer loop
      vertex 28.182832261293086 27.932832261293086 11.566987298107781
      vertex 28.08734075848056 28.408360519440663 12
      vertex 28.432832261293086 27.932832261293086 12
    endloop
  endfacet
  facet normal 0.7329996781371403 0.5325554391808717 0.42319756148838755
    outer loop
      vertex 28.182832261293086 27.932832261293086 12.433012701892219
      vertex 28.432832261293086 27.932832261293086 12
      vertex 28.08734075848056 28.408360519440663 12
    endloop
  endfacet
  facet normal 0.6865501219041384 -0.008044003663508579 -0.7270379798321915
    outer loop
      vertex 25.078870842591172 20.506742310935085 17.997282386921825
      vertex 24.8683356609982 22.51653075904038 17.77623520000004
      vertex 31.098203778339936 30.848203778339936 23.56698729810778
    endloop
  endfacet
  facet normal 0.6027063048766647 0.016827378182262945 0.7977856537977027
    outer loop
      vertex 23.825209174255647 21.957685753167734 30.11509508916316
      vertex 30.555882356487416 26.16097801748851 24.941588230660205
      vertex 23.825547879935165 23.31380165544821 30.08623518790322
    endloop
  endfacet
  facet normal 0.6027063048766668 0.016827378182258098 0.7977856537977013
    outer loop
      vertex 23.825547879935165 23.31380165544821 30.08623518790322
      vertex 30.819792461772213 28.44192469264364 24.69409990374892
      vertex 23.825613270423354 23.575613270423354 30.080663497943586
    endloop
  endfacet
  facet normal -0.0769018301962392 0.7202848089814355 -0.6894025692315381
    outer loop
      vertex 21.354130941791816 24.797258377203057 18.0642381907438
      vertex 30.925458026933672 31.085967907413725 23.56698729810778
      vertex 24.8242330295678 24.984742910047853 17.873036494559802
    endloop
  endfacet
  facet normal 0.6865501219041354 -0.00804400366350424 -0.7270379798321945
    outer loop
      vertex 24.8683356609982 22.51653075904038 17.77623520000004
      vertex 24.993612503608645 24.493612503608645 17.87266094489138
      vertex 31.098203778339936 30.848203778339936 23.56698729810778
    endloop
  endfacet
  facet normal 0.6865501219041334 -0.008044003663500724 -0.7270379798321963
    outer loop
      vertex 24.993612503608645 24.493612503608645 17.87266094489138
      vertex 24.996978780974064 24.746978780974064 17.873036494559802
      vertex 31.098203778339936 30.848203778339936 23.56698729810778
    endloop
  endfacet
  facet normal 0.4494436927530806 0.32653995672888997 -0.8314878373758507
    outer loop
      vertex 24.8242330295678 24.984742910047853 17.873036494559802
      vertex 31.098203778339936 30.848203778339936 23.56698729810778
      vertex 24.996978780974064 24.746978780974064 17.873036494559802
    endloop
  endfacet
  facet normal 0.3931120544408839 0.2856126258228626 0.8740070598249404
    outer loop
      vertex 23.65286751901709 23.813377399497142 30.080663497943586
      vertex 23.825613270423354 23.575613270423354 30.080663497943586
      vertex 30.291278460021264 30.451788340501317 24.925495364296157
    endloop
  endfacet
  facet normal -0.031137295953089936 0.762611670493112 -0.6461067317622026
    outer loop
      vertex 19.711632974770986 23.593295180180302 30.010833111915478
      vertex 28.498902955517988 28.65941283599804 35.56698729810778
      vertex 23.65286751901709 23.813377399497142 30.080663497943586
    endloop
  endfacet
  facet normal 0.7555714054933744 -0.014126129414452026 -0.6549139666158701
    outer loop
      vertex 23.825209174255647 21.957685753167734 30.11509508916316
      vertex 23.825547879935165 23.31380165544821 30.08623518790322
      vertex 28.671648706924252 28.421648706924252 35.56698729810778
    endloop
  endfacet
  facet normal 0.7555714054932711 -0.014126129414220886 -0.6549139666159941
    outer loop
      vertex 23.825547879935165 23.31380165544821 30.08623518790322
      vertex 23.825613270423354 23.575613270423354 30.080663497943586
      vertex 28.671648706924252 28.421648706924252 35.56698729810778
    endloop
  endfacet
  facet normal 0.50940750561849 0.3701062169169652 -0.7768689602622572
    outer loop
      vertex 23.65286751901709 23.813377399497142 30.080663497943586
      vertex 28.498902955517988 28.65941283599804 35.56698729810778
      vertex 23.825613270423354 23.575613270423354 30.080663497943586
    endloop
  endfacet
  facet normal 0.5094075056184904 0.3701062169169642 -0.7768689602622573
    outer loop
      vertex 23.825613270423354 23.575613270423354 30.080663497943586
      vertex 28.498902955517988 28.65941283599804 35.56698729810778
      vertex 28.671648706924252 28.421648706924252 35.56698729810778
    endloop
  endfacet
  facet normal 0.7966304316791919 -0.015184423692308045 0.6042759209167257
    outer loop
      vertex 28.446749660280087 26.33451089210899 36.67705591894487
      vertex 28.558562371098063 27.37216996806943 36.55572533056504
      vertex 24.276771886872226 23.923511221484798 42.113846364305864
    endloop
  endfacet
  facet normal 0.7966304316791954 -0.01518442369232095 0.6042759209167206
    outer loop
      vertex 28.558562371098063 27.37216996806943 36.55572533056504
      vertex 28.671648706924252 28.421648706924252 36.43301270189222
      vertex 24.25441614327898 24.00441614327898 42.14535144273366
    endloop
  endfacet
  facet normal 0.5496202882996696 0.39932251370427974 0.7337977028706777
    outer loop
      vertex 28.498902955517988 28.65941283599804 36.43301270189222
      vertex 24.081670391872716 24.24218027235277 42.14535144273366
      vertex 28.671648706924252 28.421648706924252 36.43301270189222
    endloop
  endfacet
  facet normal 0.6027063048766652 0.016827378182260985 0.7977856537977023
    outer loop
      vertex 23.825547879935165 23.31380165544821 30.08623518790322
      vertex 30.555882356487416 26.16097801748851 24.941588230660205
      vertex 30.819792461772213 28.44192469264364 24.69409990374892
    endloop
  endfacet
  facet normal 0.7219493326894401 -0.008458760535813556 0.6918942190822742
    outer loop
      vertex 30.555882356487416 26.16097801748851 24.941588230660205
      vertex 31.046583354034784 26.44243644133269 24.43301270189222
      vertex 30.819792461772213 28.44192469264364 24.69409990374892
    endloop
  endfacet
  facet normal 0.865911910058351 -0.01618905058348677 -0.4999344743666947
    outer loop
      vertex 28.634651011561797 26.442734323165467 35.56698729810778
      vertex 28.671648706924252 28.421648706924252 35.56698729810778
      vertex 28.884651011561797 26.442734323165467 36
    endloop
  endfacet
  facet normal 0.865911910058351 -0.01618905058348677 0.4999344743666947
    outer loop
      vertex 28.884651011561797 26.442734323165467 36
      vertex 28.671648706924252 28.421648706924252 36.43301270189222
      vertex 28.634651011561797 26.442734323165467 36.43301270189222
    endloop
  endfacet
  facet normal 0.7954375163621974 -0.014871464451294338 0.6058531151266064
    outer loop
      vertex 28.446749660280087 26.33451089210899 36.67705591894487
      vertex 28.634651011561797 26.442734323165467 36.43301270189222
      vertex 28.558562371098063 27.37216996806943 36.55572533056504
    endloop
  endfacet
  facet normal 0.4494436927530822 0.3265399567288894 -0.8314878373758501
    outer loop
      vertex 24.8242330295678 24.984742910047853 17.873036494559802
      vertex 30.925458026933672 31.085967907413725 23.56698729810778
      vertex 31.098203778339936 30.848203778339936 23.56698729810778
    endloop
  endfacet
  facet normal 0.6027063048766645 0.01682737818226323 0.7977856537977029
    outer loop
      vertex 23.825613270423354 23.575613270423354 30.080663497943586
      vertex 30.819792461772213 28.44192469264364 24.69409990374892
      vertex 30.464024211427528 30.214024211427528 24.925495364296157
    endloop
  endfacet
  facet normal 0.39311205444088376 0.28561262582286284 0.8740070598249404
    outer loop
      vertex 23.825613270423354 23.575613270423354 30.080663497943586
      vertex 30.464024211427528 30.214024211427528 24.925495364296157
      vertex 30.291278460021264 30.451788340501317 24.925495364296157
    endloop
  endfacet
  facet normal 0.865980824983013 -0.010146313730700674 -0.4999742624169954
    outer loop
      vertex 31.046583354034784 26.44243644133269 23.56698729810778
      vertex 31.348203778339936 30.848203778339936 24
      vertex 31.296583354034784 26.44243644133269 24
    endloop
  endfacet
  facet normal 0.865980824983013 -0.010146313730700678 0.4999742624169954
    outer loop
      vertex 31.296583354034784 26.44243644133269 24
      vertex 31.348203778339936 30.848203778339936 24
      vertex 31.046583354034784 26.44243644133269 24.43301270189222
    endloop
  endfacet
  facet normal 0.7219493326894424 -0.008458760535812983 0.6918942190822718
    outer loop
      vertex 31.046583354034784 26.44243644133269 24.43301270189222
      vertex 31.098203778339936 30.848203778339936 24.43301270189222
      vertex 30.819792461772213 28.44192469264364 24.69409990374892
    endloop
  endfacet
  facet normal 0.865980824983013 -0.010146313730700678 -0.4999742624169954
    outer loop
      vertex 31.046583354034784 26.44243644133269 23.56698729810778
      vertex 31.098203778339936 30.848203778339936 23.56698729810778
      vertex 31.348203778339936 30.848203778339936 24
    endloop
  endfacet
  facet normal 0.7329996781371368 0.5325554391808747 -0.42319756148838983
    outer loop
      vertex 31.098203778339936 30.848203778339936 23.56698729810778
      vertex 30.925458026933672 31.085967907413725 23.56698729810778
      vertex 31.00271227552741 31.323732036487513 24
    endloop
  endfacet
  facet normal 0.732999678137141 0.5325554391808721 -0.42319756148838616
    outer loop
      vertex 31.098203778339936 30.848203778339936 23.56698729810778
      vertex 31.00271227552741 31.323732036487513 24
      vertex 31.348203778339936 30.848203778339936 24
    endloop
  endfacet
  facet normal 0.602706304876663 0.016827378182262813 0.7977856537977039
    outer loop
      vertex 30.819792461772213 28.44192469264364 24.69409990374892
      vertex 31.098203778339936 30.848203778339936 24.43301270189222
      vertex 30.464024211427528 30.214024211427528 24.925495364296157
    endloop
  endfacet
  facet normal 0.865980824983013 -0.010146313730700678 0.4999742624169954
    outer loop
      vertex 31.046583354034784 26.44243644133269 24.43301270189222
      vertex 31.348203778339936 30.848203778339936 24
      vertex 31.098203778339936 30.848203778339936 24.43301270189222
    endloop
  endfacet
  facet normal 0.3931120544408826 0.28561262582286173 0.8740070598249414
    outer loop
      vertex 30.291278460021264 30.451788340501317 24.925495364296157
      vertex 30.464024211427528 30.214024211427528 24.925495364296157
      vertex 30.925458026933672 31.085967907413725 24.43301270189222
    endloop
  endfacet
  facet normal 0.3931120544408826 0.2856126258228618 0.8740070598249412
    outer loop
      vertex 30.464024211427528 30.214024211427528 24.925495364296157
      vertex 31.098203778339936 30.848203778339936 24.43301270189222
      vertex 30.925458026933672 31.085967907413725 24.43301270189222
    endloop
  endfacet
  facet normal 0.7329996781371368 0.5325554391808747 0.42319756148838983
    outer loop
      vertex 31.00271227552741 31.323732036487513 24
      vertex 30.925458026933672 31.085967907413725 24.43301270189222
      vertex 31.098203778339936 30.848203778339936 24.43301270189222
    endloop
  endfacet
  facet normal 0.732999678137141 0.5325554391808721 0.42319756148838616
    outer loop
      vertex 31.00271227552741 31.323732036487513 24
      vertex 31.098203778339936 30.848203778339936 24.43301270189222
      vertex 31.348203778339936 30.848203778339936 24
    endloop
  endfacet
  facet normal 0.865911910058351 -0.01618905058348677 -0.4999344743666947
    outer loop
      vertex 28.884651011561797 26.442734323165467 36
      vertex 28.671648706924252 28.421648706924252 35.56698729810778
      vertex 28.921648706924252 28.421648706924252 36
    endloop
  endfacet
  facet normal 0.865911910058351 -0.01618905058348677 0.4999344743666947
    outer loop
      vertex 28.884651011561797 26.442734323165467 36
      vertex 28.921648706924252 28.421648706924252 36
      vertex 28.671648706924252 28.421648706924252 36.43301270189222
    endloop
  endfacet
  facet normal 0.7954375163621739 -0.014871464451300307 0.6058531151266371
    outer loop
      vertex 28.634651011561797 26.442734323165467 36.43301270189222
      vertex 28.671648706924252 28.421648706924252 36.43301270189222
      vertex 28.558562371098063 27.37216996806943 36.55572533056504
    endloop
  endfacet
  facet normal 0.7329996781371357 0.5325554391808738 -0.42319756148839266
    outer loop
      vertex 28.498902955517988 28.65941283599804 35.56698729810778
      vertex 28.576157204111727 28.89717696507183 36
      vertex 28.671648706924252 28.421648706924252 35.56698729810778
    endloop
  endfacet
  facet normal 0.7329996781371357 0.5325554391808739 0.42319756148839266
    outer loop
      vertex 28.576157204111727 28.89717696507183 36
      vertex 28.498902955517988 28.65941283599804 36.43301270189222
      vertex 28.671648706924252 28.421648706924252 36.43301270189222
    endloop
  endfacet
  facet normal 0.7329996781371398 0.5325554391808713 -0.423197561488389
    outer loop
      vertex 28.671648706924252 28.421648706924252 35.56698729810778
      vertex 28.576157204111727 28.89717696507183 36
      vertex 28.921648706924252 28.421648706924252 36
    endloop
  endfacet
  facet normal 0.7329996781371398 0.5325554391808713 0.423197561488389
    outer loop
      vertex 28.576157204111727 28.89717696507183 36
      vertex 28.671648706924252 28.421648706924252 36.43301270189222
      vertex 28.921648706924252 28.421648706924252 36
    endloop
  endfacet
  facet normal 0.8136965245500414 -0.04248564051268232 0.5797352294672208
    outer loop
      vertex 22.230789903985414 -0.8492775048642942 63.98624724355014
      vertex 26.15952760969553 25.90952760969553 60.43301270189222
      vertex 22.006716573496508 21.756716573496508 65.95741920278822
    endloop
  endfacet
  facet normal 0.5579412940906915 0.405368078287236 0.7241396505192335
    outer loop
      vertex 22.006716573496508 21.756716573496508 65.95741920278822
      vertex 26.15952760969553 25.90952760969553 60.43301270189222
      vertex 21.833970822090244 21.994480702570296 65.95741920278822
    endloop
  endfacet
  facet normal -0.015734777519554127 0.9352456204609757 -0.35364960933807726
    outer loop
      vertex 20.378442600822126 24.204139812436797 42.01718724832817
      vertex 21.05294053160187 26.115309885763494 47.04137027932961
      vertex 23.966732055431123 24.287751816391225 42.07865154433855
    endloop
  endfacet
  facet normal -0.01573477751955398 0.9352456204609757 -0.3536496093380772
    outer loop
      vertex 21.05294053160187 26.115309885763494 47.04137027932961
      vertex 25.3528906264717 26.386407665740627 47.56698729810778
      vertex 23.966732055431123 24.287751816391225 42.07865154433855
    endloop
  endfacet
  facet normal -0.025942375349908595 0.7489840250890584 -0.6620799976759583
    outer loop
      vertex 18.716895063187543 22.011339630915156 66.09862784475014
      vertex 26.970580632676107 27.13109051315616 71.56698729810778
      vertex 21.833970822090244 21.994480702570296 65.95741920278822
    endloop
  endfacet
  facet normal -0.007076988558941648 0.8069064478577231 0.5906368602098654
    outer loop
      vertex 19.979355410886804 23.070492511717443 77.89668438581805
      vertex 22.875612266849103 23.036122147329156 77.97834275921586
      vertex 26.970580632676107 27.13109051315616 72.43301270189222
    endloop
  endfacet
  facet normal 0.930673372312662 0.019245234242938884 -0.3653446250146728
    outer loop
      vertex 25.735117033281753 2.056436136219302 44.55728071191584
      vertex 24.331599533172742 23.04003155983173 42.08733290386045
      vertex 26.385934342201963 25.81453345827673 47.466666576670434
    endloop
  endfacet
  facet normal 0.8660250301408274 -0.000928920210000267 -0.4999997842767762
    outer loop
      vertex 24.2827167961305 20.033183922889478 42.00825176517712
      vertex 24.309317869862923 23.04003155983173 42.0487399309307
      vertex 24.331599533172742 23.04003155983173 42.08733290386045
    endloop
  endfacet
  facet normal 0.8660250301408273 -0.0009289202100065576 -0.49999978427677605
    outer loop
      vertex 24.331599533172742 23.04003155983173 42.08733290386045
      vertex 24.309317869862923 23.04003155983173 42.0487399309307
      vertex 24.31192071764936 23.33424399631827 42.052701595548776
    endloop
  endfacet
  facet normal 0.9306733723126787 0.01924523424293996 -0.36534462501463005
    outer loop
      vertex 24.331599533172742 23.04003155983173 42.08733290386045
      vertex 24.31192071764936 23.33424399631827 42.052701595548776
      vertex 24.308540682156693 23.808540682156693 42.06907583887827
    endloop
  endfacet
  facet normal 0.7966304316791936 -0.01518442369231352 0.6042759209167234
    outer loop
      vertex 28.446749660280087 26.33451089210899 36.67705591894487
      vertex 24.309317869862923 23.04003155983173 42.0487399309307
      vertex 24.2827167961305 20.033183922889478 42.00825176517712
    endloop
  endfacet
  facet normal 0.7184486322695072 -0.0520769045789132 -0.6936278244127418
    outer loop
      vertex 24.622186533449117 18.498802829463948 53.86079827123794
      vertex 24.72677654898508 19.941717960815375 53.86079827123794
      vertex 24.953073744987698 20.169012222505756 54.07812826301667
    endloop
  endfacet
  facet normal 0.7184486322695067 -0.05207690457891232 -0.6936278244127423
    outer loop
      vertex 24.72677654898508 19.941717960815375 53.86079827123794
      vertex 24.87751343581883 22.021271479864684 53.86079827123794
      vertex 24.953073744987698 20.169012222505756 54.07812826301667
    endloop
  endfacet
  facet normal 0.9695830507622164 -0.07028043724764668 0.2344554708572887
    outer loop
      vertex 24.72677654898508 19.941717960815375 53.86079827123794
      vertex 26.37186056476959 24.530072416762575 48.43301270189222
      vertex 24.87751343581883 22.021271479864684 53.86079827123794
    endloop
  endfacet
  facet normal 0.8657896563528009 -0.023331550955779923 -0.4998638911568795
    outer loop
      vertex 24.953073744987698 20.169012222505756 54.07812826301667
      vertex 24.87751343581883 22.021271479864684 53.86079827123794
      vertex 25.025362564762233 24.525362564762233 54
    endloop
  endfacet
  facet normal 0.8657896563527983 -0.023331550955779965 -0.49986389115688434
    outer loop
      vertex 24.953073744987698 20.169012222505756 54.07812826301667
      vertex 25.025362564762233 24.525362564762233 54
      vertex 25.203073744987698 20.169012222505756 54.51114096490889
    endloop
  endfacet
  facet normal 0.740938289555831 -0.007576102442405702 -0.6715303818457223
    outer loop
      vertex 21.96013486775669 20.375828068913073 65.92160188572643
      vertex 22.006716573496508 21.756716573496508 65.95741920278822
      vertex 26.9067696768132 26.595872983756976 71.3093364318004
    endloop
  endfacet
  facet normal 0.8214068747829334 -0.05231547368828743 0.5679382336769592
    outer loop
      vertex 22.92307532900234 19.849352062923554 77.88789175913712
      vertex 27.065348366131182 26.382291515266733 72.49871817227785
      vertex 23.046882456522592 22.76362504466303 77.97727744017456
    endloop
  endfacet
  facet normal 0.9306733723126619 0.019245234242938447 -0.3653446250146725
    outer loop
      vertex 24.331599533172742 23.04003155983173 42.08733290386045
      vertex 24.308540682156693 23.808540682156693 42.06907583887827
      vertex 26.385934342201963 25.81453345827673 47.466666576670434
    endloop
  endfacet
  facet normal 0.7944315394631016 0.3981264943138664 -0.4586652631621859
    outer loop
      vertex 24.276771886872226 23.923511221484798 42.113846364305864
      vertex 24.25441614327898 24.00441614327898 42.14535144273366
      vertex 26.339611132489694 26.089611132489694 47.56698729810778
    endloop
  endfacet
  facet normal 0.7126854446315006 0.5177962846151984 -0.4732509531412447
    outer loop
      vertex 24.081670391872716 24.24218027235277 42.14535144273366
      vertex 26.16686538108343 26.327375261563482 47.56698729810778
      vertex 24.25441614327898 24.00441614327898 42.14535144273366
    endloop
  endfacet
  facet normal 0.5486008906383422 0.687709158619278 -0.47549256139500495
    outer loop
      vertex 23.966732055431123 24.287751816391225 42.07865154433855
      vertex 26.16686538108343 26.327375261563482 47.56698729810778
      vertex 24.081670391872716 24.24218027235277 42.14535144273366
    endloop
  endfacet
  facet normal 0.7944315394639967 0.39812649431237335 -0.4586652631619314
    outer loop
      vertex 24.308540682156693 23.808540682156693 42.06907583887827
      vertex 24.276771886872226 23.923511221484798 42.113846364305864
      vertex 26.339611132489694 26.089611132489694 47.56698729810778
    endloop
  endfacet
  facet normal -0.015734777519556434 0.9352456204609759 -0.35364960933807665
    outer loop
      vertex 23.966732055431123 24.287751816391225 42.07865154433855
      vertex 25.3528906264717 26.386407665740627 47.56698729810778
      vertex 26.24411962967717 26.56513939063727 48
    endloop
  endfacet
  facet normal 0.7966304316791899 -0.015184423692300683 0.6042759209167285
    outer loop
      vertex 28.446749660280087 26.33451089210899 36.67705591894487
      vertex 24.31192071764936 23.33424399631827 42.052701595548776
      vertex 24.309317869862923 23.04003155983173 42.0487399309307
    endloop
  endfacet
  facet normal 0.7966304316791925 -0.015184423692310633 0.604275920916725
    outer loop
      vertex 28.446749660280087 26.33451089210899 36.67705591894487
      vertex 24.308540682156693 23.808540682156693 42.06907583887827
      vertex 24.31192071764936 23.33424399631827 42.052701595548776
    endloop
  endfacet
  facet normal 0.796630431679194 -0.015184423692315612 0.6042759209167228
    outer loop
      vertex 28.446749660280087 26.33451089210899 36.67705591894487
      vertex 24.276771886872226 23.923511221484798 42.113846364305864
      vertex 24.308540682156693 23.808540682156693 42.06907583887827
    endloop
  endfacet
  facet normal 0.796630431679191 -0.015184423692306517 0.6042759209167269
    outer loop
      vertex 28.558562371098063 27.37216996806943 36.55572533056504
      vertex 24.25441614327898 24.00441614327898 42.14535144273366
      vertex 24.276771886872226 23.923511221484798 42.113846364305864
    endloop
  endfacet
  facet normal 0.930673372312662 0.019245234242942492 -0.3653446250146724
    outer loop
      vertex 24.308540682156693 23.808540682156693 42.06907583887827
      vertex 26.589611132489694 26.089611132489694 48
      vertex 26.385934342201963 25.81453345827673 47.466666576670434
    endloop
  endfacet
  facet normal 0.7944315394636154 0.39812649431299796 -0.45866526316204975
    outer loop
      vertex 24.308540682156693 23.808540682156693 42.06907583887827
      vertex 26.339611132489694 26.089611132489694 47.56698729810778
      vertex 26.589611132489694 26.089611132489694 48
    endloop
  endfacet
  facet normal 0.5496202882996701 0.39932251370427874 0.7337977028706779
    outer loop
      vertex 28.671648706924252 28.421648706924252 36.43301270189222
      vertex 24.081670391872716 24.24218027235277 42.14535144273366
      vertex 24.25441614327898 24.00441614327898 42.14535144273366
    endloop
  endfacet
  facet normal -0.028907173786743776 0.8014365189168039 0.5973808512583729
    outer loop
      vertex 28.498902955517988 28.65941283599804 36.43301270189222
      vertex 23.966732055431123 24.287751816391225 42.07865154433855
      vertex 24.081670391872716 24.24218027235277 42.14535144273366
    endloop
  endfacet
  facet normal 0.7126854446315011 0.5177962846151977 -0.47325095314124477
    outer loop
      vertex 24.25441614327898 24.00441614327898 42.14535144273366
      vertex 26.16686538108343 26.327375261563482 47.56698729810778
      vertex 26.339611132489694 26.089611132489694 47.56698729810778
    endloop
  endfacet
  facet normal 0.5486008906383414 0.687709158619278 -0.47549256139500584
    outer loop
      vertex 23.966732055431123 24.287751816391225 42.07865154433855
      vertex 26.24411962967717 26.56513939063727 48
      vertex 26.16686538108343 26.327375261563482 47.56698729810778
    endloop
  endfacet
  facet normal 0.7329996781371357 0.5325554391808738 -0.42319756148839266
    outer loop
      vertex 26.16686538108343 26.327375261563482 47.56698729810778
      vertex 26.24411962967717 26.56513939063727 48
      vertex 26.339611132489694 26.089611132489694 47.56698729810778
    endloop
  endfacet
  facet normal 0.7329996781371398 0.5325554391808713 -0.423197561488389
    outer loop
      vertex 26.339611132489694 26.089611132489694 47.56698729810778
      vertex 26.24411962967717 26.56513939063727 48
      vertex 26.589611132489694 26.089611132489694 48
    endloop
  endfacet
  facet normal 0.9695830507622164 -0.07028043724764835 0.23445547085728793
    outer loop
      vertex 24.87751343581883 22.021271479864684 53.86079827123794
      vertex 26.37186056476959 24.530072416762575 48.43301270189222
      vertex 25.025362564762233 24.525362564762233 54
    endloop
  endfacet
  facet normal 0.7601814997683954 0.5523041885846345 0.3421756430281696
    outer loop
      vertex 26.24411962967717 26.56513939063727 48
      vertex 24.679871061949708 25.00089082290981 54
      vertex 25.025362564762233 24.525362564762233 54
    endloop
  endfacet
  facet normal -0.10786275662558875 0.9738845452534006 -0.19978618132820483
    outer loop
      vertex 23.257601084197752 24.90192853617688 54.28546578384374
      vertex 25.060861448637606 26.18511929513338 59.56698729810778
      vertex 24.679871061949708 25.00089082290981 54
    endloop
  endfacet
  facet normal 0.7700263655304088 0.5594569022432411 -0.30670404451266353
    outer loop
      vertex 24.679871061949708 25.00089082290981 54
      vertex 26.064036106883005 26.385055867843107 60
      vertex 25.025362564762233 24.525362564762233 54
    endloop
  endfacet
  facet normal -0.1078627566255894 0.9738845452534004 -0.19978618132820475
    outer loop
      vertex 24.679871061949708 25.00089082290981 54
      vertex 25.060861448637606 26.18511929513338 59.56698729810778
      vertex 26.064036106883005 26.385055867843107 60
    endloop
  endfacet
  facet normal 0.9695830507622166 -0.07028043724764686 0.23445547085728796
    outer loop
      vertex 26.37186056476959 24.530072416762575 48.43301270189222
      vertex 26.589611132489694 26.089611132489694 48
      vertex 25.025362564762233 24.525362564762233 54
    endloop
  endfacet
  facet normal 0.9736630522304289 0.0130119950438283 -0.22762018519082255
    outer loop
      vertex 25.203073744987698 20.169012222505756 54.51114096490889
      vertex 25.025362564762233 24.525362564762233 54
      vertex 26.40952760969553 25.90952760969553 60
    endloop
  endfacet
  facet normal 0.7601814997683954 0.5523041885846345 0.3421756430281696
    outer loop
      vertex 26.24411962967717 26.56513939063727 48
      vertex 25.025362564762233 24.525362564762233 54
      vertex 26.589611132489694 26.089611132489694 48
    endloop
  endfacet
  facet normal 0.7700263655304088 0.5594569022432411 -0.30670404451266353
    outer loop
      vertex 25.025362564762233 24.525362564762233 54
      vertex 26.064036106883005 26.385055867843107 60
      vertex 26.40952760969553 25.90952760969553 60
    endloop
  endfacet
  facet normal 0.557941294090691 0.4053680782872368 0.7241396505192336
    outer loop
      vertex 21.833970822090244 21.994480702570296 65.95741920278822
      vertex 26.15952760969553 25.90952760969553 60.43301270189222
      vertex 25.986781858289266 26.14729173876932 60.43301270189222
    endloop
  endfacet
  facet normal 0.498299994580486 0.36203613776756627 -0.787798800679102
    outer loop
      vertex 22.006716573496508 21.756716573496508 65.95741920278822
      vertex 21.833970822090244 21.994480702570296 65.95741920278822
      vertex 27.14332638408237 26.89332638408237 71.56698729810778
    endloop
  endfacet
  facet normal 0.7329996781371357 0.5325554391808738 0.42319756148839266
    outer loop
      vertex 26.15952760969553 25.90952760969553 60.43301270189222
      vertex 26.064036106883005 26.385055867843107 60
      vertex 25.986781858289266 26.14729173876932 60.43301270189222
    endloop
  endfacet
  facet normal 0.7329996781371398 0.5325554391808713 0.423197561488389
    outer loop
      vertex 26.15952760969553 25.90952760969553 60.43301270189222
      vertex 26.40952760969553 25.90952760969553 60
      vertex 26.064036106883005 26.385055867843107 60
    endloop
  endfacet
  facet normal -0.02594237534990832 0.7489840250890583 -0.6620799976759587
    outer loop
      vertex 18.716895063187543 22.011339630915156 66.09862784475014
      vertex 24.95833775275293 26.833637112830765 71.3093364318004
      vertex 26.970580632676107 27.13109051315616 71.56698729810778
    endloop
  endfacet
  facet normal 0.7409382895558311 -0.007576102442403287 -0.6715303818457223
    outer loop
      vertex 22.006716573496508 21.756716573496508 65.95741920278822
      vertex 27.14332638408237 26.89332638408237 71.56698729810778
      vertex 26.9067696768132 26.595872983756976 71.3093364318004
    endloop
  endfacet
  facet normal 0.4982999945804858 0.3620361377675659 -0.7877988006791024
    outer loop
      vertex 21.833970822090244 21.994480702570296 65.95741920278822
      vertex 26.970580632676107 27.13109051315616 71.56698729810778
      vertex 27.14332638408237 26.89332638408237 71.56698729810778
    endloop
  endfacet
  facet normal 0.8214068747829474 -0.052315473688340525 0.5679382336769344
    outer loop
      vertex 23.046882456522592 22.76362504466303 77.97727744017456
      vertex 27.065348366131182 26.382291515266733 72.49871817227785
      vertex 23.048358018255367 22.798358018255367 77.97834275921586
    endloop
  endfacet
  facet normal 0.5631309080126674 0.40913855350548023 0.7179757826530586
    outer loop
      vertex 22.875612266849103 23.036122147329156 77.97834275921586
      vertex 23.048358018255367 22.798358018255367 77.97834275921586
      vertex 26.970580632676107 27.13109051315616 72.43301270189222
    endloop
  endfacet
  facet normal 0.8214068747829373 -0.052315473688302014 0.5679382336769524
    outer loop
      vertex 23.048358018255367 22.798358018255367 77.97834275921586
      vertex 27.065348366131182 26.382291515266733 72.49871817227785
      vertex 27.14332638408237 26.89332638408237 72.43301270189222
    endloop
  endfacet
  facet normal 0.7409382895558343 -0.007576102442411182 -0.6715303818457187
    outer loop
      vertex 26.9067696768132 26.595872983756976 71.3093364318004
      vertex 27.14332638408237 26.89332638408237 71.56698729810778
      vertex 27.138544806087538 26.425690914815625 71.56698729810778
    endloop
  endfacet
  facet normal 0.8659914518940952 -0.008854772450395364 -0.49998039786696524
    outer loop
      vertex 27.138544806087538 26.425690914815625 71.56698729810778
      vertex 27.14332638408237 26.89332638408237 71.56698729810778
      vertex 27.388544806087538 26.425690914815625 72
    endloop
  endfacet
  facet normal 0.8659914518940952 -0.00885477245039534 -0.49998039786696524
    outer loop
      vertex 27.14332638408237 26.89332638408237 71.56698729810778
      vertex 27.39332638408237 26.89332638408237 72
      vertex 27.388544806087538 26.425690914815625 72
    endloop
  endfacet
  facet normal 0.6702332819111831 -0.0068531429346383255 0.7421188464460945
    outer loop
      vertex 27.065348366131182 26.382291515266733 72.49871817227785
      vertex 27.138544806087538 26.425690914815625 72.43301270189222
      vertex 27.14332638408237 26.89332638408237 72.43301270189222
    endloop
  endfacet
  facet normal 0.8659914518940952 -0.00885477245039534 0.49998039786696524
    outer loop
      vertex 27.138544806087538 26.425690914815625 72.43301270189222
      vertex 27.388544806087538 26.425690914815625 72
      vertex 27.39332638408237 26.89332638408237 72
    endloop
  endfacet
  facet normal 0.8659914518940952 -0.008854772450395364 0.49998039786696524
    outer loop
      vertex 27.138544806087538 26.425690914815625 72.43301270189222
      vertex 27.39332638408237 26.89332638408237 72
      vertex 27.14332638408237 26.89332638408237 72.43301270189222
    endloop
  endfacet
  facet normal 0.732999678137138 0.5325554391808754 -0.423197561488387
    outer loop
      vertex 27.14332638408237 26.89332638408237 71.56698729810778
      vertex 26.970580632676107 27.13109051315616 71.56698729810778
      vertex 27.047834881269846 27.368854642229948 72
    endloop
  endfacet
  facet normal 0.7329996781371418 0.5325554391808728 -0.4231975614883832
    outer loop
      vertex 27.14332638408237 26.89332638408237 71.56698729810778
      vertex 27.047834881269846 27.368854642229948 72
      vertex 27.39332638408237 26.89332638408237 72
    endloop
  endfacet
  facet normal 0.732999678137138 0.5325554391808754 0.423197561488387
    outer loop
      vertex 27.14332638408237 26.89332638408237 72.43301270189222
      vertex 27.047834881269846 27.368854642229948 72
      vertex 26.970580632676107 27.13109051315616 72.43301270189222
    endloop
  endfacet
  facet normal 0.7329996781371418 0.5325554391808728 0.4231975614883832
    outer loop
      vertex 27.14332638408237 26.89332638408237 72.43301270189222
      vertex 27.39332638408237 26.89332638408237 72
      vertex 27.047834881269846 27.368854642229948 72
    endloop
  endfacet
  facet normal 0.5631309080126676 0.4091385535054807 0.717975782653058
    outer loop
      vertex 23.048358018255367 22.798358018255367 77.97834275921586
      vertex 27.14332638408237 26.89332638408237 72.43301270189222
      vertex 26.970580632676107 27.13109051315616 72.43301270189222
    endloop
  endfacet
  facet normal 0 0 1
    outer loop
      vertex 5.5 10.25 156.4330127018922
      vertex 0 5.226251859505506 156.4330127018922
      vertex 3.6955181300451474 3.6955181300451474 156.4330127018922
    endloop
  endfacet
  facet normal 0 0 1
    outer loop
      vertex -5.5 10.25 156.4330127018922
      vertex 0 5.226251859505506 156.4330127018922
      vertex 5.5 10.25 156.4330127018922
    endloop
  endfacet
  facet normal 0.0008359538374224171 0.5818790375021017 0.8132749147101547
    outer loop
      vertex -27.763602631637315 28.07862100930484 96.43301270189222
      vertex 15.952897828330247 20.25328776414944 101.98691866752232
      vertex 19.987304102934033 20.147813983414085 102.0582357628365
    endloop
  endfacet
  facet normal 0.030605816102598285 0.6678381016228792 -0.7436770495594462
    outer loop
      vertex -17.880818423418873 21.803825978654107 101.98691866752232
      vertex 24.933218281248 25.924812947904773 107.44965366890032
      vertex 15.952897828330247 20.25328776414944 101.98691866752232
    endloop
  endfacet
  facet normal 0.03538046269863449 0.6474484425352031 0.7612875521890334
    outer loop
      vertex -18.071986166818746 28.37930325951582 85.88324192830699
      vertex 17.20449845631856 21.590130021715396 90.01773917775911
      vertex 21.244527339599813 21.405037220079866 89.98739578780545
    endloop
  endfacet
  facet normal 0.012247156247708831 0.7497624298441733 -0.6615937620307537
    outer loop
      vertex -17.880818423418873 21.803825978654107 101.98691866752232
      vertex -2.74639522308245 26.432612151314093 107.51273197397576
      vertex 24.933218281248 25.924812947904773 107.44965366890032
    endloop
  endfacet
  facet normal 0.000835953837420765 0.5818790375020952 0.8132749147101594
    outer loop
      vertex -27.763602631637315 28.07862100930484 96.43301270189222
      vertex 19.987304102934033 20.147813983414085 102.0582357628365
      vertex 27.838231010784195 27.998740891264248 96.43301270189222
    endloop
  endfacet
  facet normal 0.012866652237267294 0.7876875456029537 0.6159405651215059
    outer loop
      vertex -26.554365344188884 26.86938372185641 108.43301270189222
      vertex 17.69411455410227 21.802596608241505 113.9882813373684
      vertex 21.620059940004722 21.780569820484775 113.93443921448313
    endloop
  endfacet
  facet normal 0.012866652237267436 0.7876875456029546 0.6159405651215047
    outer loop
      vertex -26.554365344188884 26.86938372185641 108.43301270189222
      vertex 21.620059940004722 21.780569820484775 113.93443921448313
      vertex 25.852817402624357 26.01332728310441 108.43301270189222
    endloop
  endfacet
  facet normal 0.027254596301046652 0.7634051361703409 -0.6453447025034066
    outer loop
      vertex -21.21950632560859 24.541347620609884 77.89668438581813
      vertex 27.4371221037991 27.597631984279154 83.56698729810778
      vertex 19.979355410886804 23.070492511717443 77.89668438581805
    endloop
  endfacet
  facet normal 0.03538046269863581 0.6474484425352077 0.7612875521890295
    outer loop
      vertex -18.071986166818746 28.37930325951582 85.88324192830699
      vertex 21.244527339599813 21.405037220079866 89.98739578780545
      vertex 27.4371221037991 27.597631984279154 84.43301270189222
    endloop
  endfacet
  facet normal 0.02314734981816604 0.6322000770986025 -0.7744593357387569
    outer loop
      vertex -18.407919211420843 22.89404174125989 90.01773917775911
      vertex 27.824452589488338 27.98496246996839 95.55532799912778
      vertex 17.20449845631856 21.590130021715396 90.01773917775911
    endloop
  endfacet
  facet normal 0.04764830228187813 0.8719450439249963 -0.4872796729438763
    outer loop
      vertex -30.445676586475955 30.760694964143475 83.56698729810778
      vertex 27.51437635239284 27.835396113352942 84
      vertex 27.4371221037991 27.597631984279154 83.56698729810778
    endloop
  endfacet
  facet normal 0.04764830228187813 0.8719450439249963 0.4872796729438763
    outer loop
      vertex -30.445676586475955 30.760694964143475 84.43301270189222
      vertex 27.4371221037991 27.597631984279154 84.43301270189222
      vertex 27.51437635239284 27.835396113352942 84
    endloop
  endfacet
  facet normal 0.0010510371793457883 0.7315912373625679 -0.6817427350072418
    outer loop
      vertex -27.763602631637315 28.07862100930484 95.56698729810778
      vertex 27.838231010784195 27.998740891264248 95.56698729810778
      vertex 27.7446422233616 27.988410461567707 95.55575723030331
    endloop
  endfacet
  facet normal 0.0012591565006369754 0.8764560192889785 0.481480280776923
    outer loop
      vertex -27.763602631637315 28.07862100930484 96.43301270189222
      vertex 27.838231010784195 27.998740891264248 96.43301270189222
      vertex 27.915485259377935 28.236505020338036 96
    endloop
  endfacet
  facet normal 0.0012591565006369754 0.8764560192889785 -0.481480280776923
    outer loop
      vertex -27.686348383043576 28.316385138378628 96
      vertex 27.915485259377935 28.236505020338036 96
      vertex 27.838231010784195 27.998740891264248 95.56698729810778
    endloop
  endfacet
  facet normal 0.023147349818079744 0.632200077099005 -0.7744593357384308
    outer loop
      vertex -18.407919211420843 22.89404174125989 90.01773917775911
      vertex 27.7446422233616 27.988410461567707 95.55575723030331
      vertex 27.824452589488338 27.98496246996839 95.55532799912778
    endloop
  endfacet
  facet normal -0.005964214704472499 0.6948363503044739 -0.7191431529525378
    outer loop
      vertex -17.33586429930039 21.50191240413607 113.9882813373684
      vertex 27.50011834080875 27.660628221288803 119.56698729810778
      vertex 17.69411455410227 21.802596608241505 113.9882813373684
    endloop
  endfacet
  facet normal 0.014299139134687807 0.8753834021109311 0.4832177914033161
    outer loop
      vertex -26.554365344188884 26.86938372185641 108.43301270189222
      vertex 25.852817402624357 26.01332728310441 108.43301270189222
      vertex 25.930071651218096 26.251091412178198 108
    endloop
  endfacet
  facet normal 0.014299139134687805 0.875383402110931 -0.48321779140331633
    outer loop
      vertex -26.477111095595145 27.107147850930197 108
      vertex 25.930071651218096 26.251091412178198 108
      vertex 25.852817402624357 26.01332728310441 107.56698729810778
    endloop
  endfacet
  facet normal -0.045580784450724186 0.5599084291516024 0.8272997903141531
    outer loop
      vertex -25.175533788401896 25.49055216606942 132.4330127018922
      vertex 16.830888735761103 20.694902718913784 137.9930409929569
      vertex 20.665980813554825 20.826490694034877 138.1152811894193
    endloop
  endfacet
  facet normal 0 0 1
    outer loop
      vertex -24.922745751406264 24.76223587092621 156.4330127018922
      vertex 5.5 13.75 156.4330127018922
      vertex 25.077254248593736 24.76223587092621 156.4330127018922
    endloop
  endfacet
  facet normal -0.0034764520108436095 0.7331090788941448 -0.680102192853688
    outer loop
      vertex -16.575818548305886 20.536485891108917 137.9930409929569
      vertex 21.313697660510144 25.345368005791297 142.98304703683007
      vertex 16.830888735761103 20.694902718913784 137.9930409929569
    endloop
  endfacet
  facet normal -0.0006324597555347378 0.7295825646854383 0.6838924486362427
    outer loop
      vertex -27.298106416988517 27.613124794656038 120.43301270189222
      vertex 18.244683249705908 22.443153057160924 125.99050237558427
      vertex 22.346296264169695 22.506806144649747 125.92638984189092
    endloop
  endfacet
  facet normal -0.0006324597555352008 0.7295825646854365 0.6838924486362447
    outer loop
      vertex -27.298106416988517 27.613124794656038 120.43301270189222
      vertex 22.346296264169695 22.506806144649747 125.92638984189092
      vertex 27.50011834080875 27.660628221288803 120.43301270189222
    endloop
  endfacet
  facet normal 0.05084346335816221 0.871563070629232 0.4876399862081571
    outer loop
      vertex -11.428790086002111 27.902183746898704 146.50218925590136
      vertex 23.581763052031373 23.902782812991475 150
      vertex -11.351535837408376 28.139947875972492 146.06917655400915
    endloop
  endfacet
  facet normal 0.04135111495941523 0.5438940295716179 -0.8381344581199137
    outer loop
      vertex -29.817599456198177 30.1326178338657 143.5669872981078
      vertex 25.747602910349958 25.90811279083001 143.5669872981078
      vertex 21.313697660510144 25.345368005791297 142.98304703683007
    endloop
  endfacet
  facet normal 0.06611463035406524 0.8696102330542593 -0.489292242142119
    outer loop
      vertex -29.740345207604438 30.37038196293949 144
      vertex 25.824857158943697 26.1458769199038 144
      vertex 25.747602910349958 25.90811279083001 143.5669872981078
    endloop
  endfacet
  facet normal 0 0 1
    outer loop
      vertex 25.077254248593736 24.76223587092621 156.4330127018922
      vertex 5.5 13.75 156.4330127018922
      vertex 5.5 10.25 156.4330127018922
    endloop
  endfacet
  facet normal -0.04558078445072635 0.5599084291515907 0.8272997903141609
    outer loop
      vertex -25.175533788401896 25.49055216606942 132.4330127018922
      vertex 20.665980813554825 20.826490694034877 138.1152811894193
      vertex 29.02642166421268 29.186931544692733 132.9176419518379
    endloop
  endfacet
  facet normal -0.021870946132551552 0.6168123543727272 -0.7868063174685623
    outer loop
      vertex -16.692481431832228 21.204350297525732 125.99050237558426
      vertex 29.80595136865504 29.966461249135094 131.5669872981078
      vertex 18.244683249705908 22.443153057160924 125.99050237558427
    endloop
  endfacet
  facet normal -0.0007599133959406599 0.8766084474102934 -0.4812037535811057
    outer loop
      vertex -27.220852168394778 27.850888923729826 120
      vertex 27.57737258940249 27.89839235036259 120
      vertex 27.50011834080875 27.660628221288803 119.56698729810778
    endloop
  endfacet
  facet normal -0.0007599133959406599 0.8766084474102934 0.4812037535811057
    outer loop
      vertex -27.220852168394778 27.850888923729826 120
      vertex 27.50011834080875 27.660628221288803 120.43301270189222
      vertex 27.57737258940249 27.89839235036259 120
    endloop
  endfacet
  facet normal -0.0716090383006606 0.8796361148922658 -0.4702259573980317
    outer loop
      vertex -25.175533788401896 25.49055216606942 131.5669872981078
      vertex 29.88320561724878 30.204225378208882 132
      vertex 29.80595136865504 29.966461249135094 131.5669872981078
    endloop
  endfacet
  facet normal -0.045580784450725456 0.5599084291515762 0.8272997903141707
    outer loop
      vertex -25.175533788401896 25.49055216606942 132.4330127018922
      vertex 29.02642166421268 29.186931544692733 132.9176419518379
      vertex 29.80595136865504 29.966461249135094 132.4330127018922
    endloop
  endfacet
  facet normal -0.0716090383006606 0.8796361148922658 0.4702259573980317
    outer loop
      vertex -25.175533788401896 25.49055216606942 132.4330127018922
      vertex 29.80595136865504 29.966461249135094 132.4330127018922
      vertex 29.88320561724878 30.204225378208882 132
    endloop
  endfacet
  facet normal -0.02253512591434346 0.968507545025412 -0.2479623022333724
    outer loop
      vertex -20.566183754771476 22.928782839825 150.20790747956616
      vertex 25.154508497187475 25.475528258147577 156
      vertex 21.503994630990995 23.907667074678507 150.20790747956616
    endloop
  endfacet
  facet normal 0 0 1
    outer loop
      vertex -24.922745751406264 24.76223587092621 156.4330127018922
      vertex 24.797745751406264 24.85305368692688 156.4330127018922
      vertex 24.797745751406264 25.14694631307312 156.4330127018922
    endloop
  endfacet
  facet normal 0 0 1
    outer loop
      vertex -24.922745751406264 24.76223587092621 156.4330127018922
      vertex 25.077254248593736 24.76223587092621 156.4330127018922
      vertex 24.797745751406264 24.85305368692688 156.4330127018922
    endloop
  endfacet
  facet normal 0 0 1
    outer loop
      vertex -24.922745751406264 25.23776412907379 156.4330127018922
      vertex 24.797745751406264 25.14694631307312 156.4330127018922
      vertex 25.077254248593736 25.23776412907379 156.4330127018922
    endloop
  endfacet
  facet normal 0 0.8765515079563075 0.4813080654835563
    outer loop
      vertex -24.845491502812525 25.475528258147577 156
      vertex 25.077254248593736 25.23776412907379 156.4330127018922
      vertex 25.154508497187475 25.475528258147577 156
    endloop
  endfacet
  facet normal 0.05084346335816451 0.8715630706292399 0.4876399862081429
    outer loop
      vertex -11.428790086002111 27.902183746898704 146.50218925590136
      vertex 21.503994630990995 23.907667074678507 150.20790747956616
      vertex 23.581763052031373 23.902782812991475 150
    endloop
  endfacet
  facet normal 0.07035991978168661 0.9254488138459269 0.37228211700198743
    outer loop
      vertex -11.351535837408376 28.139947875972492 146.06917655400915
      vertex 23.581763052031373 23.902782812991475 150
      vertex 25.824857158943697 26.1458769199038 144
    endloop
  endfacet
  facet normal 0.6688810318645012 -0.002126292797776377 0.7433664265292175
    outer loop
      vertex 21.37409875997255 -16.433520104747636 89.91869238279764
      vertex 23.834119163412502 0.8430381308045042 87.75458339549084
      vertex 21.48255760925237 17.68504865351064 89.91869238279764
    endloop
  endfacet
  facet normal 0.5240479165663056 -0.0016658856472257936 -0.8516871526373546
    outer loop
      vertex 21.37409875997255 -16.433520104747636 89.91869238279764
      vertex 21.48255760925237 17.68504865351064 89.91869238279764
      vertex 24.889314254264846 -0.40866906072904685 92.05027999814509
    endloop
  endfacet
  facet normal 0.6586417595406745 -0.008941416632200794 -0.7524035377759555
    outer loop
      vertex 21.35335429353303 -21.10335429353303 114.0203348727417
      vertex 21.74012255247781 16.4456381534151 113.91268059559532
      vertex 21.766166014164686 18.364049087114267 113.91268059559532
    endloop
  endfacet
  facet normal 0.6688810318645095 -0.002126292797774365 0.7433664265292098
    outer loop
      vertex 23.834119163412502 0.8430381308045042 87.75458339549084
      vertex 21.47259665271167 18.21635817709498 89.92917498494995
      vertex 21.48255760925237 17.68504865351064 89.91869238279764
    endloop
  endfacet
  facet normal 0.6688810318645001 -0.00212629279777661 0.7433664265292182
    outer loop
      vertex 23.834119163412502 0.8430381308045042 87.75458339549084
      vertex 21.417273091006077 21.167273091006077 89.98739578780545
      vertex 21.47259665271167 18.21635817709498 89.92917498494995
    endloop
  endfacet
  facet normal 0.6297809519234225 0.02712327670909739 -0.7762990921384552
    outer loop
      vertex 24.889314254264846 -0.40866906072904685 92.05027999814509
      vertex 21.48255760925237 17.68504865351064 89.91869238279764
      vertex 21.47259665271167 18.21635817709498 89.92917498494995
    endloop
  endfacet
  facet normal 0.6297809519234577 0.02712327670910649 -0.7762990921384262
    outer loop
      vertex 24.889314254264846 -0.40866906072904685 92.05027999814509
      vertex 21.47259665271167 18.21635817709498 89.92917498494995
      vertex 21.417273091006077 21.167273091006077 89.98739578780545
    endloop
  endfacet
  facet normal 0.7965192221300853 -0.010813177448068794 0.6045165042997257
    outer loop
      vertex 23.064045688367084 -0.7178565369885431 111.8612525018141
      vertex 21.766166014164686 18.364049087114267 113.91268059559532
      vertex 21.74012255247781 16.4456381534151 113.91268059559532
    endloop
  endfacet
  facet normal 0.6693365161802147 0.027939801427230106 -0.7424338324752853
    outer loop
      vertex 23.340836183628593 -0.949920658801294 104.14083617624897
      vertex 20.456592870852077 14.886735551077269 102.13654128029387
      vertex 25.895079683921228 25.645079683921228 107.44444030527586
    endloop
  endfacet
  facet normal 0.7965192221300975 -0.010813177448066187 0.6045165042997098
    outer loop
      vertex 23.064045688367084 -0.7178565369885431 111.8612525018141
      vertex 21.78995068010696 21.202133919972233 113.93210731299983
      vertex 21.766166014164686 18.364049087114267 113.91268059559532
    endloop
  endfacet
  facet normal 0.7965192221300993 -0.010813177448066414 0.6045165042997075
    outer loop
      vertex 23.064045688367084 -0.7178565369885431 111.8612525018141
      vertex 21.792805691410987 21.542805691410987 113.93443921448313
      vertex 21.78995068010696 21.202133919972233 113.93210731299983
    endloop
  endfacet
  facet normal 0.7092222930175686 -0.01269259733200617 0.7048706527157089
    outer loop
      vertex 26.660393457593194 -25.693765835507804 84.43301270189222
      vertex 27.609867855205366 27.359867855205366 84.43301270189222
      vertex 23.834119163412502 0.8430381308045042 87.75458339549084
    endloop
  endfacet
  facet normal 0.7801822157149892 -0.01396253164509224 -0.6253964806361719
    outer loop
      vertex 26.583272867580764 -25.596683638174976 83.46861190273778
      vertex 22.92307532900234 19.849352062923554 77.88789175913712
      vertex 23.046882456522592 22.76362504466303 77.97727744017456
    endloop
  endfacet
  facet normal 0.6921933185491351 -0.0008608266556817856 -0.7217116243579594
    outer loop
      vertex 27.6047414713521 -27.3547414713521 119.56698729810778
      vertex 21.766166014164686 18.364049087114267 113.91268059559532
      vertex 21.78995068010696 21.202133919972233 113.93210731299983
    endloop
  endfacet
  facet normal 0.7801822157149896 -0.01396253164509215 -0.6253964806361714
    outer loop
      vertex 26.583272867580764 -25.596683638174976 83.46861190273778
      vertex 23.046882456522592 22.76362504466303 77.97727744017456
      vertex 27.609867855205366 27.359867855205366 83.56698729810778
    endloop
  endfacet
  facet normal 0.8659214069994141 -0.01549696315022 -0.4999399574281656
    outer loop
      vertex 26.910393457593194 -25.693765835507804 84
      vertex 27.609867855205366 27.359867855205366 83.56698729810778
      vertex 27.859867855205366 27.359867855205366 84
    endloop
  endfacet
  facet normal 0.8659214069994141 -0.01549696315022 0.4999399574281656
    outer loop
      vertex 26.910393457593194 -25.693765835507804 84
      vertex 27.859867855205366 27.359867855205366 84
      vertex 27.609867855205366 27.359867855205366 84.43301270189222
    endloop
  endfacet
  facet normal 0.6297809519238452 0.02712327670912108 -0.7762990921381112
    outer loop
      vertex 30.482642747851 -29.629145160785896 95.56698729810778
      vertex 27.997198340894602 27.747198340894602 95.55532799912778
      vertex 28.01097676219046 27.76097676219046 95.56698729810778
    endloop
  endfacet
  facet normal 0.8654236562265242 0.03727188830774565 -0.4996525808854487
    outer loop
      vertex 30.482642747851 -29.629145160785896 95.56698729810778
      vertex 28.01097676219046 27.76097676219046 95.56698729810778
      vertex 28.26097676219046 27.76097676219046 96
    endloop
  endfacet
  facet normal 0.8654236562265246 0.03727188830774567 0.499652580885448
    outer loop
      vertex 30.732642747851 -29.629145160785896 96
      vertex 28.26097676219046 27.76097676219046 96
      vertex 28.01097676219046 27.76097676219046 96.43301270189222
    endloop
  endfacet
  facet normal 0.5513410258516978 0.045533221849410305 0.8330364931506962
    outer loop
      vertex 23.0970283081403 -17.085093446754083 102.13654128029387
      vertex 28.01097676219046 27.76097676219046 96.43301270189222
      vertex 20.456592870852077 14.886735551077269 102.13654128029387
    endloop
  endfacet
  facet normal 0.6693365161802176 0.027939801427229974 -0.7424338324752828
    outer loop
      vertex 28.271175267825086 -28.02117526782509 107.56698729810778
      vertex 25.895079683921228 25.645079683921228 107.44444030527586
      vertex 26.02556315403062 25.77556315403062 107.56698729810778
    endloop
  endfacet
  facet normal 0.8654600841295953 0.036126495879486735 -0.49967361254509257
    outer loop
      vertex 28.271175267825086 -28.02117526782509 107.56698729810778
      vertex 26.02556315403062 25.77556315403062 107.56698729810778
      vertex 26.27556315403062 25.77556315403062 108
    endloop
  endfacet
  facet normal 0.8654600841295953 0.036126495879486735 0.49967361254509257
    outer loop
      vertex 28.521175267825086 -28.02117526782509 108
      vertex 26.27556315403062 25.77556315403062 108
      vertex 26.02556315403062 25.77556315403062 108.43301270189222
    endloop
  endfacet
  facet normal 0.7965192221300955 -0.010813177448066546 0.6045165042997123
    outer loop
      vertex 23.064045688367084 -0.7178565369885431 111.8612525018141
      vertex 26.02556315403062 25.77556315403062 108.43301270189222
      vertex 21.792805691410987 21.542805691410987 113.93443921448313
    endloop
  endfacet
  facet normal 0 0 1
    outer loop
      vertex 25.25 -25 156.4330127018922
      vertex 25.077254248593736 24.76223587092621 156.4330127018922
      vertex 5.5 10.25 156.4330127018922
    endloop
  endfacet
  facet normal 0.720569510908112 0.022904847639110586 -0.6930042914039374
    outer loop
      vertex 23.305295711219742 0.8884491431274254 140.02883740688347
      vertex 21.112132006666513 15.181661071540093 138.22084996441146
      vertex 20.85091678814513 20.347643817213214 138.11998814375204
    endloop
  endfacet
  facet normal 0.7205695109074266 0.02290484763895278 -0.6930042914046551
    outer loop
      vertex 23.305295711219742 0.8884491431274254 140.02883740688347
      vertex 20.85091678814513 20.347643817213214 138.11998814375204
      vertex 20.847273042230103 20.41970519492759 138.11858120104367
    endloop
  endfacet
  facet normal 0.7205695109081119 0.02290484763911013 -0.6930042914039375
    outer loop
      vertex 23.305295711219742 0.8884491431274254 140.02883740688347
      vertex 20.847273042230103 20.41970519492759 138.11858120104367
      vertex 25.37663494989765 25.10760387671751 142.98304703683007
    endloop
  endfacet
  facet normal 0.69219331854915 -0.0008608266556786021 -0.7217116243579453
    outer loop
      vertex 27.6047414713521 -27.3547414713521 119.56698729810778
      vertex 21.78995068010696 21.202133919972233 113.93210731299983
      vertex 27.672864092215015 27.422864092215015 119.56698729810778
    endloop
  endfacet
  facet normal 0.49684894571784444 0.04204685599364715 0.8668178511314335
    outer loop
      vertex 23.876503398928456 -17.483682849190483 138.22084996441146
      vertex 29.428865200457576 24.773646449964474 132.98852469430835
      vertex 21.112132006666513 15.181661071540093 138.22084996441146
    endloop
  endfacet
  facet normal 0.9166003065905222 -0.01970654842892982 -0.39931883239734484
    outer loop
      vertex 22.97829507694563 -20.87975387282927 150.00831831275642
      vertex 23.96006790650361 22.416880919036068 150.1251824384961
      vertex 24.66671944653724 0.6579916364894772 152.82104733720573
    endloop
  endfacet
  facet normal 0.9673201681951749 0 -0.2535580647560996
    outer loop
      vertex 25.5 -25 156
      vertex 24.66671944653724 0.6579916364894772 152.82104733720573
      vertex 25.5 25 156
    endloop
  endfacet
  facet normal 0.8656974458075868 0.027518050372128317 0.4998106533737925
    outer loop
      vertex 27.855901781747463 -27.355901781747466 144
      vertex 26.170348661756222 25.670348661756222 144
      vertex 25.974990216751408 23.95136588664661 144.4330127018922
    endloop
  endfacet
  facet normal 0.7196057041127537 0.020212397289629536 0.694088675605786
    outer loop
      vertex 23.50544787991956 -19.577587253756615 126.12232649127216
      vertex 27.672864092215015 27.422864092215015 120.43301270189222
      vertex 22.446377479821937 18.127643355293788 126.12232649127216
    endloop
  endfacet
  facet normal 0.6323445559200426 -0.04767735023576424 -0.7732187483971016
    outer loop
      vertex 23.97144331176269 -1.046965681843398 128.5518609934284
      vertex 23.837859281532676 0.6325825052707739 128.33905246832498
      vertex 29.6412236920403 25.252788036995632 131.5669872981078
    endloop
  endfacet
  facet normal 0.6323445559200392 -0.04767735023576309 -0.7732187483971045
    outer loop
      vertex 23.837859281532676 0.6325825052707739 128.33905246832498
      vertex 22.446377479821937 18.127643355293788 126.12232649127216
      vertex 29.6412236920403 25.252788036995632 131.5669872981078
    endloop
  endfacet
  facet normal 0.8660249015134119 -0.0010770073904595862 -0.499999710013682
    outer loop
      vertex 27.6047414713521 -27.3547414713521 119.56698729810778
      vertex 27.672864092215015 27.422864092215015 119.56698729810778
      vertex 27.922864092215015 27.422864092215015 120
    endloop
  endfacet
  facet normal 0.8660249015134119 -0.0010770073904595862 0.499999710013682
    outer loop
      vertex 27.6047414713521 -27.3547414713521 120.43301270189222
      vertex 27.922864092215015 27.422864092215015 120
      vertex 27.672864092215015 27.422864092215015 120.43301270189222
    endloop
  endfacet
  facet normal 0.8641850873216408 -0.06515760227714734 -0.49893749279482014
    outer loop
      vertex 26.060050516722796 -25.560050516722793 132
      vertex 29.6412236920403 25.252788036995632 131.5669872981078
      vertex 29.8912236920403 25.252788036995632 132
    endloop
  endfacet
  facet normal 0.9507318821597606 -0.07168303498728697 0.3016130480267236
    outer loop
      vertex 24.73663298479318 -19.765439366754972 137.54880024509842
      vertex 29.8912236920403 25.252788036995632 132
      vertex 29.678865200457576 24.773646449964474 132.55551199241614
    endloop
  endfacet
  facet normal 0.865331945659092 -0.040010395679833305 0.49959963176466965
    outer loop
      vertex 24.48663298479318 -19.765439366754972 137.98181294699063
      vertex 29.678865200457576 24.773646449964474 132.55551199241614
      vertex 29.428865200457576 24.773646449964474 132.98852469430835
    endloop
  endfacet
  facet normal 0.7205695109081033 0.022904847639111953 -0.6930042914039464
    outer loop
      vertex 23.572698670487874 -0.8542603313954105 140.2492774914211
      vertex 23.305295711219742 0.8884491431274254 140.02883740688347
      vertex 25.37663494989765 25.10760387671751 142.98304703683007
    endloop
  endfacet
  facet normal 0.7205695109081239 0.02290484763911017 -0.6930042914039249
    outer loop
      vertex 27.59721817728085 -27.08272202862214 143.5669872981078
      vertex 25.37663494989765 25.10760387671751 142.98304703683007
      vertex 25.920348661756222 25.670348661756222 143.5669872981078
    endloop
  endfacet
  facet normal 0.8656974458075868 0.0275180503721283 -0.4998106533737926
    outer loop
      vertex 27.59721817728085 -27.08272202862214 143.5669872981078
      vertex 25.920348661756222 25.670348661756222 143.5669872981078
      vertex 26.170348661756222 25.670348661756222 144
    endloop
  endfacet
  facet normal 0.9389442797001419 -0.020186935119849887 0.3434765308850786
    outer loop
      vertex 22.97879509624959 -20.687940638850296 150
      vertex 25.974990216751408 23.95136588664661 144.4330127018922
      vertex 23.904348537045994 22.361839014824476 150
    endloop
  endfacet
  facet normal 0.9166003065905173 -0.01970654842892968 -0.39931883239735627
    outer loop
      vertex 22.97829507694563 -20.87975387282927 150.00831831275642
      vertex 23.904348537045994 22.361839014824476 150
      vertex 23.96006790650361 22.416880919036068 150.1251824384961
    endloop
  endfacet
  facet normal 0 0 1
    outer loop
      vertex 25.25 -25 156.4330127018922
      vertex 25.25 25 156.4330127018922
      vertex 25.077254248593736 24.76223587092621 156.4330127018922
    endloop
  endfacet
  facet normal 0.8660254037844338 0 0.5000000000000082
    outer loop
      vertex 25.25 -25 156.4330127018922
      vertex 25.5 25 156
      vertex 25.25 25 156.4330127018922
    endloop
  endfacet
  facet normal 0.43713553257272314 0.3175975549163581 0.8414536940756233
    outer loop
      vertex 21.244527339599813 21.405037220079866 89.98739578780545
      vertex 21.417273091006077 21.167273091006077 89.98739578780545
      vertex 27.609867855205366 27.359867855205366 84.43301270189222
    endloop
  endfacet
  facet normal 0.03060581610259797 0.6678381016228793 -0.743677049559446
    outer loop
      vertex 15.952897828330247 20.25328776414944 101.98691866752232
      vertex 24.933218281248 25.924812947904773 107.44965366890032
      vertex 19.987304102934033 20.147813983414085 102.0582357628365
    endloop
  endfacet
  facet normal 0.5513410258516965 0.045533221849411304 0.8330364931506968
    outer loop
      vertex 20.456592870852077 14.886735551077269 102.13654128029387
      vertex 28.01097676219046 27.76097676219046 96.43301270189222
      vertex 20.160049854340297 19.910049854340297 102.0582357628365
    endloop
  endfacet
  facet normal 0.6693365161802147 0.027939801427230175 -0.7424338324752854
    outer loop
      vertex 20.456592870852077 14.886735551077269 102.13654128029387
      vertex 20.160049854340297 19.910049854340297 102.0582357628365
      vertex 25.895079683921228 25.645079683921228 107.44444030527586
    endloop
  endfacet
  facet normal 0.3692476827511958 0.268274144886177 0.8897668975459038
    outer loop
      vertex 19.987304102934033 20.147813983414085 102.0582357628365
      vertex 20.160049854340297 19.910049854340297 102.0582357628365
      vertex 28.01097676219046 27.76097676219046 96.43301270189222
    endloop
  endfacet
  facet normal 0.4514120831839803 0.3279700760886573 -0.829857072239491
    outer loop
      vertex 19.987304102934033 20.147813983414085 102.0582357628365
      vertex 25.895079683921228 25.645079683921228 107.44444030527586
      vertex 20.160049854340297 19.910049854340297 102.0582357628365
    endloop
  endfacet
  facet normal 0.5511100039728826 0.40040485549550514 0.7320885979283062
    outer loop
      vertex 21.620059940004722 21.780569820484775 113.93443921448313
      vertex 21.792805691410987 21.542805691410987 113.93443921448313
      vertex 26.02556315403062 25.77556315403062 108.43301270189222
    endloop
  endfacet
  facet normal 0.027254596301046218 0.7634051361703412 -0.6453447025034063
    outer loop
      vertex 19.979355410886804 23.070492511717443 77.89668438581805
      vertex 27.4371221037991 27.597631984279154 83.56698729810778
      vertex 22.875612266849103 23.036122147329156 77.97834275921586
    endloop
  endfacet
  facet normal 0.02314734981816638 0.632200077098602 -0.774459335738757
    outer loop
      vertex 17.20449845631856 21.590130021715396 90.01773917775911
      vertex 27.824452589488338 27.98496246996839 95.55532799912778
      vertex 21.244527339599813 21.405037220079866 89.98739578780545
    endloop
  endfacet
  facet normal 0.012247156247709301 0.7497624298441963 -0.6615937620307274
    outer loop
      vertex -2.74639522308245 26.432612151314093 107.51273197397576
      vertex 25.852817402624357 26.01332728310441 107.56698729810778
      vertex 24.933218281248 25.924812947904773 107.44965366890032
    endloop
  endfacet
  facet normal -0.005964214704472347 0.6948363503044738 -0.7191431529525381
    outer loop
      vertex 17.69411455410227 21.802596608241505 113.9882813373684
      vertex 27.50011834080875 27.660628221288803 119.56698729810778
      vertex 21.620059940004722 21.780569820484775 113.93443921448313
    endloop
  endfacet
  facet normal 0.6688810318644997 -0.002126292797776656 0.7433664265292188
    outer loop
      vertex 23.834119163412502 0.8430381308045042 87.75458339549084
      vertex 27.609867855205366 27.359867855205366 84.43301270189222
      vertex 21.417273091006077 21.167273091006077 89.98739578780545
    endloop
  endfacet
  facet normal 0.6297809519234475 0.027123276709104048 -0.7762990921384345
    outer loop
      vertex 24.889314254264846 -0.40866906072904685 92.05027999814509
      vertex 21.417273091006077 21.167273091006077 89.98739578780545
      vertex 27.997198340894602 27.747198340894602 95.55532799912778
    endloop
  endfacet
  facet normal 0.4191892080863123 0.3045587869555965 -0.8552919695122281
    outer loop
      vertex 21.244527339599813 21.405037220079866 89.98739578780545
      vertex 27.997198340894602 27.747198340894602 95.55532799912778
      vertex 21.417273091006077 21.167273091006077 89.98739578780545
    endloop
  endfacet
  facet normal 0.692193318549121 -0.0008608266556260439 -0.721711624357973
    outer loop
      vertex 21.78995068010696 21.202133919972233 113.93210731299983
      vertex 21.792805691410987 21.542805691410987 113.93443921448313
      vertex 27.672864092215015 27.422864092215015 119.56698729810778
    endloop
  endfacet
  facet normal 0.5334740459959783 0.3875915820031687 -0.7517833516439173
    outer loop
      vertex 22.875612266849103 23.036122147329156 77.97834275921586
      vertex 27.4371221037991 27.597631984279154 83.56698729810778
      vertex 23.048358018255367 22.798358018255367 77.97834275921586
    endloop
  endfacet
  facet normal 0.7801822157150399 -0.013962531645221599 -0.625396480636106
    outer loop
      vertex 23.046882456522592 22.76362504466303 77.97727744017456
      vertex 23.048358018255367 22.798358018255367 77.97834275921586
      vertex 27.609867855205366 27.359867855205366 83.56698729810778
    endloop
  endfacet
  facet normal 0.4371355325727231 0.31759755491635805 0.8414536940756234
    outer loop
      vertex 21.244527339599813 21.405037220079866 89.98739578780545
      vertex 27.609867855205366 27.359867855205366 84.43301270189222
      vertex 27.4371221037991 27.597631984279154 84.43301270189222
    endloop
  endfacet
  facet normal 0.5334740459959781 0.3875915820031678 -0.7517833516439179
    outer loop
      vertex 23.048358018255367 22.798358018255367 77.97834275921586
      vertex 27.4371221037991 27.597631984279154 83.56698729810778
      vertex 27.609867855205366 27.359867855205366 83.56698729810778
    endloop
  endfacet
  facet normal 0.41918920808631094 0.30455878695559613 -0.8552919695122289
    outer loop
      vertex 21.244527339599813 21.405037220079866 89.98739578780545
      vertex 27.824452589488338 27.98496246996839 95.55532799912778
      vertex 27.997198340894602 27.747198340894602 95.55532799912778
    endloop
  endfacet
  facet normal 0.732999678137138 0.5325554391808754 -0.423197561488387
    outer loop
      vertex 27.609867855205366 27.359867855205366 83.56698729810778
      vertex 27.4371221037991 27.597631984279154 83.56698729810778
      vertex 27.51437635239284 27.835396113352942 84
    endloop
  endfacet
  facet normal 0.7329996781371418 0.5325554391808728 -0.4231975614883832
    outer loop
      vertex 27.609867855205366 27.359867855205366 83.56698729810778
      vertex 27.51437635239284 27.835396113352942 84
      vertex 27.859867855205366 27.359867855205366 84
    endloop
  endfacet
  facet normal 0.732999678137138 0.5325554391808754 0.423197561488387
    outer loop
      vertex 27.609867855205366 27.359867855205366 84.43301270189222
      vertex 27.51437635239284 27.835396113352942 84
      vertex 27.4371221037991 27.597631984279154 84.43301270189222
    endloop
  endfacet
  facet normal 0.7329996781371418 0.5325554391808728 0.4231975614883832
    outer loop
      vertex 27.859867855205366 27.359867855205366 84
      vertex 27.51437635239284 27.835396113352942 84
      vertex 27.609867855205366 27.359867855205366 84.43301270189222
    endloop
  endfacet
  facet normal 0.023147349818080556 0.6322000770990603 -0.7744593357383855
    outer loop
      vertex 27.7446422233616 27.988410461567707 95.55575723030331
      vertex 27.838231010784195 27.998740891264248 95.56698729810778
      vertex 27.824452589488338 27.98496246996839 95.55532799912778
    endloop
  endfacet
  facet normal 0.41918920808663357 0.30455878695583 -0.8552919695119874
    outer loop
      vertex 27.838231010784195 27.998740891264248 95.56698729810778
      vertex 27.997198340894602 27.747198340894602 95.55532799912778
      vertex 27.824452589488338 27.98496246996839 95.55532799912778
    endloop
  endfacet
  facet normal 0.4191892080866334 0.3045587869558299 -0.8552919695119875
    outer loop
      vertex 27.838231010784195 27.998740891264248 95.56698729810778
      vertex 28.01097676219046 27.76097676219046 95.56698729810778
      vertex 27.997198340894602 27.747198340894602 95.55532799912778
    endloop
  endfacet
  facet normal 0.732999678137138 0.5325554391808754 -0.423197561488387
    outer loop
      vertex 27.838231010784195 27.998740891264248 95.56698729810778
      vertex 27.915485259377935 28.236505020338036 96
      vertex 28.01097676219046 27.76097676219046 95.56698729810778
    endloop
  endfacet
  facet normal 0.732999678137138 0.5325554391808754 0.423197561488387
    outer loop
      vertex 27.838231010784195 27.998740891264248 96.43301270189222
      vertex 28.01097676219046 27.76097676219046 96.43301270189222
      vertex 27.915485259377935 28.236505020338036 96
    endloop
  endfacet
  facet normal 0.7329996781371418 0.5325554391808728 -0.4231975614883832
    outer loop
      vertex 28.01097676219046 27.76097676219046 95.56698729810778
      vertex 27.915485259377935 28.236505020338036 96
      vertex 28.26097676219046 27.76097676219046 96
    endloop
  endfacet
  facet normal 0.7329996781371418 0.5325554391808728 0.4231975614883832
    outer loop
      vertex 28.26097676219046 27.76097676219046 96
      vertex 27.915485259377935 28.236505020338036 96
      vertex 28.01097676219046 27.76097676219046 96.43301270189222
    endloop
  endfacet
  facet normal 0.3692476827511958 0.26827414488617773 0.8897668975459035
    outer loop
      vertex 19.987304102934033 20.147813983414085 102.0582357628365
      vertex 28.01097676219046 27.76097676219046 96.43301270189222
      vertex 27.838231010784195 27.998740891264248 96.43301270189222
    endloop
  endfacet
  facet normal 0.4514120831839798 0.3279700760886585 -0.8298570722394907
    outer loop
      vertex 19.987304102934033 20.147813983414085 102.0582357628365
      vertex 25.722333932514964 25.882843812995016 107.44444030527586
      vertex 25.895079683921228 25.645079683921228 107.44444030527586
    endloop
  endfacet
  facet normal 0.030605816102605467 0.6678381016228759 -0.7436770495594487
    outer loop
      vertex 19.987304102934033 20.147813983414085 102.0582357628365
      vertex 24.933218281248 25.924812947904773 107.44965366890032
      vertex 25.722333932514964 25.882843812995016 107.44444030527586
    endloop
  endfacet
  facet normal 0.5511100039728819 0.4004048554955057 0.7320885979283062
    outer loop
      vertex 21.620059940004722 21.780569820484775 113.93443921448313
      vertex 26.02556315403062 25.77556315403062 108.43301270189222
      vertex 25.852817402624357 26.01332728310441 108.43301270189222
    endloop
  endfacet
  facet normal 0.4575544002153594 0.33243273063244594 -0.8247014310935918
    outer loop
      vertex 21.620059940004722 21.780569820484775 113.93443921448313
      vertex 27.672864092215015 27.422864092215015 119.56698729810778
      vertex 21.792805691410987 21.542805691410987 113.93443921448313
    endloop
  endfacet
  facet normal 0.45141208318398285 0.3279700760886592 -0.8298570722394889
    outer loop
      vertex 25.895079683921228 25.645079683921228 107.44444030527586
      vertex 25.722333932514964 25.882843812995016 107.44444030527586
      vertex 25.852817402624357 26.01332728310441 107.56698729810778
    endloop
  endfacet
  facet normal 0.4514120831839827 0.32797007608865913 -0.8298570722394889
    outer loop
      vertex 25.895079683921228 25.645079683921228 107.44444030527586
      vertex 25.852817402624357 26.01332728310441 107.56698729810778
      vertex 26.02556315403062 25.77556315403062 107.56698729810778
    endloop
  endfacet
  facet normal 0.03060581610260565 0.6678381016228786 -0.7436770495594464
    outer loop
      vertex 24.933218281248 25.924812947904773 107.44965366890032
      vertex 25.852817402624357 26.01332728310441 107.56698729810778
      vertex 25.722333932514964 25.882843812995016 107.44444030527586
    endloop
  endfacet
  facet normal 0.732999678137138 0.5325554391808754 -0.423197561488387
    outer loop
      vertex 25.852817402624357 26.01332728310441 107.56698729810778
      vertex 25.930071651218096 26.251091412178198 108
      vertex 26.02556315403062 25.77556315403062 107.56698729810778
    endloop
  endfacet
  facet normal 0.732999678137138 0.5325554391808754 0.423197561488387
    outer loop
      vertex 25.852817402624357 26.01332728310441 108.43301270189222
      vertex 26.02556315403062 25.77556315403062 108.43301270189222
      vertex 25.930071651218096 26.251091412178198 108
    endloop
  endfacet
  facet normal 0.7329996781371418 0.5325554391808728 -0.4231975614883832
    outer loop
      vertex 25.930071651218096 26.251091412178198 108
      vertex 26.27556315403062 25.77556315403062 108
      vertex 26.02556315403062 25.77556315403062 107.56698729810778
    endloop
  endfacet
  facet normal 0.7329996781371418 0.5325554391808728 0.4231975614883832
    outer loop
      vertex 25.930071651218096 26.251091412178198 108
      vertex 26.02556315403062 25.77556315403062 108.43301270189222
      vertex 26.27556315403062 25.77556315403062 108
    endloop
  endfacet
  facet normal -0.0034764520108462775 0.7331090788941459 -0.6801021928536867
    outer loop
      vertex 16.830888735761103 20.694902718913784 137.9930409929569
      vertex 21.313697660510144 25.345368005791297 142.98304703683007
      vertex 20.665980813554825 20.826490694034877 138.1152811894193
    endloop
  endfacet
  facet normal 0.7205695109080946 0.022904847639144306 -0.6930042914039543
    outer loop
      vertex 20.847273042230103 20.41970519492759 138.11858120104367
      vertex 20.83872656496106 20.58872656496106 138.1152811894193
      vertex 25.37663494989765 25.10760387671751 142.98304703683007
    endloop
  endfacet
  facet normal 0.49279430364047583 0.35803601915349326 -0.7930724956069388
    outer loop
      vertex 20.665980813554825 20.826490694034877 138.1152811894193
      vertex 25.747602910349958 25.90811279083001 143.5669872981078
      vertex 20.83872656496106 20.58872656496106 138.1152811894193
    endloop
  endfacet
  facet normal -0.021870946132553058 0.6168123543727287 -0.7868063174685612
    outer loop
      vertex 18.244683249705908 22.443153057160924 125.99050237558427
      vertex 29.80595136865504 29.966461249135094 131.5669872981078
      vertex 22.346296264169695 22.506806144649747 125.92638984189092
    endloop
  endfacet
  facet normal -0.003476452010841033 0.7331090788941456 -0.6801021928536871
    outer loop
      vertex 20.665980813554825 20.826490694034877 138.1152811894193
      vertex 21.313697660510144 25.345368005791297 142.98304703683007
      vertex 25.747602910349958 25.90811279083001 143.5669872981078
    endloop
  endfacet
  facet normal -0.022535125914344603 0.9685075450254121 -0.24796230223337173
    outer loop
      vertex 21.503994630990995 23.907667074678507 150.20790747956616
      vertex 25.154508497187475 25.475528258147577 156
      vertex 23.581763052031373 23.902782812991475 150
    endloop
  endfacet
  facet normal 0.7196057041127545 0.020212397289628693 0.6940886756057852
    outer loop
      vertex 22.446377479821937 18.127643355293788 126.12232649127216
      vertex 27.672864092215015 27.422864092215015 120.43301270189222
      vertex 22.51904201557596 22.26904201557596 125.92638984189092
    endloop
  endfacet
  facet normal 0.49684894571784083 0.04204685599365129 0.8668178511314353
    outer loop
      vertex 21.112132006666513 15.181661071540093 138.22084996441146
      vertex 29.428865200457576 24.773646449964474 132.98852469430835
      vertex 20.85091678814513 20.347643817213214 138.11998814375204
    endloop
  endfacet
  facet normal 0.6323445559200397 -0.04767735023576384 -0.7732187483971041
    outer loop
      vertex 22.446377479821937 18.127643355293788 126.12232649127216
      vertex 22.51904201557596 22.26904201557596 125.92638984189092
      vertex 29.6412236920403 25.252788036995632 131.5669872981078
    endloop
  endfacet
  facet normal 0.4968489457177297 0.04204685599392521 0.8668178511314858
    outer loop
      vertex 20.85091678814513 20.347643817213214 138.11998814375204
      vertex 29.428865200457576 24.773646449964474 132.98852469430835
      vertex 20.847273042230103 20.41970519492759 138.11858120104367
    endloop
  endfacet
  facet normal 0.4968489457177826 0.042046855993744525 0.8668178511314643
    outer loop
      vertex 20.847273042230103 20.41970519492759 138.11858120104367
      vertex 29.710966574195414 27.31592628337674 132.70350905479913
      vertex 20.83872656496106 20.58872656496106 138.1152811894193
    endloop
  endfacet
  facet normal 0.9673201681951752 -6.055164365289504e-17 -0.25355806475609927
    outer loop
      vertex 24.66671944653724 0.6579916364894772 152.82104733720573
      vertex 23.96006790650361 22.416880919036068 150.1251824384961
      vertex 25.5 25 156
    endloop
  endfacet
  facet normal 0.9166003065905175 -0.01970654842892964 -0.39931883239735577
    outer loop
      vertex 23.904348537045994 22.361839014824476 150
      vertex 23.9272545548439 23.4272545548439 150
      vertex 23.96006790650361 22.416880919036068 150.1251824384961
    endloop
  endfacet
  facet normal 0.9389442797001419 -0.020186935119849907 0.34347653088507857
    outer loop
      vertex 23.904348537045994 22.361839014824476 150
      vertex 25.974990216751408 23.95136588664661 144.4330127018922
      vertex 23.9272545548439 23.4272545548439 150
    endloop
  endfacet
  facet normal 0.49078093519939436 0.35657322135660546 0.7949777427426387
    outer loop
      vertex 22.346296264169695 22.506806144649747 125.92638984189092
      vertex 22.51904201557596 22.26904201557596 125.92638984189092
      vertex 27.672864092215015 27.422864092215015 120.43301270189222
    endloop
  endfacet
  facet normal 0.4575544002153592 0.3324327306324477 -0.8247014310935912
    outer loop
      vertex 21.620059940004722 21.780569820484775 113.93443921448313
      vertex 27.50011834080875 27.660628221288803 119.56698729810778
      vertex 27.672864092215015 27.422864092215015 119.56698729810778
    endloop
  endfacet
  facet normal 0.49078093519939425 0.3565732213566055 0.7949777427426389
    outer loop
      vertex 22.346296264169695 22.506806144649747 125.92638984189092
      vertex 27.672864092215015 27.422864092215015 120.43301270189222
      vertex 27.50011834080875 27.660628221288803 120.43301270189222
    endloop
  endfacet
  facet normal 0.38514236220514936 0.27982230547848735 -0.8794116431977357
    outer loop
      vertex 22.346296264169695 22.506806144649747 125.92638984189092
      vertex 29.978697120061305 29.728697120061305 131.5669872981078
      vertex 22.51904201557596 22.26904201557596 125.92638984189092
    endloop
  endfacet
  facet normal 0.32896763592085443 0.2390089778338184 0.9135945506796094
    outer loop
      vertex 20.665980813554825 20.826490694034877 138.1152811894193
      vertex 20.83872656496106 20.58872656496106 138.1152811894193
      vertex 29.02642166421268 29.186931544692733 132.9176419518379
    endloop
  endfacet
  facet normal 0.4968489457178408 0.0420468559936474 0.8668178511314355
    outer loop
      vertex 20.847273042230103 20.41970519492759 138.11858120104367
      vertex 29.428865200457576 24.773646449964474 132.98852469430835
      vertex 29.710966574195414 27.31592628337674 132.70350905479913
    endloop
  endfacet
  facet normal 0.6323445559200397 -0.04767735023576339 -0.7732187483971042
    outer loop
      vertex 22.51904201557596 22.26904201557596 125.92638984189092
      vertex 29.978697120061305 29.728697120061305 131.5669872981078
      vertex 29.6412236920403 25.252788036995632 131.5669872981078
    endloop
  endfacet
  facet normal 0.32896763592081407 0.2390089778338596 0.9135945506796131
    outer loop
      vertex 20.83872656496106 20.58872656496106 138.1152811894193
      vertex 29.199167415618945 28.949167415618945 132.9176419518379
      vertex 29.02642166421268 29.186931544692733 132.9176419518379
    endloop
  endfacet
  facet normal 0.4968489457178388 0.042046855993648394 0.8668178511314366
    outer loop
      vertex 20.83872656496106 20.58872656496106 138.1152811894193
      vertex 29.710966574195414 27.31592628337674 132.70350905479913
      vertex 29.199167415618945 28.949167415618945 132.9176419518379
    endloop
  endfacet
  facet normal 0.385142362205149 0.2798223054784886 -0.8794116431977356
    outer loop
      vertex 22.346296264169695 22.506806144649747 125.92638984189092
      vertex 29.80595136865504 29.966461249135094 131.5669872981078
      vertex 29.978697120061305 29.728697120061305 131.5669872981078
    endloop
  endfacet
  facet normal 0.8641850873216407 -0.06515760227714787 -0.49893749279482036
    outer loop
      vertex 29.6412236920403 25.252788036995632 131.5669872981078
      vertex 30.228697120061305 29.728697120061305 132
      vertex 29.8912236920403 25.252788036995632 132
    endloop
  endfacet
  facet normal 0.8653319456590917 -0.04001039567983305 0.49959963176467015
    outer loop
      vertex 29.428865200457576 24.773646449964474 132.98852469430835
      vertex 29.678865200457576 24.773646449964474 132.55551199241614
      vertex 29.960966574195414 27.31592628337674 132.27049635290692
    endloop
  endfacet
  facet normal 0.9507318821597603 -0.07168303498728681 0.3016130480267238
    outer loop
      vertex 29.678865200457576 24.773646449964474 132.55551199241614
      vertex 29.8912236920403 25.252788036995632 132
      vertex 29.960966574195414 27.31592628337674 132.27049635290692
    endloop
  endfacet
  facet normal 0.8653319456590918 -0.040010395679833076 0.49959963176467015
    outer loop
      vertex 29.428865200457576 24.773646449964474 132.98852469430835
      vertex 29.960966574195414 27.31592628337674 132.27049635290692
      vertex 29.710966574195414 27.31592628337674 132.70350905479913
    endloop
  endfacet
  facet normal 0.732999678137138 0.5325554391808754 -0.423197561488387
    outer loop
      vertex 27.50011834080875 27.660628221288803 119.56698729810778
      vertex 27.57737258940249 27.89839235036259 120
      vertex 27.672864092215015 27.422864092215015 119.56698729810778
    endloop
  endfacet
  facet normal 0.732999678137138 0.5325554391808754 0.423197561488387
    outer loop
      vertex 27.50011834080875 27.660628221288803 120.43301270189222
      vertex 27.672864092215015 27.422864092215015 120.43301270189222
      vertex 27.57737258940249 27.89839235036259 120
    endloop
  endfacet
  facet normal 0.7329996781371418 0.5325554391808728 -0.4231975614883832
    outer loop
      vertex 27.672864092215015 27.422864092215015 119.56698729810778
      vertex 27.57737258940249 27.89839235036259 120
      vertex 27.922864092215015 27.422864092215015 120
    endloop
  endfacet
  facet normal 0.7329996781371418 0.5325554391808728 0.4231975614883832
    outer loop
      vertex 27.672864092215015 27.422864092215015 120.43301270189222
      vertex 27.922864092215015 27.422864092215015 120
      vertex 27.57737258940249 27.89839235036259 120
    endloop
  endfacet
  facet normal 0.3289676359208058 0.2390089778338509 0.9135945506796184
    outer loop
      vertex 29.02642166421268 29.186931544692733 132.9176419518379
      vertex 29.199167415618945 28.949167415618945 132.9176419518379
      vertex 29.80595136865504 29.966461249135094 132.4330127018922
    endloop
  endfacet
  facet normal 0.8641850873216407 -0.06515760227714787 -0.49893749279482025
    outer loop
      vertex 29.6412236920403 25.252788036995632 131.5669872981078
      vertex 29.978697120061305 29.728697120061305 131.5669872981078
      vertex 30.228697120061305 29.728697120061305 132
    endloop
  endfacet
  facet normal 0.9507318821597572 -0.07168303498728798 0.30161304802673344
    outer loop
      vertex 29.8912236920403 25.252788036995632 132
      vertex 30.228697120061305 29.728697120061305 132
      vertex 29.960966574195414 27.31592628337674 132.27049635290692
    endloop
  endfacet
  facet normal 0.8653319456590914 -0.04001039567983675 0.49959963176467
    outer loop
      vertex 29.710966574195414 27.31592628337674 132.70350905479913
      vertex 29.960966574195414 27.31592628337674 132.27049635290692
      vertex 29.978697120061305 29.728697120061305 132.4330127018922
    endloop
  endfacet
  facet normal 0.4968489457178281 0.04204685599364404 0.866817851131443
    outer loop
      vertex 29.710966574195414 27.31592628337674 132.70350905479913
      vertex 29.978697120061305 29.728697120061305 132.4330127018922
      vertex 29.199167415618945 28.949167415618945 132.9176419518379
    endloop
  endfacet
  facet normal 0.8653319456590914 -0.04001039567983674 0.49959963176467
    outer loop
      vertex 29.960966574195414 27.31592628337674 132.27049635290692
      vertex 30.228697120061305 29.728697120061305 132
      vertex 29.978697120061305 29.728697120061305 132.4330127018922
    endloop
  endfacet
  facet normal 0.7329996781371335 0.5325554391808722 -0.4231975614883984
    outer loop
      vertex 29.80595136865504 29.966461249135094 131.5669872981078
      vertex 29.88320561724878 30.204225378208882 132
      vertex 29.978697120061305 29.728697120061305 131.5669872981078
    endloop
  endfacet
  facet normal 0.7329996781371376 0.5325554391808698 -0.4231975614883947
    outer loop
      vertex 29.978697120061305 29.728697120061305 131.5669872981078
      vertex 29.88320561724878 30.204225378208882 132
      vertex 30.228697120061305 29.728697120061305 132
    endloop
  endfacet
  facet normal 0.3289676359208058 0.2390089778338509 0.9135945506796186
    outer loop
      vertex 29.199167415618945 28.949167415618945 132.9176419518379
      vertex 29.978697120061305 29.728697120061305 132.4330127018922
      vertex 29.80595136865504 29.966461249135094 132.4330127018922
    endloop
  endfacet
  facet normal 0.7329996781371335 0.5325554391808722 0.4231975614883984
    outer loop
      vertex 29.80595136865504 29.966461249135094 132.4330127018922
      vertex 29.978697120061305 29.728697120061305 132.4330127018922
      vertex 29.88320561724878 30.204225378208882 132
    endloop
  endfacet
  facet normal 0.7329996781371376 0.5325554391808698 0.4231975614883947
    outer loop
      vertex 29.978697120061305 29.728697120061305 132.4330127018922
      vertex 30.228697120061305 29.728697120061305 132
      vertex 29.88320561724878 30.204225378208882 132
    endloop
  endfacet
  facet normal 0.7205695109077767 0.02290484763980683 -0.693004291404263
    outer loop
      vertex 20.83872656496106 20.58872656496106 138.1152811894193
      vertex 25.920348661756222 25.670348661756222 143.5669872981078
      vertex 25.37663494989765 25.10760387671751 142.98304703683007
    endloop
  endfacet
  facet normal 0.49279430364041943 0.35803601915355343 -0.7930724956069467
    outer loop
      vertex 20.83872656496106 20.58872656496106 138.1152811894193
      vertex 25.747602910349958 25.90811279083001 143.5669872981078
      vertex 25.920348661756222 25.670348661756222 143.5669872981078
    endloop
  endfacet
  facet normal 0.9389442797001419 -0.020186935119847843 0.3434765308850788
    outer loop
      vertex 23.9272545548439 23.4272545548439 150
      vertex 25.974990216751408 23.95136588664661 144.4330127018922
      vertex 26.170348661756222 25.670348661756222 144
    endloop
  endfacet
  facet normal 0.7171286364904326 0.5210244524607996 0.46288231621363196
    outer loop
      vertex 25.920348661756222 25.670348661756222 144.4330127018922
      vertex 25.747602910349958 25.90811279083001 144.4330127018922
      vertex 23.656347959295626 23.81685783977568 150.02686169273906
    endloop
  endfacet
  facet normal 0.5903759156766016 0.6584080366725339 0.46685665405350435
    outer loop
      vertex 25.824857158943697 26.1458769199038 144
      vertex 23.581763052031373 23.902782812991475 150
      vertex 25.747602910349958 25.90811279083001 144.4330127018922
    endloop
  endfacet
  facet normal 0.7833469171291304 0.4264076413078306 0.45226555347337677
    outer loop
      vertex 26.170348661756222 25.670348661756222 144
      vertex 25.920348661756222 25.670348661756222 144.4330127018922
      vertex 23.82909371070189 23.57909371070189 150.02686169273906
    endloop
  endfacet
  facet normal 0.7329996781371335 0.5325554391808722 -0.4231975614883984
    outer loop
      vertex 25.920348661756222 25.670348661756222 143.5669872981078
      vertex 25.747602910349958 25.90811279083001 143.5669872981078
      vertex 25.824857158943697 26.1458769199038 144
    endloop
  endfacet
  facet normal 0.7329996781371376 0.5325554391808698 -0.4231975614883947
    outer loop
      vertex 25.920348661756222 25.670348661756222 143.5669872981078
      vertex 25.824857158943697 26.1458769199038 144
      vertex 26.170348661756222 25.670348661756222 144
    endloop
  endfacet
  facet normal 0.7329996781371376 0.5325554391808697 0.4231975614883947
    outer loop
      vertex 25.824857158943697 26.1458769199038 144
      vertex 25.920348661756222 25.670348661756222 144.4330127018922
      vertex 26.170348661756222 25.670348661756222 144
    endloop
  endfacet
  facet normal 0.7329996781371335 0.5325554391808722 0.4231975614883984
    outer loop
      vertex 25.824857158943697 26.1458769199038 144
      vertex 25.747602910349958 25.90811279083001 144.4330127018922
      vertex 25.920348661756222 25.670348661756222 144.4330127018922
    endloop
  endfacet
  facet normal 0.717128636490432 0.5210244524608005 0.462882316213632
    outer loop
      vertex 25.920348661756222 25.670348661756222 144.4330127018922
      vertex 23.656347959295626 23.81685783977568 150.02686169273906
      vertex 23.82909371070189 23.57909371070189 150.02686169273906
    endloop
  endfacet
  facet normal 0.5903759156765591 0.6584080366725742 0.4668566540535012
    outer loop
      vertex 25.747602910349958 25.90811279083001 144.4330127018922
      vertex 23.581763052031373 23.902782812991475 150
      vertex 23.656347959295626 23.81685783977568 150.02686169273906
    endloop
  endfacet
  facet normal 0.7833469171291497 0.42640764130779896 0.45226555347337327
    outer loop
      vertex 23.9272545548439 23.4272545548439 150
      vertex 26.170348661756222 25.670348661756222 144
      vertex 23.82909371070189 23.57909371070189 150.02686169273906
    endloop
  endfacet
  facet normal 0.967320168195175 2.7452825129568995e-16 -0.2535580647560993
    outer loop
      vertex 23.96006790650361 22.416880919036068 150.1251824384961
      vertex 23.9272545548439 23.4272545548439 150
      vertex 25.5 25 156
    endloop
  endfacet
  facet normal 0.759697180439952 0.551952309995391 -0.34381512695391797
    outer loop
      vertex 23.656347959295626 23.81685783977568 150.02686169273906
      vertex 25.154508497187475 25.475528258147577 156
      vertex 23.82909371070189 23.57909371070189 150.02686169273906
    endloop
  endfacet
  facet normal 0.7596971804399525 0.5519523099953904 -0.34381512695391786
    outer loop
      vertex 23.581763052031373 23.902782812991475 150
      vertex 25.154508497187475 25.475528258147577 156
      vertex 23.656347959295626 23.81685783977568 150.02686169273906
    endloop
  endfacet
  facet normal 0.7596971804399612 0.5519523099953795 -0.3438151269539163
    outer loop
      vertex 23.9272545548439 23.4272545548439 150
      vertex 23.82909371070189 23.57909371070189 150.02686169273906
      vertex 25.154508497187475 25.475528258147577 156
    endloop
  endfacet
  facet normal 0.7596971804399548 0.5519523099953874 -0.34381512695391764
    outer loop
      vertex 23.9272545548439 23.4272545548439 150
      vertex 25.154508497187475 25.475528258147577 156
      vertex 25.5 25 156
    endloop
  endfacet
  facet normal 0 0 1
    outer loop
      vertex 24.797745751406264 24.85305368692688 156.4330127018922
      vertex 25.077254248593736 24.76223587092621 156.4330127018922
      vertex 24.797745751406264 25.14694631307312 156.4330127018922
    endloop
  endfacet
  facet normal 0 0 1
    outer loop
      vertex 24.797745751406264 25.14694631307312 156.4330127018922
      vertex 25.077254248593736 24.76223587092621 156.4330127018922
      vertex 25.077254248593736 25.23776412907379 156.4330127018922
    endloop
  endfacet
  facet normal 0 0 1
    outer loop
      vertex 25.077254248593736 24.76223587092621 156.4330127018922
      vertex 25.25 25 156.4330127018922
      vertex 25.077254248593736 25.23776412907379 156.4330127018922
    endloop
  endfacet
  facet normal 0.7329996781371335 0.5325554391808722 0.4231975614883984
    outer loop
      vertex 25.077254248593736 25.23776412907379 156.4330127018922
      vertex 25.25 25 156.4330127018922
      vertex 25.154508497187475 25.475528258147577 156
    endloop
  endfacet
  facet normal 0.7329996781371376 0.5325554391808698 0.4231975614883947
    outer loop
      vertex 25.25 25 156.4330127018922
      vertex 25.5 25 156
      vertex 25.154508497187475 25.475528258147577 156
    endloop
  endfacet
  facet normal 1 0 0
    outer loop
      vertex -5.5 10.25 -0.4330127018922193
      vertex -5.5 13.75 -0.4330127018922193
      vertex -5.5 13.75 156.4330127018922
    endloop
  endfacet
  facet normal 1 0 0
    outer loop
      vertex -5.5 10.25 -0.4330127018922193
      vertex -5.5 13.75 156.4330127018922
      vertex -5.5 10.25 156.4330127018922
    endloop
  endfacet
  facet normal 0 1 0
    outer loop
      vertex -5.5 10.25 156.4330127018922
      vertex 5.5 10.25 156.4330127018922
      vertex -5.5 10.25 -0.4330127018922193
    endloop
  endfacet
  facet normal 0 -1 0
    outer loop
      vertex 5.5 13.75 156.4330127018922
      vertex -5.5 13.75 156.4330127018922
      vertex -5.5 13.75 -0.4330127018922193
    endloop
  endfacet
  facet normal 0 1 0
    outer loop
      vertex -5.5 10.25 -0.4330127018922193
      vertex 5.5 10.25 156.4330127018922
      vertex 5.5 10.25 -0.4330127018922193
    endloop
  endfacet
  facet normal 0 -1 0
    outer loop
      vertex -5.5 13.75 -0.4330127018922193
      vertex 5.5 13.75 -0.4330127018922193
      vertex 5.5 13.75 156.4330127018922
    endloop
  endfacet
  facet normal -1 0 0
    outer loop
      vertex 5.5 10.25 -0.4330127018922193
      vertex 5.5 10.25 156.4330127018922
      vertex 5.5 13.75 -0.4330127018922193
    endloop
  endfacet
  facet normal -1 0 0
    outer loop
      vertex 5.5 13.75 -0.4330127018922193
      vertex 5.5 10.25 156.4330127018922
      vertex 5.5 13.75 156.4330127018922
    endloop
  endfacet
  facet normal 0.9238795325112867 0.38268343236508967 0
    outer loop
      vertex -3.6955181300451474 -3.6955181300451474 7
      vertex -3.6955181300451474 -3.6955181300451474 -0.4330127018922193
      vertex -5.226251859505506 0 7
    endloop
  endfacet
  facet normal 0.9238795325112867 0.38268343236508967 0
    outer loop
      vertex -5.226251859505506 0 7
      vertex -3.6955181300451474 -3.6955181300451474 -0.4330127018922193
      vertex -5.226251859505506 0 -0.4330127018922193
    endloop
  endfacet
  facet normal 0.38268343236508967 0.9238795325112867 0
    outer loop
      vertex -3.6955181300451474 -3.6955181300451474 7
      vertex 0 -5.226251859505506 -0.4330127018922193
      vertex -3.6955181300451474 -3.6955181300451474 -0.4330127018922193
    endloop
  endfacet
  facet normal 0.38268343236508967 0.9238795325112867 0
    outer loop
      vertex -3.6955181300451474 -3.6955181300451474 7
      vertex 0 -5.226251859505506 7
      vertex 0 -5.226251859505506 -0.4330127018922193
    endloop
  endfacet
  facet normal 0.7339635123329723 0.30401764109530954 -0.60734737709707
    outer loop
      vertex -3.6955181300451474 -3.6955181300451474 7
      vertex -5.226251859505506 0 7
      vertex -0.2613125929752753 0 13
    endloop
  endfacet
  facet normal 0.30401764109530954 0.7339635123329723 -0.60734737709707
    outer loop
      vertex -3.6955181300451474 -3.6955181300451474 7
      vertex 0 -0.2613125929752753 13
      vertex 0 -5.226251859505506 7
    endloop
  endfacet
  facet normal 0.7339635123329717 0.3040176410953096 -0.6073473770970705
    outer loop
      vertex -3.6955181300451474 -3.6955181300451474 7
      vertex -0.2613125929752753 0 13
      vertex -0.18477590650225736 -0.18477590650225736 13
    endloop
  endfacet
  facet normal 0.3040176410953096 0.7339635123329717 -0.6073473770970705
    outer loop
      vertex -3.6955181300451474 -3.6955181300451474 7
      vertex -0.18477590650225736 -0.18477590650225736 13
      vertex 0 -0.2613125929752753 13
    endloop
  endfacet
  facet normal 0.9238795325112867 -0.38268343236508967 0
    outer loop
      vertex -5.226251859505506 0 7
      vertex -5.226251859505506 0 -0.4330127018922193
      vertex -3.6955181300451474 3.6955181300451474 7
    endloop
  endfacet
  facet normal 0.9238795325112867 -0.38268343236508967 0
    outer loop
      vertex -3.6955181300451474 3.6955181300451474 7
      vertex -5.226251859505506 0 -0.4330127018922193
      vertex -3.6955181300451474 3.6955181300451474 -0.4330127018922193
    endloop
  endfacet
  facet normal 0.7339635123329723 -0.30401764109530954 -0.60734737709707
    outer loop
      vertex -5.226251859505506 0 7
      vertex -3.6955181300451474 3.6955181300451474 7
      vertex -0.2613125929752753 0 13
    endloop
  endfacet
  facet normal 0.30401764109530954 -0.7339635123329723 -0.60734737709707
    outer loop
      vertex -3.6955181300451474 3.6955181300451474 7
      vertex 0 5.226251859505506 7
      vertex 0 0.2613125929752753 13
    endloop
  endfacet
  facet normal 0.7339635123329717 -0.3040176410953096 -0.6073473770970705
    outer loop
      vertex -3.6955181300451474 3.6955181300451474 7
      vertex -0.18477590650225736 0.18477590650225736 13
      vertex -0.2613125929752753 0 13
    endloop
  endfacet
  facet normal 0.3040176410953096 -0.7339635123329717 -0.6073473770970705
    outer loop
      vertex -3.6955181300451474 3.6955181300451474 7
      vertex 0 0.2613125929752753 13
      vertex -0.18477590650225736 0.18477590650225736 13
    endloop
  endfacet
  facet normal 0 0 -1
    outer loop
      vertex -0.2613125929752753 0 13
      vertex -0.18477590650225736 0.18477590650225736 13
      vertex -0.18477590650225736 -0.18477590650225736 13
    endloop
  endfacet
  facet normal 0 0 -1
    outer loop
      vertex -0.18477590650225736 -0.18477590650225736 13
      vertex -0.18477590650225736 0.18477590650225736 13
      vertex 0 -0.2613125929752753 13
    endloop
  endfacet
  facet normal 0.38268343236508967 -0.9238795325112867 0
    outer loop
      vertex -3.6955181300451474 3.6955181300451474 7
      vertex -3.6955181300451474 3.6955181300451474 -0.4330127018922193
      vertex 0 5.226251859505506 7
    endloop
  endfacet
  facet normal 0.38268343236508967 -0.9238795325112867 0
    outer loop
      vertex 0 5.226251859505506 7
      vertex -3.6955181300451474 3.6955181300451474 -0.4330127018922193
      vertex 0 5.226251859505506 -0.4330127018922193
    endloop
  endfacet
  facet normal -0.38268343236508967 0.9238795325112867 0
    outer loop
      vertex 0 -5.226251859505506 7
      vertex 3.6955181300451474 -3.6955181300451474 -0.4330127018922193
      vertex 0 -5.226251859505506 -0.4330127018922193
    endloop
  endfacet
  facet normal -0.38268343236508967 0.9238795325112867 0
    outer loop
      vertex 0 -5.226251859505506 7
      vertex 3.6955181300451474 -3.6955181300451474 7
      vertex 3.6955181300451474 -3.6955181300451474 -0.4330127018922193
    endloop
  endfacet
  facet normal -0.30401764109530954 0.7339635123329723 -0.60734737709707
    outer loop
      vertex 0 -5.226251859505506 7
      vertex 0 -0.2613125929752753 13
      vertex 3.6955181300451474 -3.6955181300451474 7
    endloop
  endfacet
  facet normal -0.7339635123329723 0.30401764109530954 -0.60734737709707
    outer loop
      vertex 0.2613125929752753 0 13
      vertex 5.226251859505506 0 7
      vertex 3.6955181300451474 -3.6955181300451474 7
    endloop
  endfacet
  facet normal -0.30401764109530954 0.7339635123329723 -0.60734737709707
    outer loop
      vertex 0 -0.2613125929752753 13
      vertex 0.18477590650225736 -0.18477590650225736 13
      vertex 3.6955181300451474 -3.6955181300451474 7
    endloop
  endfacet
  facet normal -0.7339635123329722 0.3040176410953095 -0.60734737709707
    outer loop
      vertex 0.18477590650225736 -0.18477590650225736 13
      vertex 0.2613125929752753 0 13
      vertex 3.6955181300451474 -3.6955181300451474 7
    endloop
  endfacet
  facet normal -0.9238795325112867 0.38268343236508967 0
    outer loop
      vertex 3.6955181300451474 -3.6955181300451474 7
      vertex 5.226251859505506 0 -0.4330127018922193
      vertex 3.6955181300451474 -3.6955181300451474 -0.4330127018922193
    endloop
  endfacet
  facet normal -0.9238795325112867 0.38268343236508967 0
    outer loop
      vertex 3.6955181300451474 -3.6955181300451474 7
      vertex 5.226251859505506 0 7
      vertex 5.226251859505506 0 -0.4330127018922193
    endloop
  endfacet
  facet normal -0.30401764109530954 -0.7339635123329723 -0.60734737709707
    outer loop
      vertex 0 0.2613125929752753 13
      vertex 0 5.226251859505506 7
      vertex 3.6955181300451474 3.6955181300451474 7
    endloop
  endfacet
  facet normal -0.7339635123329723 -0.30401764109530954 -0.60734737709707
    outer loop
      vertex 0.2613125929752753 0 13
      vertex 3.6955181300451474 3.6955181300451474 7
      vertex 5.226251859505506 0 7
    endloop
  endfacet
  facet normal 0 0 -1
    outer loop
      vertex -0.18477590650225736 0.18477590650225736 13
      vertex 0.18477590650225736 -0.18477590650225736 13
      vertex 0 -0.2613125929752753 13
    endloop
  endfacet
  facet normal 0 0 -1
    outer loop
      vertex -0.18477590650225736 0.18477590650225736 13
      vertex 0.2613125929752753 0 13
      vertex 0.18477590650225736 -0.18477590650225736 13
    endloop
  endfacet
  facet normal 0 0 -1
    outer loop
      vertex -0.18477590650225736 0.18477590650225736 13
      vertex 0.18477590650225736 0.18477590650225736 13
      vertex 0.2613125929752753 0 13
    endloop
  endfacet
  facet normal 0 0 -1
    outer loop
      vertex -0.18477590650225736 0.18477590650225736 13
      vertex 0 0.2613125929752753 13
      vertex 0.18477590650225736 0.18477590650225736 13
    endloop
  endfacet
  facet normal -0.7339635123329723 -0.30401764109530954 -0.60734737709707
    outer loop
      vertex 0.2613125929752753 0 13
      vertex 0.18477590650225736 0.18477590650225736 13
      vertex 3.6955181300451474 3.6955181300451474 7
    endloop
  endfacet
  facet normal -0.30401764109530954 -0.7339635123329723 -0.60734737709707
    outer loop
      vertex 0 0.2613125929752753 13
      vertex 3.6955181300451474 3.6955181300451474 7
      vertex 0.18477590650225736 0.18477590650225736 13
    endloop
  endfacet
  facet normal -0.38268343236508967 -0.9238795325112867 0
    outer loop
      vertex 3.6955181300451474 3.6955181300451474 7
      vertex 0 5.226251859505506 7
      vertex 0 5.226251859505506 -0.4330127018922193
    endloop
  endfacet
  facet normal -0.38268343236508967 -0.9238795325112867 0
    outer loop
      vertex 3.6955181300451474 3.6955181300451474 7
      vertex 0 5.226251859505506 -0.4330127018922193
      vertex 3.6955181300451474 3.6955181300451474 -0.4330127018922193
    endloop
  endfacet
  facet normal -0.9238795325112867 -0.38268343236508967 0
    outer loop
      vertex 5.226251859505506 0 7
      vertex 3.6955181300451474 3.6955181300451474 -0.4330127018922193
      vertex 5.226251859505506 0 -0.4330127018922193
    endloop
  endfacet
  facet normal -0.9238795325112867 -0.38268343236508967 0
    outer loop
      vertex 3.6955181300451474 3.6955181300451474 7
      vertex 3.6955181300451474 3.6955181300451474 -0.4330127018922193
      vertex 5.226251859505506 0 7
    endloop
  endfacet
  facet normal 0.9238795325112867 0.3826834323650897 0
    outer loop
      vertex -3.6955181300451474 -3.6955181300451474 149
      vertex -5.226251859505506 0 156.4330127018922
      vertex -3.6955181300451474 -3.6955181300451474 156.4330127018922
    endloop
  endfacet
  facet normal 0.9238795325112867 0.3826834323650897 0
    outer loop
      vertex -3.6955181300451474 -3.6955181300451474 149
      vertex -5.226251859505506 0 149
      vertex -5.226251859505506 0 156.4330127018922
    endloop
  endfacet
  facet normal 0.3826834323650897 0.9238795325112867 0
    outer loop
      vertex -3.6955181300451474 -3.6955181300451474 149
      vertex -3.6955181300451474 -3.6955181300451474 156.4330127018922
      vertex 0 -5.226251859505506 149
    endloop
  endfacet
  facet normal 0.3826834323650897 0.9238795325112867 0
    outer loop
      vertex 0 -5.226251859505506 149
      vertex -3.6955181300451474 -3.6955181300451474 156.4330127018922
      vertex 0 -5.226251859505506 156.4330127018922
    endloop
  endfacet
  facet normal 0.7339635123329717 0.3040176410953096 0.6073473770970705
    outer loop
      vertex -3.6955181300451474 -3.6955181300451474 149
      vertex -0.18477590650225736 -0.18477590650225736 143
      vertex -0.2613125929752753 0 143
    endloop
  endfacet
  facet normal 0.3040176410953096 0.7339635123329717 0.6073473770970705
    outer loop
      vertex -3.6955181300451474 -3.6955181300451474 149
      vertex 0 -0.2613125929752753 143
      vertex -0.18477590650225736 -0.18477590650225736 143
    endloop
  endfacet
  facet normal 0.7339635123329723 0.30401764109530954 0.60734737709707
    outer loop
      vertex -3.6955181300451474 -3.6955181300451474 149
      vertex -0.2613125929752753 0 143
      vertex -5.226251859505506 0 149
    endloop
  endfacet
  facet normal 0.30401764109530954 0.7339635123329723 0.60734737709707
    outer loop
      vertex -3.6955181300451474 -3.6955181300451474 149
      vertex 0 -5.226251859505506 149
      vertex 0 -0.2613125929752753 143
    endloop
  endfacet
  facet normal 0.9238795325112867 -0.3826834323650897 0
    outer loop
      vertex -5.226251859505506 0 149
      vertex -3.6955181300451474 3.6955181300451474 156.4330127018922
      vertex -5.226251859505506 0 156.4330127018922
    endloop
  endfacet
  facet normal 0.9238795325112867 -0.3826834323650897 0
    outer loop
      vertex -5.226251859505506 0 149
      vertex -3.6955181300451474 3.6955181300451474 149
      vertex -3.6955181300451474 3.6955181300451474 156.4330127018922
    endloop
  endfacet
  facet normal 0.7339635123329717 -0.3040176410953096 0.6073473770970705
    outer loop
      vertex -3.6955181300451474 3.6955181300451474 149
      vertex -0.2613125929752753 0 143
      vertex -0.18477590650225736 0.18477590650225736 143
    endloop
  endfacet
  facet normal 0.3040176410953096 -0.7339635123329717 0.6073473770970705
    outer loop
      vertex -3.6955181300451474 3.6955181300451474 149
      vertex -0.18477590650225736 0.18477590650225736 143
      vertex 0 0.2613125929752753 143
    endloop
  endfacet
  facet normal 0 0 1
    outer loop
      vertex -0.2613125929752753 0 143
      vertex -0.18477590650225736 -0.18477590650225736 143
      vertex -0.18477590650225736 0.18477590650225736 143
    endloop
  endfacet
  facet normal 0 0 1
    outer loop
      vertex -0.18477590650225736 -0.18477590650225736 143
      vertex 0 0.2613125929752753 143
      vertex -0.18477590650225736 0.18477590650225736 143
    endloop
  endfacet
  facet normal 0.7339635123329723 -0.30401764109530954 0.60734737709707
    outer loop
      vertex -5.226251859505506 0 149
      vertex -0.2613125929752753 0 143
      vertex -3.6955181300451474 3.6955181300451474 149
    endloop
  endfacet
  facet normal 0.30401764109530954 -0.7339635123329723 0.60734737709707
    outer loop
      vertex -3.6955181300451474 3.6955181300451474 149
      vertex 0 0.2613125929752753 143
      vertex 0 5.226251859505506 149
    endloop
  endfacet
  facet normal 0.3826834323650897 -0.9238795325112867 0
    outer loop
      vertex -3.6955181300451474 3.6955181300451474 149
      vertex 0 5.226251859505506 156.4330127018922
      vertex -3.6955181300451474 3.6955181300451474 156.4330127018922
    endloop
  endfacet
  facet normal 0.3826834323650897 -0.9238795325112867 0
    outer loop
      vertex -3.6955181300451474 3.6955181300451474 149
      vertex 0 5.226251859505506 149
      vertex 0 5.226251859505506 156.4330127018922
    endloop
  endfacet
  facet normal -0.3826834323650897 0.9238795325112867 0
    outer loop
      vertex 0 -5.226251859505506 149
      vertex 0 -5.226251859505506 156.4330127018922
      vertex 3.6955181300451474 -3.6955181300451474 149
    endloop
  endfacet
  facet normal -0.3826834323650897 0.9238795325112867 0
    outer loop
      vertex 3.6955181300451474 -3.6955181300451474 149
      vertex 0 -5.226251859505506 156.4330127018922
      vertex 3.6955181300451474 -3.6955181300451474 156.4330127018922
    endloop
  endfacet
  facet normal 0 0 1
    outer loop
      vertex -0.18477590650225736 -0.18477590650225736 143
      vertex 0 -0.2613125929752753 143
      vertex 0.18477590650225736 -0.18477590650225736 143
    endloop
  endfacet
  facet normal 0 0 1
    outer loop
      vertex -0.18477590650225736 -0.18477590650225736 143
      vertex 0.18477590650225736 -0.18477590650225736 143
      vertex 0.2613125929752753 0 143
    endloop
  endfacet
  facet normal -0.30401764109530954 0.7339635123329723 0.60734737709707
    outer loop
      vertex 0 -0.2613125929752753 143
      vertex 3.6955181300451474 -3.6955181300451474 149
      vertex 0.18477590650225736 -0.18477590650225736 143
    endloop
  endfacet
  facet normal -0.7339635123329722 0.3040176410953095 0.60734737709707
    outer loop
      vertex 0.18477590650225736 -0.18477590650225736 143
      vertex 3.6955181300451474 -3.6955181300451474 149
      vertex 0.2613125929752753 0 143
    endloop
  endfacet
  facet normal -0.30401764109530954 0.7339635123329723 0.60734737709707
    outer loop
      vertex 0 -5.226251859505506 149
      vertex 3.6955181300451474 -3.6955181300451474 149
      vertex 0 -0.2613125929752753 143
    endloop
  endfacet
  facet normal -0.7339635123329723 0.30401764109530954 0.60734737709707
    outer loop
      vertex 0.2613125929752753 0 143
      vertex 3.6955181300451474 -3.6955181300451474 149
      vertex 5.226251859505506 0 149
    endloop
  endfacet
  facet normal -0.9238795325112867 0.3826834323650897 0
    outer loop
      vertex 3.6955181300451474 -3.6955181300451474 149
      vertex 3.6955181300451474 -3.6955181300451474 156.4330127018922
      vertex 5.226251859505506 0 149
    endloop
  endfacet
  facet normal -0.9238795325112867 0.3826834323650897 0
    outer loop
      vertex 5.226251859505506 0 149
      vertex 3.6955181300451474 -3.6955181300451474 156.4330127018922
      vertex 5.226251859505506 0 156.4330127018922
    endloop
  endfacet
  facet normal 0 0 1
    outer loop
      vertex -0.18477590650225736 -0.18477590650225736 143
      vertex 0.18477590650225736 0.18477590650225736 143
      vertex 0 0.2613125929752753 143
    endloop
  endfacet
  facet normal 0 0 1
    outer loop
      vertex -0.18477590650225736 -0.18477590650225736 143
      vertex 0.2613125929752753 0 143
      vertex 0.18477590650225736 0.18477590650225736 143
    endloop
  endfacet
  facet normal -0.7339635123329723 -0.30401764109530954 0.60734737709707
    outer loop
      vertex 0.2613125929752753 0 143
      vertex 3.6955181300451474 3.6955181300451474 149
      vertex 0.18477590650225736 0.18477590650225736 143
    endloop
  endfacet
  facet normal -0.30401764109530954 -0.7339635123329723 0.60734737709707
    outer loop
      vertex 0 0.2613125929752753 143
      vertex 0.18477590650225736 0.18477590650225736 143
      vertex 3.6955181300451474 3.6955181300451474 149
    endloop
  endfacet
  facet normal -0.30401764109530954 -0.7339635123329723 0.60734737709707
    outer loop
      vertex 0 0.2613125929752753 143
      vertex 3.6955181300451474 3.6955181300451474 149
      vertex 0 5.226251859505506 149
    endloop
  endfacet
  facet normal -0.7339635123329723 -0.30401764109530954 0.60734737709707
    outer loop
      vertex 0.2613125929752753 0 143
      vertex 5.226251859505506 0 149
      vertex 3.6955181300451474 3.6955181300451474 149
    endloop
  endfacet
  facet normal -0.3826834323650897 -0.9238795325112867 0
    outer loop
      vertex 0 5.226251859505506 149
      vertex 3.6955181300451474 3.6955181300451474 156.4330127018922
      vertex 0 5.226251859505506 156.4330127018922
    endloop
  endfacet
  facet normal -0.3826834323650897 -0.9238795325112867 0
    outer loop
      vertex 3.6955181300451474 3.6955181300451474 149
      vertex 3.6955181300451474 3.6955181300451474 156.4330127018922
      vertex 0 5.226251859505506 149
    endloop
  endfacet
  facet normal -0.9238795325112867 -0.3826834323650897 0
    outer loop
      vertex 3.6955181300451474 3.6955181300451474 149
      vertex 5.226251859505506 0 149
      vertex 5.226251859505506 0 156.4330127018922
    endloop
  endfacet
  facet normal -0.9238795325112867 -0.3826834323650897 0
    outer loop
      vertex 3.6955181300451474 3.6955181300451474 149
      vertex 5.226251859505506 0 156.4330127018922
      vertex 3.6955181300451474 3.6955181300451474 156.4330127018922
    endloop
  endfacet
endsolid OpenSCAD_Model
