solid OpenSCAD_Model
  facet normal -0.9060374296629689 0 -0.42319756148839127
    outer loop
      vertex -30.83496048538691 -30.72434461434567 12
      vertex -30.632706236793172 -30.283505675126317 11.566987298107781
      vertex -30.632706236793172 -30.577398301272556 11.566987298107781
    endloop
  endfacet
  facet normal -0.9060374296629689 0 0.42319756148839127
    outer loop
      vertex -30.83496048538691 -30.72434461434567 12
      vertex -30.632706236793172 -30.577398301272556 12.433012701892219
      vertex -30.632706236793172 -30.283505675126317 12.433012701892219
    endloop
  endfacet
  facet normal -0.906037429662969 0 -0.4231975614883914
    outer loop
      vertex -30.83496048538691 -30.72434461434567 12
      vertex -30.83496048538691 -30.1365593620532 12
      vertex -30.632706236793172 -30.283505675126317 11.566987298107781
    endloop
  endfacet
  facet normal -0.906037429662969 0 0.4231975614883914
    outer loop
      vertex -30.83496048538691 -30.72434461434567 12
      vertex -30.632706236793172 -30.283505675126317 12.433012701892219
      vertex -30.83496048538691 -30.1365593620532 12
    endloop
  endfacet
  facet normal -0.27998096330565564 -0.8616928014882811 -0.4231975614883845
    outer loop
      vertex -30.83496048538691 -30.72434461434567 12
      vertex -30.632706236793172 -30.577398301272556 11.566987298107781
      vertex -30.27594349101196 -30.905980246347013 12
    endloop
  endfacet
  facet normal -0.27998096330565564 -0.8616928014882811 0.4231975614883845
    outer loop
      vertex -30.83496048538691 -30.72434461434567 12
      vertex -30.27594349101196 -30.905980246347013 12
      vertex -30.632706236793172 -30.577398301272556 12.433012701892219
    endloop
  endfacet
  facet normal -0.27998096330565364 -0.8616928014882809 -0.42319756148838594
    outer loop
      vertex -30.632706236793172 -30.577398301272556 11.566987298107781
      vertex -30.3531977396057 -30.668216117273225 11.566987298107781
      vertex -30.27594349101196 -30.905980246347013 12
    endloop
  endfacet
  facet normal -0.2799809633056537 -0.8616928014882809 0.42319756148838605
    outer loop
      vertex -30.27594349101196 -30.905980246347013 12
      vertex -30.3531977396057 -30.668216117273225 12.433012701892219
      vertex -30.632706236793172 -30.577398301272556 12.433012701892219
    endloop
  endfacet
  facet normal -0.537967322874654 0 -0.8429656929668476
    outer loop
      vertex -27.7325395407582 -27.677231605237584 9.71614695386435
      vertex -30.632706236793172 -30.577398301272556 11.566987298107781
      vertex -30.632706236793172 -30.283505675126317 11.566987298107781
    endloop
  endfacet
  facet normal -0.13962073492076515 -0.4297084373139518 -0.8921080143577832
    outer loop
      vertex -27.7325395407582 -27.677231605237584 9.71614695386435
      vertex -30.3531977396057 -30.668216117273225 11.566987298107781
      vertex -30.632706236793172 -30.577398301272556 11.566987298107781
    endloop
  endfacet
  facet normal -0.897125778166697 0.056368758713602876 -0.43816423997159526
    outer loop
      vertex -30.632706236793172 -30.283505675126317 11.566987298107781
      vertex -30.83496048538691 -30.1365593620532 12
      vertex -30.58195711326614 -26.109934467830133 12
    endloop
  endfacet
  facet normal -0.897125778166697 0.056368758713602876 0.43816423997159526
    outer loop
      vertex -30.632706236793172 -30.283505675126317 12.433012701892219
      vertex -30.58195711326614 -26.109934467830133 12
      vertex -30.83496048538691 -30.1365593620532 12
    endloop
  endfacet
  facet normal -0.897125778166697 0.056368758713602876 -0.4381642399715953
    outer loop
      vertex -30.632706236793172 -30.283505675126317 11.566987298107781
      vertex -30.58195711326614 -26.109934467830133 12
      vertex -30.3797028646724 -26.25688078090325 11.566987298107781
    endloop
  endfacet
  facet normal -0.897125778166697 0.056368758713602876 0.4381642399715953
    outer loop
      vertex -30.632706236793172 -30.283505675126317 12.433012701892219
      vertex -30.3797028646724 -26.25688078090325 12.433012701892219
      vertex -30.58195711326614 -26.109934467830133 12
    endloop
  endfacet
  facet normal -0.7299480822769061 0.04586454689487094 0.6819620521102293
    outer loop
      vertex -30.632706236793172 -30.283505675126317 12.433012701892219
      vertex -29.89362811034352 -25.952681215706964 12.932831362604361
      vertex -30.3797028646724 -26.25688078090325 12.433012701892219
    endloop
  endfacet
  facet normal -0.5625072315968076 0.03534380037248853 -0.8260365792000528
    outer loop
      vertex -27.7325395407582 -27.383338979091345 9.71614695386435
      vertex -30.632706236793172 -30.283505675126317 11.566987298107781
      vertex -30.3797028646724 -26.25688078090325 11.566987298107781
    endloop
  endfacet
  facet normal -0.5379673228746538 0 -0.8429656929668479
    outer loop
      vertex -27.7325395407582 -27.677231605237584 9.71614695386435
      vertex -30.632706236793172 -30.283505675126317 11.566987298107781
      vertex -27.7325395407582 -27.383338979091345 9.71614695386435
    endloop
  endfacet
  facet normal -0.13962073492076563 -0.4297084373139513 -0.8921080143577836
    outer loop
      vertex -27.7325395407582 -27.677231605237584 9.71614695386435
      vertex -27.45303104357073 -27.768049421238253 9.71614695386435
      vertex -30.3531977396057 -30.668216117273225 11.566987298107781
    endloop
  endfacet
  facet normal -0.6157264801401227 0 0.7879599619614281
    outer loop
      vertex -30.632706236793172 -30.577398301272556 12.433012701892219
      vertex -23.35150264118619 -23.296194705665574 18.122679788461973
      vertex -30.632706236793172 -30.283505675126317 12.433012701892219
    endloop
  endfacet
  facet normal -0.1628593425265585 -0.501229517369176 0.8498504606515667
    outer loop
      vertex -30.632706236793172 -30.577398301272556 12.433012701892219
      vertex -30.3531977396057 -30.668216117273225 12.433012701892219
      vertex -23.35150264118619 -23.296194705665574 18.122679788461973
    endloop
  endfacet
  facet normal -0.6260570361838914 0.01686723233230563 0.7795948203509883
    outer loop
      vertex -30.632706236793172 -30.283505675126317 12.433012701892219
      vertex -23.35150264118619 -23.002302079519335 18.122679788461973
      vertex -29.89362811034352 -25.952681215706964 12.932831362604361
    endloop
  endfacet
  facet normal -0.009874187736376865 -0.5309059488780844 -0.8473732199346448
    outer loop
      vertex -27.45303104357073 -27.768049421238253 9.71614695386435
      vertex -13.185251795014398 -27.84130404064353 9.595785092931061
      vertex -30.3531977396057 -30.668216117273225 11.566987298107781
    endloop
  endfacet
  facet normal -0.13962073492076574 -0.4297084373139518 -0.8921080143577833
    outer loop
      vertex -27.7325395407582 -27.677231605237584 9.71614695386435
      vertex -21.634010726018776 -21.57870279049816 5.824162680587008
      vertex -27.45303104357073 -27.768049421238253 9.71614695386435
    endloop
  endfacet
  facet normal -0.5379673228746545 0 -0.8429656929668474
    outer loop
      vertex -27.7325395407582 -27.677231605237584 9.71614695386435
      vertex -27.7325395407582 -27.383338979091345 9.71614695386435
      vertex -21.646311576667898 -21.297111015001043 5.832012888190946
    endloop
  endfacet
  facet normal -0.5625072315968076 0.03534380037248809 -0.8260365792000527
    outer loop
      vertex -27.7325395407582 -27.383338979091345 9.71614695386435
      vertex -30.3797028646724 -26.25688078090325 11.566987298107781
      vertex -21.742102333156776 -17.027888102155003 6.079911783686245
    endloop
  endfacet
  facet normal -0.2799809633056557 -0.8616928014882813 -0.42319756148838406
    outer loop
      vertex -25.404508497187475 -25.293892626146235 0
      vertex -25.202254248593736 -25.14694631307312 -0.4330127018922193
      vertex -24.845491502812525 -25.475528258147577 0
    endloop
  endfacet
  facet normal -0.2799809633056557 -0.8616928014882813 0.42319756148838406
    outer loop
      vertex -25.404508497187475 -25.293892626146235 0
      vertex -24.845491502812525 -25.475528258147577 0
      vertex -25.202254248593736 -25.14694631307312 0.4330127018922193
    endloop
  endfacet
  facet normal -0.2799809633056536 -0.8616928014882811 -0.42319756148838555
    outer loop
      vertex -24.845491502812525 -25.475528258147577 0
      vertex -25.202254248593736 -25.14694631307312 -0.4330127018922193
      vertex -24.922745751406264 -25.23776412907379 -0.4330127018922193
    endloop
  endfacet
  facet normal -0.2799809633056536 -0.8616928014882811 0.42319756148838555
    outer loop
      vertex -24.845491502812525 -25.475528258147577 0
      vertex -24.922745751406264 -25.23776412907379 0.4330127018922193
      vertex -25.202254248593736 -25.14694631307312 0.4330127018922193
    endloop
  endfacet
  facet normal -0.23731495321561916 -0.7303803246372282 0.640489027511858
    outer loop
      vertex -25.202254248593736 -25.14694631307312 0.4330127018922193
      vertex -24.922745751406264 -25.23776412907379 0.4330127018922193
      vertex -21.634010726018776 -21.57870279049816 5.824162680587008
    endloop
  endfacet
  facet normal -0.5379673228746498 -6.683690481896019e-15 -0.8429656929668504
    outer loop
      vertex -27.7325395407582 -27.677231605237584 9.71614695386435
      vertex -21.646311576667898 -21.297111015001043 5.832012888190946
      vertex -21.634010726018776 -21.57870279049816 5.824162680587008
    endloop
  endfacet
  facet normal -0.13962073492076577 -0.4297084373139529 -0.8921080143577826
    outer loop
      vertex -27.45303104357073 -27.768049421238253 9.71614695386435
      vertex -21.634010726018776 -21.57870279049816 5.824162680587008
      vertex -21.354502228831304 -21.66952060649883 5.824162680587008
    endloop
  endfacet
  facet normal -0.6157264801401229 0 0.7879599619614279
    outer loop
      vertex -30.632706236793172 -30.283505675126317 12.433012701892219
      vertex -23.35150264118619 -23.296194705665574 18.122679788461973
      vertex -23.35150264118619 -23.002302079519335 18.122679788461973
    endloop
  endfacet
  facet normal -0.16285934252655843 -0.501229517369176 0.8498504606515666
    outer loop
      vertex -30.3531977396057 -30.668216117273225 12.433012701892219
      vertex -23.07199414399872 -23.387012521666243 18.122679788461973
      vertex -23.35150264118619 -23.296194705665574 18.122679788461973
    endloop
  endfacet
  facet normal -0.6260570361838902 0.016867232332300117 0.7795948203509894
    outer loop
      vertex -29.89362811034352 -25.952681215706964 12.932831362604361
      vertex -23.35150264118619 -23.002302079519335 18.122679788461973
      vertex -23.34708166187438 -22.794610488997836 18.12173648164847
    endloop
  endfacet
  facet normal -0.8184717423867016 0.01481356519734993 -0.5743557827693743
    outer loop
      vertex -26.909690604468704 -26.38053412294999 23.10605895393196
      vertex -23.34708166187438 -22.794610488997836 18.12173648164847
      vertex -23.35150264118619 -23.002302079519335 18.122679788461973
    endloop
  endfacet
  facet normal -0.8184717423867055 0.014813565197357869 -0.5743557827693684
    outer loop
      vertex -26.909690604468704 -26.38053412294999 23.10605895393196
      vertex -23.30518922364881 -20.826560762403155 18.112797868815143
      vertex -23.34708166187438 -22.794610488997836 18.12173648164847
    endloop
  endfacet
  facet normal -0.9060374296629696 0 -0.4231975614883899
    outer loop
      vertex -27.24242242536084 -27.187114489840223 23.56698729810778
      vertex -27.44467667395458 -26.74627555062087 24
      vertex -27.24242242536084 -26.893221863693984 23.56698729810778
    endloop
  endfacet
  facet normal -0.9060374296629695 0 -0.4231975614883899
    outer loop
      vertex -27.44467667395458 -27.33406080291334 24
      vertex -27.44467667395458 -26.74627555062087 24
      vertex -27.24242242536084 -27.187114489840223 23.56698729810778
    endloop
  endfacet
  facet normal -0.9467631060400593 0 0.32193108119810276
    outer loop
      vertex -27.44467667395458 -27.33406080291334 24
      vertex -27.411715500499845 -26.493308134822676 24.096935104378833
      vertex -27.44467667395458 -26.74627555062087 24
    endloop
  endfacet
  facet normal -0.9041496459958281 -0.013783867271323288 0.42699346909369157
    outer loop
      vertex -27.44467667395458 -27.33406080291334 24
      vertex -27.24242242536084 -27.187114489840223 24.43301270189222
      vertex -27.209461251906106 -26.34636182174956 24.529947806271053
    endloop
  endfacet
  facet normal -0.9037762937889574 0.016357496977024738 -0.4276924631996017
    outer loop
      vertex -27.24242242536084 -26.893221863693984 23.56698729810778
      vertex -27.43049158176047 -25.962527886277588 24
      vertex -27.22823733316673 -26.109474199350704 23.56698729810778
    endloop
  endfacet
  facet normal -0.9041496459958281 -0.013783867271323262 0.42699346909369157
    outer loop
      vertex -27.44467667395458 -27.33406080291334 24
      vertex -27.209461251906106 -26.34636182174956 24.529947806271053
      vertex -27.411715500499845 -26.493308134822676 24.096935104378833
    endloop
  endfacet
  facet normal -0.9037762937889575 0.016357496977024707 -0.42769246319960164
    outer loop
      vertex -27.24242242536084 -26.893221863693984 23.56698729810778
      vertex -27.44467667395458 -26.74627555062087 24
      vertex -27.43049158176047 -25.962527886277588 24
    endloop
  endfacet
  facet normal -0.9467631060400593 0 0.32193108119810276
    outer loop
      vertex -27.44467667395458 -26.74627555062087 24
      vertex -27.411715500499845 -26.493308134822676 24.096935104378833
      vertex -27.411715500499845 -25.905522882530207 24.096935104378833
    endloop
  endfacet
  facet normal -0.9834994324977285 0.017800410460582165 0.18003336264170744
    outer loop
      vertex -27.44467667395458 -26.74627555062087 24
      vertex -27.411715500499845 -25.905522882530207 24.096935104378833
      vertex -27.43049158176047 -25.962527886277588 24
    endloop
  endfacet
  facet normal -0.2799809633056538 -0.8616928014882815 -0.42319756148838455
    outer loop
      vertex -27.24242242536084 -27.187114489840223 23.56698729810778
      vertex -26.962913928173368 -27.277932305840892 23.56698729810778
      vertex -26.88565967957963 -27.51569643491468 24
    endloop
  endfacet
  facet normal -0.2799809633056558 -0.8616928014882818 -0.42319756148838306
    outer loop
      vertex -27.44467667395458 -27.33406080291334 24
      vertex -27.24242242536084 -27.187114489840223 23.56698729810778
      vertex -26.88565967957963 -27.51569643491468 24
    endloop
  endfacet
  facet normal -0.2799809633056558 -0.8616928014882818 0.42319756148838306
    outer loop
      vertex -27.44467667395458 -27.33406080291334 24
      vertex -26.88565967957963 -27.51569643491468 24
      vertex -27.24242242536084 -27.187114489840223 24.43301270189222
    endloop
  endfacet
  facet normal -0.2799809633056538 -0.8616928014882815 0.42319756148838455
    outer loop
      vertex -27.24242242536084 -27.187114489840223 24.43301270189222
      vertex -26.88565967957963 -27.51569643491468 24
      vertex -26.962913928173368 -27.277932305840892 24.43301270189222
    endloop
  endfacet
  facet normal -0.8184717423867081 0.0148135651973596 -0.5743557827693649
    outer loop
      vertex -27.24242242536084 -26.893221863693984 23.56698729810778
      vertex -27.22823733316673 -26.109474199350704 23.56698729810778
      vertex -26.909690604468704 -26.38053412294999 23.10605895393196
    endloop
  endfacet
  facet normal -0.2296282626701259 -0.7067231236900029 -0.6691885290595951
    outer loop
      vertex -27.24242242536084 -27.187114489840223 23.56698729810778
      vertex -23.35150264118619 -23.296194705665574 18.122679788461973
      vertex -26.962913928173368 -27.277932305840892 23.56698729810778
    endloop
  endfacet
  facet normal -0.8135829873624577 0 -0.5814488134602899
    outer loop
      vertex -27.24242242536084 -27.187114489840223 23.56698729810778
      vertex -27.24242242536084 -26.893221863693984 23.56698729810778
      vertex -23.35150264118619 -23.002302079519335 18.122679788461973
    endloop
  endfacet
  facet normal -0.8184717423867028 0.014813565197349289 -0.5743557827693726
    outer loop
      vertex -27.24242242536084 -26.893221863693984 23.56698729810778
      vertex -26.909690604468704 -26.38053412294999 23.10605895393196
      vertex -23.35150264118619 -23.002302079519335 18.122679788461973
    endloop
  endfacet
  facet normal -0.22905015375763899 -0.7049438874073476 0.6712601155071098
    outer loop
      vertex -27.24242242536084 -27.187114489840223 24.43301270189222
      vertex -26.962913928173368 -27.277932305840892 24.43301270189222
      vertex -23.228515451222304 -23.173207515701687 30.017979109145216
    endloop
  endfacet
  facet normal -0.7983054302704734 -0.038001686743713625 0.6010526697430991
    outer loop
      vertex -27.24242242536084 -27.187114489840223 24.43301270189222
      vertex -23.228515451222304 -23.173207515701687 30.017979109145216
      vertex -27.209461251906106 -26.34636182174956 24.529947806271053
    endloop
  endfacet
  facet normal 0.04580834026801033 -0.8279269881616083 -0.5589619828177389
    outer loop
      vertex -26.962913928173368 -27.277932305840892 23.56698729810778
      vertex -23.07199414399872 -23.387012521666243 18.122679788461973
      vertex -23.32107502093307 -26.765244565096896 23.10605895393196
    endloop
  endfacet
  facet normal -0.8135829873624569 0 -0.581448813460291
    outer loop
      vertex -27.24242242536084 -27.187114489840223 23.56698729810778
      vertex -23.35150264118619 -23.002302079519335 18.122679788461973
      vertex -23.35150264118619 -23.296194705665574 18.122679788461973
    endloop
  endfacet
  facet normal -0.2296282626701252 -0.7067231236900027 -0.6691885290595955
    outer loop
      vertex -26.962913928173368 -27.277932305840892 23.56698729810778
      vertex -23.35150264118619 -23.296194705665574 18.122679788461973
      vertex -23.07199414399872 -23.387012521666243 18.122679788461973
    endloop
  endfacet
  facet normal -0.22905015375763882 -0.7049438874073476 0.6712601155071101
    outer loop
      vertex -26.962913928173368 -27.277932305840892 24.43301270189222
      vertex -22.949006954034832 -23.264025331702356 30.017979109145216
      vertex -23.228515451222304 -23.173207515701687 30.017979109145216
    endloop
  endfacet
  facet normal -0.7983054302704861 -0.038001686743680076 0.6010526697430842
    outer loop
      vertex -27.209461251906106 -26.34636182174956 24.529947806271053
      vertex -23.228515451222304 -23.173207515701687 30.017979109145216
      vertex -23.229746690089367 -23.117899169436107 30.019840686061656
    endloop
  endfacet
  facet normal -0.23738481469156789 -0.7305953361516384 -0.6402178570981323
    outer loop
      vertex -26.81452437909796 -26.759216443577344 35.43986077715077
      vertex -23.228515451222304 -23.173207515701687 30.017979109145216
      vertex -26.53501588191049 -26.850034259578013 35.43986077715077
    endloop
  endfacet
  facet normal -0.8340738445451823 0 -0.5516528091522956
    outer loop
      vertex -26.81452437909796 -26.759216443577344 35.43986077715077
      vertex -26.81452437909796 -26.465323817431106 35.43986077715077
      vertex -23.229746690089367 -23.117899169436107 30.019840686061656
    endloop
  endfacet
  facet normal -0.2799809633056554 -0.8616928014882804 -0.42319756148838594
    outer loop
      vertex -27.100859555132764 -26.990243684091524 36
      vertex -26.898605306539025 -26.84329737101841 35.56698729810778
      vertex -26.541842560757814 -27.171879316092866 36
    endloop
  endfacet
  facet normal -0.2799809633056554 -0.8616928014882804 0.42319756148838594
    outer loop
      vertex -27.100859555132764 -26.990243684091524 36
      vertex -26.541842560757814 -27.171879316092866 36
      vertex -26.898605306539025 -26.84329737101841 36.43301270189222
    endloop
  endfacet
  facet normal -0.23738481469156952 -0.7305953361516436 -0.6402178570981255
    outer loop
      vertex -26.898605306539025 -26.84329737101841 35.56698729810778
      vertex -26.81452437909796 -26.759216443577344 35.43986077715077
      vertex -26.53501588191049 -26.850034259578013 35.43986077715077
    endloop
  endfacet
  facet normal -0.9060374296629682 0 -0.4231975614883927
    outer loop
      vertex -26.898605306539025 -26.84329737101841 35.56698729810778
      vertex -27.100859555132764 -26.402458431799054 36
      vertex -26.898605306539025 -26.54940474487217 35.56698729810778
    endloop
  endfacet
  facet normal -0.9060374296629683 0 -0.4231975614883927
    outer loop
      vertex -27.100859555132764 -26.990243684091524 36
      vertex -27.100859555132764 -26.402458431799054 36
      vertex -26.898605306539025 -26.84329737101841 35.56698729810778
    endloop
  endfacet
  facet normal -0.834073844545187 0 -0.5516528091522888
    outer loop
      vertex -26.898605306539025 -26.84329737101841 35.56698729810778
      vertex -26.81452437909796 -26.465323817431106 35.43986077715077
      vertex -26.81452437909796 -26.759216443577344 35.43986077715077
    endloop
  endfacet
  facet normal -0.834073844545187 0 -0.5516528091522888
    outer loop
      vertex -26.898605306539025 -26.84329737101841 35.56698729810778
      vertex -26.898605306539025 -26.54940474487217 35.56698729810778
      vertex -26.81452437909796 -26.465323817431106 35.43986077715077
    endloop
  endfacet
  facet normal -0.2799809633056535 -0.8616928014882803 -0.4231975614883875
    outer loop
      vertex -26.898605306539025 -26.84329737101841 35.56698729810778
      vertex -26.619096809351554 -26.934115187019078 35.56698729810778
      vertex -26.541842560757814 -27.171879316092866 36
    endloop
  endfacet
  facet normal -0.23738481469156958 -0.7305953361516436 -0.6402178570981257
    outer loop
      vertex -26.898605306539025 -26.84329737101841 35.56698729810778
      vertex -26.53501588191049 -26.850034259578013 35.43986077715077
      vertex -26.619096809351554 -26.934115187019078 35.56698729810778
    endloop
  endfacet
  facet normal -0.2799809633056535 -0.8616928014882803 0.4231975614883875
    outer loop
      vertex -26.898605306539025 -26.84329737101841 36.43301270189222
      vertex -26.541842560757814 -27.171879316092866 36
      vertex -26.619096809351554 -26.934115187019078 36.43301270189222
    endloop
  endfacet
  facet normal -0.022032556804890448 -0.8271047853848619 -0.5616157409066282
    outer loop
      vertex -26.619096809351554 -26.934115187019078 35.56698729810778
      vertex -26.53501588191049 -26.850034259578013 35.43986077715077
      vertex -25.57384083705333 -26.87791308337294 35.4432110479131
    endloop
  endfacet
  facet normal -0.022032556804890285 -0.8271047853848572 -0.5616157409066349
    outer loop
      vertex -26.53501588191049 -26.850034259578013 35.43986077715077
      vertex -22.949006954034832 -23.264025331702356 30.017979109145216
      vertex -25.57384083705333 -26.87791308337294 35.4432110479131
    endloop
  endfacet
  facet normal -0.2077298081628754 -0.6393266107634566 0.7403443871404217
    outer loop
      vertex -26.898605306539025 -26.84329737101841 36.43301270189222
      vertex -26.619096809351554 -26.934115187019078 36.43301270189222
      vertex -21.75405631573472 -22.069074693402243 41.999292192943514
    endloop
  endfacet
  facet normal -0.834073844545192 3.8665359241387603e-14 -0.551652809152281
    outer loop
      vertex -26.81452437909796 -26.759216443577344 35.43986077715077
      vertex -23.229746690089367 -23.117899169436107 30.019840686061656
      vertex -23.228515451222304 -23.173207515701687 30.017979109145216
    endloop
  endfacet
  facet normal -0.8340738445451821 0 -0.551652809152296
    outer loop
      vertex -26.81452437909796 -26.465323817431106 35.43986077715077
      vertex -23.234915427861793 -22.885714866194938 30.027655581433834
      vertex -23.229746690089367 -23.117899169436107 30.019840686061656
    endloop
  endfacet
  facet normal -0.23738481469156825 -0.7305953361516379 -0.6402178570981327
    outer loop
      vertex -26.53501588191049 -26.850034259578013 35.43986077715077
      vertex -23.228515451222304 -23.173207515701687 30.017979109145216
      vertex -22.949006954034832 -23.264025331702356 30.017979109145216
    endloop
  endfacet
  facet normal -0.20772980816287456 -0.6393266107634573 0.7403443871404213
    outer loop
      vertex -26.898605306539025 -26.84329737101841 36.43301270189222
      vertex -21.75405631573472 -22.069074693402243 41.999292192943514
      vertex -22.03356481292219 -21.978256877401574 41.999292192943514
    endloop
  endfacet
  facet normal -0.733431125877432 -0.042771582126742765 0.6784168153550867
    outer loop
      vertex -26.898605306539025 -26.84329737101841 36.43301270189222
      vertex -22.03356481292219 -21.978256877401574 41.999292192943514
      vertex -22.041675323186567 -21.692474761519712 42.0085414515455
    endloop
  endfacet
  facet normal -0.5625072315968084 0.03534380037248871 -0.8260365792000524
    outer loop
      vertex -27.7325395407582 -27.383338979091345 9.71614695386435
      vertex -21.742102333156776 -17.027888102155003 6.079911783686245
      vertex -21.646311576667898 -21.297111015001043 5.832012888190946
    endloop
  endfacet
  facet normal -0.6260570361838912 0.016867232332304645 0.7795948203509885
    outer loop
      vertex -29.89362811034352 -25.952681215706964 12.932831362604361
      vertex -23.34708166187438 -22.794610488997836 18.12173648164847
      vertex -23.30518922364881 -20.826560762403155 18.112797868815143
    endloop
  endfacet
  facet normal -0.6260570361838919 0.016867232332306553 0.7795948203509878
    outer loop
      vertex -29.89362811034352 -25.952681215706964 12.932831362604361
      vertex -23.30518922364881 -20.826560762403155 18.112797868815143
      vertex -23.25051491887329 -18.25803634313132 18.101131982010266
    endloop
  endfacet
  facet normal -0.8184717423867053 0.014813565197357308 -0.5743557827693687
    outer loop
      vertex -26.909690604468704 -26.38053412294999 23.10605895393196
      vertex -23.25051491887329 -18.25803634313132 18.101131982010266
      vertex -23.30518922364881 -20.826560762403155 18.112797868815143
    endloop
  endfacet
  facet normal -0.733431125877443 -0.04277158212672091 0.6784168153550763
    outer loop
      vertex -26.898605306539025 -26.84329737101841 36.43301270189222
      vertex -22.041675323186567 -21.692474761519712 42.0085414515455
      vertex -22.08844164487899 -19.847726113757705 42.07428708359553
    endloop
  endfacet
  facet normal -0.733431125877439 -0.042771582126727076 0.67841681535508
    outer loop
      vertex -26.898605306539025 -26.84329737101841 36.43301270189222
      vertex -22.08844164487899 -19.847726113757705 42.07428708359553
      vertex -22.140531158600066 -17.792998341248737 42.14751623395065
    endloop
  endfacet
  facet normal -0.7334311258774403 -0.04277158212672599 0.6784168153550787
    outer loop
      vertex -26.898605306539025 -26.84329737101841 36.43301270189222
      vertex -22.140531158600066 -17.792998341248737 42.14751623395065
      vertex -22.175582076259076 -17.191958287936757 42.14751623395065
    endloop
  endfacet
  facet normal -0.8184717423867085 0.014813565197358013 -0.5743557827693643
    outer loop
      vertex -27.22823733316673 -26.109474199350704 23.56698729810778
      vertex -24.46994120973566 -0.35849407929783766 20.300503930929377
      vertex -26.909690604468704 -26.38053412294999 23.10605895393196
    endloop
  endfacet
  facet normal -0.918273971524115 0 0.39594559376425564
    outer loop
      vertex -27.100859555132764 -26.990243684091524 36
      vertex -25.64148414095471 1.6689569623981853 39.38457222059611
      vertex -27.100859555132764 -26.402458431799054 36
    endloop
  endfacet
  facet normal -0.9055090741116085 -0.0039995377670699085 0.4243080489446168
    outer loop
      vertex -27.100859555132764 -26.990243684091524 36
      vertex -26.898605306539025 -26.84329737101841 36.43301270189222
      vertex -25.64148414095471 1.6689569623981853 39.38457222059611
    endloop
  endfacet
  facet normal -0.8380603026726718 0.013421525197493402 -0.5454124968732958
    outer loop
      vertex -26.81452437909796 -26.465323817431106 35.43986077715077
      vertex -24.481576807781504 -1.705661931788542 32.46442781373194
      vertex -23.234915427861793 -22.885714866194938 30.027655581433834
    endloop
  endfacet
  facet normal -0.009874187736376865 -0.530905948878085 -0.8473732199346444
    outer loop
      vertex -27.45303104357073 -27.768049421238253 9.71614695386435
      vertex -21.354502228831304 -21.66952060649883 5.824162680587008
      vertex -13.185251795014398 -27.84130404064353 9.595785092931061
    endloop
  endfacet
  facet normal 0.045808340268009916 -0.8279269881616081 -0.558961982817739
    outer loop
      vertex -23.32107502093307 -26.765244565096896 23.10605895393196
      vertex -23.07199414399872 -23.387012521666243 18.122679788461973
      vertex -19.91723375053701 -23.194731403361423 18.096416124667314
    endloop
  endfacet
  facet normal -0.009874187736376844 -0.5309059488780848 -0.8473732199346444
    outer loop
      vertex -21.354502228831304 -21.66952060649883 5.824162680587008
      vertex -16.599178693595206 -21.695445724502328 5.784993212895702
      vertex -13.185251795014398 -27.84130404064353 9.595785092931061
    endloop
  endfacet
  facet normal -0.8166877229766056 -0.0516987207817188 0.5747594326401447
    outer loop
      vertex -25.202254248593736 -25.14694631307312 0.4330127018922193
      vertex -21.634010726018776 -21.57870279049816 5.824162680587008
      vertex -21.646311576667898 -21.297111015001043 5.832012888190946
    endloop
  endfacet
  facet normal -0.2373149532156194 -0.7303803246372284 0.6404890275118579
    outer loop
      vertex -24.922745751406264 -25.23776412907379 0.4330127018922193
      vertex -21.354502228831304 -21.66952060649883 5.824162680587008
      vertex -21.634010726018776 -21.57870279049816 5.824162680587008
    endloop
  endfacet
  facet normal -0.8166877229766091 -0.051698720781709465 0.5747594326401406
    outer loop
      vertex -25.202254248593736 -25.14694631307312 0.4330127018922193
      vertex -21.646311576667898 -21.297111015001043 5.832012888190946
      vertex -21.742102333156776 -17.027888102155003 6.079911783686245
    endloop
  endfacet
  facet normal -3.448008317544578e-16 -0.8338915747108917 0.5519282939170534
    outer loop
      vertex -24.922745751406264 -25.23776412907379 0.4330127018922193
      vertex -16.599178693595206 -21.695445724502328 5.784993212895702
      vertex -21.354502228831304 -21.66952060649883 5.824162680587008
    endloop
  endfacet
  facet normal -0.9060374296629683 0 -0.4231975614883927
    outer loop
      vertex -31.09463415151959 -30.98401828047835 60
      vertex -31.09463415151959 -30.39623302818588 60
      vertex -30.89237990292585 -30.837071967405233 59.56698729810778
    endloop
  endfacet
  facet normal -0.9060374296629683 0 0.4231975614883927
    outer loop
      vertex -31.09463415151959 -30.98401828047835 60
      vertex -30.89237990292585 -30.837071967405233 60.43301270189222
      vertex -31.09463415151959 -30.39623302818588 60
    endloop
  endfacet
  facet normal -0.2799809633056554 -0.8616928014882804 -0.42319756148838594
    outer loop
      vertex -31.09463415151959 -30.98401828047835 60
      vertex -30.89237990292585 -30.837071967405233 59.56698729810778
      vertex -30.53561715714464 -31.16565391247969 60
    endloop
  endfacet
  facet normal -0.2799809633056535 -0.8616928014882803 -0.4231975614883875
    outer loop
      vertex -30.89237990292585 -30.837071967405233 59.56698729810778
      vertex -30.612871405738378 -30.927889783405902 59.56698729810778
      vertex -30.53561715714464 -31.16565391247969 60
    endloop
  endfacet
  facet normal -0.2799809633056554 -0.8616928014882804 0.42319756148838594
    outer loop
      vertex -31.09463415151959 -30.98401828047835 60
      vertex -30.53561715714464 -31.16565391247969 60
      vertex -30.89237990292585 -30.837071967405233 60.43301270189222
    endloop
  endfacet
  facet normal -0.2799809633056535 -0.8616928014882803 0.4231975614883875
    outer loop
      vertex -30.89237990292585 -30.837071967405233 60.43301270189222
      vertex -30.53561715714464 -31.16565391247969 60
      vertex -30.612871405738378 -30.927889783405902 60.43301270189222
    endloop
  endfacet
  facet normal -0.9060374296629682 0 -0.4231975614883927
    outer loop
      vertex -30.89237990292585 -30.837071967405233 59.56698729810778
      vertex -31.09463415151959 -30.39623302818588 60
      vertex -30.89237990292585 -30.543179341258995 59.56698729810778
    endloop
  endfacet
  facet normal -0.9060374296629682 0 0.4231975614883927
    outer loop
      vertex -30.89237990292585 -30.837071967405233 60.43301270189222
      vertex -30.89237990292585 -30.543179341258995 60.43301270189222
      vertex -31.09463415151959 -30.39623302818588 60
    endloop
  endfacet
  facet normal -0.897852561447712 0.05242211478149065 -0.4371643853101699
    outer loop
      vertex -30.89237990292585 -30.543179341258995 59.56698729810778
      vertex -31.09463415151959 -30.39623302818588 60
      vertex -30.886118971817247 -26.82491796436513 60
    endloop
  endfacet
  facet normal -0.897852561447712 0.05242211478149065 0.4371643853101699
    outer loop
      vertex -30.89237990292585 -30.543179341258995 60.43301270189222
      vertex -30.683864723223508 -26.971864277438247 60.43301270189222
      vertex -31.09463415151959 -30.39623302818588 60
    endloop
  endfacet
  facet normal -0.5567394591335314 0 -0.8306871701451172
    outer loop
      vertex -30.89237990292585 -30.837071967405233 59.56698729810778
      vertex -30.89237990292585 -30.543179341258995 59.56698729810778
      vertex -28.150368223847465 -27.80116766218061 57.72924843080201
    endloop
  endfacet
  facet normal -0.14511226035172164 -0.446609614726784 -0.8828829389727768
    outer loop
      vertex -30.89237990292585 -30.837071967405233 59.56698729810778
      vertex -28.150368223847465 -28.09506028832685 57.72924843080201
      vertex -30.612871405738378 -30.927889783405902 59.56698729810778
    endloop
  endfacet
  facet normal -0.8978525614477121 0.052422114781490656 0.4371643853101699
    outer loop
      vertex -31.09463415151959 -30.39623302818588 60
      vertex -30.683864723223508 -26.971864277438247 60.43301270189222
      vertex -30.886118971817247 -26.82491796436513 60
    endloop
  endfacet
  facet normal -0.897852561447712 0.05242211478149065 -0.4371643853101699
    outer loop
      vertex -30.89237990292585 -30.543179341258995 59.56698729810778
      vertex -30.886118971817247 -26.82491796436513 60
      vertex -30.683864723223508 -26.971864277438247 59.56698729810778
    endloop
  endfacet
  facet normal -0.6410894680445693 0.037430717605625906 0.7665528261912932
    outer loop
      vertex -30.89237990292585 -30.543179341258995 60.43301270189222
      vertex -30.14403867818372 -26.77252439447974 60.87475049949066
      vertex -30.683864723223508 -26.971864277438247 60.43301270189222
    endloop
  endfacet
  facet normal -0.5795499121772082 0.033837662576547356 -0.8142339417432473
    outer loop
      vertex -30.89237990292585 -30.543179341258995 59.56698729810778
      vertex -30.683864723223508 -26.971864277438247 59.56698729810778
      vertex -28.150368223847465 -27.80116766218061 57.72924843080201
    endloop
  endfacet
  facet normal -0.5567394591335305 0 -0.8306871701451177
    outer loop
      vertex -30.89237990292585 -30.837071967405233 59.56698729810778
      vertex -28.150368223847465 -27.80116766218061 57.72924843080201
      vertex -28.150368223847465 -28.09506028832685 57.72924843080201
    endloop
  endfacet
  facet normal -0.14511226035172156 -0.4466096147267843 -0.8828829389727766
    outer loop
      vertex -30.612871405738378 -30.927889783405902 59.56698729810778
      vertex -28.150368223847465 -28.09506028832685 57.72924843080201
      vertex -27.870859726659994 -28.185878104327518 57.72924843080201
    endloop
  endfacet
  facet normal 0.016536742280397206 -0.5680218245432156 -0.8228473388164711
    outer loop
      vertex -30.612871405738378 -30.927889783405902 59.56698729810778
      vertex -27.870859726659994 -28.185878104327518 57.72924843080201
      vertex -16.427698003311015 -28.106749419256076 57.904597841825776
    endloop
  endfacet
  facet normal -0.9060374296629675 -5.48365393890046e-15 -0.42319756148839427
    outer loop
      vertex -26.915777565593228 -26.86046963007261 47.56698729810778
      vertex -27.118031814186967 -27.007415943145727 48
      vertex -26.98319564845781 -26.713523316999492 47.71132486540519
    endloop
  endfacet
  facet normal -0.2799809633056554 -0.8616928014882804 -0.42319756148838594
    outer loop
      vertex -26.915777565593228 -26.86046963007261 47.56698729810778
      vertex -26.559014819812017 -27.18905157514707 48
      vertex -27.118031814186967 -27.007415943145727 48
    endloop
  endfacet
  facet normal -0.9060374296629695 0 -0.4231975614883896
    outer loop
      vertex -26.98319564845781 -26.713523316999492 47.71132486540519
      vertex -27.118031814186967 -27.007415943145727 48
      vertex -27.118031814186967 -26.419630690853257 48
    endloop
  endfacet
  facet normal -0.9060374296629675 5.48365393890046e-15 -0.42319756148839427
    outer loop
      vertex -26.98319564845781 -26.713523316999492 47.71132486540519
      vertex -27.118031814186967 -26.419630690853257 48
      vertex -26.915777565593228 -26.566577003926373 47.56698729810778
    endloop
  endfacet
  facet normal -0.9060374296629653 0 -0.4231975614883988
    outer loop
      vertex -26.915777565593228 -26.86046963007261 47.56698729810778
      vertex -26.98319564845781 -26.713523316999492 47.71132486540519
      vertex -26.915777565593228 -26.566577003926373 47.56698729810778
    endloop
  endfacet
  facet normal -0.2799809633056535 -0.8616928014882803 -0.4231975614883875
    outer loop
      vertex -26.915777565593228 -26.86046963007261 47.56698729810778
      vertex -26.636269068405756 -26.95128744607328 47.56698729810778
      vertex -26.559014819812017 -27.18905157514707 48
    endloop
  endfacet
  facet normal -0.9060374296629682 0 0.4231975614883927
    outer loop
      vertex -27.118031814186967 -27.007415943145727 48
      vertex -26.915777565593228 -26.86046963007261 48.43301270189222
      vertex -26.915777565593228 -26.566577003926373 48.43301270189222
    endloop
  endfacet
  facet normal -0.2799809633056554 -0.8616928014882804 0.42319756148838594
    outer loop
      vertex -27.118031814186967 -27.007415943145727 48
      vertex -26.559014819812017 -27.18905157514707 48
      vertex -26.915777565593228 -26.86046963007261 48.43301270189222
    endloop
  endfacet
  facet normal -0.9060374296629683 0 0.4231975614883927
    outer loop
      vertex -27.118031814186967 -27.007415943145727 48
      vertex -26.915777565593228 -26.566577003926373 48.43301270189222
      vertex -27.118031814186967 -26.419630690853257 48
    endloop
  endfacet
  facet normal -0.2799809633056535 -0.8616928014882803 0.4231975614883875
    outer loop
      vertex -26.915777565593228 -26.86046963007261 48.43301270189222
      vertex -26.559014819812017 -27.18905157514707 48
      vertex -26.636269068405756 -26.95128744607328 48.43301270189222
    endloop
  endfacet
  facet normal -0.21365160603552072 -0.6575520305865766 0.7224806698520815
    outer loop
      vertex -26.915777565593228 -26.86046963007261 48.43301270189222
      vertex -26.636269068405756 -26.95128744607328 48.43301270189222
      vertex -22.401653918157844 -22.346345982637228 53.876370707045055
    endloop
  endfacet
  facet normal -0.7518749389003921 0 -0.6593057532386103
    outer loop
      vertex -26.915777565593228 -26.86046963007261 47.56698729810778
      vertex -26.915777565593228 -26.566577003926373 47.56698729810778
      vertex -22.03356481292219 -21.978256877401574 41.999292192943514
    endloop
  endfacet
  facet normal -0.7518749389003916 -1.635173156519187e-15 -0.6593057532386111
    outer loop
      vertex -26.915777565593228 -26.566577003926373 47.56698729810778
      vertex -22.041675323186567 -21.692474761519712 42.0085414515455
      vertex -22.03356481292219 -21.978256877401574 41.999292192943514
    endloop
  endfacet
  facet normal -0.20735736294958582 -0.6381803422620158 -0.7414369661548649
    outer loop
      vertex -26.636269068405756 -26.95128744607328 47.56698729810778
      vertex -22.03356481292219 -21.978256877401574 41.999292192943514
      vertex -21.75405631573472 -22.069074693402243 41.999292192943514
    endloop
  endfacet
  facet normal -0.20735736294958587 -0.6381803422620158 -0.7414369661548648
    outer loop
      vertex -26.915777565593228 -26.86046963007261 47.56698729810778
      vertex -22.03356481292219 -21.978256877401574 41.999292192943514
      vertex -26.636269068405756 -26.95128744607328 47.56698729810778
    endloop
  endfacet
  facet normal -0.5567394591335304 0 -0.830687170145118
    outer loop
      vertex -28.150368223847465 -28.09506028832685 57.72924843080201
      vertex -28.150368223847465 -27.80116766218061 57.72924843080201
      vertex -22.401653918157844 -22.346345982637228 53.876370707045055
    endloop
  endfacet
  facet normal -0.14511226035172128 -0.44660961472678284 -0.8828829389727773
    outer loop
      vertex -28.150368223847465 -28.09506028832685 57.72924843080201
      vertex -22.122145420970373 -22.437163798637897 53.876370707045055
      vertex -27.870859726659994 -28.185878104327518 57.72924843080201
    endloop
  endfacet
  facet normal -0.5567394591335447 2.4460985727650547e-14 -0.8306871701451083
    outer loop
      vertex -28.150368223847465 -27.80116766218061 57.72924843080201
      vertex -22.403078339276554 -22.0538777776097 53.87732537622946
      vertex -22.401653918157844 -22.346345982637228 53.876370707045055
    endloop
  endfacet
  facet normal -0.14511226035172067 -0.44660961472678296 -0.8828829389727774
    outer loop
      vertex -28.150368223847465 -28.09506028832685 57.72924843080201
      vertex -22.401653918157844 -22.346345982637228 53.876370707045055
      vertex -22.122145420970373 -22.437163798637897 53.876370707045055
    endloop
  endfacet
  facet normal -0.21365160603552136 -0.6575520305865761 0.7224806698520817
    outer loop
      vertex -26.636269068405756 -26.95128744607328 48.43301270189222
      vertex -22.122145420970373 -22.437163798637897 53.876370707045055
      vertex -22.401653918157844 -22.346345982637228 53.876370707045055
    endloop
  endfacet
  facet normal -0.18672410486792132 -0.5746777035457884 0.7967933519480522
    outer loop
      vertex -30.89237990292585 -30.837071967405233 60.43301270189222
      vertex -30.612871405738378 -30.927889783405902 60.43301270189222
      vertex -24.802759467529942 -24.747451532009325 66.25214761400908
    endloop
  endfacet
  facet normal -0.6908679660843323 0 0.7229809495681736
    outer loop
      vertex -30.89237990292585 -30.837071967405233 60.43301270189222
      vertex -24.802759467529942 -24.747451532009325 66.25214761400908
      vertex -30.89237990292585 -30.543179341258995 60.43301270189222
    endloop
  endfacet
  facet normal -0.7214244392478498 0.062380382129760326 0.6896777989621463
    outer loop
      vertex -30.89237990292585 -30.543179341258995 60.43301270189222
      vertex -24.856621968516603 -24.507421406849748 66.20067754895814
      vertex -30.14403867818372 -26.77252439447974 60.87475049949066
    endloop
  endfacet
  facet normal -0.6908679660843158 -3.230999723403452e-14 0.7229809495681893
    outer loop
      vertex -30.89237990292585 -30.543179341258995 60.43301270189222
      vertex -24.84040084220267 -24.72978497116143 66.21617817390654
      vertex -24.845773732967114 -24.656131938818483 66.21104393334787
    endloop
  endfacet
  facet normal -0.6908679660843252 -1.577043053706703e-14 0.7229809495681803
    outer loop
      vertex -30.89237990292585 -30.543179341258995 60.43301270189222
      vertex -24.802759467529942 -24.747451532009325 66.25214761400908
      vertex -24.84040084220267 -24.72978497116143 66.21617817390654
    endloop
  endfacet
  facet normal -0.6908679660843119 -3.7338993812162796e-14 0.7229809495681931
    outer loop
      vertex -30.89237990292585 -30.543179341258995 60.43301270189222
      vertex -24.845773732967114 -24.656131938818483 66.21104393334787
      vertex -24.856621968516603 -24.507421406849748 66.20067754895814
    endloop
  endfacet
  facet normal -0.186724104867922 -0.5746777035457883 0.7967933519480519
    outer loop
      vertex -30.612871405738378 -30.927889783405902 60.43301270189222
      vertex -24.52325097034247 -24.838269348009995 66.25214761400908
      vertex -24.802759467529942 -24.747451532009325 66.25214761400908
    endloop
  endfacet
  facet normal 0.04403940155214764 -0.712866524261602 0.69991560183933
    outer loop
      vertex -30.612871405738378 -30.927889783405902 60.43301270189222
      vertex -24.27585487196831 -24.90589162730336 66.16770766844145
      vertex -24.52325097034247 -24.838269348009995 66.25214761400908
    endloop
  endfacet
  facet normal 0.04403940155214601 -0.7128665242616004 0.6999156018393319
    outer loop
      vertex -30.612871405738378 -30.927889783405902 60.43301270189222
      vertex -21.224574395994733 -24.882050765289314 66
      vertex -24.27585487196831 -24.90589162730336 66.16770766844145
    endloop
  endfacet
  facet normal -0.7214244392478569 0.062380382129805546 0.6896777989621347
    outer loop
      vertex -30.14403867818372 -26.77252439447974 60.87475049949066
      vertex -24.856621968516603 -24.507421406849748 66.20067754895814
      vertex -24.864677721636475 -24.37820766599713 66.18056378028398
    endloop
  endfacet
  facet normal -0.7214244392478515 0.062380382129773454 0.6896777989621432
    outer loop
      vertex -30.14403867818372 -26.77252439447974 60.87475049949066
      vertex -24.864677721636475 -24.37820766599713 66.18056378028398
      vertex -24.898370844759235 -23.837772226266818 66.09643810335265
    endloop
  endfacet
  facet normal -0.7214244392478476 0.06238038212975658 0.6896777989621489
    outer loop
      vertex -30.14403867818372 -26.77252439447974 60.87475049949066
      vertex -24.898370844759235 -23.837772226266818 66.09643810335265
      vertex -24.895727429344397 -21.595523554955975 65.89639497499536
    endloop
  endfacet
  facet normal -0.9892408636402014 -0.08067128369078251 -0.12204367124955637
    outer loop
      vertex -24.84040084220267 -24.72978497116143 66.21617817390654
      vertex -25.500154870858758 -25.389538999817518 72
      vertex -25.49474035907534 -25.38347060795247 71.95210074217977
    endloop
  endfacet
  facet normal 0.0015435826206841034 -0.9935755826190714 -0.11315997073111049
    outer loop
      vertex -24.27585487196831 -24.90589162730336 66.16770766844145
      vertex -24.546518656409553 -25.565106239953813 71.95210074217977
      vertex -24.941137876483808 -25.57117463181886 72
    endloop
  endfacet
  facet normal -0.9892408636400762 -0.08067128369212286 -0.12204367124968522
    outer loop
      vertex -24.84040084220267 -24.72978497116143 66.21617817390654
      vertex -25.49474035907534 -25.38347060795247 71.95210074217977
      vertex -24.845773732967114 -24.656131938818483 66.21104393334787
    endloop
  endfacet
  facet normal -0.3058735050454472 -0.9413818509364669 -0.14227301092844138
    outer loop
      vertex -24.802759467529942 -24.747451532009325 66.25214761400908
      vertex -24.52325097034247 -24.838269348009995 66.25214761400908
      vertex -24.941137876483808 -25.57117463181886 72
    endloop
  endfacet
  facet normal -0.3058735050454619 -0.9413818509364622 -0.14227301092844105
    outer loop
      vertex -24.84040084220267 -24.72978497116143 66.21617817390654
      vertex -24.802759467529942 -24.747451532009325 66.25214761400908
      vertex -24.941137876483808 -25.57117463181886 72
    endloop
  endfacet
  facet normal -0.30587350504544536 -0.9413818509364675 -0.14227301092844133
    outer loop
      vertex -24.52325097034247 -24.838269348009995 66.25214761400908
      vertex -24.27585487196831 -24.90589162730336 66.16770766844145
      vertex -24.941137876483808 -25.57117463181886 72
    endloop
  endfacet
  facet normal -0.3058735050454491 -0.9413818509364663 -0.14227301092844138
    outer loop
      vertex -24.84040084220267 -24.72978497116143 66.21617817390654
      vertex -24.941137876483808 -25.57117463181886 72
      vertex -25.500154870858758 -25.389538999817518 72
    endloop
  endfacet
  facet normal -0.27998096330565625 -0.861692801488283 0.4231975614883802
    outer loop
      vertex -25.500154870858758 -25.389538999817518 72
      vertex -24.941137876483808 -25.57117463181886 72
      vertex -25.29790062226502 -25.242592686744402 72.43301270189222
    endloop
  endfacet
  facet normal -0.2799809633056543 -0.8616928014882829 0.4231975614883818
    outer loop
      vertex -25.29790062226502 -25.242592686744402 72.43301270189222
      vertex -24.941137876483808 -25.57117463181886 72
      vertex -25.018392125077547 -25.33341050274507 72.43301270189222
    endloop
  endfacet
  facet normal -0.2146977399022684 -0.6607716995659476 0.7192257236317311
    outer loop
      vertex -25.29790062226502 -25.242592686744402 72.43301270189222
      vertex -25.018392125077547 -25.33341050274507 72.43301270189222
      vertex -20.548649464589207 -20.86366784225673 77.87375678677503
    endloop
  endfacet
  facet normal -0.5552914502040002 0 -0.8316558214371725
    outer loop
      vertex -20.82815796177668 -20.772850026256062 77.87375678677503
      vertex -25.568902608606443 -25.513594673085827 81.03912267748181
      vertex -25.568902608606443 -25.219702046939588 81.03912267748181
    endloop
  endfacet
  facet normal -0.14468613709976585 -0.4452981422094325 -0.8836150102142764
    outer loop
      vertex -20.548649464589207 -20.86366784225673 77.87375678677503
      vertex -25.28939411141897 -25.604412489086496 81.03912267748181
      vertex -25.568902608606443 -25.513594673085827 81.03912267748181
    endloop
  endfacet
  facet normal -0.5795499121772083 0.033837662576547245 -0.8142339417432473
    outer loop
      vertex -28.150368223847465 -27.80116766218061 57.72924843080201
      vertex -30.683864723223508 -26.971864277438247 59.56698729810778
      vertex -24.34430432629676 -0.45925062811621536 56.15646035465036
    endloop
  endfacet
  facet normal -0.7537395385872674 0.004312628708449104 -0.6571591201557477
    outer loop
      vertex -26.915777565593228 -26.566577003926373 47.56698729810778
      vertex -22.08844164487899 -19.847726113757705 42.07428708359553
      vertex -22.041675323186567 -21.692474761519712 42.0085414515455
    endloop
  endfacet
  facet normal -0.579549912177206 0.033837662576546725 -0.8142339417432489
    outer loop
      vertex -28.150368223847465 -27.80116766218061 57.72924843080201
      vertex -22.33663516673755 -18.147844143049756 53.99235854854919
      vertex -22.403078339276554 -22.0538777776097 53.87732537622946
    endloop
  endfacet
  facet normal -0.5795499121772062 0.03383766257654684 -0.8142339417432488
    outer loop
      vertex -28.150368223847465 -27.80116766218061 57.72924843080201
      vertex -24.34430432629676 -0.45925062811621536 56.15646035465036
      vertex -22.33663516673755 -18.147844143049756 53.99235854854919
    endloop
  endfacet
  facet normal -0.7214244392478437 0.06238038212975071 0.6896777989621534
    outer loop
      vertex -30.14403867818372 -26.77252439447974 60.87475049949066
      vertex -24.895727429344397 -21.595523554955975 65.89639497499536
      vertex -24.88732222019597 -21.389859880463938 65.88658509664559
    endloop
  endfacet
  facet normal -0.9892408636400807 -0.0806712836921102 -0.12204367124965813
    outer loop
      vertex -24.845773732967114 -24.656131938818483 66.21104393334787
      vertex -27.13319720441581 -0.37894052326285993 68.70474615779159
      vertex -24.856621968516603 -24.507421406849748 66.20067754895814
    endloop
  endfacet
  facet normal -0.9892408636400777 -0.0806712836921073 -0.1220436712496834
    outer loop
      vertex -24.845773732967114 -24.656131938818483 66.21104393334787
      vertex -25.49474035907534 -25.38347060795247 71.95210074217977
      vertex -27.13319720441581 -0.37894052326285993 68.70474615779159
    endloop
  endfacet
  facet normal -0.9892408636400781 -0.08067128369210785 -0.12204367124967991
    outer loop
      vertex -24.864677721636475 -24.37820766599713 66.18056378028398
      vertex -27.13319720441581 -0.37894052326285993 68.70474615779159
      vertex -24.898370844759235 -23.837772226266818 66.09643810335265
    endloop
  endfacet
  facet normal -0.9892408636400652 -0.08067128369209484 -0.12204367124979197
    outer loop
      vertex -24.864677721636475 -24.37820766599713 66.18056378028398
      vertex -24.856621968516603 -24.507421406849748 66.20067754895814
      vertex -27.13319720441581 -0.37894052326285993 68.70474615779159
    endloop
  endfacet
  facet normal -0.9892408636400754 -0.08067128369210942 -0.12204367124970093
    outer loop
      vertex -25.500154870858758 -25.389538999817518 72
      vertex -27.13319720441581 -0.37894052326285993 68.70474615779159
      vertex -25.49474035907534 -25.38347060795247 71.95210074217977
    endloop
  endfacet
  facet normal 0.03909421620356585 -0.7680437977451228 -0.6392029153599645
    outer loop
      vertex -26.636269068405756 -26.95128744607328 47.56698729810778
      vertex -21.75405631573472 -22.069074693402243 41.999292192943514
      vertex -18.7928996172304 -22.016833276515612 42.11762770447067
    endloop
  endfacet
  facet normal 0.016536742280397296 -0.5680218245432145 -0.8228473388164717
    outer loop
      vertex -27.870859726659994 -28.185878104327518 57.72924843080201
      vertex -22.122145420970373 -22.437163798637897 53.876370707045055
      vertex -17.946261465291368 -22.480303146743584 53.990072974251845
    endloop
  endfacet
  facet normal -0.1446861370997658 -0.44529814220943187 -0.8836150102142768
    outer loop
      vertex -20.82815796177668 -20.772850026256062 77.87375678677503
      vertex -20.548649464589207 -20.86366784225673 77.87375678677503
      vertex -25.568902608606443 -25.513594673085827 81.03912267748181
    endloop
  endfacet
  facet normal -0.5552914502039891 -1.820247285864553e-14 -0.8316558214371801
    outer loop
      vertex -20.82815796177668 -20.772850026256062 77.87375678677503
      vertex -25.568902608606443 -25.219702046939588 81.03912267748181
      vertex -20.84296427555135 -20.493763713884494 77.88364287094132
    endloop
  endfacet
  facet normal -0.21469773990226892 -0.6607716995659472 0.7192257236317311
    outer loop
      vertex -25.29790062226502 -25.242592686744402 72.43301270189222
      vertex -20.548649464589207 -20.86366784225673 77.87375678677503
      vertex -20.82815796177668 -20.772850026256062 77.87375678677503
    endloop
  endfacet
  facet normal -0.564346669889819 0.01321069447955293 -0.8254321981456983
    outer loop
      vertex -20.84296427555135 -20.493763713884494 77.88364287094132
      vertex -25.568902608606443 -25.219702046939588 81.03912267748181
      vertex -21.034753563216654 -16.10706452408015 78.08497617119056
    endloop
  endfacet
  facet normal 0.004648172698117272 -0.558496217619209 -0.8294940442194902
    outer loop
      vertex -20.548649464589207 -20.86366784225673 77.87375678677503
      vertex -16.06502274953489 -20.870978773187797 77.9038037759384
      vertex -25.28939411141897 -25.604412489086496 81.03912267748181
    endloop
  endfacet
  facet normal -0.8971257781666973 0.05636875871360271 0.43816423997159526
    outer loop
      vertex -30.3797028646724 -26.25688078090325 12.433012701892219
      vertex -27.034726931571363 26.979418996050743 12.433012701892219
      vertex -30.58195711326614 -26.109934467830133 12
    endloop
  endfacet
  facet normal -0.8971257781666973 0.05636875871360271 -0.4381642399715953
    outer loop
      vertex -30.3797028646724 -26.25688078090325 11.566987298107781
      vertex -30.58195711326614 -26.109934467830133 12
      vertex -27.236981180165103 27.12636530912386 12
    endloop
  endfacet
  facet normal -0.729948082276906 0.04586454689487045 0.6819620521102295
    outer loop
      vertex -30.3797028646724 -26.25688078090325 12.433012701892219
      vertex -29.89362811034352 -25.952681215706964 12.932831362604361
      vertex -22.133060818711957 21.566568655663893 18.043617713527926
    endloop
  endfacet
  facet normal -0.5625072315968079 0.035343800372488465 -0.8260365792000526
    outer loop
      vertex -30.3797028646724 -26.25688078090325 11.566987298107781
      vertex -23.7809250161948 -0.21436123460576317 8.187695487408837
      vertex -21.742102333156776 -17.027888102155003 6.079911783686245
    endloop
  endfacet
  facet normal -0.9060374296629691 0 -0.4231975614883908
    outer loop
      vertex -25.404508497187475 -25.293892626146235 0
      vertex -25.404508497187475 24.706107373853765 0
      vertex -25.202254248593736 -25.14694631307312 -0.4330127018922193
    endloop
  endfacet
  facet normal -0.5625072315965962 0.03534380037241549 -0.8260365792002
    outer loop
      vertex -30.3797028646724 -26.25688078090325 11.566987298107781
      vertex -23.95954849279638 1.258690172956038 8.372360714166929
      vertex -23.7809250161948 -0.21436123460576317 8.187695487408837
    endloop
  endfacet
  facet normal -0.9013319894435083 -0.03220792883274794 0.43192973285722286
    outer loop
      vertex -25.404508497187475 -25.293892626146235 0
      vertex -25.202254248593736 -25.14694631307312 0.4330127018922193
      vertex -24.157640982344073 20.073993850194988 5.984879113434351
    endloop
  endfacet
  facet normal 0 0 -1
    outer loop
      vertex -25.202254248593736 -25.14694631307312 -0.4330127018922193
      vertex -25.202254248593736 24.85305368692688 -0.4330127018922193
      vertex -24.922745751406264 -25.23776412907379 -0.4330127018922193
    endloop
  endfacet
  facet normal -0.8166877229766086 -0.05169872078171007 0.5747594326401412
    outer loop
      vertex -25.202254248593736 -25.14694631307312 0.4330127018922193
      vertex -21.742102333156776 -17.027888102155003 6.079911783686245
      vertex -23.806908268846556 15.589972311204601 6.079911783686246
    endloop
  endfacet
  facet normal -0.6260570361838911 0.016867232332305103 0.7795948203509886
    outer loop
      vertex -29.89362811034352 -25.952681215706964 12.932831362604361
      vertex -23.25051491887329 -18.25803634313132 18.101131982010266
      vertex -22.30113087098494 16.980024739532183 18.101131982010266
    endloop
  endfacet
  facet normal -0.8184717423867053 0.014813565197357213 -0.5743557827693689
    outer loop
      vertex -26.909690604468704 -26.38053412294999 23.10605895393196
      vertex -24.46994120973566 -0.35849407929783766 20.300503930929377
      vertex -23.25051491887329 -18.25803634313132 18.101131982010266
    endloop
  endfacet
  facet normal -0.8380603026726762 0.01342152519749237 -0.5454124968732891
    outer loop
      vertex -23.234915427861793 -22.885714866194938 30.027655581433834
      vertex -24.481576807781504 -1.705661931788542 32.46442781373194
      vertex -23.265776017520004 -20.596382168299098 30.131410761090116
    endloop
  endfacet
  facet normal -0.7334311258774411 -0.04277158212672452 0.678416815355078
    outer loop
      vertex -26.898605306539025 -26.84329737101841 36.43301270189222
      vertex -22.175582076259076 -17.191958287936757 42.14751623395065
      vertex -25.43922989236097 1.8159032754713034 39.81758492248833
    endloop
  endfacet
  facet normal -0.9467631060400623 0 0.32193108119809416
    outer loop
      vertex -27.411715500499845 -26.493308134822676 24.096935104378833
      vertex -25.504619045202134 22.151696427887725 29.705491310931105
      vertex -27.411715500499845 -25.905522882530207 24.096935104378833
    endloop
  endfacet
  facet normal -0.9041496459958279 -0.013783867271324714 0.4269934690936919
    outer loop
      vertex -27.411715500499845 -26.493308134822676 24.096935104378833
      vertex -27.209461251906106 -26.34636182174956 24.529947806271053
      vertex -25.304776739136692 22.237120443560414 30.131410761090113
    endloop
  endfacet
  facet normal -0.903776293788958 0.016357496977022042 -0.42769246319960097
    outer loop
      vertex -27.22823733316673 -26.109474199350704 23.56698729810778
      vertex -27.43049158176047 -25.962527886277588 24
      vertex -26.281019912707915 26.2257119771873 23.56698729810778
    endloop
  endfacet
  facet normal -0.9834994324977283 0.01780041046057922 0.18003336264170916
    outer loop
      vertex -27.43049158176047 -25.962527886277588 24
      vertex -27.411715500499845 -25.905522882530207 24.096935104378833
      vertex -26.483274161301654 26.372658290260414 24
    endloop
  endfacet
  facet normal -0.7983054302704726 -0.038001686743715755 0.6010526697431001
    outer loop
      vertex -27.209461251906106 -26.34636182174956 24.529947806271053
      vertex -23.229746690089367 -23.117899169436107 30.019840686061656
      vertex -25.239728279503602 20.870640610545824 30.131410761090116
    endloop
  endfacet
  facet normal -0.7983054302706877 -0.038001686743724866 0.6010526697428139
    outer loop
      vertex -23.229746690089367 -23.117899169436107 30.019840686061656
      vertex -23.234915427861793 -22.885714866194938 30.027655581433834
      vertex -25.239728279503602 20.870640610545824 30.131410761090116
    endloop
  endfacet
  facet normal -0.9040495470060678 0.014478342114795973 -0.42718238981462053
    outer loop
      vertex -27.100859555132764 -26.402458431799054 36
      vertex -26.098407798650644 23.41613611512631 35.56698729810778
      vertex -26.898605306539025 -26.54940474487217 35.56698729810778
    endloop
  endfacet
  facet normal -0.8380603026726763 0.013421525197493442 -0.5454124968732886
    outer loop
      vertex -26.898605306539025 -26.54940474487217 35.56698729810778
      vertex -26.098407798650644 23.41613611512631 35.56698729810778
      vertex -26.81452437909796 -26.465323817431106 35.43986077715077
    endloop
  endfacet
  facet normal -0.8380603026726696 0.013421525197492972 -0.545412496873299
    outer loop
      vertex -26.81452437909796 -26.465323817431106 35.43986077715077
      vertex -24.581952982254425 -0.1460493327777732 32.657041051525525
      vertex -24.481576807781504 -1.705661931788542 32.46442781373194
    endloop
  endfacet
  facet normal -0.9055090741116084 -0.00399953776706988 0.42430804894461704
    outer loop
      vertex -26.898605306539025 -26.84329737101841 36.43301270189222
      vertex -25.43922989236097 1.8159032754713034 39.81758492248833
      vertex -25.64148414095471 1.6689569623981853 39.38457222059611
    endloop
  endfacet
  facet normal -0.7907293340034177 0.0213038343437561 -0.6117951184741222
    outer loop
      vertex -23.25051491887329 -18.25803634313132 18.101131982010266
      vertex -24.46994120973566 -0.35849407929783766 20.300503930929377
      vertex -22.30113087098494 16.980024739532183 18.101131982010266
    endloop
  endfacet
  facet normal -0.7983054302704664 -0.03800168674371542 0.6010526697431083
    outer loop
      vertex -23.234915427861793 -22.885714866194938 30.027655581433834
      vertex -23.265776017520004 -20.596382168299098 30.131410761090116
      vertex -25.239728279503602 20.870640610545824 30.131410761090116
    endloop
  endfacet
  facet normal -0.9182739715241154 0 0.3959455937642546
    outer loop
      vertex -27.100859555132764 -26.402458431799054 36
      vertex -25.64148414095471 1.6689569623981853 39.38457222059611
      vertex -25.64148414095471 2.256742214690658 39.38457222059611
    endloop
  endfacet
  facet normal -0.8184717423867052 0.0148135651973571 -0.5743557827693688
    outer loop
      vertex -27.22823733316673 -26.109474199350704 23.56698729810778
      vertex -26.281019912707915 26.2257119771873 23.56698729810778
      vertex -24.46994120973566 -0.35849407929783766 20.300503930929377
    endloop
  endfacet
  facet normal -0.838060302672672 0.013421525197493398 -0.5454124968732955
    outer loop
      vertex -26.81452437909796 -26.465323817431106 35.43986077715077
      vertex -26.098407798650644 23.41613611512631 35.56698729810778
      vertex -24.581952982254425 -0.1460493327777732 32.657041051525525
    endloop
  endfacet
  facet normal -0.9898198538340806 -0.047118336656396025 -0.13430010910871973
    outer loop
      vertex -23.265776017520004 -20.596382168299098 30.131410761090116
      vertex -24.481576807781504 -1.705661931788542 32.46442781373194
      vertex -25.239728279503602 20.870640610545824 30.131410761090116
    endloop
  endfacet
  facet normal -0.9061934805749363 -0.057364696944013506 -0.4189542544335885
    outer loop
      vertex -21.742102333156776 -17.027888102155003 6.079911783686245
      vertex -23.7809250161948 -0.21436123460576317 8.187695487408837
      vertex -23.806908268846556 15.589972311204601 6.079911783686246
    endloop
  endfacet
  facet normal -0.8978525614477121 0.05242211478148999 -0.43716438531016977
    outer loop
      vertex -30.886118971817247 -26.82491796436513 60
      vertex -27.70857887728285 27.59796300624161 60
      vertex -30.683864723223508 -26.971864277438247 59.56698729810778
    endloop
  endfacet
  facet normal -0.8978525614477121 0.05242211478148999 0.43716438531016977
    outer loop
      vertex -30.886118971817247 -26.82491796436513 60
      vertex -30.683864723223508 -26.971864277438247 60.43301270189222
      vertex -27.70857887728285 27.59796300624161 60
    endloop
  endfacet
  facet normal -0.6410894680445692 0.03743071760562543 0.7665528261912933
    outer loop
      vertex -30.683864723223508 -26.971864277438247 60.43301270189222
      vertex -30.14403867818372 -26.77252439447974 60.87475049949066
      vertex -27.50632462868911 27.451016693168494 60.43301270189222
    endloop
  endfacet
  facet normal -0.7908685425550541 0 0.6119860687931096
    outer loop
      vertex -26.915777565593228 -26.86046963007261 48.43301270189222
      vertex -22.613871462759374 18.34086256773869 53.99235854854919
      vertex -26.915777565593228 -26.566577003926373 48.43301270189222
    endloop
  endfacet
  facet normal -0.9053500859003611 0.005180090166115191 -0.42463441761835474
    outer loop
      vertex -26.915777565593228 -26.566577003926373 47.56698729810778
      vertex -27.118031814186967 -26.419630690853257 48
      vertex -26.814080417354678 26.703464546313437 48
    endloop
  endfacet
  facet normal -0.9053500859003611 0.005180090166115191 0.42463441761835474
    outer loop
      vertex -27.118031814186967 -26.419630690853257 48
      vertex -26.915777565593228 -26.566577003926373 48.43301270189222
      vertex -26.814080417354678 26.703464546313437 48
    endloop
  endfacet
  facet normal -0.5795499121771642 0.033837662576533686 -0.8142339417432792
    outer loop
      vertex -30.683864723223508 -26.971864277438247 59.56698729810778
      vertex -24.36130917751692 -0.30942917990442276 56.17479018208373
      vertex -24.34430432629676 -0.45925062811621536 56.15646035465036
    endloop
  endfacet
  facet normal -0.7673554988642263 -0.005830264084810625 0.6411954042127377
    outer loop
      vertex -26.915777565593228 -26.86046963007261 48.43301270189222
      vertex -22.401653918157844 -22.346345982637228 53.876370707045055
      vertex -22.600268073425198 16.55044013456504 53.99235854854919
    endloop
  endfacet
  facet normal -0.9004436917510326 -0.03759945979226662 -0.43334448030302763
    outer loop
      vertex -24.898370844759235 -23.837772226266818 66.09643810335265
      vertex -27.13319720441581 -0.37894052326285993 68.70474615779159
      vertex -24.895727429344397 -21.595523554955975 65.89639497499536
    endloop
  endfacet
  facet normal -0.7593812058789993 -2.44180052371882e-15 -0.6506459745189829
    outer loop
      vertex -24.895727429344397 -21.595523554955975 65.89639497499536
      vertex -26.930942955822072 -0.23199421018974165 68.27173345589937
      vertex -24.88732222019597 -21.389859880463938 65.88658509664559
    endloop
  endfacet
  facet normal -0.5643466698898181 0.013210694479552218 -0.8254321981456991
    outer loop
      vertex -21.034753563216654 -16.10706452408015 78.08497617119056
      vertex -25.568902608606443 -25.219702046939588 81.03912267748181
      vertex -23.63727015867243 0.21212647376356036 80.1254943678252
    endloop
  endfacet
  facet normal -0.7214244392478493 0.06238038212975955 0.689677798962147
    outer loop
      vertex -30.14403867818372 -26.77252439447974 60.87475049949066
      vertex -24.88732222019597 -21.389859880463938 65.88658509664559
      vertex -21.65356659037453 16.008281366182178 65.88658509664559
    endloop
  endfacet
  facet normal -0.7451234163923773 -0.06304964957203088 0.6639396328225903
    outer loop
      vertex -25.29790062226502 -25.242592686744402 72.43301270189222
      vertex -20.82815796177668 -20.772850026256062 77.87375678677503
      vertex -23.69014637682608 15.274479680697375 78.08497617119056
    endloop
  endfacet
  facet normal -0.5643466698897809 0.01321069447954847 -0.8254321981457245
    outer loop
      vertex -23.63727015867243 0.21212647376356036 80.1254943678252
      vertex -25.568902608606443 -25.219702046939588 81.03912267748181
      vertex -23.661643096850252 0.3649580191980706 80.14460411104226
    endloop
  endfacet
  facet normal -0.5795499121772076 0.03383766257654689 -0.8142339417432479
    outer loop
      vertex -30.683864723223508 -26.971864277438247 59.56698729810778
      vertex -27.4752583452428 27.126057783575945 59.531370615616105
      vertex -24.36130917751692 -0.30942917990442276 56.17479018208373
    endloop
  endfacet
  facet normal -0.7537395385872654 0.004312628708446143 -0.6571591201557497
    outer loop
      vertex -26.915777565593228 -26.566577003926373 47.56698729810778
      vertex -26.618226254228976 25.437943509163354 47.56698729810778
      vertex -22.08844164487899 -19.847726113757705 42.07428708359553
    endloop
  endfacet
  facet normal -0.753739538587264 0.004312628708446551 -0.6571591201557517
    outer loop
      vertex -22.08844164487899 -19.847726113757705 42.07428708359553
      vertex -26.618226254228976 25.437943509163354 47.56698729810778
      vertex -22.140531158600066 -17.792998341248737 42.14751623395065
    endloop
  endfacet
  facet normal -0.9391664877078354 -0.05476947342752567 -0.339067269353737
    outer loop
      vertex -22.140531158600066 -17.792998341248737 42.14751623395065
      vertex -26.618226254228976 25.437943509163354 47.56698729810778
      vertex -22.175582076259076 -17.191958287936757 42.14751623395065
    endloop
  endfacet
  facet normal -0.9004436917510356 -0.03759945979226778 -0.4333444803030215
    outer loop
      vertex -24.895727429344397 -21.595523554955975 65.89639497499536
      vertex -27.13319720441581 -0.37894052326285993 68.70474615779159
      vertex -26.930942955822072 -0.23199421018974165 68.27173345589937
    endloop
  endfacet
  facet normal -0.7593812058789917 0 -0.6506459745189918
    outer loop
      vertex -24.88732222019597 -21.389859880463938 65.88658509664559
      vertex -26.930942955822072 -0.23199421018974165 68.27173345589937
      vertex -26.930942955822072 0.06189841595649494 68.27173345589937
    endloop
  endfacet
  facet normal -0.89391315505595 -0.07289743517293946 0.4422728062668153
    outer loop
      vertex -25.500154870858758 -25.389538999817518 72
      vertex -25.29790062226502 -25.242592686744402 72.43301270189222
      vertex -29.94036375848168 29.05903146670398 72
    endloop
  endfacet
  facet normal -0.5213527175065296 0.04508051013125248 -0.8521496884672686
    outer loop
      vertex -24.88732222019597 -21.389859880463938 65.88658509664559
      vertex -26.930942955822072 0.06189841595649494 68.27173345589937
      vertex -21.495680830989627 18.255756070564235 65.90888532948837
    endloop
  endfacet
  facet normal -0.7673554988730718 -0.005830264084824216 0.6411954042021515
    outer loop
      vertex -22.401653918157844 -22.346345982637228 53.876370707045055
      vertex -22.403078339276554 -22.0538777776097 53.87732537622946
      vertex -22.600268073425198 16.55044013456504 53.99235854854919
    endloop
  endfacet
  facet normal -0.767355498864225 -0.005830264084810579 0.641195404212739
    outer loop
      vertex -22.403078339276554 -22.0538777776097 53.87732537622946
      vertex -22.33663516673755 -18.147844143049756 53.99235854854919
      vertex -22.600268073425198 16.55044013456504 53.99235854854919
    endloop
  endfacet
  facet normal -0.7451234163922035 -0.06304964957201824 0.6639396328227867
    outer loop
      vertex -20.82815796177668 -20.772850026256062 77.87375678677503
      vertex -20.84296427555135 -20.493763713884494 77.88364287094132
      vertex -23.69014637682608 15.274479680697375 78.08497617119056
    endloop
  endfacet
  facet normal -0.7560709390642248 -0.005744525514080038 -0.6544644646802142
    outer loop
      vertex -22.33663516673755 -18.147844143049756 53.99235854854919
      vertex -24.34430432629676 -0.45925062811621536 56.15646035465036
      vertex -22.600268073425198 16.55044013456504 53.99235854854919
    endloop
  endfacet
  facet normal -0.7451234163923803 -0.06304964957203119 0.6639396328225868
    outer loop
      vertex -20.84296427555135 -20.493763713884494 77.88364287094132
      vertex -21.034753563216654 -16.10706452408015 78.08497617119056
      vertex -23.69014637682608 15.274479680697375 78.08497617119056
    endloop
  endfacet
  facet normal -0.8557347390268356 -0.07240917978860512 -0.5123231081114875
    outer loop
      vertex -21.034753563216654 -16.10706452408015 78.08497617119056
      vertex -23.63727015867243 0.21212647376356036 80.1254943678252
      vertex -23.69014637682608 15.274479680697375 78.08497617119056
    endloop
  endfacet
  facet normal 0.06165257172975686 -0.8702026038854437 0.48882142812084334
    outer loop
      vertex -30.27594349101196 -30.905980246347013 12
      vertex 26.558335591163843 -26.879355352123945 12
      vertex -30.3531977396057 -30.668216117273225 12.433012701892219
    endloop
  endfacet
  facet normal 0.06165257172975686 -0.8702026038854437 -0.48882142812084334
    outer loop
      vertex -30.27594349101196 -30.905980246347013 12
      vertex -30.3531977396057 -30.668216117273225 11.566987298107781
      vertex 26.481081342570103 -26.641591223050156 11.566987298107781
    endloop
  endfacet
  facet normal 0 -0.8765515079563121 0.48130806548354826
    outer loop
      vertex -24.845491502812525 -25.475528258147577 0
      vertex 24.458340493528958 -25.23776412907379 0.4330127018922193
      vertex -24.922745751406264 -25.23776412907379 0.4330127018922193
    endloop
  endfacet
  facet normal 0 -0.876551507956312 -0.4813080654835482
    outer loop
      vertex -24.845491502812525 -25.475528258147577 0
      vertex -24.922745751406264 -25.23776412907379 -0.4330127018922193
      vertex 25.154508497187475 -25.475528258147577 0
    endloop
  endfacet
  facet normal 0.04555372687456993 -0.6429735310425696 0.7645324691250771
    outer loop
      vertex -30.3531977396057 -30.668216117273225 12.433012701892219
      vertex 26.481081342570103 -26.641591223050156 12.433012701892219
      vertex -23.07199414399872 -23.387012521666243 18.122679788461973
    endloop
  endfacet
  facet normal 0.04580834026801068 -0.8279269881616085 -0.5589619828177387
    outer loop
      vertex -23.32107502093307 -26.765244565096896 23.10605895393196
      vertex -19.91723375053701 -23.194731403361423 18.096416124667314
      vertex 16.26059184230985 -21.193049892056003 18.096416124667314
    endloop
  endfacet
  facet normal -0.015719555458329915 -0.8776237644281686 -0.4790922914085792
    outer loop
      vertex -26.541842560757814 -27.171879316092866 36
      vertex -26.619096809351554 -26.934115187019078 35.56698729810778
      vertex 27.747390482717694 -27.907900363197747 35.56698729810778
    endloop
  endfacet
  facet normal -0.015719555458329915 -0.8776237644281686 0.4790922914085792
    outer loop
      vertex -26.541842560757814 -27.171879316092866 36
      vertex 27.747390482717694 -27.907900363197747 36.43301270189222
      vertex -26.619096809351554 -26.934115187019078 36.43301270189222
    endloop
  endfacet
  facet normal -0.015321104785691136 -0.8553782384533944 -0.5177773005149162
    outer loop
      vertex -26.619096809351554 -26.934115187019078 35.56698729810778
      vertex -25.57384083705333 -26.87791308337294 35.4432110479131
      vertex 27.747390482717694 -27.907900363197747 35.56698729810778
    endloop
  endfacet
  facet normal 0.012874695509663673 -0.8755080012290448 -0.48303207139842824
    outer loop
      vertex -26.962913928173368 -27.277932305840892 23.56698729810778
      vertex 26.410929009611298 -26.7319487705714 24
      vertex -26.88565967957963 -27.51569643491468 24
    endloop
  endfacet
  facet normal 0.012874695509663673 -0.8755080012290448 0.48303207139842824
    outer loop
      vertex -26.962913928173368 -27.277932305840892 24.43301270189222
      vertex -26.88565967957963 -27.51569643491468 24
      vertex 26.410929009611298 -26.7319487705714 24
    endloop
  endfacet
  facet normal 0.01041799296626877 -0.708446750594608 -0.7056873719959117
    outer loop
      vertex -26.962913928173368 -27.277932305840892 23.56698729810778
      vertex -23.32107502093307 -26.765244565096896 23.10605895393196
      vertex 26.33367476101756 -26.49418464149761 23.56698729810778
    endloop
  endfacet
  facet normal 0.012000254696587272 -0.8160440762084485 0.5778650876911645
    outer loop
      vertex -26.962913928173368 -27.277932305840892 24.43301270189222
      vertex 24.513983597038138 -26.520943928248812 24.43301270189222
      vertex -22.949006954034832 -23.264025331702356 30.017979109145216
    endloop
  endfacet
  facet normal -0.022032556804889608 -0.8271047853848573 -0.5616157409066348
    outer loop
      vertex -25.57384083705333 -26.87791308337294 35.4432110479131
      vertex -22.949006954034832 -23.264025331702356 30.017979109145216
      vertex 20.861741910519033 -24.381129995198194 29.944440928033668
    endloop
  endfacet
  facet normal 0.05478152814848084 -0.7732204367498127 -0.6317666819057065
    outer loop
      vertex -30.3531977396057 -30.668216117273225 11.566987298107781
      vertex -13.185251795014398 -27.84130404064353 9.595785092931061
      vertex 26.481081342570103 -26.641591223050156 11.566987298107781
    endloop
  endfacet
  facet normal 0 -0.833891574710892 0.5519282939170531
    outer loop
      vertex -24.922745751406264 -25.23776412907379 0.4330127018922193
      vertex 24.458340493528958 -25.23776412907379 0.4330127018922193
      vertex -16.599178693595206 -21.695445724502328 5.784993212895702
    endloop
  endfacet
  facet normal 0.04555372687456987 -0.64297353104257 0.7645324691250768
    outer loop
      vertex -23.07199414399872 -23.387012521666243 18.122679788461973
      vertex 26.481081342570103 -26.641591223050156 12.433012701892219
      vertex -19.91723375053701 -23.194731403361423 18.096416124667314
    endloop
  endfacet
  facet normal -0.009874187736376664 -0.5309059488780847 -0.8473732199346444
    outer loop
      vertex -16.599178693595206 -21.695445724502328 5.784993212895702
      vertex 20.004376762990024 -22.37622615116919 5.784993212895702
      vertex -13.185251795014398 -27.84130404064353 9.595785092931061
    endloop
  endfacet
  facet normal -0.022032556804889806 -0.8271047853848656 -0.5616157409066227
    outer loop
      vertex -22.949006954034832 -23.264025331702356 30.017979109145216
      vertex -20.48168175232075 -23.27981690107036 29.944440928033668
      vertex 20.861741910519033 -24.381129995198194 29.944440928033668
    endloop
  endfacet
  facet normal 0.01200025469658747 -0.8160440762084477 0.5778650876911655
    outer loop
      vertex -22.949006954034832 -23.264025331702356 30.017979109145216
      vertex 24.513983597038138 -26.520943928248812 24.43301270189222
      vertex -20.48168175232075 -23.27981690107036 29.944440928033668
    endloop
  endfacet
  facet normal -0.013380795739563349 -0.7470506630502148 0.6646324255869634
    outer loop
      vertex -26.619096809351554 -26.934115187019078 36.43301270189222
      vertex 27.747390482717694 -27.907900363197747 36.43301270189222
      vertex -21.75405631573472 -22.069074693402243 41.999292192943514
    endloop
  endfacet
  facet normal -0.013380795739563932 -0.7470506630502172 0.6646324255869608
    outer loop
      vertex -21.75405631573472 -22.069074693402243 41.999292192943514
      vertex 27.747390482717694 -27.907900363197747 36.43301270189222
      vertex -18.7928996172304 -22.016833276515612 42.11762770447067
    endloop
  endfacet
  facet normal 0 0 -1
    outer loop
      vertex -24.922745751406264 -25.23776412907379 -0.4330127018922193
      vertex 0 -5.226251859505506 -0.4330127018922193
      vertex 24.797745751406264 -24.85305368692688 -0.4330127018922193
    endloop
  endfacet
  facet normal -0.02957615079273271 -0.8783848614598986 -0.47703803460768224
    outer loop
      vertex -26.636269068405756 -26.95128744607328 47.56698729810778
      vertex 28.729660197354125 -29.050679958314227 48
      vertex -26.559014819812017 -27.18905157514707 48
    endloop
  endfacet
  facet normal -0.029576150792732705 -0.8783848614598986 0.4770380346076823
    outer loop
      vertex -26.559014819812017 -27.18905157514707 48
      vertex 28.729660197354125 -29.050679958314227 48
      vertex -26.636269068405756 -26.95128744607328 48.43301270189222
    endloop
  endfacet
  facet normal 0.05382084108082532 -0.8711988483470994 -0.4879711914693735
    outer loop
      vertex -30.53561715714464 -31.16565391247969 60
      vertex -30.612871405738378 -30.927889783405902 59.56698729810778
      vertex 27.27331908769884 -27.594338848658943 60
    endloop
  endfacet
  facet normal 0.05382084108082532 -0.8711988483470994 0.4879711914693735
    outer loop
      vertex -30.53561715714464 -31.16565391247969 60
      vertex 27.27331908769884 -27.594338848658943 60
      vertex -30.612871405738378 -30.927889783405902 60.43301270189222
    endloop
  endfacet
  facet normal 0.016536742280396904 -0.5680218245432141 -0.8228473388164721
    outer loop
      vertex -27.870859726659994 -28.185878104327518 57.72924843080201
      vertex -17.946261465291368 -22.480303146743584 53.990072974251845
      vertex 16.974952515684144 -21.463646583967357 53.990072974251845
    endloop
  endfacet
  facet normal -0.025555736506675863 -0.7589822025264336 0.6506096530022629
    outer loop
      vertex -26.636269068405756 -26.95128744607328 48.43301270189222
      vertex 22.04554070915209 -27.915063574450965 49.22090536889989
      vertex -22.122145420970373 -22.437163798637897 53.876370707045055
    endloop
  endfacet
  facet normal 0.016536742280397213 -0.5680218245432155 -0.8228473388164709
    outer loop
      vertex -27.870859726659994 -28.185878104327518 57.72924843080201
      vertex 16.974952515684144 -21.463646583967357 53.990072974251845
      vertex -16.427698003311015 -28.106749419256076 57.904597841825776
    endloop
  endfacet
  facet normal 0.04403940155214467 -0.7128665242615991 0.6999156018393331
    outer loop
      vertex -30.612871405738378 -30.927889783405902 60.43301270189222
      vertex 22.832810522397978 -27.196987316490468 60.87009343774622
      vertex -21.224574395994733 -24.882050765289314 66
    endloop
  endfacet
  facet normal 0.0015435826206798015 -0.9935755826190715 -0.11315997073111071
    outer loop
      vertex -24.27585487196831 -24.90589162730336 66.16770766844145
      vertex 24.490010500210776 -24.811030261170878 66
      vertex -24.546518656409553 -25.565106239953813 71.95210074217977
    endloop
  endfacet
  facet normal -0.006293033409746774 -0.8770074036354292 0.48043564782304315
    outer loop
      vertex -24.941137876483808 -25.57117463181886 72
      vertex 25.535655037419023 -25.69616491789908 72.43301270189222
      vertex -25.018392125077547 -25.33341050274507 72.43301270189222
    endloop
  endfacet
  facet normal -0.007054652779810492 -0.9831479216983884 -0.18267565774972838
    outer loop
      vertex -24.941137876483808 -25.57117463181886 72
      vertex -24.546518656409553 -25.565106239953813 71.95210074217977
      vertex 25.612909286012762 -25.933929046972867 72
    endloop
  endfacet
  facet normal -0.005528372384697615 -0.7704429955709663 0.6374849234879301
    outer loop
      vertex -25.018392125077547 -25.33341050274507 72.43301270189222
      vertex 22.800959295003274 -25.378972585748098 72.79264504092426
      vertex -20.548649464589207 -20.86366784225673 77.87375678677503
    endloop
  endfacet
  facet normal 0.0390942162035653 -0.7680437977451223 -0.639202915359965
    outer loop
      vertex -26.636269068405756 -26.95128744607328 47.56698729810778
      vertex -18.7928996172304 -22.016833276515612 42.11762770447067
      vertex 15.221760564868966 -20.285452223568047 42.11762770447067
    endloop
  endfacet
  facet normal 0.004648172698119196 -0.5584962176192116 -0.8294940442194885
    outer loop
      vertex -16.06502274953489 -20.870978773187797 77.9038037759384
      vertex 17.160914086964453 -20.594450682932855 77.9038037759384
      vertex -25.28939411141897 -25.604412489086496 81.03912267748181
    endloop
  endfacet
  facet normal 0.04010829250094748 -0.6492335967682026 -0.7595308168205431
    outer loop
      vertex -30.612871405738378 -30.927889783405902 59.56698729810778
      vertex -16.427698003311015 -28.106749419256076 57.904597841825776
      vertex 27.1960648391051 -27.356574719585154 59.56698729810778
    endloop
  endfacet
  facet normal -0.025555736506676033 -0.7589822025264343 0.6506096530022623
    outer loop
      vertex -22.122145420970373 -22.437163798637897 53.876370707045055
      vertex 22.04554070915209 -27.915063574450965 49.22090536889989
      vertex -17.946261465291368 -22.480303146743584 53.990072974251845
    endloop
  endfacet
  facet normal 0.0015435826206798401 -0.9935755826190728 -0.1131599707311001
    outer loop
      vertex -24.27585487196831 -24.90589162730336 66.16770766844145
      vertex -21.224574395994733 -24.882050765289314 66
      vertex 24.490010500210776 -24.811030261170878 66
    endloop
  endfacet
  facet normal 0.0046481726981193495 -0.5584962176192125 -0.8294940442194878
    outer loop
      vertex -25.28939411141897 -25.604412489086496 81.03912267748181
      vertex 17.160914086964453 -20.594450682932855 77.9038037759384
      vertex -9.118364177110266 -25.593784897197985 81.1225835177994
    endloop
  endfacet
  facet normal -0.00552837238469667 -0.7704429955709625 0.6374849234879348
    outer loop
      vertex -20.548649464589207 -20.86366784225673 77.87375678677503
      vertex 22.800959295003274 -25.378972585748098 72.79264504092426
      vertex -16.06502274953489 -20.870978773187797 77.9038037759384
    endloop
  endfacet
  facet normal 0 0 -1
    outer loop
      vertex -24.922745751406264 -25.23776412907379 -0.4330127018922193
      vertex -5.226251859505506 0 -0.4330127018922193
      vertex -3.6955181300451474 -3.6955181300451474 -0.4330127018922193
    endloop
  endfacet
  facet normal 0 0 -1
    outer loop
      vertex -24.922745751406264 -25.23776412907379 -0.4330127018922193
      vertex -3.6955181300451474 -3.6955181300451474 -0.4330127018922193
      vertex 0 -5.226251859505506 -0.4330127018922193
    endloop
  endfacet
  facet normal 0 0 -1
    outer loop
      vertex -24.922745751406264 -25.23776412907379 -0.4330127018922193
      vertex -3.6955181300451474 3.6955181300451474 -0.4330127018922193
      vertex -5.226251859505506 0 -0.4330127018922193
    endloop
  endfacet
  facet normal 0 0 -1
    outer loop
      vertex -24.922745751406264 -25.23776412907379 -0.4330127018922193
      vertex -5.5 10.25 -0.4330127018922193
      vertex -3.6955181300451474 3.6955181300451474 -0.4330127018922193
    endloop
  endfacet
  facet normal -0.9060374296629709 0 -0.423197561488387
    outer loop
      vertex -29.55712065472721 -29.44650478368597 84
      vertex -29.35486640613347 -29.005665844466616 83.56698729810778
      vertex -29.35486640613347 -29.299558470612855 83.56698729810778
    endloop
  endfacet
  facet normal -0.9060374296629709 0 0.423197561488387
    outer loop
      vertex -29.55712065472721 -29.44650478368597 84
      vertex -29.35486640613347 -29.299558470612855 84.43301270189222
      vertex -29.35486640613347 -29.005665844466616 84.43301270189222
    endloop
  endfacet
  facet normal -0.27998096330565625 -0.861692801488283 -0.4231975614883802
    outer loop
      vertex -29.55712065472721 -29.44650478368597 84
      vertex -29.35486640613347 -29.299558470612855 83.56698729810778
      vertex -28.99810366035226 -29.628140415687312 84
    endloop
  endfacet
  facet normal -0.27998096330565625 -0.861692801488283 0.4231975614883802
    outer loop
      vertex -29.55712065472721 -29.44650478368597 84
      vertex -28.99810366035226 -29.628140415687312 84
      vertex -29.35486640613347 -29.299558470612855 84.43301270189222
    endloop
  endfacet
  facet normal -0.9060374296629709 0 -0.42319756148838705
    outer loop
      vertex -29.55712065472721 -29.44650478368597 84
      vertex -29.55712065472721 -28.8587195313935 84
      vertex -29.35486640613347 -29.005665844466616 83.56698729810778
    endloop
  endfacet
  facet normal -0.9060374296629709 0 0.42319756148838705
    outer loop
      vertex -29.55712065472721 -29.44650478368597 84
      vertex -29.35486640613347 -29.005665844466616 84.43301270189222
      vertex -29.55712065472721 -28.8587195313935 84
    endloop
  endfacet
  facet normal -0.903065097223173 0.02113969609653549 -0.4289831505155502
    outer loop
      vertex -29.55712065472721 -28.8587195313935 84
      vertex -29.25870638760241 -24.89781320140201 83.56698729810778
      vertex -29.35486640613347 -29.005665844466616 83.56698729810778
    endloop
  endfacet
  facet normal -0.903065097223173 0.02113969609653549 0.4289831505155502
    outer loop
      vertex -29.55712065472721 -28.8587195313935 84
      vertex -29.35486640613347 -29.005665844466616 84.43301270189222
      vertex -29.25870638760241 -24.89781320140201 84.43301270189222
    endloop
  endfacet
  facet normal -0.2799809633056543 -0.8616928014882829 -0.4231975614883818
    outer loop
      vertex -29.35486640613347 -29.299558470612855 83.56698729810778
      vertex -29.075357908946 -29.390376286613524 83.56698729810778
      vertex -28.99810366035226 -29.628140415687312 84
    endloop
  endfacet
  facet normal -0.2799809633056543 -0.8616928014882829 0.4231975614883818
    outer loop
      vertex -29.35486640613347 -29.299558470612855 84.43301270189222
      vertex -28.99810366035226 -29.628140415687312 84
      vertex -29.075357908946 -29.390376286613524 84.43301270189222
    endloop
  endfacet
  facet normal -0.14468613709976688 -0.4452981422094352 -0.8836150102142749
    outer loop
      vertex -29.35486640613347 -29.299558470612855 83.56698729810778
      vertex -25.568902608606443 -25.513594673085827 81.03912267748181
      vertex -29.075357908946 -29.390376286613524 83.56698729810778
    endloop
  endfacet
  facet normal -0.5552914502040046 0 -0.8316558214371698
    outer loop
      vertex -29.35486640613347 -29.299558470612855 83.56698729810778
      vertex -29.35486640613347 -29.005665844466616 83.56698729810778
      vertex -25.568902608606443 -25.513594673085827 81.03912267748181
    endloop
  endfacet
  facet normal -0.21599331948960307 -0.6647590835329877 0.7151519047001443
    outer loop
      vertex -29.35486640613347 -29.299558470612855 84.43301270189222
      vertex -29.075357908946 -29.390376286613524 84.43301270189222
      vertex -24.701532805322927 -24.64622486980231 90.16387173204203
    endloop
  endfacet
  facet normal -0.7763121461798884 0 0.6303486746980399
    outer loop
      vertex -29.35486640613347 -29.299558470612855 84.43301270189222
      vertex -24.701532805322927 -24.64622486980231 90.16387173204203
      vertex -29.35486640613347 -29.005665844466616 84.43301270189222
    endloop
  endfacet
  facet normal -0.903065097223173 0.021139696096535487 -0.42898315051555014
    outer loop
      vertex -29.55712065472721 -28.8587195313935 84
      vertex -29.46096063619615 -24.750866888328893 84
      vertex -29.25870638760241 -24.89781320140201 83.56698729810778
    endloop
  endfacet
  facet normal -0.903065097223173 0.021139696096535487 0.42898315051555014
    outer loop
      vertex -29.55712065472721 -28.8587195313935 84
      vertex -29.25870638760241 -24.89781320140201 84.43301270189222
      vertex -29.46096063619615 -24.750866888328893 84
    endloop
  endfacet
  facet normal -0.6645488209461151 0.015556309461310187 0.7470829042449522
    outer loop
      vertex -29.35486640613347 -29.005665844466616 84.43301270189222
      vertex -28.698780794235486 -24.83455883285386 84.92976331182982
      vertex -29.25870638760241 -24.89781320140201 84.43301270189222
    endloop
  endfacet
  facet normal -0.5643466698898216 0.013210694479552447 -0.8254321981456967
    outer loop
      vertex -29.35486640613347 -29.005665844466616 83.56698729810778
      vertex -29.25870638760241 -24.89781320140201 83.56698729810778
      vertex -25.568902608606443 -25.219702046939588 81.03912267748181
    endloop
  endfacet
  facet normal -0.7959795046062694 0.053392988841425744 0.6029641921286348
    outer loop
      vertex -29.35486640613347 -29.005665844466616 84.43301270189222
      vertex -24.73235780895871 -24.383157247291855 90.12590889387162
      vertex -28.698780794235486 -24.83455883285386 84.92976331182982
    endloop
  endfacet
  facet normal -0.5552914502040042 0 -0.83165582143717
    outer loop
      vertex -29.35486640613347 -29.005665844466616 83.56698729810778
      vertex -25.568902608606443 -25.219702046939588 81.03912267748181
      vertex -25.568902608606443 -25.513594673085827 81.03912267748181
    endloop
  endfacet
  facet normal -0.14468613709976696 -0.4452981422094352 -0.8836150102142749
    outer loop
      vertex -29.075357908946 -29.390376286613524 83.56698729810778
      vertex -25.568902608606443 -25.513594673085827 81.03912267748181
      vertex -25.28939411141897 -25.604412489086496 81.03912267748181
    endloop
  endfacet
  facet normal -0.7763121461798758 -2.7000454714998425e-14 0.6303486746980554
    outer loop
      vertex -29.35486640613347 -29.005665844466616 84.43301270189222
      vertex -24.701532805322927 -24.64622486980231 90.16387173204203
      vertex -24.730600801768862 -24.61998493072762 90.12807275345783
    endloop
  endfacet
  facet normal -0.7763121461798757 -3.451991147954756e-14 0.6303486746980559
    outer loop
      vertex -29.35486640613347 -29.005665844466616 84.43301270189222
      vertex -24.730600801768862 -24.61998493072762 90.12807275345783
      vertex -24.73235780895871 -24.383157247291855 90.12590889387162
    endloop
  endfacet
  facet normal -0.21599331948961262 -0.6647590835329817 0.7151519047001472
    outer loop
      vertex -29.075357908946 -29.390376286613524 84.43301270189222
      vertex -24.42202430813546 -24.737042685802983 90.16387173204203
      vertex -24.701532805322927 -24.64622486980231 90.16387173204203
    endloop
  endfacet
  facet normal 0.06051169848871961 -0.7983672488918532 0.5991227505635752
    outer loop
      vertex -29.075357908946 -29.390376286613524 84.43301270189222
      vertex -24.152955496897007 -24.78299225223206 90.07546507469792
      vertex -24.42202430813546 -24.737042685802983 90.16387173204203
    endloop
  endfacet
  facet normal 0.06051169848869057 -0.7983672488918423 0.5991227505635927
    outer loop
      vertex -29.075357908946 -29.390376286613524 84.43301270189222
      vertex -23.176103346198836 -24.765584048544014 90
      vertex -24.152955496897007 -24.78299225223206 90.07546507469792
    endloop
  endfacet
  facet normal -0.7959795046062694 0.053392988841435216 0.6029641921286341
    outer loop
      vertex -28.698780794235486 -24.83455883285386 84.92976331182982
      vertex -24.73235780895871 -24.383157247291855 90.12590889387162
      vertex -24.729385238099177 -24.17475129600139 90.11137849344995
    endloop
  endfacet
  facet normal -0.7959795046062695 0.05339298884143746 0.6029641921286337
    outer loop
      vertex -28.698780794235486 -24.83455883285386 84.92976331182982
      vertex -24.729385238099177 -24.17475129600139 90.11137849344995
      vertex -24.724454446756155 -23.829055159889943 90.08727599901145
    endloop
  endfacet
  facet normal -0.7959795046062679 0.05339298884140687 0.6029641921286385
    outer loop
      vertex -28.698780794235486 -24.83455883285386 84.92976331182982
      vertex -24.724454446756155 -23.829055159889943 90.08727599901145
      vertex -24.714503152401022 -23.430522847204706 90.06512243641598
    endloop
  endfacet
  facet normal -0.2822001386538563 -0.8685227209235434 -0.4074694650931636
    outer loop
      vertex -26.809842588182345 -26.699226717141105 96
      vertex -26.67126856225538 -26.56065269121414 95.60865705767334
      vertex -26.250825593807395 -26.880862349142447 96
    endloop
  endfacet
  facet normal -0.27998096330565625 -0.861692801488283 0.4231975614883802
    outer loop
      vertex -26.809842588182345 -26.699226717141105 96
      vertex -26.250825593807395 -26.880862349142447 96
      vertex -26.607588339588606 -26.55228040406799 96.43301270189222
    endloop
  endfacet
  facet normal -0.2822001386538563 -0.8685227209235434 -0.4074694650931636
    outer loop
      vertex -26.250825593807395 -26.880862349142447 96
      vertex -26.67126856225538 -26.56065269121414 95.60865705767334
      vertex -26.11225156788043 -26.742288323215483 95.60865705767334
    endloop
  endfacet
  facet normal -0.009230011810119655 -0.9415743878681907 -0.3366785989525125
    outer loop
      vertex -26.250825593807395 -26.880862349142447 96
      vertex -26.11225156788043 -26.742288323215483 95.60865705767334
      vertex -24.672030770120802 -26.75705381900947 95.61046756090458
    endloop
  endfacet
  facet normal -0.28220013865385546 -0.8685227209235413 -0.40746946509316867
    outer loop
      vertex -24.730600801768862 -24.61998493072762 90.12807275345783
      vertex -26.11225156788043 -26.742288323215483 95.60865705767334
      vertex -26.67126856225538 -26.56065269121414 95.60865705767334
    endloop
  endfacet
  facet normal -0.2799809633056542 -0.8616928014882829 0.4231975614883817
    outer loop
      vertex -26.250825593807395 -26.880862349142447 96
      vertex -26.328079842401134 -26.64309822006866 96.43301270189222
      vertex -26.607588339588606 -26.55228040406799 96.43301270189222
    endloop
  endfacet
  facet normal -0.941473127756592 -0.010063270923093493 -0.3369377988450516
    outer loop
      vertex -24.730600801768862 -24.61998493072762 90.12807275345783
      vertex -26.67126856225538 -26.56065269121414 95.60865705767334
      vertex -24.73235780895871 -24.383157247291855 90.12590889387162
    endloop
  endfacet
  facet normal -0.009230011810119383 -0.9415743878681712 -0.3366785989525676
    outer loop
      vertex -26.11225156788043 -26.742288323215483 95.60865705767334
      vertex -24.495803049534697 -26.743234103662605 95.56698729810778
      vertex -24.672030770120802 -26.75705381900947 95.61046756090458
    endloop
  endfacet
  facet normal -0.2822001386538427 -0.8685227209235462 -0.4074694650931673
    outer loop
      vertex -24.701532805322927 -24.64622486980231 90.16387173204203
      vertex -26.11225156788043 -26.742288323215483 95.60865705767334
      vertex -24.730600801768862 -24.61998493072762 90.12807275345783
    endloop
  endfacet
  facet normal -0.2822001386538669 -0.868522720923537 -0.40746946509317006
    outer loop
      vertex -24.701532805322927 -24.64622486980231 90.16387173204203
      vertex -24.42202430813546 -24.737042685802983 90.16387173204203
      vertex -26.11225156788043 -26.742288323215483 95.60865705767334
    endloop
  endfacet
  facet normal -0.28220013865384963 -0.8685227209235439 -0.4074694650931673
    outer loop
      vertex -24.42202430813546 -24.737042685802983 90.16387173204203
      vertex -24.152955496897007 -24.78299225223206 90.07546507469792
      vertex -26.11225156788043 -26.742288323215483 95.60865705767334
    endloop
  endfacet
  facet normal -0.009230011810117303 -0.9415743878682004 -0.3366785989524862
    outer loop
      vertex -26.11225156788043 -26.742288323215483 95.60865705767334
      vertex -21.30078211452353 -26.640587215764548 95.19232801772769
      vertex -24.495803049534697 -26.743234103662605 95.56698729810778
    endloop
  endfacet
  facet normal -0.1983053603644483 -0.6103211429272699 0.7669309529199334
    outer loop
      vertex -26.607588339588606 -26.55228040406799 96.43301270189222
      vertex -26.328079842401134 -26.64309822006866 96.43301270189222
      vertex -21.291731862483097 -21.23642392696248 102.03787506755452
    endloop
  endfacet
  facet normal -0.27998096330565625 -0.861692801488283 -0.4231975614883802
    outer loop
      vertex -27.500967968412716 -27.390352097371476 120
      vertex -27.298713719818977 -27.24340578429836 119.56698729810778
      vertex -26.941950974037766 -27.571987729372818 120
    endloop
  endfacet
  facet normal -0.27998096330565625 -0.861692801488283 0.4231975614883802
    outer loop
      vertex -27.500967968412716 -27.390352097371476 120
      vertex -26.941950974037766 -27.571987729372818 120
      vertex -27.298713719818977 -27.24340578429836 120.43301270189222
    endloop
  endfacet
  facet normal -0.9060374296629709 0 -0.423197561488387
    outer loop
      vertex -27.298713719818977 -27.24340578429836 119.56698729810778
      vertex -27.500967968412716 -26.802566845079006 120
      vertex -27.298713719818977 -26.949513158152122 119.56698729810778
    endloop
  endfacet
  facet normal -0.9060374296629709 0 -0.42319756148838705
    outer loop
      vertex -27.500967968412716 -27.390352097371476 120
      vertex -27.500967968412716 -26.802566845079006 120
      vertex -27.298713719818977 -27.24340578429836 119.56698729810778
    endloop
  endfacet
  facet normal -0.9060374296629709 0 0.42319756148838705
    outer loop
      vertex -27.500967968412716 -27.390352097371476 120
      vertex -27.298713719818977 -27.24340578429836 120.43301270189222
      vertex -27.500967968412716 -26.802566845079006 120
    endloop
  endfacet
  facet normal -0.9060374296629709 0 0.423197561488387
    outer loop
      vertex -27.298713719818977 -27.24340578429836 120.43301270189222
      vertex -27.298713719818977 -26.949513158152122 120.43301270189222
      vertex -27.500967968412716 -26.802566845079006 120
    endloop
  endfacet
  facet normal -0.9057470019031333 0.0022133149002513132 -0.42381301275519845
    outer loop
      vertex -27.500967968412716 -26.802566845079006 120
      vertex -27.296867552092177 -26.19401249108953 119.56698729810778
      vertex -27.298713719818977 -26.949513158152122 119.56698729810778
    endloop
  endfacet
  facet normal -0.9057470019031333 0.0022133149002513132 0.42381301275519845
    outer loop
      vertex -27.500967968412716 -26.802566845079006 120
      vertex -27.298713719818977 -26.949513158152122 120.43301270189222
      vertex -27.296867552092177 -26.19401249108953 120.43301270189222
    endloop
  endfacet
  facet normal -0.9057470019031333 0.002213314900251313 -0.42381301275519845
    outer loop
      vertex -27.500967968412716 -26.802566845079006 120
      vertex -27.499121800685916 -26.047066178016415 120
      vertex -27.296867552092177 -26.19401249108953 119.56698729810778
    endloop
  endfacet
  facet normal -0.9057470019031333 0.002213314900251313 0.42381301275519845
    outer loop
      vertex -27.500967968412716 -26.802566845079006 120
      vertex -27.296867552092177 -26.19401249108953 120.43301270189222
      vertex -27.499121800685916 -26.047066178016415 120
    endloop
  endfacet
  facet normal -0.6821698641612843 0.001666974024399872 0.7311918336714223
    outer loop
      vertex -27.298713719818977 -26.949513158152122 120.43301270189222
      vertex -27.257882100850686 -26.559480977516976 120.47021761201094
      vertex -27.296867552092177 -26.19401249108953 120.43301270189222
    endloop
  endfacet
  facet normal -0.6821698641613746 0.0016669740243816873 0.7311918336713382
    outer loop
      vertex -27.257882100850686 -26.559480977516976 120.47021761201094
      vertex -27.25212077467705 -26.517557175629307 120.47549709822337
      vertex -27.296867552092177 -26.19401249108953 120.43301270189222
    endloop
  endfacet
  facet normal -0.2799809633056543 -0.8616928014882829 -0.4231975614883818
    outer loop
      vertex -27.298713719818977 -27.24340578429836 119.56698729810778
      vertex -27.019205222631506 -27.33422360029903 119.56698729810778
      vertex -26.941950974037766 -27.571987729372818 120
    endloop
  endfacet
  facet normal -0.2799809633056543 -0.8616928014882829 0.4231975614883818
    outer loop
      vertex -27.298713719818977 -27.24340578429836 120.43301270189222
      vertex -26.941950974037766 -27.571987729372818 120
      vertex -27.019205222631506 -27.33422360029903 120.43301270189222
    endloop
  endfacet
  facet normal -0.2799809633056542 -0.8616928014882829 -0.4231975614883817
    outer loop
      vertex -25.335394739350434 -25.965431494685486 108
      vertex -25.692157485131645 -25.63684954961103 107.56698729810778
      vertex -25.412648987944173 -25.727667365611698 107.56698729810778
    endloop
  endfacet
  facet normal -0.27998096330565625 -0.861692801488283 -0.4231975614883802
    outer loop
      vertex -25.894411733725384 -25.783795862684144 108
      vertex -25.692157485131645 -25.63684954961103 107.56698729810778
      vertex -25.335394739350434 -25.965431494685486 108
    endloop
  endfacet
  facet normal -0.2181970664265063 -0.6715415192007953 -0.7081115930362634
    outer loop
      vertex -25.692157485131645 -25.63684954961103 107.56698729810778
      vertex -25.355231509088906 -25.29992357356829 107.14364153688393
      vertex -25.412648987944173 -25.727667365611698 107.56698729810778
    endloop
  endfacet
  facet normal -0.2181970664265063 -0.6715415192007952 -0.7081115930362634
    outer loop
      vertex -25.412648987944173 -25.727667365611698 107.56698729810778
      vertex -25.355231509088906 -25.29992357356829 107.14364153688393
      vertex -25.075723011901434 -25.39074138956896 107.14364153688393
    endloop
  endfacet
  facet normal -0.060948725291840124 -0.7567904786945718 -0.6508098218700611
    outer loop
      vertex -25.412648987944173 -25.727667365611698 107.56698729810778
      vertex -25.075723011901434 -25.39074138956896 107.14364153688393
      vertex -22.164399970698955 -25.652943331681545 107.1758944382794
    endloop
  endfacet
  facet normal -0.21819706642650313 -0.6715415192007854 -0.7081115930362738
    outer loop
      vertex -25.355231509088906 -25.29992357356829 107.14364153688393
      vertex -21.291731862483097 -21.23642392696248 102.03787506755452
      vertex -25.075723011901434 -25.39074138956896 107.14364153688393
    endloop
  endfacet
  facet normal -0.2833041529733113 -0.8719205276193359 0.3993661858796929
    outer loop
      vertex -25.894411733725384 -25.783795862684144 108
      vertex -25.335394739350434 -25.965431494685486 108
      vertex -23.84303037873347 -23.73241450769223 113.93391842970937
    endloop
  endfacet
  facet normal -0.9451173204209025 -2.465963884440938e-15 0.32673115957988036
    outer loop
      vertex -25.894411733725384 -25.783795862684144 108
      vertex -23.84303037873347 -23.493829817066615 113.93391842970937
      vertex -25.74471736335975 -25.071710504162585 108.43301270189222
    endloop
  endfacet
  facet normal -0.9451173204209121 1.0759138393689985e-13 0.3267311595798522
    outer loop
      vertex -25.743897198785746 -25.045496075452036 108.43538514701035
      vertex -25.74471736335975 -25.071710504162585 108.43301270189222
      vertex -23.84303037873347 -23.493829817066615 113.93391842970937
    endloop
  endfacet
  facet normal -0.2444871392501073 -0.7524540435211305 -0.6115872391817859
    outer loop
      vertex -27.298713719818977 -27.24340578429836 119.56698729810778
      vertex -23.816331558886194 -23.761023623365578 113.89039699673646
      vertex -27.019205222631506 -27.33422360029903 119.56698729810778
    endloop
  endfacet
  facet normal -0.8523883252946167 0 -0.5229093065737486
    outer loop
      vertex -27.298713719818977 -27.24340578429836 119.56698729810778
      vertex -27.298713719818977 -26.949513158152122 119.56698729810778
      vertex -23.816331558886194 -23.761023623365578 113.89039699673646
    endloop
  endfacet
  facet normal -0.9451173204209026 0 0.3267311595798796
    outer loop
      vertex -25.894411733725384 -25.783795862684144 108
      vertex -23.84303037873347 -23.73241450769223 113.93391842970937
      vertex -23.84303037873347 -23.493829817066615 113.93391842970937
    endloop
  endfacet
  facet normal -0.283304152973285 -0.8719205276193459 0.3993661858796899
    outer loop
      vertex -25.335394739350434 -25.965431494685486 108
      vertex -23.816331558886194 -23.761023623365578 113.89039699673646
      vertex -23.84303037873347 -23.73241450769223 113.93391842970937
    endloop
  endfacet
  facet normal -0.8523883252946082 -4.0220381169014035e-14 -0.5229093065737624
    outer loop
      vertex -27.298713719818977 -26.949513158152122 119.56698729810778
      vertex -23.84303037873347 -23.73241450769223 113.93391842970937
      vertex -23.816331558886194 -23.761023623365578 113.89039699673646
    endloop
  endfacet
  facet normal -0.24448713925011772 -0.7524540435211253 -0.6115872391817885
    outer loop
      vertex -27.019205222631506 -27.33422360029903 119.56698729810778
      vertex -23.816331558886194 -23.761023623365578 113.89039699673646
      vertex -23.536823061698726 -23.85184143936625 113.89039699673646
    endloop
  endfacet
  facet normal -0.8523883252946173 0 -0.5229093065737477
    outer loop
      vertex -27.298713719818977 -26.949513158152122 119.56698729810778
      vertex -23.84303037873347 -23.493829817066615 113.93391842970937
      vertex -23.84303037873347 -23.73241450769223 113.93391842970937
    endloop
  endfacet
  facet normal -0.0030562658688961246 -0.8515475683280991 -0.5242684408901989
    outer loop
      vertex -27.019205222631506 -27.33422360029903 119.56698729810778
      vertex -23.536823061698726 -23.85184143936625 113.89039699673646
      vertex -23.271620919829076 -23.901657675164127 113.96976543274556
    endloop
  endfacet
  facet normal -0.0030562658688916967 -0.8515475683281 -0.5242684408901978
    outer loop
      vertex -27.019205222631506 -27.33422360029903 119.56698729810778
      vertex -23.271620919829076 -23.901657675164127 113.96976543274556
      vertex -23.086903091215447 -23.90855792780386 113.97989640029384
    endloop
  endfacet
  facet normal -0.9451173204209031 2.6226779430203502e-15 0.3267311595798787
    outer loop
      vertex -25.743897198785746 -25.045496075452036 108.43538514701035
      vertex -23.84303037873347 -23.493829817066615 113.93391842970937
      vertex -23.842722071354775 -23.144320948021065 113.93481025356844
    endloop
  endfacet
  facet normal -0.28330415297330264 -0.8719205276193395 0.3993661858796914
    outer loop
      vertex -25.335394739350434 -25.965431494685486 108
      vertex -23.271620919829076 -23.901657675164127 113.96976543274556
      vertex -23.536823061698726 -23.85184143936625 113.89039699673646
    endloop
  endfacet
  facet normal -0.2833041529733224 -0.8719205276193318 0.3993661858796942
    outer loop
      vertex -25.335394739350434 -25.965431494685486 108
      vertex -23.536823061698726 -23.85184143936625 113.89039699673646
      vertex -23.816331558886194 -23.761023623365578 113.89039699673646
    endloop
  endfacet
  facet normal -0.003056265868887319 -0.8515475683281015 -0.524268440890195
    outer loop
      vertex -27.019205222631506 -27.33422360029903 119.56698729810778
      vertex -23.086903091215447 -23.90855792780386 113.97989640029384
      vertex -20.145909518442583 -23.97133540804484 114.06471850458145
    endloop
  endfacet
  facet normal -0.7959795046062698 0.05339298884142786 0.6029641921286343
    outer loop
      vertex -28.698780794235486 -24.83455883285386 84.92976331182982
      vertex -24.714503152401022 -23.430522847204706 90.06512243641598
      vertex -24.648572700053368 -20.98487383978318 89.9355936478333
    endloop
  endfacet
  facet normal -0.5643466698898216 0.013210694479552495 -0.8254321981456967
    outer loop
      vertex -29.25870638760241 -24.89781320140201 83.56698729810778
      vertex -23.661643096850252 0.3649580191980706 80.14460411104226
      vertex -25.568902608606443 -25.219702046939588 81.03912267748181
    endloop
  endfacet
  facet normal -0.9414731277565555 -0.010063270923066664 -0.33693779884515423
    outer loop
      vertex -24.73235780895871 -24.383157247291855 90.12590889387162
      vertex -25.86230012694657 -2.189594793178964 92.6203470348504
      vertex -24.729385238099177 -24.17475129600139 90.11137849344995
    endloop
  endfacet
  facet normal -0.9414731277565954 -0.010063270923081501 -0.33693779884504227
    outer loop
      vertex -24.729385238099177 -24.17475129600139 90.11137849344995
      vertex -25.86230012694657 -2.189594793178964 92.6203470348504
      vertex -24.724454446756155 -23.829055159889943 90.08727599901145
    endloop
  endfacet
  facet normal -0.9121957156525138 2.3211588551718954e-15 -0.409754775866247
    outer loop
      vertex -24.724454446756155 -23.829055159889943 90.08727599901145
      vertex -25.86230012694657 -2.189594793178964 92.6203470348504
      vertex -24.714503152401022 -23.430522847204706 90.06512243641598
    endloop
  endfacet
  facet normal -0.9414731277565936 -0.010063270923080648 -0.336937798845047
    outer loop
      vertex -24.73235780895871 -24.383157247291855 90.12590889387162
      vertex -26.67126856225538 -26.56065269121414 95.60865705767334
      vertex -25.86230012694657 -2.189594793178964 92.6203470348504
    endloop
  endfacet
  facet normal -0.9483877978913606 0.0375443714124791 0.31488252569175296
    outer loop
      vertex -25.743897198785746 -25.045496075452036 108.43538514701035
      vertex -23.842722071354775 -23.144320948021065 113.93481025356844
      vertex -23.78362895570888 -20.916348581623637 113.8471438067176
    endloop
  endfacet
  facet normal -0.7526361708203263 -0.06999775684759796 -0.6547053599973205
    outer loop
      vertex -25.355231509088906 -25.29992357356829 107.14364153688393
      vertex -24.99925476172393 0.12880648354300528 104.01570771406153
      vertex -21.291731862483097 -21.23642392696248 102.03787506755452
    endloop
  endfacet
  facet normal -0.8529558897332593 0.0020843127010489832 -0.521978836553656
    outer loop
      vertex -27.298713719818977 -26.949513158152122 119.56698729810778
      vertex -27.296867552092177 -26.19401249108953 119.56698729810778
      vertex -25.197668829704803 -0.8414401035687358 116.23796109309487
    endloop
  endfacet
  facet normal -0.6821698641613081 0.001666974024399001 0.7311918336714001
    outer loop
      vertex -27.25212077467705 -26.517557175629307 120.47549709822337
      vertex -23.750399833331468 -1.03636576475755 123.68435680732988
      vertex -27.296867552092177 -26.19401249108953 120.43301270189222
    endloop
  endfacet
  facet normal -0.8529558897332473 0.00208431270104548 -0.5219788365536757
    outer loop
      vertex -27.298713719818977 -26.949513158152122 119.56698729810778
      vertex -25.197668829704803 -0.8414401035687358 116.23796109309487
      vertex -23.84303037873347 -23.493829817066615 113.93391842970937
    endloop
  endfacet
  facet normal -0.8529558897332588 0.0020843127010429004 -0.5219788365536571
    outer loop
      vertex -23.84303037873347 -23.493829817066615 113.93391842970937
      vertex -25.197668829704803 -0.8414401035687358 116.23796109309487
      vertex -23.842722071354775 -23.144320948021065 113.93481025356844
    endloop
  endfacet
  facet normal 0.004648172698119338 -0.5584962176192141 -0.8294940442194868
    outer loop
      vertex -29.075357908946 -29.390376286613524 83.56698729810778
      vertex -25.28939411141897 -25.604412489086496 81.03912267748181
      vertex -9.118364177110266 -25.593784897197985 81.1225835177994
    endloop
  endfacet
  facet normal -0.19830536036444887 -0.6103211429272692 0.7669309529199339
    outer loop
      vertex -26.328079842401134 -26.64309822006866 96.43301270189222
      vertex -21.012223365295625 -21.32724174296315 102.03787506755452
      vertex -21.291731862483097 -21.23642392696248 102.03787506755452
    endloop
  endfacet
  facet normal -0.7092773694348672 -0.03315436897074602 0.7041494166905959
    outer loop
      vertex -26.607588339588606 -26.55228040406799 96.43301270189222
      vertex -21.291731862483097 -21.23642392696248 102.03787506755452
      vertex -21.55140900168977 -17.59947030994154 101.94755018118367
    endloop
  endfacet
  facet normal -0.21819706642650405 -0.671541519200786 -0.708111593036273
    outer loop
      vertex -25.075723011901434 -25.39074138956896 107.14364153688393
      vertex -21.291731862483097 -21.23642392696248 102.03787506755452
      vertex -21.012223365295625 -21.32724174296315 102.03787506755452
    endloop
  endfacet
  facet normal -0.060948725291843066 -0.7567904786945608 -0.6508098218700736
    outer loop
      vertex -25.075723011901434 -25.39074138956896 107.14364153688393
      vertex -21.012223365295625 -21.32724174296315 102.03787506755452
      vertex -16.848802360572208 -21.612725943027314 101.97994189353366
    endloop
  endfacet
  facet normal -0.2799809633056546 -0.8616928014882779 -0.4231975614883916
    outer loop
      vertex -28.53085316594457 -28.475545230423954 131.5669872981078
      vertex -28.17409042016336 -28.80412717549841 132
      vertex -28.73310741453831 -28.62249154349707 132
    endloop
  endfacet
  facet normal -0.9060374296629656 0 -0.42319756148839843
    outer loop
      vertex -28.53085316594457 -28.475545230423954 131.5669872981078
      vertex -28.73310741453831 -28.62249154349707 132
      vertex -28.73310741453831 -28.0347062912046 132
    endloop
  endfacet
  facet normal -0.9060374296629655 0 -0.4231975614883984
    outer loop
      vertex -28.53085316594457 -28.475545230423954 131.5669872981078
      vertex -28.73310741453831 -28.0347062912046 132
      vertex -28.53085316594457 -28.181652604277716 131.5669872981078
    endloop
  endfacet
  facet normal -0.27998096330565264 -0.8616928014882778 -0.42319756148839316
    outer loop
      vertex -28.53085316594457 -28.475545230423954 131.5669872981078
      vertex -28.2513446687571 -28.566363046424623 131.5669872981078
      vertex -28.17409042016336 -28.80412717549841 132
    endloop
  endfacet
  facet normal -0.2799809633056546 -0.8616928014882779 0.4231975614883916
    outer loop
      vertex -28.73310741453831 -28.62249154349707 132
      vertex -28.17409042016336 -28.80412717549841 132
      vertex -28.53085316594457 -28.475545230423954 132.4330127018922
    endloop
  endfacet
  facet normal -0.9060374296629654 0 0.42319756148839843
    outer loop
      vertex -28.73310741453831 -28.62249154349707 132
      vertex -28.53085316594457 -28.475545230423954 132.4330127018922
      vertex -28.73310741453831 -28.0347062912046 132
    endloop
  endfacet
  facet normal -0.9060374296629655 0 0.4231975614883984
    outer loop
      vertex -28.53085316594457 -28.475545230423954 132.4330127018922
      vertex -28.53085316594457 -28.181652604277716 132.4330127018922
      vertex -28.73310741453831 -28.0347062912046 132
    endloop
  endfacet
  facet normal -0.27998096330565264 -0.8616928014882778 0.42319756148839316
    outer loop
      vertex -28.53085316594457 -28.475545230423954 132.4330127018922
      vertex -28.17409042016336 -28.80412717549841 132
      vertex -28.2513446687571 -28.566363046424623 132.4330127018922
    endloop
  endfacet
  facet normal -0.25892597100373366 -0.7968921983053101 0.5458206352089522
    outer loop
      vertex -27.298713719818977 -27.24340578429836 120.43301270189222
      vertex -27.019205222631506 -27.33422360029903 120.43301270189222
      vertex -24.45787183135277 -24.402563895832152 125.92824737880875
    endloop
  endfacet
  facet normal -0.8883179466842365 0 0.45922894682141074
    outer loop
      vertex -27.298713719818977 -27.24340578429836 120.43301270189222
      vertex -24.45787183135277 -24.402563895832152 125.92824737880875
      vertex -27.298713719818977 -26.949513158152122 120.43301270189222
    endloop
  endfacet
  facet normal -0.8978750287367276 0.05229875255209738 0.43713301551417366
    outer loop
      vertex -27.298713719818977 -26.949513158152122 120.43301270189222
      vertex -24.438667934755976 -23.740266811422266 125.923616306981
      vertex -27.257882100850686 -26.559480977516976 120.47021761201094
    endloop
  endfacet
  facet normal -0.90039400498593 0.06965293019820512 0.42946374131025394
    outer loop
      vertex -27.257882100850686 -26.559480977516976 120.47021761201094
      vertex -24.438667934755976 -23.740266811422266 125.923616306981
      vertex -27.25212077467705 -26.517557175629307 120.47549709822337
    endloop
  endfacet
  facet normal -0.04060589727296093 -0.8788672841049661 0.4753351007832457
    outer loop
      vertex -27.019205222631506 -27.33422360029903 120.43301270189222
      vertex -26.941950974037766 -27.571987729372818 120
      vertex -23.855378554705467 -24.48541531004052 125.97056804195695
    endloop
  endfacet
  facet normal -0.22853038532766323 -0.7033442046672679 -0.6731127637647041
    outer loop
      vertex -28.53085316594457 -28.475545230423954 131.5669872981078
      vertex -24.45787183135277 -24.402563895832152 125.92824737880875
      vertex -28.2513446687571 -28.566363046424623 131.5669872981078
    endloop
  endfacet
  facet normal -0.8106411467626305 0 -0.5855432786527117
    outer loop
      vertex -28.53085316594457 -28.475545230423954 131.5669872981078
      vertex -28.53085316594457 -28.181652604277716 131.5669872981078
      vertex -24.45787183135277 -24.402563895832152 125.92824737880875
    endloop
  endfacet
  facet normal -0.8106411467626304 0 -0.5855432786527122
    outer loop
      vertex -28.53085316594457 -28.181652604277716 131.5669872981078
      vertex -24.45787183135277 -24.108671269685914 125.92824737880875
      vertex -24.45787183135277 -24.402563895832152 125.92824737880875
    endloop
  endfacet
  facet normal -0.8221925801873097 0.03571739179108805 -0.568087694822354
    outer loop
      vertex -28.53085316594457 -28.181652604277716 131.5669872981078
      vertex -24.438667934755976 -23.740266811422266 125.923616306981
      vertex -24.45787183135277 -24.108671269685914 125.92824737880875
    endloop
  endfacet
  facet normal -0.22853038532766387 -0.7033442046672675 -0.673112763764704
    outer loop
      vertex -28.2513446687571 -28.566363046424623 131.5669872981078
      vertex -24.45787183135277 -24.402563895832152 125.92824737880875
      vertex -24.178363334165297 -24.49338171183282 125.92824737880875
    endloop
  endfacet
  facet normal 0.09127082746231807 -0.8373874691401451 -0.5389358612872283
    outer loop
      vertex -28.2513446687571 -28.566363046424623 131.5669872981078
      vertex -24.178363334165297 -24.49338171183282 125.92824737880875
      vertex -23.855378554705467 -24.48541531004052 125.97056804195695
    endloop
  endfacet
  facet normal 0.09127082746227301 -0.8373874691401331 -0.5389358612872543
    outer loop
      vertex -28.2513446687571 -28.566363046424623 131.5669872981078
      vertex -23.855378554705467 -24.48541531004052 125.97056804195695
      vertex -23.70027623862364 -24.476720562062237 125.98332548531828
    endloop
  endfacet
  facet normal -0.8883179466842365 0 0.45922894682141074
    outer loop
      vertex -27.298713719818977 -26.949513158152122 120.43301270189222
      vertex -24.45787183135277 -24.402563895832152 125.92824737880875
      vertex -24.45787183135277 -24.108671269685914 125.92824737880875
    endloop
  endfacet
  facet normal -0.8978750287367314 0.05229875255211734 0.4371330155141636
    outer loop
      vertex -27.298713719818977 -26.949513158152122 120.43301270189222
      vertex -24.45787183135277 -24.108671269685914 125.92824737880875
      vertex -24.438667934755976 -23.740266811422266 125.923616306981
    endloop
  endfacet
  facet normal -0.9003940049859307 0.06965293019820923 0.4294637413102522
    outer loop
      vertex -27.25212077467705 -26.517557175629307 120.47549709822337
      vertex -24.438667934755976 -23.740266811422266 125.923616306981
      vertex -24.292288912878405 -21.43533312728986 125.85668029238195
    endloop
  endfacet
  facet normal -0.8221925801873112 0.035717391791093275 -0.5680876948223518
    outer loop
      vertex -28.53085316594457 -28.181652604277716 131.5669872981078
      vertex -24.292288912878405 -21.43533312728986 125.85668029238195
      vertex -24.438667934755976 -23.740266811422266 125.923616306981
    endloop
  endfacet
  facet normal -0.2589259710037338 -0.79689219830531 0.5458206352089522
    outer loop
      vertex -27.019205222631506 -27.33422360029903 120.43301270189222
      vertex -24.178363334165297 -24.49338171183282 125.92824737880875
      vertex -24.45787183135277 -24.402563895832152 125.92824737880875
    endloop
  endfacet
  facet normal -0.04060589727295859 -0.8788672841049668 0.4753351007832447
    outer loop
      vertex -27.019205222631506 -27.33422360029903 120.43301270189222
      vertex -23.855378554705467 -24.48541531004052 125.97056804195695
      vertex -24.178363334165297 -24.49338171183282 125.92824737880875
    endloop
  endfacet
  facet normal 0.09127082746230374 -0.8373874691401412 -0.5389358612872366
    outer loop
      vertex -28.2513446687571 -28.566363046424623 131.5669872981078
      vertex -23.70027623862364 -24.476720562062237 125.98332548531828
      vertex -21.51832044563199 -24.34426464439318 126.14704067181978
    endloop
  endfacet
  facet normal -0.2089985693932071 -0.6432314563146547 0.7365954735123758
    outer loop
      vertex -28.53085316594457 -28.475545230423954 132.4330127018922
      vertex -28.2513446687571 -28.566363046424623 132.4330127018922
      vertex -23.711085945175412 -23.655778009654796 138.0094118112644
    endloop
  endfacet
  facet normal -0.7565688448279517 0 0.653914048660601
    outer loop
      vertex -28.53085316594457 -28.475545230423954 132.4330127018922
      vertex -23.71151284666238 -23.362312284995525 138.00891789258273
      vertex -28.53085316594457 -28.181652604277716 132.4330127018922
    endloop
  endfacet
  facet normal -0.21388688373163245 -0.6582761408785636 -0.7217512891000589
    outer loop
      vertex -23.711085945175412 -23.655778009654796 138.0094118112644
      vertex -28.030703022811363 -28.345721400478887 143.5669872981078
      vertex -28.310211519998834 -28.254903584478217 143.5669872981078
    endloop
  endfacet
  facet normal -0.7565688448279492 -4.920252348647038e-15 0.653914048660604
    outer loop
      vertex -28.53085316594457 -28.475545230423954 132.4330127018922
      vertex -23.711085945175412 -23.655778009654796 138.0094118112644
      vertex -23.71151284666238 -23.362312284995525 138.00891789258273
    endloop
  endfacet
  facet normal -0.7695166594711791 -0.0021942447340002258 -0.6386229686492374
    outer loop
      vertex -23.711085945175412 -23.655778009654796 138.0094118112644
      vertex -28.310211519998834 -28.254903584478217 143.5669872981078
      vertex -23.71151284666238 -23.362312284995525 138.00891789258273
    endloop
  endfacet
  facet normal -0.20899856939320696 -0.6432314563146555 0.7365954735123753
    outer loop
      vertex -28.2513446687571 -28.566363046424623 132.4330127018922
      vertex -23.43157744798794 -23.746595825655465 138.0094118112644
      vertex -23.711085945175412 -23.655778009654796 138.0094118112644
    endloop
  endfacet
  facet normal -0.027681597810409443 -0.7443181641216599 0.6672512268263165
    outer loop
      vertex -28.2513446687571 -28.566363046424623 132.4330127018922
      vertex -20.64906767780171 -23.712551636165074 138.1628233313439
      vertex -23.43157744798794 -23.746595825655465 138.0094118112644
    endloop
  endfacet
  facet normal -0.213886883731632 -0.658276140878563 -0.7217512891000594
    outer loop
      vertex -23.711085945175412 -23.655778009654796 138.0094118112644
      vertex -23.43157744798794 -23.746595825655465 138.0094118112644
      vertex -28.030703022811363 -28.345721400478887 143.5669872981078
    endloop
  endfacet
  facet normal -0.7695166594711783 -0.0021942447340017983 -0.6386229686492383
    outer loop
      vertex -23.71151284666238 -23.362312284995525 138.00891789258273
      vertex -28.310211519998834 -28.254903584478217 143.5669872981078
      vertex -23.638947384805235 -21.29067098840033 137.91436128755674
    endloop
  endfacet
  facet normal 0.043554335352012793 -0.7870861101088524 -0.6153035634105819
    outer loop
      vertex -23.43157744798794 -23.746595825655465 138.0094118112644
      vertex -20.64906767780171 -23.712551636165074 138.1628233313439
      vertex -28.030703022811363 -28.345721400478887 143.5669872981078
    endloop
  endfacet
  facet normal -0.2799809633056546 -0.8616928014882779 -0.4231975614883916
    outer loop
      vertex -28.512465768592573 -28.401849897551333 144
      vertex -28.310211519998834 -28.254903584478217 143.5669872981078
      vertex -27.953448774217623 -28.583485529552675 144
    endloop
  endfacet
  facet normal -0.2799809633056546 -0.8616928014882779 0.4231975614883916
    outer loop
      vertex -28.512465768592573 -28.401849897551333 144
      vertex -27.953448774217623 -28.583485529552675 144
      vertex -28.310211519998834 -28.254903584478217 144.4330127018922
    endloop
  endfacet
  facet normal -0.27998096330565264 -0.8616928014882778 -0.42319756148839316
    outer loop
      vertex -28.310211519998834 -28.254903584478217 143.5669872981078
      vertex -28.030703022811363 -28.345721400478887 143.5669872981078
      vertex -27.953448774217623 -28.583485529552675 144
    endloop
  endfacet
  facet normal -0.27998096330565264 -0.8616928014882778 0.42319756148839316
    outer loop
      vertex -28.310211519998834 -28.254903584478217 144.4330127018922
      vertex -27.953448774217623 -28.583485529552675 144
      vertex -28.030703022811363 -28.345721400478887 144.4330127018922
    endloop
  endfacet
  facet normal -0.2277794220336696 -0.7010329773003207 0.6757731125425571
    outer loop
      vertex -28.310211519998834 -28.254903584478217 144.4330127018922
      vertex -28.030703022811363 -28.345721400478887 144.4330127018922
      vertex -23.860370832933533 -24.175389210601057 150.164901371932
    endloop
  endfacet
  facet normal -0.8072469640402244 -0.003950775523808149 0.5902005849036418
    outer loop
      vertex -28.310211519998834 -28.254903584478217 144.4330127018922
      vertex -24.139879330121 -24.084571394600385 150.164901371932
      vertex -24.172348591768433 -24.061732720727193 150.1206444140707
    endloop
  endfacet
  facet normal -0.22777942203367915 -0.7010329773003149 0.6757731125425598
    outer loop
      vertex -28.310211519998834 -28.254903584478217 144.4330127018922
      vertex -23.860370832933533 -24.175389210601057 150.164901371932
      vertex -24.139879330121 -24.084571394600385 150.164901371932
    endloop
  endfacet
  facet normal -0.8072469640401497 -0.003950775524022249 0.5902005849037427
    outer loop
      vertex -28.310211519998834 -28.254903584478217 144.4330127018922
      vertex -24.172348591768433 -24.061732720727193 150.1206444140707
      vertex -24.173493160835132 -23.01199543534241 150.12610582253416
    endloop
  endfacet
  facet normal -0.8072469640368376 -0.003950775532414893 0.5902005849082168
    outer loop
      vertex -28.310211519998834 -28.254903584478217 144.4330127018922
      vertex -24.173493160835132 -23.01199543534241 150.12610582253416
      vertex -24.173494992259812 -23.011621227291233 150.12610582253416
    endloop
  endfacet
  facet normal -0.009401009037210872 -0.8053208734230181 0.5927646344530597
    outer loop
      vertex -28.030703022811363 -28.345721400478887 144.4330127018922
      vertex -23.606143132947714 -24.236179888282766 150.08634404574383
      vertex -23.860370832933533 -24.175389210601057 150.164901371932
    endloop
  endfacet
  facet normal -0.2987746534071353 -0.9195338321165167 -0.2553257489454592
    outer loop
      vertex -24.172348591768433 -24.061732720727193 150.1206444140707
      vertex -24.139879330121 -24.084571394600385 150.164901371932
      vertex -24.845491502812525 -25.475528258147577 156
    endloop
  endfacet
  facet normal -0.29877465340718795 -0.9195338321164991 -0.25532574894546134
    outer loop
      vertex -24.139879330121 -24.084571394600385 150.164901371932
      vertex -23.860370832933533 -24.175389210601057 150.164901371932
      vertex -24.845491502812525 -25.475528258147577 156
    endloop
  endfacet
  facet normal -0.9787372801759566 -9.482703761798561e-16 -0.20511785976304148
    outer loop
      vertex -24.172348591768433 -24.061732720727193 150.1206444140707
      vertex -25.404508497187475 -25.293892626146235 156
      vertex -24.17350237388318 -23.011638308050042 150.126149783375
    endloop
  endfacet
  facet normal -0.29877465340717385 -0.9195338321165041 -0.25532574894546006
    outer loop
      vertex -23.860370832933533 -24.175389210601057 150.164901371932
      vertex -23.606143132947714 -24.236179888282766 150.08634404574383
      vertex -24.845491502812525 -25.475528258147577 156
    endloop
  endfacet
  facet normal 0.022661199992483064 -0.9794287986917235 -0.20051358634314068
    outer loop
      vertex -23.606143132947714 -24.236179888282766 150.08634404574383
      vertex -21.358896240206835 -24.201208327037843 150.16949630168057
      vertex -24.845491502812525 -25.475528258147577 156
    endloop
  endfacet
  facet normal -0.9787372801767193 -2.0877074238375983e-14 -0.20511785975940233
    outer loop
      vertex -24.172348591768433 -24.061732720727193 150.1206444140707
      vertex -24.17350237388318 -23.011638308050042 150.126149783375
      vertex -24.173493160835132 -23.01199543534241 150.12610582253416
    endloop
  endfacet
  facet normal -0.9060374296629655 0 0.4231975614883984
    outer loop
      vertex -25.404508497187475 -25.293892626146235 156
      vertex -25.202254248593736 -25.14694631307312 156.4330127018922
      vertex -25.202254248593736 -24.85305368692688 156.4330127018922
    endloop
  endfacet
  facet normal -0.9060374296629654 0 0.42319756148839843
    outer loop
      vertex -25.404508497187475 -25.293892626146235 156
      vertex -25.202254248593736 -24.85305368692688 156.4330127018922
      vertex -25.404508497187475 -24.706107373853765 156
    endloop
  endfacet
  facet normal -0.2799809633056546 -0.8616928014882779 0.4231975614883916
    outer loop
      vertex -25.404508497187475 -25.293892626146235 156
      vertex -24.845491502812525 -25.475528258147577 156
      vertex -25.202254248593736 -25.14694631307312 156.4330127018922
    endloop
  endfacet
  facet normal -0.2799809633056527 -0.8616928014882778 0.42319756148839316
    outer loop
      vertex -24.845491502812525 -25.475528258147577 156
      vertex -24.922745751406264 -25.23776412907379 156.4330127018922
      vertex -25.202254248593736 -25.14694631307312 156.4330127018922
    endloop
  endfacet
  facet normal -0.2987746534071757 -0.9195338321165032 -0.25532574894546056
    outer loop
      vertex -24.172348591768433 -24.061732720727193 150.1206444140707
      vertex -24.845491502812525 -25.475528258147577 156
      vertex -25.404508497187475 -25.293892626146235 156
    endloop
  endfacet
  facet normal -0.9787372801759568 0 -0.20511785976304114
    outer loop
      vertex -25.404508497187475 -25.293892626146235 156
      vertex -25.404508497187475 -24.706107373853765 156
      vertex -24.17350237388318 -23.011638308050042 150.126149783375
    endloop
  endfacet
  facet normal -0.8221925801873131 0.03571739179109667 -0.5680876948223486
    outer loop
      vertex -28.53085316594457 -28.181652604277716 131.5669872981078
      vertex -24.354778666860543 -19.854531643277955 126.04651140295366
      vertex -24.292288912878405 -21.43533312728986 125.85668029238195
    endloop
  endfacet
  facet normal -0.9003940049859306 0.06965293019820931 0.429463741310252
    outer loop
      vertex -27.25212077467705 -26.517557175629307 120.47549709822337
      vertex -24.292288912878405 -21.43533312728986 125.85668029238195
      vertex -24.147849872052866 -19.568189188403903 125.85668029238195
    endloop
  endfacet
  facet normal -0.9003940049859308 0.06965293019820915 0.42946374131025206
    outer loop
      vertex -27.25212077467705 -26.517557175629307 120.47549709822337
      vertex -24.147849872052866 -19.568189188403903 125.85668029238195
      vertex -24.01674677372929 -17.873437173955807 125.85668029238195
    endloop
  endfacet
  facet normal -0.71548163648802 0.0553484276976937 -0.696435624734848
    outer loop
      vertex -24.292288912878405 -21.43533312728986 125.85668029238195
      vertex -24.354778666860543 -19.854531643277955 126.04651140295366
      vertex -24.147849872052866 -19.568189188403903 125.85668029238195
    endloop
  endfacet
  facet normal -0.71548163648802 0.05534842769769358 -0.6964356247348481
    outer loop
      vertex -24.354778666860543 -19.854531643277955 126.04651140295366
      vertex -24.01674677372929 -17.873437173955807 125.85668029238195
      vertex -24.147849872052866 -19.568189188403903 125.85668029238195
    endloop
  endfacet
  facet normal -0.7787451394511168 0.055798306618973094 0.6248540283615972
    outer loop
      vertex -28.53085316594457 -28.181652604277716 132.4330127018922
      vertex -23.71151284666238 -23.362312284995525 138.00891789258273
      vertex -23.669606926241446 0.2186293853886555 135.95541015540664
    endloop
  endfacet
  facet normal -0.9858744575719228 -0.004825002580177156 -0.16741646650604042
    outer loop
      vertex -24.173493160835132 -23.01199543534241 150.12610582253416
      vertex -24.17350237388318 -23.011638308050042 150.126149783375
      vertex -24.173494992259812 -23.011621227291233 150.12610582253416
    endloop
  endfacet
  facet normal -0.807246964040153 -0.003950775524015668 0.5902005849037383
    outer loop
      vertex -28.310211519998834 -28.254903584478217 144.4330127018922
      vertex -24.173494992259812 -23.011621227291233 150.12610582253416
      vertex -26.03355726799322 0.4434059709684372 147.7390121569608
    endloop
  endfacet
  facet normal 0.012595427847718178 -0.8908888841526582 0.45404663999479666
    outer loop
      vertex -26.941950974037766 -27.571987729372818 120
      vertex -1.415269104776623 -27.18633892351096 120.0485649550306
      vertex -23.855378554705467 -24.48541531004052 125.97056804195695
    endloop
  endfacet
  facet normal 0.012595427847742114 -0.8908888841526205 0.45404663999487005
    outer loop
      vertex -23.855378554705467 -24.48541531004052 125.97056804195695
      vertex -1.415269104776623 -27.18633892351096 120.0485649550306
      vertex -23.70027623862364 -24.476720562062237 125.98332548531828
    endloop
  endfacet
  facet normal -0.2333729524753242 0 0.9723873019805175
    outer loop
      vertex -25.202254248593736 -25.14694631307312 156.4330127018922
      vertex -0.20225424859373686 -0.14694631307311828 162.4330127018922
      vertex -25.202254248593736 -24.85305368692688 156.4330127018922
    endloop
  endfacet
  facet normal -0.057817566105268066 -0.17794417136172588 0.9823405727791414
    outer loop
      vertex -25.202254248593736 -25.14694631307312 156.4330127018922
      vertex -24.922745751406264 -25.23776412907379 156.4330127018922
      vertex 0.07725424859373685 -0.23776412907378838 162.4330127018922
    endloop
  endfacet
  facet normal -0.905778463467942 0.0019753265438973927 -0.4237469447709318
    outer loop
      vertex -24.714503152401022 -23.430522847204706 90.06512243641598
      vertex -25.86230012694657 -1.601809540886491 92.6203470348504
      vertex -24.648572700053368 -20.98487383978318 89.9355936478333
    endloop
  endfacet
  facet normal -0.6645488209461148 0.015556309461307984 0.7470829042449523
    outer loop
      vertex -29.25870638760241 -24.89781320140201 84.43301270189222
      vertex -28.698780794235486 -24.83455883285386 84.92976331182982
      vertex -22.08730776661933 17.19831157684873 89.9355936478333
    endloop
  endfacet
  facet normal -0.7959795046062682 0.05339298884142351 0.6029641921286365
    outer loop
      vertex -28.698780794235486 -24.83455883285386 84.92976331182982
      vertex -24.648572700053368 -20.98487383978318 89.9355936478333
      vertex -22.126419474083136 16.615236566311147 89.9355936478333
    endloop
  endfacet
  facet normal -0.941473127756595 -0.010063270923080712 -0.33693779884504316
    outer loop
      vertex -26.809842588182345 -26.699226717141105 96
      vertex -27.380427124780475 26.68202600144677 96
      vertex -26.67126856225538 -26.56065269121414 95.60865705767334
    endloop
  endfacet
  facet normal -0.9121957156525208 0 -0.4097547758662311
    outer loop
      vertex -24.714503152401022 -23.430522847204706 90.06512243641598
      vertex -25.86230012694657 -2.189594793178964 92.6203470348504
      vertex -25.86230012694657 -1.601809540886491 92.6203470348504
    endloop
  endfacet
  facet normal -0.905778463467937 0.001975326543899155 -0.4237469447709422
    outer loop
      vertex -24.648572700053368 -20.98487383978318 89.9355936478333
      vertex -25.86230012694657 -1.601809540886491 92.6203470348504
      vertex -25.660045878352832 -1.748755853959609 92.18733433295817
    endloop
  endfacet
  facet normal -0.9047327145180045 -0.009670557927515037 0.4258699280182315
    outer loop
      vertex -26.809842588182345 -26.699226717141105 96
      vertex -26.607588339588606 -26.55228040406799 96.43301270189222
      vertex -27.178172876186736 26.828972314519884 96.43301270189222
    endloop
  endfacet
  facet normal -0.7092773694348662 -0.03315436897074716 0.7041494166905968
    outer loop
      vertex -26.607588339588606 -26.55228040406799 96.43301270189222
      vertex -21.55140900168977 -17.59947030994154 101.94755018118367
      vertex -23.166011931413383 16.942020124897656 101.94755018118367
    endloop
  endfacet
  facet normal -0.9057470019031336 0.002213314900247846 -0.4238130127551975
    outer loop
      vertex -27.499121800685916 -26.047066178016415 120
      vertex -27.368863081488207 27.25824721044697 120
      vertex -27.296867552092177 -26.19401249108953 119.56698729810778
    endloop
  endfacet
  facet normal -0.9057470019031336 0.002213314900247846 0.4238130127551975
    outer loop
      vertex -27.499121800685916 -26.047066178016415 120
      vertex -27.296867552092177 -26.19401249108953 120.43301270189222
      vertex -27.368863081488207 27.25824721044697 120
    endloop
  endfacet
  facet normal -0.8529558897332574 0.0020843127010431732 -0.521978836553659
    outer loop
      vertex -23.842722071354775 -23.144320948021065 113.93481025356844
      vertex -25.197668829704803 -0.8414401035687358 116.23796109309487
      vertex -23.78362895570888 -20.916348581623637 113.8471438067176
    endloop
  endfacet
  facet normal -0.9483877978913607 0.03754437141247892 0.3148825256917531
    outer loop
      vertex -25.743897198785746 -25.045496075452036 108.43538514701035
      vertex -23.78362895570888 -20.916348581623637 113.8471438067176
      vertex -22.268119835255757 17.366097051573973 113.84714380671763
    endloop
  endfacet
  facet normal -0.903065097223173 0.02113969609653548 -0.42898315051555014
    outer loop
      vertex -29.25870638760241 -24.89781320140201 83.56698729810778
      vertex -29.46096063619615 -24.750866888328893 84
      vertex -28.021228307986608 27.96592037246599 83.56698729810778
    endloop
  endfacet
  facet normal -0.903065097223173 0.02113969609653548 0.42898315051555014
    outer loop
      vertex -29.25870638760241 -24.89781320140201 84.43301270189222
      vertex -28.021228307986608 27.96592037246599 84.43301270189222
      vertex -29.46096063619615 -24.750866888328893 84
    endloop
  endfacet
  facet normal -0.6985228721179937 0.046855759100133794 -0.7140520534016964
    outer loop
      vertex -24.648572700053368 -20.98487383978318 89.9355936478333
      vertex -25.660045878352832 -1.748755853959609 92.18733433295817
      vertex -22.126419474083136 16.615236566311147 89.9355936478333
    endloop
  endfacet
  facet normal -0.9414731277565936 -0.010063270923080665 -0.33693779884504715
    outer loop
      vertex -26.67126856225538 -26.56065269121414 95.60865705767334
      vertex -27.380427124780475 26.68202600144677 96
      vertex -25.86230012694657 -2.189594793178964 92.6203470348504
    endloop
  endfacet
  facet normal -0.7526361708203358 -0.0699977568475988 -0.6547053599973095
    outer loop
      vertex -25.692157485131645 -25.63684954961103 107.56698729810778
      vertex -30.919627877359705 30.57042731569285 107.56698729810778
      vertex -25.355231509088906 -25.29992357356829 107.14364153688393
    endloop
  endfacet
  facet normal -0.8918271632738255 -0.08294299868272861 -0.44470751041159445
    outer loop
      vertex -25.894411733725384 -25.783795862684144 108
      vertex -31.121882125953444 30.423481002619734 108
      vertex -25.692157485131645 -25.63684954961103 107.56698729810778
    endloop
  endfacet
  facet normal -0.8918271632738259 -0.08294299868272866 0.4447075104115934
    outer loop
      vertex -25.894411733725384 -25.783795862684144 108
      vertex -25.74471736335975 -25.071710504162585 108.43301270189222
      vertex -31.121882125953444 30.423481002619734 108
    endloop
  endfacet
  facet normal -0.5877535945719179 -0.05466310920760713 0.8071912143721256
    outer loop
      vertex -25.743897198785746 -25.045496075452036 108.43538514701035
      vertex -30.919627877359705 30.57042731569285 108.43301270189222
      vertex -25.74471736335975 -25.071710504162585 108.43301270189222
    endloop
  endfacet
  facet normal -0.8529558897332482 0.0020843127010456907 -0.521978836553674
    outer loop
      vertex -27.296867552092177 -26.19401249108953 119.56698729810778
      vertex -27.166608832894468 27.111300897373855 119.56698729810778
      vertex -25.197668829704803 -0.8414401035687358 116.23796109309487
    endloop
  endfacet
  facet normal -0.6821698641613017 0.0016669740243973024 0.7311918336714062
    outer loop
      vertex -27.296867552092177 -26.19401249108953 120.43301270189222
      vertex -23.750399833331468 -1.03636576475755 123.68435680732988
      vertex -27.166608832894468 27.111300897373855 120.43301270189222
    endloop
  endfacet
  facet normal -0.7342100014742118 0.029065592209636185 -0.6782999816340417
    outer loop
      vertex -23.78362895570888 -20.916348581623637 113.8471438067176
      vertex -25.197668829704803 -0.8414401035687358 116.23796109309487
      vertex -22.268119835255757 17.366097051573973 113.84714380671763
    endloop
  endfacet
  facet normal -0.7526361708203362 -0.06999775684760075 -0.6547053599973089
    outer loop
      vertex -21.291731862483097 -21.23642392696248 102.03787506755452
      vertex -24.99925476172393 0.12880648354300528 104.01570771406153
      vertex -21.55140900168977 -17.59947030994154 101.94755018118367
    endloop
  endfacet
  facet normal -0.6194585676516914 -0.028955890599440204 -0.7844951493556275
    outer loop
      vertex -21.55140900168977 -17.59947030994154 101.94755018118367
      vertex -24.99925476172393 0.12880648354300528 104.01570771406153
      vertex -23.166011931413383 16.942020124897656 101.94755018118367
    endloop
  endfacet
  facet normal -0.9001903565444682 0.03910574289534412 -0.4337373201108551
    outer loop
      vertex -28.53085316594457 -28.181652604277716 131.5669872981078
      vertex -28.73310741453831 -28.0347062912046 132
      vertex -26.172042336201034 26.116734400680418 131.5669872981078
    endloop
  endfacet
  facet normal -0.9001903565444682 0.03910574289534411 0.43373732011085503
    outer loop
      vertex -28.73310741453831 -28.0347062912046 132
      vertex -28.53085316594457 -28.181652604277716 132.4330127018922
      vertex -26.172042336201034 26.116734400680418 132.4330127018922
    endloop
  endfacet
  facet normal -0.9003940049859304 0.0696529301982085 0.4294637413102531
    outer loop
      vertex -27.25212077467705 -26.517557175629307 120.47549709822337
      vertex -24.01674677372929 -17.873437173955807 125.85668029238195
      vertex -23.750399833331468 -1.03636576475755 123.68435680732988
    endloop
  endfacet
  facet normal -0.7787451394510297 0.055798306618982295 0.6248540283617049
    outer loop
      vertex -23.71151284666238 -23.362312284995525 138.00891789258273
      vertex -23.638947384805235 -21.29067098840033 137.91436128755674
      vertex -23.669606926241446 0.2186293853886555 135.95541015540664
    endloop
  endfacet
  facet normal -0.7787451394510966 0.05579830661897469 0.6248540283616223
    outer loop
      vertex -23.638947384805235 -21.29067098840033 137.91436128755674
      vertex -23.61433342073076 -20.587977129027234 137.88228800063004
      vertex -23.669606926241446 0.2186293853886555 135.95541015540664
    endloop
  endfacet
  facet normal -0.7787451394516886 0.055798306618905356 0.6248540283608907
    outer loop
      vertex -23.61433342073076 -20.587977129027234 137.88228800063004
      vertex -23.606410452706797 -20.373548130638703 137.87301415122144
      vertex -23.669606926241446 0.2186293853886555 135.95541015540664
    endloop
  endfacet
  facet normal -0.7787451394511277 0.05579830661897163 0.6248540283615838
    outer loop
      vertex -23.606410452706797 -20.373548130638703 137.87301415122144
      vertex -23.283748231479805 -15.870335547846972 137.87301415122144
      vertex -23.669606926241446 0.2186293853886555 135.95541015540664
    endloop
  endfacet
  facet normal -0.9056980772413115 -0.0025825603800966805 -0.4239154671196544
    outer loop
      vertex -28.512465768592573 -28.401849897551333 144
      vertex -28.673221497974502 27.974820374640796 144
      vertex -28.310211519998834 -28.254903584478217 143.5669872981078
    endloop
  endfacet
  facet normal -0.9056980772413114 -0.0025825603800966805 0.42391546711965444
    outer loop
      vertex -28.512465768592573 -28.401849897551333 144
      vertex -28.310211519998834 -28.254903584478217 144.4330127018922
      vertex -28.470967249380763 28.12176668771391 144.4330127018922
    endloop
  endfacet
  facet normal -0.8072469640401542 -0.003950775524015947 0.5902005849037366
    outer loop
      vertex -24.173494992259812 -23.011621227291233 150.12610582253416
      vertex -24.187422102414768 -20.165947682413893 150.12610582253416
      vertex -26.03355726799322 0.4434059709684372 147.7390121569608
    endloop
  endfacet
  facet normal -0.9060374296629655 0 0.42319756148839843
    outer loop
      vertex -25.404508497187475 -24.706107373853765 156
      vertex -25.202254248593736 -24.85305368692688 156.4330127018922
      vertex -25.202254248593736 24.85305368692688 156.4330127018922
    endloop
  endfacet
  facet normal -0.9787372801759568 0 -0.20511785976304114
    outer loop
      vertex -25.404508497187475 -24.706107373853765 156
      vertex -25.404508497187475 24.706107373853765 156
      vertex -24.17350237388318 -23.011638308050042 150.126149783375
    endloop
  endfacet
  facet normal -0.8221925801873122 0.035717391791095406 -0.5680876948223502
    outer loop
      vertex -28.53085316594457 -28.181652604277716 131.5669872981078
      vertex -26.172042336201034 26.116734400680418 131.5669872981078
      vertex -24.354778666860543 -19.854531643277955 126.04651140295366
    endloop
  endfacet
  facet normal -0.9003940049859276 0.06965293019820913 0.4294637413102586
    outer loop
      vertex -24.01674677372929 -17.873437173955807 125.85668029238195
      vertex -23.527216347017923 0.5876874450095663 123.88887467410605
      vertex -23.750399833331468 -1.03636576475755 123.68435680732988
    endloop
  endfacet
  facet normal -0.7695166594711835 -0.0021942447339933255 -0.6386229686492321
    outer loop
      vertex -28.310211519998834 -28.254903584478217 143.5669872981078
      vertex -28.470967249380763 28.12176668771391 143.5669872981078
      vertex -23.638947384805235 -21.29067098840033 137.91436128755674
    endloop
  endfacet
  facet normal -0.769516659471169 -0.002194244733989893 -0.6386229686492496
    outer loop
      vertex -23.638947384805235 -21.29067098840033 137.91436128755674
      vertex -28.470967249380763 28.12176668771391 143.5669872981078
      vertex -23.61433342073076 -20.587977129027234 137.88228800063004
    endloop
  endfacet
  facet normal -0.7603107160700094 6.378448325812097e-14 -0.6495595546438446
    outer loop
      vertex -23.61433342073076 -20.587977129027234 137.88228800063004
      vertex -28.470967249380763 28.12176668771391 143.5669872981078
      vertex -23.606410452706797 -20.373548130638703 137.87301415122144
    endloop
  endfacet
  facet normal -0.6963191925365014 0.030249245749480444 0.7170945301959164
    outer loop
      vertex -28.53085316594457 -28.181652604277716 132.4330127018922
      vertex -23.669606926241446 0.2186293853886555 135.95541015540664
      vertex -26.172042336201034 26.116734400680418 132.4330127018922
    endloop
  endfacet
  facet normal -0.8140737666936136 -0.0023212974711647088 0.5807568458135662
    outer loop
      vertex -28.310211519998834 -28.254903584478217 144.4330127018922
      vertex -26.03355726799322 0.4434059709684372 147.7390121569608
      vertex -28.470967249380763 28.12176668771391 144.4330127018922
    endloop
  endfacet
  facet normal -0.985874457571934 -0.004825002580013558 -0.16741646650597877
    outer loop
      vertex -24.173494992259812 -23.011621227291233 150.12610582253416
      vertex -24.17350237388318 -23.011638308050042 150.126149783375
      vertex -25.404508497187475 24.706107373853765 156
    endloop
  endfacet
  facet normal -0.9858744575595636 -0.004825002570694187 -0.16741646657909398
    outer loop
      vertex -24.173494992259812 -23.011621227291233 150.12610582253416
      vertex -25.404508497187475 24.706107373853765 156
      vertex -24.187422102414768 -20.165947682413893 150.12610582253416
    endloop
  endfacet
  facet normal -0.7154816364880167 0.05534842769769268 -0.6964356247348515
    outer loop
      vertex -24.354778666860543 -19.854531643277955 126.04651140295366
      vertex -21.379816096873338 16.21380892248573 125.85668029238195
      vertex -24.01674677372929 -17.873437173955807 125.85668029238195
    endloop
  endfacet
  facet normal -0.5624552224711756 0.04030079595104575 -0.8258450027460436
    outer loop
      vertex -23.606410452706797 -20.373548130638703 137.87301415122144
      vertex -20.74711489889075 20.69180696337013 137.92961167171623
      vertex -23.283748231479805 -15.870335547846972 137.87301415122144
    endloop
  endfacet
  facet normal -0.9003940049859313 0.06965293019820844 0.42946374131025106
    outer loop
      vertex -24.01674677372929 -17.873437173955807 125.85668029238195
      vertex -21.379816096873338 16.21380892248573 125.85668029238195
      vertex -23.527216347017923 0.5876874450095663 123.88887467410605
    endloop
  endfacet
  facet normal -0.778745139451119 0.055798306618973115 0.6248540283615944
    outer loop
      vertex -23.283748231479805 -15.870335547846972 137.87301415122144
      vertex -21.02312953778165 15.67983015684436 137.87301415122144
      vertex -23.669606926241446 0.2186293853886555 135.95541015540664
    endloop
  endfacet
  facet normal -0.2333729524753242 0 0.9723873019805176
    outer loop
      vertex -25.202254248593736 -24.85305368692688 156.4330127018922
      vertex -0.20225424859373686 -0.14694631307311828 162.4330127018922
      vertex -25.202254248593736 24.85305368692688 156.4330127018922
    endloop
  endfacet
  facet normal 0.0659135641702836 -0.8696373132067765 0.4892712392291917
    outer loop
      vertex -28.99810366035226 -29.628140415687312 84
      vertex 22.58963663711865 -25.474463432308863 84.43301270189222
      vertex -29.075357908946 -29.390376286613524 84.43301270189222
    endloop
  endfacet
  facet normal 0.06591356417028355 -0.8696373132067764 -0.48927123922919163
    outer loop
      vertex -28.99810366035226 -29.628140415687312 84
      vertex -29.075357908946 -29.390376286613524 83.56698729810778
      vertex 25.122013763068868 -25.282523643548917 83.56698729810778
    endloop
  endfacet
  facet normal -0.048045439045092585 -0.879130835079815 0.4741525182879781
    outer loop
      vertex -26.250825593807395 -26.880862349142447 96
      vertex 29.53559799560522 -29.69610787608527 96.43301270189222
      vertex -26.328079842401134 -26.64309822006866 96.43301270189222
    endloop
  endfacet
  facet normal 0.06051169848869293 -0.7983672488918435 0.5991227505635909
    outer loop
      vertex -29.075357908946 -29.390376286613524 84.43301270189222
      vertex 18.69670453048019 -25.414164629890323 84.9065525943522
      vertex -23.176103346198836 -24.765584048544014 90
    endloop
  endfacet
  facet normal -0.009230011810119931 -0.9415743878681897 -0.33667859895251556
    outer loop
      vertex -24.152955496897007 -24.78299225223206 90.07546507469792
      vertex -23.176103346198836 -24.765584048544014 90
      vertex 22.978373872899297 -25.218024530476306 90
    endloop
  endfacet
  facet normal -0.03861011988657113 -0.7064842701625833 0.7066747729013585
    outer loop
      vertex -26.328079842401134 -26.64309822006866 96.43301270189222
      vertex 14.789101595554865 -27.126244696638217 98.19648858446836
      vertex -21.012223365295625 -21.32724174296315 102.03787506755452
    endloop
  endfacet
  facet normal -0.009230011810119926 -0.9415743878681893 -0.3366785989525168
    outer loop
      vertex -24.152955496897007 -24.78299225223206 90.07546507469792
      vertex 22.978373872899297 -25.218024530476306 90
      vertex -26.11225156788043 -26.742288323215483 95.60865705767334
    endloop
  endfacet
  facet normal -0.009230011810120994 -0.9415743878681863 -0.33667859895252533
    outer loop
      vertex -26.11225156788043 -26.742288323215483 95.60865705767334
      vertex 22.978373872899297 -25.218024530476306 90
      vertex -21.30078211452353 -26.640587215764548 95.19232801772769
    endloop
  endfacet
  facet normal -0.038610119886569205 -0.7064842701625762 0.7066747729013657
    outer loop
      vertex -21.012223365295625 -21.32724174296315 102.03787506755452
      vertex 14.789101595554865 -27.126244696638217 98.19648858446836
      vertex -16.848802360572208 -21.612725943027314 101.97994189353366
    endloop
  endfacet
  facet normal -0.047683175238285774 -0.8306533042016475 -0.5547444483886974
    outer loop
      vertex -25.412648987944173 -25.727667365611698 107.56698729810778
      vertex -22.164399970698955 -25.652943331681545 107.1758944382794
      vertex 3.4227312728461268 -27.253220169700903 107.3727410773478
    endloop
  endfacet
  facet normal 0.0036834400655403506 -0.8762681633081462 -0.4818096493864062
    outer loop
      vertex -27.019205222631506 -27.33422360029903 119.56698729810778
      vertex 19.45738011313094 -24.113474481536997 114.06471850458145
      vertex -26.941950974037766 -27.571987729372818 120
    endloop
  endfacet
  facet normal -0.060948725291840096 -0.7567904786945715 -0.6508098218700613
    outer loop
      vertex -25.075723011901434 -25.39074138956896 107.14364153688393
      vertex 20.99094619064431 -24.660180297287575 101.97994189353366
      vertex -22.164399970698955 -25.652943331681545 107.1758944382794
    endloop
  endfacet
  facet normal -0.0030562658688877728 -0.8515475683281012 -0.5242684408901955
    outer loop
      vertex -27.019205222631506 -27.33422360029903 119.56698729810778
      vertex -20.145909518442583 -23.97133540804484 114.06471850458145
      vertex 19.45738011313094 -24.113474481536997 114.06471850458145
    endloop
  endfacet
  facet normal -0.04804543904509265 -0.8791308350798169 -0.47415251828797483
    outer loop
      vertex -26.250825593807395 -26.880862349142447 96
      vertex -24.672030770120802 -26.75705381900947 95.61046756090458
      vertex 29.53559799560522 -29.69610787608527 95.56698729810778
    endloop
  endfacet
  facet normal -0.04804543904509123 -0.87913083507979 -0.4741525182880246
    outer loop
      vertex -24.672030770120802 -26.75705381900947 95.61046756090458
      vertex -24.495803049534697 -26.743234103662605 95.56698729810778
      vertex 29.53559799560522 -29.69610787608527 95.56698729810778
    endloop
  endfacet
  facet normal -0.04388791082248673 -0.8030567824569007 -0.5942841537796607
    outer loop
      vertex -24.495803049534697 -26.743234103662605 95.56698729810778
      vertex -21.30078211452353 -26.640587215764548 95.19232801772769
      vertex 29.53559799560522 -29.69610787608527 95.56698729810778
    endloop
  endfacet
  facet normal 0.05529659691803674 -0.7295612758710376 -0.6816763389752557
    outer loop
      vertex -29.075357908946 -29.390376286613524 83.56698729810778
      vertex -9.118364177110266 -25.593784897197985 81.1225835177994
      vertex 25.122013763068868 -25.282523643548917 83.56698729810778
    endloop
  endfacet
  facet normal -0.0504703126565795 -0.8792059623289732 -0.47376114588000057
    outer loop
      vertex -25.335394739350434 -25.965431494685486 108
      vertex -25.412648987944173 -25.727667365611698 107.56698729810778
      vertex 28.67184686694498 -28.832356747425028 107.56698729810778
    endloop
  endfacet
  facet normal -0.053836909309788586 -0.9378529509140999 0.3428314887195814
    outer loop
      vertex -25.335394739350434 -25.965431494685486 108
      vertex 28.749101115538718 -29.070120876498816 108
      vertex -23.271620919829076 -23.901657675164127 113.96976543274556
    endloop
  endfacet
  facet normal -0.060948725291841456 -0.7567904786945624 -0.6508098218700722
    outer loop
      vertex -25.075723011901434 -25.39074138956896 107.14364153688393
      vertex -16.848802360572208 -21.612725943027314 101.97994189353366
      vertex 20.99094619064431 -24.660180297287575 101.97994189353366
    endloop
  endfacet
  facet normal -0.053836909309779045 -0.9378529509140773 0.3428314887196449
    outer loop
      vertex -23.271620919829076 -23.901657675164127 113.96976543274556
      vertex 28.749101115538718 -29.070120876498816 108
      vertex -23.086903091215447 -23.90855792780386 113.97989640029384
    endloop
  endfacet
  facet normal -0.03249822782397152 -0.8785233247197507 0.47659273296144256
    outer loop
      vertex -23.086903091215447 -23.90855792780386 113.97989640029384
      vertex 28.67184686694498 -28.832356747425028 108.43301270189222
      vertex -20.145909518442583 -23.97133540804484 114.06471850458145
    endloop
  endfacet
  facet normal 0.012595427847717876 -0.8908888841526422 0.45404663999482797
    outer loop
      vertex -26.941950974037766 -27.571987729372818 120
      vertex 26.49546730135013 -26.816487062310227 120
      vertex -1.415269104776623 -27.18633892351096 120.0485649550306
    endloop
  endfacet
  facet normal 0.09127082746230339 -0.8373874691401411 -0.5389358612872368
    outer loop
      vertex -28.2513446687571 -28.566363046424623 131.5669872981078
      vertex -21.51832044563199 -24.34426464439318 126.14704067181978
      vertex 14.753004735479063 -20.390881074140285 126.14704067181978
    endloop
  endfacet
  facet normal -0.03267305985708895 -0.878531365697507 -0.47656595623821935
    outer loop
      vertex -28.2513446687571 -28.566363046424623 131.5669872981078
      vertex 30.67161109583618 -30.992630856796286 132
      vertex -28.17409042016336 -28.80412717549841 132
    endloop
  endfacet
  facet normal -0.03267305985708895 -0.878531365697507 0.47656595623821935
    outer loop
      vertex -28.2513446687571 -28.566363046424623 132.4330127018922
      vertex -28.17409042016336 -28.80412717549841 132
      vertex 30.67161109583618 -30.992630856796286 132
    endloop
  endfacet
  facet normal 0.04355433535200998 -0.7870861101088507 -0.6153035634105842
    outer loop
      vertex -28.030703022811363 -28.345721400478887 143.5669872981078
      vertex -20.64906767780171 -23.712551636165074 138.1628233313439
      vertex 15.944514915475082 -21.687602716943726 138.1628233313439
    endloop
  endfacet
  facet normal -0.010240977086952081 -0.8772752562734546 0.4798783670042327
    outer loop
      vertex -27.953448774217623 -28.583485529552675 144
      vertex 28.849205904736582 -29.00971578521663 144.4330127018922
      vertex -28.030703022811363 -28.345721400478887 144.4330127018922
    endloop
  endfacet
  facet normal -0.010240977086952081 -0.8772752562734546 -0.47987836700423275
    outer loop
      vertex -27.953448774217623 -28.583485529552675 144
      vertex -28.030703022811363 -28.345721400478887 143.5669872981078
      vertex 28.92646015333032 -29.24747991429042 144
    endloop
  endfacet
  facet normal -0.00940100903723457 -0.80532087342301 0.5927646344530705
    outer loop
      vertex -28.030703022811363 -28.345721400478887 144.4330127018922
      vertex 26.042053496014173 -28.74087046510039 144.75374149001198
      vertex -23.606143132947714 -24.236179888282766 150.08634404574383
    endloop
  endfacet
  facet normal 0.022661199992480598 -0.9794287986917233 -0.20051358634314212
    outer loop
      vertex -24.845491502812525 -25.475528258147577 156
      vertex -21.358896240206835 -24.201208327037843 150.16949630168057
      vertex 21.47662706536554 -23.21011600699706 150.16949630168057
    endloop
  endfacet
  facet normal 0 -0.8765515079563075 0.4813080654835563
    outer loop
      vertex -24.845491502812525 -25.475528258147577 156
      vertex 25.154508497187475 -25.475528258147577 156
      vertex -24.922745751406264 -25.23776412907379 156.4330127018922
    endloop
  endfacet
  facet normal -0.027681597810406588 -0.744318164121662 0.6672512268263143
    outer loop
      vertex -28.2513446687571 -28.566363046424623 132.4330127018922
      vertex 30.59435684724244 -30.754866727722497 132.4330127018922
      vertex -20.64906767780171 -23.712551636165074 138.1628233313439
    endloop
  endfacet
  facet normal 0.01684524532942863 -0.8751561481876281 0.4835472613914649
    outer loop
      vertex -23.70027623862364 -24.476720562062237 125.98332548531828
      vertex 25.578711637841412 -26.539591382451366 120.53308115105905
      vertex -21.51832044563199 -24.34426464439318 126.14704067181978
    endloop
  endfacet
  facet normal 0.012595427847718286 -0.8908888841526578 0.45404663999479755
    outer loop
      vertex -23.70027623862364 -24.476720562062237 125.98332548531828
      vertex -1.415269104776623 -27.18633892351096 120.0485649550306
      vertex 25.65596588643515 -26.777355511525155 120.10006844916683
    endloop
  endfacet
  facet normal -0.009401009037236995 -0.8053208734230201 0.5927646344530565
    outer loop
      vertex -23.606143132947714 -24.236179888282766 150.08634404574383
      vertex 26.042053496014173 -28.74087046510039 144.75374149001198
      vertex -21.358896240206835 -24.201208327037843 150.16949630168057
    endloop
  endfacet
  facet normal 0 -0.2333729524753242 0.9723873019805175
    outer loop
      vertex -24.922745751406264 -25.23776412907379 156.4330127018922
      vertex 25.077254248593736 -25.23776412907379 156.4330127018922
      vertex 0.07725424859373685 -0.23776412907378838 162.4330127018922
    endloop
  endfacet
  facet normal -0.05781756610526913 -0.17794417136172833 0.982340572779141
    outer loop
      vertex -25.202254248593736 -25.14694631307312 156.4330127018922
      vertex 0.07725424859373685 -0.23776412907378838 162.4330127018922
      vertex -0.20225424859373686 -0.14694631307311828 162.4330127018922
    endloop
  endfacet
  facet normal 0 0 1
    outer loop
      vertex 0.07725424859373685 -0.23776412907378838 162.4330127018922
      vertex 0.25 0 162.4330127018922
      vertex -0.20225424859373686 -0.14694631307311828 162.4330127018922
    endloop
  endfacet
  facet normal 0 0 1
    outer loop
      vertex -0.20225424859373686 -0.14694631307311828 162.4330127018922
      vertex 0.07725424859373685 0.23776412907378838 162.4330127018922
      vertex -0.20225424859373686 0.14694631307311828 162.4330127018922
    endloop
  endfacet
  facet normal 0 0 1
    outer loop
      vertex -0.20225424859373686 -0.14694631307311828 162.4330127018922
      vertex 0.25 0 162.4330127018922
      vertex 0.07725424859373685 0.23776412907378838 162.4330127018922
    endloop
  endfacet
  facet normal -0.8166877229766083 -0.05169872078171014 0.5747594326401414
    outer loop
      vertex -25.202254248593736 -25.14694631307312 0.4330127018922193
      vertex -23.806908268846556 15.589972311204601 6.079911783686246
      vertex -24.018053932927288 18.92545274490001 6.079911783686245
    endloop
  endfacet
  facet normal -0.5625072315968331 0.03534380037249008 -0.8260365792000353
    outer loop
      vertex -30.3797028646724 -26.25688078090325 11.566987298107781
      vertex -26.995758778606397 26.297357655272684 11.511267601336497
      vertex -23.95954849279638 1.258690172956038 8.372360714166929
    endloop
  endfacet
  facet normal -0.6260570361838953 0.016867232332306113 0.779594820350985
    outer loop
      vertex -29.89362811034352 -25.952681215706964 12.932831362604361
      vertex -22.30113087098494 16.980024739532183 18.101131982010266
      vertex -22.25130052442136 18.829565818175134 18.101131982010262
    endloop
  endfacet
  facet normal -0.8166877229766061 -0.051698720781710526 0.5747594326401446
    outer loop
      vertex -25.202254248593736 -25.14694631307312 0.4330127018922193
      vertex -24.018053932927288 18.92545274490001 6.079911783686245
      vertex -24.085581488637125 19.992189501186516 6.079911783686246
    endloop
  endfacet
  facet normal -0.9013319894435083 -0.03220792883274791 0.43192973285722286
    outer loop
      vertex -25.404508497187475 -25.293892626146235 0
      vertex -24.157640982344073 20.073993850194988 5.984879113434351
      vertex -24.359895230937813 19.927047537121872 5.5518664115421315
    endloop
  endfacet
  facet normal -0.8166877229766092 -0.05169872078170981 0.5747594326401403
    outer loop
      vertex -25.202254248593736 -25.14694631307312 0.4330127018922193
      vertex -24.085581488637125 19.992189501186516 6.079911783686246
      vertex -24.157640982344073 20.073993850194988 5.984879113434351
    endloop
  endfacet
  facet normal -0.9061934805749365 -0.05736469694401344 -0.4189542544335878
    outer loop
      vertex -23.7809250161948 -0.21436123460576317 8.187695487408837
      vertex -23.95954849279638 1.258690172956038 8.372360714166929
      vertex -23.806908268846556 15.589972311204601 6.079911783686246
    endloop
  endfacet
  facet normal -0.9827553353984908 0 0.18491065611748814
    outer loop
      vertex -25.404508497187475 -25.293892626146235 0
      vertex -24.359895230937813 19.927047537121872 5.5518664115421315
      vertex -25.404508497187475 24.706107373853765 0
    endloop
  endfacet
  facet normal -0.7299480822769074 0.04586454689487088 0.6819620521102281
    outer loop
      vertex -30.3797028646724 -26.25688078090325 12.433012701892219
      vertex -22.133060818711957 21.566568655663893 18.043617713527926
      vertex -27.034726931571363 26.979418996050743 12.433012701892219
    endloop
  endfacet
  facet normal -0.7299480822769077 0.04586454689487069 0.681962052110228
    outer loop
      vertex -29.89362811034352 -25.952681215706964 12.932831362604361
      vertex -22.25130052442136 18.829565818175134 18.101131982010262
      vertex -22.133060818711957 21.566568655663893 18.043617713527926
    endloop
  endfacet
  facet normal -0.9588729454514788 0.01535633815076227 0.28341993112659675
    outer loop
      vertex -27.100859555132764 -26.402458431799054 36
      vertex -25.64148414095471 2.256742214690658 39.38457222059611
      vertex -26.259254398856953 26.14863852781571 36
    endloop
  endfacet
  facet normal -0.798305430270481 -0.0380016867437142 0.6010526697430889
    outer loop
      vertex -27.209461251906106 -26.34636182174956 24.529947806271053
      vertex -25.239728279503602 20.870640610545824 30.131410761090116
      vertex -25.304776739136692 22.237120443560414 30.131410761090113
    endloop
  endfacet
  facet normal -0.9041496459958255 -0.01378386727132546 0.426993469093697
    outer loop
      vertex -27.411715500499845 -26.493308134822676 24.096935104378833
      vertex -25.304776739136692 22.237120443560414 30.131410761090113
      vertex -25.504619045202134 22.151696427887725 29.705491310931105
    endloop
  endfacet
  facet normal -0.9834994324977253 0.017800410460579195 0.1800333626417263
    outer loop
      vertex -27.411715500499845 -25.905522882530207 24.096935104378833
      vertex -25.504619045202134 22.739481680180194 29.705491310931105
      vertex -26.483274161301654 26.372658290260414 24
    endloop
  endfacet
  facet normal -0.9467631060400618 0 0.32193108119809527
    outer loop
      vertex -27.411715500499845 -25.905522882530207 24.096935104378833
      vertex -25.504619045202134 22.151696427887725 29.705491310931105
      vertex -25.504619045202134 22.739481680180194 29.705491310931105
    endloop
  endfacet
  facet normal -0.90404954700607 0.014478342114796055 -0.4271823898146162
    outer loop
      vertex -27.100859555132764 -26.402458431799054 36
      vertex -26.255163019668046 25.556761896334333 35.97128111515078
      vertex -26.098407798650644 23.41613611512631 35.56698729810778
    endloop
  endfacet
  facet normal -0.9898198538340799 -0.04711833665639642 -0.13430010910872375
    outer loop
      vertex -24.481576807781504 -1.705661931788542 32.46442781373194
      vertex -24.581952982254425 -0.1460493327777732 32.657041051525525
      vertex -25.239728279503602 20.870640610545824 30.131410761090116
    endloop
  endfacet
  facet normal -0.8971257781666969 0.05636875871360269 -0.4381642399715959
    outer loop
      vertex -30.3797028646724 -26.25688078090325 11.566987298107781
      vertex -27.236981180165103 27.12636530912386 12
      vertex -27.034726931571363 26.979418996050743 11.566987298107781
    endloop
  endfacet
  facet normal -0.8971257781666973 0.05636875871360271 0.438164239971595
    outer loop
      vertex -30.58195711326614 -26.109934467830133 12
      vertex -27.034726931571363 26.979418996050743 12.433012701892219
      vertex -27.236981180165103 27.12636530912386 12
    endloop
  endfacet
  facet normal -0.5625072315968114 0.035343800372488667 -0.8260365792000502
    outer loop
      vertex -30.3797028646724 -26.25688078090325 11.566987298107781
      vertex -27.025071108987152 26.675870547320294 11.547423968573886
      vertex -26.995758778606397 26.297357655272684 11.511267601336497
    endloop
  endfacet
  facet normal -0.5625072315968142 0.03534380037248885 -0.8260365792000484
    outer loop
      vertex -30.3797028646724 -26.25688078090325 11.566987298107781
      vertex -27.034726931571363 26.979418996050743 11.566987298107781
      vertex -27.025071108987152 26.675870547320294 11.547423968573886
    endloop
  endfacet
  facet normal -0.9060374296629691 0 -0.4231975614883908
    outer loop
      vertex -25.202254248593736 -25.14694631307312 -0.4330127018922193
      vertex -25.404508497187475 24.706107373853765 0
      vertex -25.202254248593736 24.85305368692688 -0.4330127018922193
    endloop
  endfacet
  facet normal 0 0 -1
    outer loop
      vertex -24.922745751406264 -25.23776412907379 -0.4330127018922193
      vertex -25.202254248593736 24.85305368692688 -0.4330127018922193
      vertex -24.922745751406264 24.76223587092621 -0.4330127018922193
    endloop
  endfacet
  facet normal -0.9061934805749357 -0.057364696944013804 -0.4189542544335901
    outer loop
      vertex -23.95954849279638 1.258690172956038 8.372360714166929
      vertex -24.018053932927288 18.92545274490001 6.079911783686245
      vertex -23.806908268846556 15.589972311204601 6.079911783686246
    endloop
  endfacet
  facet normal -0.9061934805749364 -0.057364696944013555 -0.41895425443358814
    outer loop
      vertex -23.95954849279638 1.258690172956038 8.372360714166929
      vertex -26.995758778606397 26.297357655272684 11.511267601336497
      vertex -24.018053932927288 18.92545274490001 6.079911783686245
    endloop
  endfacet
  facet normal -0.9037762937889579 0.01635749697702204 -0.42769246319960097
    outer loop
      vertex -27.43049158176047 -25.962527886277588 24
      vertex -26.483274161301654 26.372658290260414 24
      vertex -26.281019912707915 26.2257119771873 23.56698729810778
    endloop
  endfacet
  facet normal -0.9040495470060494 0.014478342114795699 -0.4271823898146595
    outer loop
      vertex -27.100859555132764 -26.402458431799054 36
      vertex -26.259254398856953 26.14863852781571 36
      vertex -26.255163019668046 25.556761896334333 35.97128111515078
    endloop
  endfacet
  facet normal -0.9182739715241154 0 0.39594559376425453
    outer loop
      vertex -25.64148414095471 1.6689569623981853 39.38457222059611
      vertex -24.52582289760899 23.57830195747304 41.972005183450555
      vertex -25.64148414095471 2.256742214690658 39.38457222059611
    endloop
  endfacet
  facet normal -0.7907293340034176 0.021303834343756017 -0.6117951184741224
    outer loop
      vertex -24.46994120973566 -0.35849407929783766 20.300503930929377
      vertex -26.281019912707915 26.2257119771873 23.56698729810778
      vertex -22.133060818711957 21.566568655663893 18.043617713527926
    endloop
  endfacet
  facet normal -0.9898198538340803 -0.047118336656396115 -0.1343001091087212
    outer loop
      vertex -24.581952982254425 -0.1460493327777732 32.657041051525525
      vertex -26.098407798650644 23.41613611512631 35.56698729810778
      vertex -25.239728279503602 20.870640610545824 30.131410761090116
    endloop
  endfacet
  facet normal 0 0 -1
    outer loop
      vertex -24.922745751406264 -25.23776412907379 -0.4330127018922193
      vertex -24.922745751406264 24.76223587092621 -0.4330127018922193
      vertex -5.5 10.25 -0.4330127018922193
    endloop
  endfacet
  facet normal -0.790729334003411 0.021303834343754022 -0.6117951184741309
    outer loop
      vertex -24.46994120973566 -0.35849407929783766 20.300503930929377
      vertex -22.25130052442136 18.829565818175134 18.101131982010262
      vertex -22.30113087098494 16.980024739532183 18.101131982010266
    endloop
  endfacet
  facet normal -0.7907293340034226 0.021303834343757256 -0.611795118474116
    outer loop
      vertex -24.46994120973566 -0.35849407929783766 20.300503930929377
      vertex -22.133060818711957 21.566568655663893 18.043617713527926
      vertex -22.25130052442136 18.829565818175134 18.101131982010262
    endloop
  endfacet
  facet normal -0.7334311258774416 -0.04277158212672469 0.6784168153550775
    outer loop
      vertex -22.175582076259076 -17.191958287936757 42.14751623395065
      vertex -24.43459939519497 21.544827522204184 42.14751623395064
      vertex -25.43922989236097 1.8159032754713034 39.81758492248833
    endloop
  endfacet
  facet normal -0.7673554988642287 -0.005830264084809985 0.6411954042127346
    outer loop
      vertex -26.915777565593228 -26.86046963007261 48.43301270189222
      vertex -22.600268073425198 16.55044013456504 53.99235854854919
      vertex -22.613871462759374 18.34086256773869 53.99235854854919
    endloop
  endfacet
  facet normal -0.7908685425550926 1.032062333275225e-14 0.6119860687930597
    outer loop
      vertex -26.915777565593228 -26.566577003926373 48.43301270189222
      vertex -22.613871462759374 18.34086256773869 53.99235854854919
      vertex -22.61488715293639 18.62408305274469 53.991045973882954
    endloop
  endfacet
  facet normal -0.8087191508940286 0.004627202433552575 0.5881767795271081
    outer loop
      vertex -26.915777565593228 -26.566577003926373 48.43301270189222
      vertex -22.615625132637994 20.67505802884198 53.97389620689229
      vertex -26.61182616876094 26.556518233240322 48.43301270189222
    endloop
  endfacet
  facet normal -0.8087191508940228 0.00462720243355137 0.5881767795271162
    outer loop
      vertex -26.915777565593228 -26.566577003926373 48.43301270189222
      vertex -22.61488715293639 18.62408305274469 53.991045973882954
      vertex -22.615625132637994 20.67505802884198 53.97389620689229
    endloop
  endfacet
  facet normal -0.7560709390641963 -0.005744525514086262 -0.6544644646802471
    outer loop
      vertex -24.34430432629676 -0.45925062811621536 56.15646035465036
      vertex -24.36130917751692 -0.30942917990442276 56.17479018208373
      vertex -22.61488715293639 18.62408305274469 53.991045973882954
    endloop
  endfacet
  facet normal -0.9892408636400776 -0.08067128369210728 -0.1220436712496835
    outer loop
      vertex -25.500154870858758 -25.389538999817518 72
      vertex -29.933920800141703 29.020078865814952 71.97352356478065
      vertex -27.13319720441581 -0.37894052326285993 68.70474615779159
    endloop
  endfacet
  facet normal -0.641089468044595 0.03743071760563237 0.7665528261912715
    outer loop
      vertex -30.14403867818372 -26.77252439447974 60.87475049949066
      vertex -21.65356659037453 16.008281366182178 65.88658509664559
      vertex -21.495680830989627 18.255756070564235 65.90888532948837
    endloop
  endfacet
  facet normal -0.745123416392373 -0.06304964957203166 0.6639396328225949
    outer loop
      vertex -25.29790062226502 -25.242592686744402 72.43301270189222
      vertex -23.69014637682608 15.274479680697375 78.08497617119056
      vertex -24.06427566267487 19.695955351638325 78.08497617119056
    endloop
  endfacet
  facet normal -0.6410894680445688 0.037430717605625406 0.7665528261912937
    outer loop
      vertex -30.14403867818372 -26.77252439447974 60.87475049949066
      vertex -21.28752435407961 21.218825179717143 65.93828594117693
      vertex -27.50632462868911 27.451016693168494 60.43301270189222
    endloop
  endfacet
  facet normal -0.6410894680445728 0.037430717605626385 0.7665528261912904
    outer loop
      vertex -30.14403867818372 -26.77252439447974 60.87475049949066
      vertex -21.495680830989627 18.255756070564235 65.90888532948837
      vertex -21.28752435407961 21.218825179717143 65.93828594117693
    endloop
  endfacet
  facet normal -0.7545067329487383 -0.06152902588085801 0.6534016903170469
    outer loop
      vertex -25.29790062226502 -25.242592686744402 72.43301270189222
      vertex -24.19117835293953 19.906297121706277 77.96253101622875
      vertex -29.73810950988794 29.205977779777097 72.43301270189222
    endloop
  endfacet
  facet normal -0.7451234163923987 -0.06304964957202748 0.6639396328225668
    outer loop
      vertex -25.29790062226502 -25.242592686744402 72.43301270189222
      vertex -24.06427566267487 19.695955351638325 78.08497617119056
      vertex -24.19117835293953 19.906297121706277 77.96253101622875
    endloop
  endfacet
  facet normal -0.8557347390267951 -0.0724091797886115 -0.5123231081115543
    outer loop
      vertex -23.63727015867243 0.21212647376356036 80.1254943678252
      vertex -23.661643096850252 0.3649580191980706 80.14460411104226
      vertex -24.06427566267487 19.695955351638325 78.08497617119056
    endloop
  endfacet
  facet normal -0.5795499121772048 0.03383766257654672 -0.8142339417432498
    outer loop
      vertex -30.683864723223508 -26.971864277438247 59.56698729810778
      vertex -27.50632462868911 27.451016693168494 59.56698729810778
      vertex -27.4752583452428 27.126057783575945 59.531370615616105
    endloop
  endfacet
  facet normal -0.8978525614477123 0.05242211478149 -0.4371643853101694
    outer loop
      vertex -30.683864723223508 -26.971864277438247 59.56698729810778
      vertex -27.70857887728285 27.59796300624161 60
      vertex -27.50632462868911 27.451016693168494 59.56698729810778
    endloop
  endfacet
  facet normal -0.8978525614477123 0.05242211478149 0.4371643853101694
    outer loop
      vertex -30.683864723223508 -26.971864277438247 60.43301270189222
      vertex -27.50632462868911 27.451016693168494 60.43301270189222
      vertex -27.70857887728285 27.59796300624161 60
    endloop
  endfacet
  facet normal -0.9053500859003627 0.005180090166115178 -0.42463441761835197
    outer loop
      vertex -26.915777565593228 -26.566577003926373 47.56698729810778
      vertex -26.79862888337161 26.1002277600379 47.95969740592561
      vertex -26.618226254228976 25.437943509163354 47.56698729810778
    endloop
  endfacet
  facet normal -0.9053500859003586 0.005180090166115234 -0.4246344176183608
    outer loop
      vertex -26.915777565593228 -26.566577003926373 47.56698729810778
      vertex -26.814080417354678 26.703464546313437 48
      vertex -26.79862888337161 26.1002277600379 47.95969740592561
    endloop
  endfacet
  facet normal -0.9053500859003611 0.005180090166115191 0.42463441761835485
    outer loop
      vertex -26.915777565593228 -26.566577003926373 48.43301270189222
      vertex -26.61182616876094 26.556518233240322 48.43301270189222
      vertex -26.814080417354678 26.703464546313437 48
    endloop
  endfacet
  facet normal -0.9055090741116084 -0.003999537767070175 0.424308048944617
    outer loop
      vertex -25.64148414095471 1.6689569623981853 39.38457222059611
      vertex -25.43922989236097 1.8159032754713034 39.81758492248833
      vertex -24.43459939519497 21.544827522204184 42.14751623395064
    endloop
  endfacet
  facet normal -0.939166487707831 -0.05476947342752356 -0.3390672693537499
    outer loop
      vertex -22.175582076259076 -17.191958287936757 42.14751623395065
      vertex -26.618226254228976 25.437943509163354 47.56698729810778
      vertex -24.43459939519497 21.544827522204184 42.14751623395064
    endloop
  endfacet
  facet normal -0.9055090741116102 -0.0039995377670694904 0.4243080489446129
    outer loop
      vertex -25.64148414095471 1.6689569623981853 39.38457222059611
      vertex -24.43459939519497 21.544827522204184 42.14751623395064
      vertex -24.52582289760899 23.57830195747304 41.972005183450555
    endloop
  endfacet
  facet normal -0.7560709390642245 -0.00574452551407993 -0.6544644646802147
    outer loop
      vertex -24.36130917751692 -0.30942917990442276 56.17479018208373
      vertex -27.4752583452428 27.126057783575945 59.531370615616105
      vertex -22.61488715293639 18.62408305274469 53.991045973882954
    endloop
  endfacet
  facet normal -0.9004436917510356 -0.03759945979226753 -0.4333444803030215
    outer loop
      vertex -26.930942955822072 -0.23199421018974165 68.27173345589937
      vertex -27.13319720441581 -0.37894052326285993 68.70474615779159
      vertex -29.731666551547963 29.167025178888068 71.54051086288842
    endloop
  endfacet
  facet normal -0.7593812058789896 0 -0.6506459745189942
    outer loop
      vertex -26.930942955822072 -0.23199421018974165 68.27173345589937
      vertex -29.731666551547963 29.460917805034306 71.54051086288842
      vertex -26.930942955822072 0.06189841595649494 68.27173345589937
    endloop
  endfacet
  facet normal -0.9892408636400859 -0.08067128369210794 -0.12204367124961564
    outer loop
      vertex -25.500154870858758 -25.389538999817518 72
      vertex -29.94036375848168 29.05903146670398 72
      vertex -29.933920800141703 29.020078865814952 71.97352356478065
    endloop
  endfacet
  facet normal -0.89391315505595 -0.07289743517293946 0.4422728062668155
    outer loop
      vertex -25.29790062226502 -25.242592686744402 72.43301270189222
      vertex -29.73810950988794 29.205977779777097 72.43301270189222
      vertex -29.94036375848168 29.05903146670398 72
    endloop
  endfacet
  facet normal -0.8557347390268314 -0.07240917978860602 -0.5123231081114944
    outer loop
      vertex -23.63727015867243 0.21212647376356036 80.1254943678252
      vertex -24.06427566267487 19.695955351638325 78.08497617119056
      vertex -23.69014637682608 15.274479680697375 78.08497617119056
    endloop
  endfacet
  facet normal -0.5213527175065301 0.045080510131252735 -0.8521496884672682
    outer loop
      vertex -26.930942955822072 0.06189841595649494 68.27173345589937
      vertex -29.731666551547963 29.460917805034306 71.54051086288842
      vertex -21.495680830989627 18.255756070564235 65.90888532948837
    endloop
  endfacet
  facet normal -0.8557347390268484 -0.07240917978860323 -0.5123231081114665
    outer loop
      vertex -23.661643096850252 0.3649580191980706 80.14460411104226
      vertex -24.166671194799573 20.906070066596598 78.08497617119056
      vertex -24.06427566267487 19.695955351638325 78.08497617119056
    endloop
  endfacet
  facet normal -0.52135271750644 0.045080510131244846 -0.8521496884673236
    outer loop
      vertex -24.88732222019597 -21.389859880463938 65.88658509664559
      vertex -21.495680830989627 18.255756070564235 65.90888532948837
      vertex -21.65356659037453 16.008281366182178 65.88658509664559
    endloop
  endfacet
  facet normal -0.7560709390642271 -0.005744525514079464 -0.6544644646802117
    outer loop
      vertex -24.34430432629676 -0.45925062811621536 56.15646035465036
      vertex -22.613871462759374 18.34086256773869 53.99235854854919
      vertex -22.600268073425198 16.55044013456504 53.99235854854919
    endloop
  endfacet
  facet normal -0.7560709390642325 -0.005744525514078442 -0.6544644646802054
    outer loop
      vertex -24.34430432629676 -0.45925062811621536 56.15646035465036
      vertex -22.61488715293639 18.62408305274469 53.991045973882954
      vertex -22.613871462759374 18.34086256773869 53.99235854854919
    endloop
  endfacet
  facet normal -0.9013319894435086 -0.032207928832748284 0.4319297328572227
    outer loop
      vertex -24.359895230937813 19.927047537121872 5.5518664115421315
      vertex -24.157640982344073 20.073993850194988 5.984879113434351
      vertex -24.27557650695304 23.57717538361933 6
    endloop
  endfacet
  facet normal -0.9061934805749363 -0.05736469694401318 -0.4189542544335885
    outer loop
      vertex -24.018053932927288 18.92545274490001 6.079911783686245
      vertex -26.995758778606397 26.297357655272684 11.511267601336497
      vertex -24.085581488637125 19.992189501186516 6.079911783686246
    endloop
  endfacet
  facet normal -0.8166877229766094 -0.05169872078171116 0.57475943264014
    outer loop
      vertex -24.157640982344073 20.073993850194988 5.984879113434351
      vertex -24.085581488637125 19.992189501186516 6.079911783686246
      vertex -24.139760078749948 20.84805186536664 6.079911783686244
    endloop
  endfacet
  facet normal -0.901331989443512 -0.032207928832748374 0.43192973285721503
    outer loop
      vertex -24.157640982344073 20.073993850194988 5.984879113434351
      vertex -24.139760078749948 20.84805186536664 6.079911783686244
      vertex -24.27557650695304 23.57717538361933 6
    endloop
  endfacet
  facet normal -0.9827553353984908 -3.1164352888604313e-16 0.18491065611748786
    outer loop
      vertex -24.359895230937813 19.927047537121872 5.5518664115421315
      vertex -24.27557650695304 23.57717538361933 6
      vertex -25.404508497187475 24.706107373853765 0
    endloop
  endfacet
  facet normal -0.9061934805749378 -0.057364696944016975 -0.4189542544335849
    outer loop
      vertex -24.085581488637125 19.992189501186516 6.079911783686246
      vertex -26.995758778606397 26.297357655272684 11.511267601336497
      vertex -24.139760078749948 20.84805186536664 6.079911783686244
    endloop
  endfacet
  facet normal -0.9061934805749366 -0.057364696944013326 -0.418954254433588
    outer loop
      vertex -24.139760078749948 20.84805186536664 6.079911783686244
      vertex -26.995758778606397 26.297357655272684 11.511267601336497
      vertex -24.27557650695304 23.57717538361933 6
    endloop
  endfacet
  facet normal -0.7299480822769082 0.04586454689486972 0.6819620521102274
    outer loop
      vertex -27.034726931571363 26.979418996050743 12.433012701892219
      vertex -22.133060818711957 21.566568655663893 18.043617713527926
      vertex -22.111891943664855 22.056584008144238 18.033320729485016
    endloop
  endfacet
  facet normal -0.20707846977637565 0.6373219973341961 0.7422527730288554
    outer loop
      vertex -26.75521843438389 27.070236812051412 12.433012701892219
      vertex -22.111891943664855 22.056584008144238 18.033320729485016
      vertex -21.832383446477383 22.147401824144907 18.033320729485016
    endloop
  endfacet
  facet normal -0.7907293340034174 0.021303834343756666 -0.6117951184741226
    outer loop
      vertex -26.281019912707915 26.2257119771873 23.56698729810778
      vertex -22.111891943664855 22.056584008144238 18.033320729485016
      vertex -22.133060818711957 21.566568655663893 18.043617713527926
    endloop
  endfacet
  facet normal -0.2241094408686089 0.6897379366868673 -0.6885031134341388
    outer loop
      vertex -26.001511415520444 26.316529793187968 23.56698729810778
      vertex -21.832383446477383 22.147401824144907 18.033320729485016
      vertex -22.111891943664855 22.056584008144238 18.033320729485016
    endloop
  endfacet
  facet normal -0.958872945451479 0.015356338150762271 0.2834199311265955
    outer loop
      vertex -25.64148414095471 2.256742214690658 39.38457222059611
      vertex -24.52582289760899 24.16608720976551 41.972005183450555
      vertex -26.121290855436094 25.99084757694444 36.47531096316376
    endloop
  endfacet
  facet normal -0.9588729454514765 0.015356338150763395 0.28341993112660435
    outer loop
      vertex -25.64148414095471 2.256742214690658 39.38457222059611
      vertex -26.121290855436094 25.99084757694444 36.47531096316376
      vertex -26.259254398856953 26.14863852781571 36
    endloop
  endfacet
  facet normal -0.9041496459958206 -0.013783867271379275 0.42699346909370567
    outer loop
      vertex -25.504619045202134 22.151696427887725 29.705491310931105
      vertex -25.304776739136692 22.237120443560414 30.131410761090113
      vertex -25.307121530917104 22.29518677119114 30.12832016556415
    endloop
  endfacet
  facet normal -0.9041496459958281 -0.013783867271325944 0.4269934690936909
    outer loop
      vertex -25.504619045202134 22.151696427887725 29.705491310931105
      vertex -25.307121530917104 22.29518677119114 30.12832016556415
      vertex -25.40447625331543 24.706075129981723 30
    endloop
  endfacet
  facet normal -0.9467631060400657 0 0.3219310811980835
    outer loop
      vertex -25.504619045202134 22.151696427887725 29.705491310931105
      vertex -25.40447625331543 24.706075129981723 30
      vertex -25.504619045202134 22.739481680180194 29.705491310931105
    endloop
  endfacet
  facet normal -0.9898198538340803 -0.04711833665639618 -0.13430010910872114
    outer loop
      vertex -25.239728279503602 20.870640610545824 30.131410761090116
      vertex -26.098407798650644 23.41613611512631 35.56698729810778
      vertex -25.304776739136692 22.237120443560414 30.131410761090113
    endloop
  endfacet
  facet normal -0.9898198538340798 -0.04711833665642686 -0.1343001091087144
    outer loop
      vertex -25.304776739136692 22.237120443560414 30.131410761090113
      vertex -26.098407798650644 23.41613611512631 35.56698729810778
      vertex -25.307121530917104 22.29518677119114 30.12832016556415
    endloop
  endfacet
  facet normal -0.9898198538340803 -0.047118336656396725 -0.1343001091087207
    outer loop
      vertex -25.307121530917104 22.29518677119114 30.12832016556415
      vertex -26.098407798650644 23.41613611512631 35.56698729810778
      vertex -25.40447625331543 24.706075129981723 30
    endloop
  endfacet
  facet normal -0.9060374296629691 0 -0.4231975614883909
    outer loop
      vertex -25.404508497187475 24.706107373853765 0
      vertex -25.404508497187475 25.293892626146235 0
      vertex -25.202254248593736 24.85305368692688 -0.4330127018922193
    endloop
  endfacet
  facet normal -0.9060374296629692 0 -0.4231975614883909
    outer loop
      vertex -25.404508497187475 25.293892626146235 0
      vertex -25.202254248593736 25.14694631307312 -0.4330127018922193
      vertex -25.202254248593736 24.85305368692688 -0.4330127018922193
    endloop
  endfacet
  facet normal -0.9018985433395522 -0.02867413423834303 -0.43099514097919406
    outer loop
      vertex -24.27557650695304 23.57717538361933 6
      vertex -26.995758778606397 26.297357655272684 11.511267601336497
      vertex -27.025071108987152 26.675870547320294 11.547423968573886
    endloop
  endfacet
  facet normal -0.8967225737700112 -9.713050124670486e-16 -0.44259307008954274
    outer loop
      vertex -24.2787413203286 24.16812544928736 5.983179783709199
      vertex -27.025071108987152 26.675870547320294 11.547423968573886
      vertex -27.034726931571363 26.979418996050743 11.566987298107781
    endloop
  endfacet
  facet normal -0.2624071612012655 0.8076062000660313 -0.5281237614093862
    outer loop
      vertex -24.248518388334535 24.19321045281392 5.921946142253609
      vertex -27.034726931571363 26.979418996050743 11.566987298107781
      vertex -26.75521843438389 27.070236812051412 11.566987298107781
    endloop
  endfacet
  facet normal -0.9827553353984908 0 0.18491065611748778
    outer loop
      vertex -25.404508497187475 24.706107373853765 0
      vertex -24.2787413203286 24.16812544928736 5.983179783709199
      vertex -25.404508497187475 25.293892626146235 0
    endloop
  endfacet
  facet normal -0.9827553353984908 -2.3921962903684718e-15 0.18491065611748747
    outer loop
      vertex -24.27557650695304 23.57717538361933 6
      vertex -24.2787413203286 23.929540758661744 5.983179783709199
      vertex -25.404508497187475 24.706107373853765 0
    endloop
  endfacet
  facet normal -0.9827553353984908 0 0.18491065611748786
    outer loop
      vertex -25.404508497187475 24.706107373853765 0
      vertex -24.2787413203286 23.929540758661744 5.983179783709199
      vertex -24.2787413203286 24.16812544928736 5.983179783709199
    endloop
  endfacet
  facet normal -0.30068165193107693 0.9254029700791156 0.23069435875363395
    outer loop
      vertex -25.404508497187475 25.293892626146235 0
      vertex -24.2787413203286 24.16812544928736 5.983179783709199
      vertex -24.248518388334535 24.19321045281392 5.921946142253609
    endloop
  endfacet
  facet normal -0.30068165193114504 0.9254029700790914 0.23069435875364208
    outer loop
      vertex -25.404508497187475 25.293892626146235 0
      vertex -24.248518388334535 24.19321045281392 5.921946142253609
      vertex -23.969009891147067 24.28402826881459 5.921946142253612
    endloop
  endfacet
  facet normal -0.3006816519311189 0.9254029700791009 0.23069435875363745
    outer loop
      vertex -25.404508497187475 25.293892626146235 0
      vertex -23.969009891147067 24.28402826881459 5.921946142253612
      vertex -23.71655951257809 24.346596267913142 6
    endloop
  endfacet
  facet normal 0 0 -1
    outer loop
      vertex -25.202254248593736 24.85305368692688 -0.4330127018922193
      vertex -25.202254248593736 25.14694631307312 -0.4330127018922193
      vertex -24.922745751406264 25.23776412907379 -0.4330127018922193
    endloop
  endfacet
  facet normal -0.2799809633056537 0.8616928014882811 -0.42319756148838555
    outer loop
      vertex -25.202254248593736 25.14694631307312 -0.4330127018922193
      vertex -24.845491502812525 25.475528258147577 0
      vertex -24.922745751406264 25.23776412907379 -0.4330127018922193
    endloop
  endfacet
  facet normal 0 0 -1
    outer loop
      vertex -24.922745751406264 24.76223587092621 -0.4330127018922193
      vertex -25.202254248593736 24.85305368692688 -0.4330127018922193
      vertex -24.75 25 -0.4330127018922193
    endloop
  endfacet
  facet normal 0 0 -1
    outer loop
      vertex -25.202254248593736 24.85305368692688 -0.4330127018922193
      vertex -24.922745751406264 25.23776412907379 -0.4330127018922193
      vertex -24.75 25 -0.4330127018922193
    endloop
  endfacet
  facet normal -0.2799809633056557 0.8616928014882813 -0.42319756148838406
    outer loop
      vertex -25.404508497187475 25.293892626146235 0
      vertex -24.845491502812525 25.475528258147577 0
      vertex -25.202254248593736 25.14694631307312 -0.4330127018922193
    endloop
  endfacet
  facet normal -0.3006816519311307 0.9254029700790966 0.23069435875364006
    outer loop
      vertex -25.404508497187475 25.293892626146235 0
      vertex -23.71655951257809 24.346596267913142 6
      vertex -24.845491502812525 25.475528258147577 0
    endloop
  endfacet
  facet normal 0.09064846860582794 0.9816700948722584 0.16765046964714733
    outer loop
      vertex -24.845491502812525 25.475528258147577 0
      vertex -23.71655951257809 24.346596267913142 6
      vertex -23.071483019459766 25.23776412907379 0.4330127018922193
    endloop
  endfacet
  facet normal -0.9018985433395534 -0.02867413423834928 -0.43099514097919095
    outer loop
      vertex -24.27557650695304 23.57717538361933 6
      vertex -27.025071108987152 26.675870547320294 11.547423968573886
      vertex -24.2787413203286 23.929540758661744 5.983179783709199
    endloop
  endfacet
  facet normal -0.8967225737700112 0 -0.44259307008954296
    outer loop
      vertex -24.2787413203286 23.929540758661744 5.983179783709199
      vertex -27.025071108987152 26.675870547320294 11.547423968573886
      vertex -24.2787413203286 24.16812544928736 5.983179783709199
    endloop
  endfacet
  facet normal -0.896722573770005 2.9814352571791274e-14 -0.44259307008955495
    outer loop
      vertex -24.2787413203286 24.16812544928736 5.983179783709199
      vertex -27.034726931571363 26.979418996050743 11.566987298107781
      vertex -24.248518388334535 24.19321045281392 5.921946142253609
    endloop
  endfacet
  facet normal -0.26240716120127344 0.8076062000660277 -0.5281237614093878
    outer loop
      vertex -24.248518388334535 24.19321045281392 5.921946142253609
      vertex -26.75521843438389 27.070236812051412 11.566987298107781
      vertex -23.969009891147067 24.28402826881459 5.921946142253612
    endloop
  endfacet
  facet normal -0.07268486574249228 0.8796472060834343 -0.4700401079925032
    outer loop
      vertex -23.969009891147067 24.28402826881459 5.921946142253612
      vertex -26.75521843438389 27.070236812051412 11.566987298107781
      vertex -23.71655951257809 24.346596267913142 6
    endloop
  endfacet
  facet normal -0.2070784697763755 0.6373219973341957 0.7422527730288558
    outer loop
      vertex -27.034726931571363 26.979418996050743 12.433012701892219
      vertex -22.111891943664855 22.056584008144238 18.033320729485016
      vertex -26.75521843438389 27.070236812051412 12.433012701892219
    endloop
  endfacet
  facet normal -0.27998096330565564 0.8616928014882811 -0.4231975614883845
    outer loop
      vertex -27.236981180165103 27.12636530912386 12
      vertex -26.677964185790152 27.3080009411252 12
      vertex -27.034726931571363 26.979418996050743 11.566987298107781
    endloop
  endfacet
  facet normal -0.27998096330565564 0.8616928014882811 0.4231975614883845
    outer loop
      vertex -27.236981180165103 27.12636530912386 12
      vertex -27.034726931571363 26.979418996050743 12.433012701892219
      vertex -26.677964185790152 27.3080009411252 12
    endloop
  endfacet
  facet normal -0.27998096330565364 0.8616928014882809 -0.42319756148838594
    outer loop
      vertex -27.034726931571363 26.979418996050743 11.566987298107781
      vertex -26.677964185790152 27.3080009411252 12
      vertex -26.75521843438389 27.070236812051412 11.566987298107781
    endloop
  endfacet
  facet normal -0.2799809633056537 0.8616928014882809 0.42319756148838605
    outer loop
      vertex -26.677964185790152 27.3080009411252 12
      vertex -27.034726931571363 26.979418996050743 12.433012701892219
      vertex -26.75521843438389 27.070236812051412 12.433012701892219
    endloop
  endfacet
  facet normal -0.07268486574249731 0.8796472060834326 -0.4700401079925055
    outer loop
      vertex -23.71655951257809 24.346596267913142 6
      vertex -26.75521843438389 27.070236812051412 11.566987298107781
      vertex -26.677964185790152 27.3080009411252 12
    endloop
  endfacet
  facet normal -0.9467631060400657 0 0.3219310811980837
    outer loop
      vertex -25.504619045202134 22.739481680180194 29.705491310931105
      vertex -25.40447625331543 24.706075129981723 30
      vertex -25.40447625331543 25.293860382274193 30
    endloop
  endfacet
  facet normal -0.9834994324977254 0.017800410460577898 0.18003336264172548
    outer loop
      vertex -25.504619045202134 22.739481680180194 29.705491310931105
      vertex -25.40447625331543 25.293860382274193 30
      vertex -26.483274161301654 26.372658290260414 24
    endloop
  endfacet
  facet normal -0.3013789251211874 0.9275489562970477 0.22096080458998868
    outer loop
      vertex -25.40447625331543 25.293860382274193 30
      vertex -24.84545925894048 25.475496014275535 30
      vertex -26.483274161301654 26.372658290260414 24
    endloop
  endfacet
  facet normal -0.2799809633056558 0.8616928014882818 -0.42319756148838306
    outer loop
      vertex -26.281019912707915 26.2257119771873 23.56698729810778
      vertex -26.483274161301654 26.372658290260414 24
      vertex -25.924257166926704 26.554293922261756 24
    endloop
  endfacet
  facet normal -0.2799809633056538 0.8616928014882815 -0.42319756148838455
    outer loop
      vertex -26.281019912707915 26.2257119771873 23.56698729810778
      vertex -25.924257166926704 26.554293922261756 24
      vertex -26.001511415520444 26.316529793187968 23.56698729810778
    endloop
  endfacet
  facet normal -0.3013789251211874 0.9275489562970477 0.22096080458998868
    outer loop
      vertex -26.483274161301654 26.372658290260414 24
      vertex -24.84545925894048 25.475496014275535 30
      vertex -25.924257166926704 26.554293922261756 24
    endloop
  endfacet
  facet normal -0.22410944086860782 0.6897379366868669 -0.6885031134341394
    outer loop
      vertex -26.281019912707915 26.2257119771873 23.56698729810778
      vertex -26.001511415520444 26.316529793187968 23.56698729810778
      vertex -22.111891943664855 22.056584008144238 18.033320729485016
    endloop
  endfacet
  facet normal 0.05711210629889898 0.984349364137582 0.1667169356605417
    outer loop
      vertex -24.84545925894048 25.475496014275535 30
      vertex -22.956014148615232 25.402587520575853 29.783208823805932
      vertex -24.85551302843088 26.418946875309185 24.43301270189222
    endloop
  endfacet
  facet normal 0.05711210629890034 0.9843493641375819 0.16671693566054163
    outer loop
      vertex -25.924257166926704 26.554293922261756 24
      vertex -24.84545925894048 25.475496014275535 30
      vertex -24.85551302843088 26.418946875309185 24.43301270189222
    endloop
  endfacet
  facet normal -0.9898198538340804 -0.047118336656395095 -0.13430010910872034
    outer loop
      vertex -26.098407798650644 23.41613611512631 35.56698729810778
      vertex -26.255163019668046 25.556761896334333 35.97128111515078
      vertex -25.40447625331543 24.706075129981723 30
    endloop
  endfacet
  facet normal -0.9900040448746463 0 -0.14103897025942608
    outer loop
      vertex -25.40447625331543 24.706075129981723 30
      vertex -26.255163019668046 25.556761896334333 35.97128111515078
      vertex -25.40447625331543 25.293860382274193 30
    endloop
  endfacet
  facet normal -0.30415511762856423 0.9360931982730306 -0.17668952591289264
    outer loop
      vertex -25.40447625331543 25.293860382274193 30
      vertex -25.700237404482003 26.33027415981705 36
      vertex -24.84545925894048 25.475496014275535 30
    endloop
  endfacet
  facet normal -0.9900040448746462 -1.2466290829914251e-15 -0.14103897025942605
    outer loop
      vertex -25.40447625331543 25.293860382274193 30
      vertex -26.255163019668046 25.556761896334333 35.97128111515078
      vertex -26.259254398856953 26.14863852781571 36
    endloop
  endfacet
  facet normal -0.9588729454514984 0.015356338150555699 0.2834199311265416
    outer loop
      vertex -26.259254398856953 26.14863852781571 36
      vertex -26.121290855436094 25.99084757694444 36.47531096316376
      vertex -24.51375196387383 24.403136092832586 42
    endloop
  endfacet
  facet normal -0.29013715456744316 0.8929503441350877 0.3441803516305601
    outer loop
      vertex -26.259254398856953 26.14863852781571 36
      vertex -23.95473496949888 24.584771724833928 42
      vertex -25.700237404482003 26.33027415981705 36
    endloop
  endfacet
  facet normal -0.30415511762856423 0.9360931982730306 -0.17668952591289266
    outer loop
      vertex -25.40447625331543 25.293860382274193 30
      vertex -26.259254398856953 26.14863852781571 36
      vertex -25.700237404482003 26.33027415981705 36
    endloop
  endfacet
  facet normal -0.9588729454514797 0.015356338150756845 0.2834199311265937
    outer loop
      vertex -26.121290855436094 25.99084757694444 36.47531096316376
      vertex -24.52582289760899 24.16608720976551 41.972005183450555
      vertex -24.51375196387383 24.403136092832586 42
    endloop
  endfacet
  facet normal -0.2901371545674598 0.8929503441350809 0.3441803516305637
    outer loop
      vertex -26.259254398856953 26.14863852781571 36
      vertex -24.51375196387383 24.403136092832586 42
      vertex -24.47438134791276 24.41907341239214 41.991840450846546
    endloop
  endfacet
  facet normal -0.29013715456744965 0.8929503441350852 0.3441803516305612
    outer loop
      vertex -26.259254398856953 26.14863852781571 36
      vertex -24.47438134791276 24.41907341239214 41.991840450846546
      vertex -24.19487285072529 24.50989122839281 41.99184045084655
    endloop
  endfacet
  facet normal -0.29013715456743366 0.8929503441350918 0.34418035163055766
    outer loop
      vertex -26.259254398856953 26.14863852781571 36
      vertex -24.19487285072529 24.50989122839281 41.99184045084655
      vertex -23.95473496949888 24.584771724833928 42
    endloop
  endfacet
  facet normal 0.004932613678377092 0.9605655350401621 0.27800993186450523
    outer loop
      vertex -25.700237404482003 26.33027415981705 36
      vertex -23.95473496949888 24.584771724833928 42
      vertex -24.215625399293874 26.19732659447675 36.43301270189222
    endloop
  endfacet
  facet normal 0.004932613678355094 0.960565535040162 0.27800993186450623
    outer loop
      vertex -24.215625399293874 26.19732659447675 36.43301270189222
      vertex -23.95473496949888 24.584771724833928 42
      vertex -24.112584817464334 26.193198465586146 36.44544779343723
    endloop
  endfacet
  facet normal 0.09064846860583017 0.9816700948722583 0.16765046964714758
    outer loop
      vertex -23.71655951257809 24.346596267913142 6
      vertex -22.354595568299324 24.267292552429847 5.7279467213005
      vertex -23.071483019459766 25.23776412907379 0.4330127018922193
    endloop
  endfacet
  facet normal 0.009115290356522381 0.7550033967902989 0.6556575190728976
    outer loop
      vertex -26.75521843438389 27.070236812051412 12.433012701892219
      vertex -21.832383446477383 22.147401824144907 18.033320729485016
      vertex -18.919085610419675 22.264165561396602 17.858362659790554
    endloop
  endfacet
  facet normal 0.004932613678376872 0.9605655350401621 0.2780099318645057
    outer loop
      vertex -24.112584817464334 26.193198465586146 36.44544779343723
      vertex -23.95473496949888 24.584771724833928 42
      vertex -20.38804740187704 26.043981814860473 36.89493053997579
    endloop
  endfacet
  facet normal 0.004932613678377458 0.9605655350401621 0.278009931864506
    outer loop
      vertex -20.38804740187704 26.043981814860473 36.89493053997579
      vertex -23.95473496949888 24.584771724833928 42
      vertex -21.80859009332087 24.629163050267735 41.80854323987093
    endloop
  endfacet
  facet normal -0.9182739715241157 0 0.39594559376425387
    outer loop
      vertex -25.64148414095471 2.256742214690658 39.38457222059611
      vertex -24.52582289760899 23.57830195747304 41.972005183450555
      vertex -24.52582289760899 24.16608720976551 41.972005183450555
    endloop
  endfacet
  facet normal -0.9391664877078312 -0.05476947342752401 -0.33906726935374926
    outer loop
      vertex -24.43459939519497 21.544827522204184 42.14751623395064
      vertex -26.79862888337161 26.1002277600379 47.95969740592561
      vertex -24.505990531112303 23.59271101516387 42.01446494220151
    endloop
  endfacet
  facet normal -0.9055090741116015 -0.003999537767067466 0.4243080489446316
    outer loop
      vertex -24.43459939519497 21.544827522204184 42.14751623395064
      vertex -24.505990531112303 23.59271101516387 42.01446494220151
      vertex -24.52582289760899 23.57830195747304 41.972005183450555
    endloop
  endfacet
  facet normal -0.9055090741115999 -0.003999537767079196 0.4243080489446351
    outer loop
      vertex -24.505990531112303 23.59271101516387 42.01446494220151
      vertex -24.51375196387383 23.815350840540116 42
      vertex -24.52582289760899 23.57830195747304 41.972005183450555
    endloop
  endfacet
  facet normal -0.8087191508940295 0.004627202433551286 0.5881767795271069
    outer loop
      vertex -26.61182616876094 26.556518233240322 48.43301270189222
      vertex -22.615625132637994 20.67505802884198 53.97389620689229
      vertex -22.616197942614576 22.266997380947725 53.96058478706999
    endloop
  endfacet
  facet normal -0.8087191508940275 0.004627202433556287 0.5881767795271096
    outer loop
      vertex -26.61182616876094 26.556518233240322 48.43301270189222
      vertex -22.616197942614576 22.266997380947725 53.96058478706999
      vertex -22.615283831626034 22.55997589610542 53.95953678269903
    endloop
  endfacet
  facet normal -0.756070939064227 -0.0057445255140829024 -0.6544644646802117
    outer loop
      vertex -27.4752583452428 27.126057783575945 59.531370615616105
      vertex -22.615625132637994 20.67505802884198 53.97389620689229
      vertex -22.61488715293639 18.62408305274469 53.991045973882954
    endloop
  endfacet
  facet normal -0.7560709390642236 -0.005744525514077535 -0.6544644646802156
    outer loop
      vertex -27.4752583452428 27.126057783575945 59.531370615616105
      vertex -22.616197942614576 22.266997380947725 53.96058478706999
      vertex -22.615625132637994 20.67505802884198 53.97389620689229
    endloop
  endfacet
  facet normal -0.9004436917510354 -0.037599459792267524 -0.4333444803030217
    outer loop
      vertex -27.13319720441581 -0.37894052326285993 68.70474615779159
      vertex -29.933920800141703 29.020078865814952 71.97352356478065
      vertex -29.731666551547963 29.167025178888068 71.54051086288842
    endloop
  endfacet
  facet normal -0.7593812058789898 0 -0.6506459745189939
    outer loop
      vertex -26.930942955822072 -0.23199421018974165 68.27173345589937
      vertex -29.731666551547963 29.167025178888068 71.54051086288842
      vertex -29.731666551547963 29.460917805034306 71.54051086288842
    endloop
  endfacet
  facet normal -0.8557347390268367 -0.07240917978860492 -0.512323108111486
    outer loop
      vertex -23.661643096850252 0.3649580191980706 80.14460411104226
      vertex -28.01555626303428 27.666355701367426 83.55831492375269
      vertex -24.166671194799573 20.906070066596598 78.08497617119056
    endloop
  endfacet
  facet normal -0.6410894680450447 0.0374307176048168 0.7665528261909351
    outer loop
      vertex -27.50632462868911 27.451016693168494 60.43301270189222
      vertex -21.28752435407961 21.218825179717143 65.93828594117693
      vertex -21.286645364861368 21.23133742934075 65.9384100921093
    endloop
  endfacet
  facet normal -0.5213527175065287 0.04508051013125421 -0.852149688467269
    outer loop
      vertex -29.731666551547963 29.460917805034306 71.54051086288842
      vertex -21.28752435407961 21.218825179717143 65.93828594117693
      vertex -21.495680830989627 18.255756070564235 65.90888532948837
    endloop
  endfacet
  facet normal -0.7545067329487488 -0.06152902588085947 0.6534016903170345
    outer loop
      vertex -24.19117835293953 19.906297121706277 77.96253101622875
      vertex -24.166671194799573 20.906070066596598 78.08497617119056
      vertex -24.431444885914384 24.082244324247533 78.0783238704434
    endloop
  endfacet
  facet normal -0.7451234163924009 -0.06304964957203037 0.6639396328225641
    outer loop
      vertex -24.06427566267487 19.695955351638325 78.08497617119056
      vertex -24.166671194799573 20.906070066596598 78.08497617119056
      vertex -24.19117835293953 19.906297121706277 77.96253101622875
    endloop
  endfacet
  facet normal -0.2799809633056554 0.8616928014882804 -0.42319756148838594
    outer loop
      vertex -27.70857887728285 27.59796300624161 60
      vertex -27.1495618829079 27.779598638242952 60
      vertex -27.50632462868911 27.451016693168494 59.56698729810778
    endloop
  endfacet
  facet normal -0.2799809633056554 0.8616928014882804 0.42319756148838594
    outer loop
      vertex -27.70857887728285 27.59796300624161 60
      vertex -27.50632462868911 27.451016693168494 60.43301270189222
      vertex -27.1495618829079 27.779598638242952 60
    endloop
  endfacet
  facet normal -0.2799809633056535 0.8616928014882803 -0.4231975614883875
    outer loop
      vertex -27.50632462868911 27.451016693168494 59.56698729810778
      vertex -27.1495618829079 27.779598638242952 60
      vertex -27.22681613150164 27.541834509169163 59.56698729810778
    endloop
  endfacet
  facet normal -0.2799809633056535 0.8616928014882803 0.4231975614883875
    outer loop
      vertex -27.50632462868911 27.451016693168494 60.43301270189222
      vertex -27.22681613150164 27.541834509169163 60.43301270189222
      vertex -27.1495618829079 27.779598638242952 60
    endloop
  endfacet
  facet normal -0.9391664877078303 -0.054769473427513156 -0.3390672693537535
    outer loop
      vertex -24.505990531112303 23.59271101516387 42.01446494220151
      vertex -26.79862888337161 26.1002277600379 47.95969740592561
      vertex -24.51375196387383 23.815350840540116 42
    endloop
  endfacet
  facet normal -0.933729032705786 0 -0.3579805769623781
    outer loop
      vertex -24.51375196387383 23.815350840540116 42
      vertex -26.79862888337161 26.1002277600379 47.95969740592561
      vertex -24.51375196387383 24.403136092832586 42
    endloop
  endfacet
  facet normal -0.9391664877078302 -0.05476947342751857 -0.33906726935375325
    outer loop
      vertex -24.43459939519497 21.544827522204184 42.14751623395064
      vertex -26.618226254228976 25.437943509163354 47.56698729810778
      vertex -26.79862888337161 26.1002277600379 47.95969740592561
    endloop
  endfacet
  facet normal -0.9337290327057861 -4.409125045362337e-17 -0.35798057696237817
    outer loop
      vertex -26.79862888337161 26.1002277600379 47.95969740592561
      vertex -26.814080417354678 26.703464546313437 48
      vertex -24.51375196387383 24.403136092832586 42
    endloop
  endfacet
  facet normal -0.2799809633056554 0.8616928014882804 -0.42319756148838594
    outer loop
      vertex -26.61182616876094 26.556518233240322 47.56698729810778
      vertex -26.814080417354678 26.703464546313437 48
      vertex -26.255063422979728 26.88510017831478 48
    endloop
  endfacet
  facet normal -0.2799809633056535 0.8616928014882803 -0.4231975614883875
    outer loop
      vertex -26.61182616876094 26.556518233240322 47.56698729810778
      vertex -26.255063422979728 26.88510017831478 48
      vertex -26.332317671573467 26.64733604924099 47.56698729810778
    endloop
  endfacet
  facet normal -0.2799809633056554 0.8616928014882804 0.42319756148838594
    outer loop
      vertex -26.814080417354678 26.703464546313437 48
      vertex -26.61182616876094 26.556518233240322 48.43301270189222
      vertex -26.255063422979728 26.88510017831478 48
    endloop
  endfacet
  facet normal -0.2799809633056535 0.8616928014882803 0.4231975614883875
    outer loop
      vertex -26.61182616876094 26.556518233240322 48.43301270189222
      vertex -26.332317671573467 26.64733604924099 48.43301270189222
      vertex -26.255063422979728 26.88510017831478 48
    endloop
  endfacet
  facet normal -0.41343216828488033 0.7859052568559342 -0.45981166739597895
    outer loop
      vertex -26.61182616876094 26.556518233240322 47.56698729810778
      vertex -24.51375196387383 24.403136092832586 42
      vertex -26.814080417354678 26.703464546313437 48
    endloop
  endfacet
  facet normal -0.2782488697386638 0.8563619656323092 -0.43499626470525427
    outer loop
      vertex -26.61182616876094 26.556518233240322 47.56698729810778
      vertex -26.332317671573467 26.64733604924099 47.56698729810778
      vertex -24.47438134791276 24.41907341239214 41.991840450846546
    endloop
  endfacet
  facet normal -0.25542325849944164 0.8659778298935202 -0.4299318052324541
    outer loop
      vertex -26.332317671573467 26.64733604924099 47.56698729810778
      vertex -26.255063422979728 26.88510017831478 48
      vertex -23.95473496949888 24.584771724833928 42
    endloop
  endfacet
  facet normal -0.918273971524135 0 0.3959455937642086
    outer loop
      vertex -24.52582289760899 23.57830195747304 41.972005183450555
      vertex -24.51375196387383 23.815350840540116 42
      vertex -24.52582289760899 24.16608720976551 41.972005183450555
    endloop
  endfacet
  facet normal -0.918273971524135 0 0.3959455937642086
    outer loop
      vertex -24.51375196387383 23.815350840540116 42
      vertex -24.51375196387383 24.403136092832586 42
      vertex -24.52582289760899 24.16608720976551 41.972005183450555
    endloop
  endfacet
  facet normal -0.41343216828488827 0.7859052568559286 -0.45981166739598117
    outer loop
      vertex -26.61182616876094 26.556518233240322 47.56698729810778
      vertex -24.47438134791276 24.41907341239214 41.991840450846546
      vertex -24.51375196387383 24.403136092832586 42
    endloop
  endfacet
  facet normal -0.27824886973865415 0.8563619656323133 -0.4349962647052528
    outer loop
      vertex -26.332317671573467 26.64733604924099 47.56698729810778
      vertex -24.19487285072529 24.50989122839281 41.99184045084655
      vertex -24.47438134791276 24.41907341239214 41.991840450846546
    endloop
  endfacet
  facet normal -0.25542325849945097 0.8659778298935161 -0.42993180523245683
    outer loop
      vertex -26.332317671573467 26.64733604924099 47.56698729810778
      vertex -23.95473496949888 24.584771724833928 42
      vertex -24.19487285072529 24.50989122839281 41.99184045084655
    endloop
  endfacet
  facet normal -0.2284106573898291 0.7029757199640557 0.6735382013900649
    outer loop
      vertex -26.61182616876094 26.556518233240322 48.43301270189222
      vertex -22.335775334438562 22.65079371210609 53.95953678269903
      vertex -26.332317671573467 26.64733604924099 48.43301270189222
    endloop
  endfacet
  facet normal -0.7536066689353993 -4.2392331144477274e-15 -0.6573256335607881
    outer loop
      vertex -27.4752583452428 27.126057783575945 59.531370615616105
      vertex -27.50632462868911 27.451016693168494 59.56698729810778
      vertex -22.615283831626034 22.55997589610542 53.95953678269903
    endloop
  endfacet
  facet normal -0.20796190485489702 0.6400409309315244 -0.7396617151518865
    outer loop
      vertex -27.50632462868911 27.451016693168494 59.56698729810778
      vertex -27.22681613150164 27.541834509169163 59.56698729810778
      vertex -22.615283831626034 22.55997589610542 53.95953678269903
    endloop
  endfacet
  facet normal -0.2284106573898289 0.7029757199640558 0.6735382013900648
    outer loop
      vertex -26.61182616876094 26.556518233240322 48.43301270189222
      vertex -22.615283831626034 22.55997589610542 53.95953678269903
      vertex -22.335775334438562 22.65079371210609 53.95953678269903
    endloop
  endfacet
  facet normal -0.7536066689353998 -4.90592657623209e-15 -0.6573256335607875
    outer loop
      vertex -27.4752583452428 27.126057783575945 59.531370615616105
      vertex -22.615283831626034 22.55997589610542 53.95953678269903
      vertex -22.616197942614576 22.266997380947725 53.96058478706999
    endloop
  endfacet
  facet normal -0.20796190485489643 0.6400409309315241 -0.7396617151518867
    outer loop
      vertex -27.22681613150164 27.541834509169163 59.56698729810778
      vertex -22.335775334438562 22.65079371210609 53.95953678269903
      vertex -22.615283831626034 22.55997589610542 53.95953678269903
    endloop
  endfacet
  facet normal -0.7545067329487364 -0.0615290258808533 0.6534016903170498
    outer loop
      vertex -24.19117835293953 19.906297121706277 77.96253101622875
      vertex -29.691516524977924 29.297862962289187 72.49546789170944
      vertex -29.73810950988794 29.205977779777097 72.43301270189222
    endloop
  endfacet
  facet normal -0.7545067329487529 -0.06152902588089378 0.6534016903170267
    outer loop
      vertex -29.691516524977924 29.297862962289187 72.49546789170944
      vertex -24.431444885914384 24.082244324247533 78.0783238704434
      vertex -29.754351845655467 29.405151283988612 72.43301270189222
    endloop
  endfacet
  facet normal -0.9892408636400853 -0.08067128369211367 -0.1220436712496169
    outer loop
      vertex -29.933920800141703 29.020078865814952 71.97352356478065
      vertex -29.94036375848168 29.05903146670398 72
      vertex -29.956606094249207 29.258204970915497 72
    endloop
  endfacet
  facet normal -0.9004436917510389 -0.03759945979224841 -0.4333444803030162
    outer loop
      vertex -29.933920800141703 29.020078865814952 71.97352356478065
      vertex -29.754351845655467 29.405151283988612 71.56698729810778
      vertex -29.731666551547963 29.167025178888068 71.54051086288842
    endloop
  endfacet
  facet normal -0.893913155055949 -0.0728974351729446 0.44227280626681664
    outer loop
      vertex -29.94036375848168 29.05903146670398 72
      vertex -29.73810950988794 29.205977779777097 72.43301270189222
      vertex -29.956606094249207 29.258204970915497 72
    endloop
  endfacet
  facet normal -0.9004436917510389 -0.03759945979224845 -0.4333444803030162
    outer loop
      vertex -29.933920800141703 29.020078865814952 71.97352356478065
      vertex -29.956606094249207 29.258204970915497 72
      vertex -29.754351845655467 29.405151283988612 71.56698729810778
    endloop
  endfacet
  facet normal -0.7593812058791367 0 -0.6506459745188226
    outer loop
      vertex -29.731666551547963 29.167025178888068 71.54051086288842
      vertex -29.754351845655467 29.405151283988612 71.56698729810778
      vertex -29.731666551547963 29.460917805034306 71.54051086288842
    endloop
  endfacet
  facet normal -0.9060374296629709 0 -0.42319756148838705
    outer loop
      vertex -29.956606094249207 29.258204970915497 72
      vertex -29.956606094249207 29.845990223207966 72
      vertex -29.754351845655467 29.405151283988612 71.56698729810778
    endloop
  endfacet
  facet normal -0.9060374296629709 0 -0.423197561488387
    outer loop
      vertex -29.754351845655467 29.405151283988612 71.56698729810778
      vertex -29.956606094249207 29.845990223207966 72
      vertex -29.754351845655467 29.69904391013485 71.56698729810778
    endloop
  endfacet
  facet normal -0.7593812058791367 0 -0.6506459745188226
    outer loop
      vertex -29.754351845655467 29.405151283988612 71.56698729810778
      vertex -29.754351845655467 29.69904391013485 71.56698729810778
      vertex -29.731666551547963 29.460917805034306 71.54051086288842
    endloop
  endfacet
  facet normal -0.893913155055949 -0.0728974351729446 0.44227280626681653
    outer loop
      vertex -29.73810950988794 29.205977779777097 72.43301270189222
      vertex -29.754351845655467 29.405151283988612 72.43301270189222
      vertex -29.956606094249207 29.258204970915497 72
    endloop
  endfacet
  facet normal -0.7545067329487289 -0.06152902588086166 0.6534016903170573
    outer loop
      vertex -29.73810950988794 29.205977779777097 72.43301270189222
      vertex -29.691516524977924 29.297862962289187 72.49546789170944
      vertex -29.754351845655467 29.405151283988612 72.43301270189222
    endloop
  endfacet
  facet normal -0.9060374296629709 0 0.42319756148838705
    outer loop
      vertex -29.956606094249207 29.258204970915497 72
      vertex -29.754351845655467 29.405151283988612 72.43301270189222
      vertex -29.956606094249207 29.845990223207966 72
    endloop
  endfacet
  facet normal -0.9060374296629709 0 0.423197561488387
    outer loop
      vertex -29.754351845655467 29.405151283988612 72.43301270189222
      vertex -29.754351845655467 29.69904391013485 72.43301270189222
      vertex -29.956606094249207 29.845990223207966 72
    endloop
  endfacet
  facet normal -0.27998096330565625 0.8616928014882831 -0.4231975614883802
    outer loop
      vertex -29.754351845655467 29.69904391013485 71.56698729810778
      vertex -29.956606094249207 29.845990223207966 72
      vertex -29.397589099874256 30.02762585520931 72
    endloop
  endfacet
  facet normal -0.27998096330565625 0.8616928014882831 0.4231975614883802
    outer loop
      vertex -29.754351845655467 29.69904391013485 72.43301270189222
      vertex -29.397589099874256 30.02762585520931 72
      vertex -29.956606094249207 29.845990223207966 72
    endloop
  endfacet
  facet normal -0.2799809633056543 0.8616928014882829 -0.4231975614883818
    outer loop
      vertex -29.754351845655467 29.69904391013485 71.56698729810778
      vertex -29.397589099874256 30.02762585520931 72
      vertex -29.474843348467996 29.78986172613552 71.56698729810778
    endloop
  endfacet
  facet normal -0.2799809633056543 0.8616928014882829 0.4231975614883818
    outer loop
      vertex -29.754351845655467 29.69904391013485 72.43301270189222
      vertex -29.474843348467996 29.78986172613552 72.43301270189222
      vertex -29.397589099874256 30.02762585520931 72
    endloop
  endfacet
  facet normal -0.7275775050700866 0 0.6860254908645803
    outer loop
      vertex -29.754351845655467 29.405151283988612 72.43301270189222
      vertex -24.431444885914384 24.37613695039377 78.0783238704434
      vertex -29.754351845655467 29.69904391013485 72.43301270189222
    endloop
  endfacet
  facet normal -0.19898902021293335 0.6124252315879801 0.7650743137428584
    outer loop
      vertex -29.754351845655467 29.69904391013485 72.43301270189222
      vertex -24.431444885914384 24.37613695039377 78.0783238704434
      vertex -29.474843348467996 29.78986172613552 72.43301270189222
    endloop
  endfacet
  facet normal -0.17762772610512434 0.5466819283796175 0.8182831173266778
    outer loop
      vertex -27.50632462868911 27.451016693168494 60.43301270189222
      vertex -21.286645364861368 21.23133742934075 65.9384100921093
      vertex -27.22681613150164 27.541834509169163 60.43301270189222
    endloop
  endfacet
  facet normal -0.5213527175064926 0.045080510131304374 -0.8521496884672884
    outer loop
      vertex -29.731666551547963 29.460917805034306 71.54051086288842
      vertex -29.754351845655467 29.69904391013485 71.56698729810778
      vertex -21.28752435407961 21.218825179717143 65.93828594117693
    endloop
  endfacet
  facet normal -0.14418072278566355 0.44374263689546667 -0.8844797292069851
    outer loop
      vertex -29.754351845655467 29.69904391013485 71.56698729810778
      vertex -29.474843348467996 29.78986172613552 71.56698729810778
      vertex -21.286645364861368 21.23133742934075 65.9384100921093
    endloop
  endfacet
  facet normal -0.5213527175061324 0.04508051013170752 -0.8521496884674874
    outer loop
      vertex -29.754351845655467 29.69904391013485 71.56698729810778
      vertex -21.286645364861368 21.23133742934075 65.9384100921093
      vertex -21.28752435407961 21.218825179717143 65.93828594117693
    endloop
  endfacet
  facet normal -0.14418072278566824 0.4437426368954628 -0.8844797292069863
    outer loop
      vertex -29.474843348467996 29.78986172613552 71.56698729810778
      vertex -21.007136867673896 21.322155245341424 65.9384100921093
      vertex -21.286645364861368 21.23133742934075 65.9384100921093
    endloop
  endfacet
  facet normal -0.7545067329487392 -0.061529025880859234 0.6534016903170459
    outer loop
      vertex -24.19117835293953 19.906297121706277 77.96253101622875
      vertex -24.431444885914384 24.082244324247533 78.0783238704434
      vertex -29.691516524977924 29.297862962289187 72.49546789170944
    endloop
  endfacet
  facet normal -0.8557347390268365 -0.07240917978860463 -0.5123231081114861
    outer loop
      vertex -24.166671194799573 20.906070066596598 78.08497617119056
      vertex -28.01555626303428 27.666355701367426 83.55831492375269
      vertex -24.431444885914384 24.082244324247533 78.0783238704434
    endloop
  endfacet
  facet normal -0.8368968374379278 0 -0.5473606521174085
    outer loop
      vertex -24.431444885914384 24.082244324247533 78.0783238704434
      vertex -28.01555626303428 27.666355701367426 83.55831492375269
      vertex -24.431444885914384 24.37613695039377 78.0783238704434
    endloop
  endfacet
  facet normal -0.23846886288923344 0.7339316934430983 -0.6359849611367097
    outer loop
      vertex -24.431444885914384 24.37613695039377 78.0783238704434
      vertex -27.741719810799136 28.05673818846666 83.56698729810778
      vertex -24.151936388726913 24.46695476639444 78.0783238704434
    endloop
  endfacet
  facet normal -0.7275775050700867 0 0.6860254908645802
    outer loop
      vertex -29.754351845655467 29.405151283988612 72.43301270189222
      vertex -24.431444885914384 24.082244324247533 78.0783238704434
      vertex -24.431444885914384 24.37613695039377 78.0783238704434
    endloop
  endfacet
  facet normal -0.19898902021293285 0.61242523158798 0.7650743137428585
    outer loop
      vertex -29.474843348467996 29.78986172613552 72.43301270189222
      vertex -24.431444885914384 24.37613695039377 78.0783238704434
      vertex -24.151936388726913 24.46695476639444 78.0783238704434
    endloop
  endfacet
  facet normal 0.08219942906720783 0.7626392251629139 0.6415798205242549
    outer loop
      vertex -29.474843348467996 29.78986172613552 72.43301270189222
      vertex -24.151936388726913 24.46695476639444 78.0783238704434
      vertex -21.570240046608703 24.410905389835214 77.81418134785199
    endloop
  endfacet
  facet normal 0.08219942906721239 0.7626392251629168 0.6415798205242511
    outer loop
      vertex -29.474843348467996 29.78986172613552 72.43301270189222
      vertex -21.570240046608703 24.410905389835214 77.81418134785199
      vertex -28.966904381860296 29.682573404436095 72.49546789170944
    endloop
  endfacet
  facet normal -0.17762772610513047 0.5466819283796133 0.8182831173266795
    outer loop
      vertex -27.22681613150164 27.541834509169163 60.43301270189222
      vertex -21.286645364861368 21.23133742934075 65.9384100921093
      vertex -21.007136867673896 21.322155245341424 65.9384100921093
    endloop
  endfacet
  facet normal 0.039674453792018505 0.823086004067537 0.5665292292763361
    outer loop
      vertex -26.332317671573467 26.64733604924099 48.43301270189222
      vertex -22.335775334438562 22.65079371210609 53.95953678269903
      vertex -19.907234186547086 22.639748567964656 53.80551129647694
    endloop
  endfacet
  facet normal 0 0 -1
    outer loop
      vertex -3.6955181300451474 3.6955181300451474 -0.4330127018922193
      vertex -5.5 10.25 -0.4330127018922193
      vertex 0 5.226251859505506 -0.4330127018922193
    endloop
  endfacet
  facet normal 0 0 -1
    outer loop
      vertex -5.5 10.25 -0.4330127018922193
      vertex 5.5 10.25 -0.4330127018922193
      vertex 0 5.226251859505506 -0.4330127018922193
    endloop
  endfacet
  facet normal 0 0 -1
    outer loop
      vertex -24.922745751406264 24.76223587092621 -0.4330127018922193
      vertex -5.5 13.75 -0.4330127018922193
      vertex -5.5 10.25 -0.4330127018922193
    endloop
  endfacet
  facet normal 0.090648468605828 0.9816700948722585 0.1676504696471479
    outer loop
      vertex -23.071483019459766 25.23776412907379 0.4330127018922193
      vertex -22.354595568299324 24.267292552429847 5.7279467213005
      vertex 16.495075320943222 20.67987230774111 5.7279467213004995
    endloop
  endfacet
  facet normal 0.009115290356523259 0.7550033967902994 0.6556575190728967
    outer loop
      vertex -26.75521843438389 27.070236812051412 12.433012701892219
      vertex -18.919085610419675 22.264165561396602 17.858362659790554
      vertex 16.535841517776703 21.836111917245056 17.858362659790554
    endloop
  endfacet
  facet normal 0 0 -1
    outer loop
      vertex -24.922745751406264 24.76223587092621 -0.4330127018922193
      vertex -24.75 25 -0.4330127018922193
      vertex 25.077254248593736 25.23776412907379 -0.4330127018922193
    endloop
  endfacet
  facet normal 0 0 -1
    outer loop
      vertex -24.75 25 -0.4330127018922193
      vertex -24.922745751406264 25.23776412907379 -0.4330127018922193
      vertex 25.077254248593736 25.23776412907379 -0.4330127018922193
    endloop
  endfacet
  facet normal 0 0.876551507956312 -0.4813080654835482
    outer loop
      vertex -24.922745751406264 25.23776412907379 -0.4330127018922193
      vertex -24.845491502812525 25.475528258147577 0
      vertex 25.077254248593736 25.23776412907379 -0.4330127018922193
    endloop
  endfacet
  facet normal 0 0.876551507956312 0.48130806548354815
    outer loop
      vertex -24.845491502812525 25.475528258147577 0
      vertex -23.071483019459766 25.23776412907379 0.4330127018922193
      vertex 25.077254248593736 25.23776412907379 0.4330127018922193
    endloop
  endfacet
  facet normal -0.068916974045091 0.7711481274704849 -0.6329146989818083
    outer loop
      vertex -21.832383446477383 22.147401824144907 18.033320729485016
      vertex 11.211998496003812 27.76952839944099 21.285217978176867
      vertex -18.919085610419675 22.264165561396602 17.858362659790554
    endloop
  endfacet
  facet normal -0.04573724159577456 0.8790543999919477 0.4745223562552209
    outer loop
      vertex -26.677964185790152 27.3080009411252 12
      vertex -26.75521843438389 27.070236812051412 12.433012701892219
      vertex 29.932422236665982 30.253441997626084 12
    endloop
  endfacet
  facet normal -0.0689169740450907 0.7711481274704838 -0.6329146989818097
    outer loop
      vertex -26.001511415520444 26.316529793187968 23.56698729810778
      vertex 11.211998496003812 27.76952839944099 21.285217978176867
      vertex -21.832383446477383 22.147401824144907 18.033320729485016
    endloop
  endfacet
  facet normal -0.05011598497150145 0.7467757281287491 0.6631850419966608
    outer loop
      vertex -24.215625399293874 26.19732659447675 36.43301270189222
      vertex -24.112584817464334 26.193198465586146 36.44544779343723
      vertex 4.861420939930011 27.945457047532205 36.661852943751036
    endloop
  endfacet
  facet normal -0.05011598497150032 0.7467757281287275 0.6631850419966853
    outer loop
      vertex -24.112584817464334 26.193198465586146 36.44544779343723
      vertex -20.38804740187704 26.043981814860473 36.89493053997579
      vertex 4.861420939930011 27.945457047532205 36.661852943751036
    endloop
  endfacet
  facet normal 0.057112106298899366 0.9843493641375821 0.16671693566054152
    outer loop
      vertex -24.85551302843088 26.418946875309185 24.43301270189222
      vertex -22.956014148615232 25.402587520575853 29.783208823805932
      vertex 18.246394313548866 23.012017243808867 29.783208823805932
    endloop
  endfacet
  facet normal 0 0 -1
    outer loop
      vertex -24.922745751406264 24.76223587092621 -0.4330127018922193
      vertex 25.077254248593736 25.23776412907379 -0.4330127018922193
      vertex -5.5 13.75 -0.4330127018922193
    endloop
  endfacet
  facet normal -0.04367097506682231 0.8789819048471629 -0.47485119446829455
    outer loop
      vertex -23.71655951257809 24.346596267913142 6
      vertex 29.932422236665982 30.253441997626084 12
      vertex -22.354595568299324 24.267292552429847 5.7279467213005
    endloop
  endfacet
  facet normal -0.04612699050496555 0.8865452429366183 -0.4603366517815058
    outer loop
      vertex -23.71655951257809 24.346596267913142 6
      vertex -26.677964185790152 27.3080009411252 12
      vertex 29.932422236665982 30.253441997626084 12
    endloop
  endfacet
  facet normal 0.004932613678376314 0.9605655350401621 0.27800993186450573
    outer loop
      vertex -20.38804740187704 26.043981814860473 36.89493053997579
      vertex -21.80859009332087 24.629163050267735 41.80854323987093
      vertex 20.32749615880217 24.4127894372047 41.80854323987093
    endloop
  endfacet
  facet normal -0.06620196395282721 0.9864720779714972 -0.14996712756929445
    outer loop
      vertex -24.84545925894048 25.475496014275535 30
      vertex -25.700237404482003 26.33027415981705 36
      vertex 29.729107798675397 30.0501275596355 36
    endloop
  endfacet
  facet normal -0.021004408532435306 0.8779343991213222 -0.47831998250301594
    outer loop
      vertex -24.84545925894048 25.475496014275535 30
      vertex 29.729107798675397 30.0501275596355 36
      vertex -22.956014148615232 25.402587520575853 29.783208823805932
    endloop
  endfacet
  facet normal -0.05901828879000381 0.8794285018867728 0.47235828738097324
    outer loop
      vertex -25.700237404482003 26.33027415981705 36
      vertex -24.215625399293874 26.19732659447675 36.43301270189222
      vertex 29.729107798675397 30.0501275596355 36
    endloop
  endfacet
  facet normal -0.07861724481525187 0.8796895389879464 -0.46900495073382004
    outer loop
      vertex -26.001511415520444 26.316529793187968 23.56698729810778
      vertex -25.924257166926704 26.554293922261756 24
      vertex 31.27476067957623 31.43527056005628 23.56698729810778
    endloop
  endfacet
  facet normal -0.0786172448152519 0.8796895389879468 0.46900495073381926
    outer loop
      vertex -25.924257166926704 26.554293922261756 24
      vertex -24.85551302843088 26.418946875309185 24.43301270189222
      vertex 31.27476067957623 31.43527056005628 24.43301270189222
    endloop
  endfacet
  facet normal 0.039674453792018706 0.8230860040675372 0.5665292292763359
    outer loop
      vertex -26.332317671573467 26.64733604924099 48.43301270189222
      vertex -19.907234186547086 22.639748567964656 53.80551129647694
      vertex 15.260086345818085 20.944610725071694 53.80551129647694
    endloop
  endfacet
  facet normal -0.00345580222995448 0.6608578651394663 0.7505031242534933
    outer loop
      vertex -27.22681613150164 27.541834509169163 60.43301270189222
      vertex -21.007136867673896 21.322155245341424 65.9384100921093
      vertex 16.95617903950414 21.506765522288337 65.95065861975093
    endloop
  endfacet
  facet normal -0.047247702457688036 0.8791049611922583 -0.47428063614238736
    outer loop
      vertex -27.22681613150164 27.541834509169163 59.56698729810778
      vertex -27.1495618829079 27.779598638242952 60
      vertex 30.5602037766435 30.881223537603603 60
    endloop
  endfacet
  facet normal -0.047247702457688036 0.8791049611922583 0.47428063614238736
    outer loop
      vertex -27.22681613150164 27.541834509169163 60.43301270189222
      vertex 30.5602037766435 30.881223537603603 60
      vertex -27.1495618829079 27.779598638242952 60
    endloop
  endfacet
  facet normal 0.08219942906720738 0.7626392251629138 0.6415798205242552
    outer loop
      vertex -28.966904381860296 29.682573404436095 72.49546789170944
      vertex -21.570240046608703 24.410905389835214 77.81418134785199
      vertex 14.289417862969898 20.54584926702294 77.81418134785199
    endloop
  endfacet
  facet normal 0.0017216255918240152 0.5091660822546191 0.860666565335731
    outer loop
      vertex -29.474843348467996 29.78986172613552 72.43301270189222
      vertex -28.966904381860296 29.682573404436095 72.49546789170944
      vertex 29.430178341443952 29.590688221924005 72.43301270189222
    endloop
  endfacet
  facet normal 0.0029630857147381726 0.8763245341627584 -0.48171208304076374
    outer loop
      vertex -29.474843348467996 29.78986172613552 71.56698729810778
      vertex -29.397589099874256 30.02762585520931 72
      vertex 29.430178341443952 29.590688221924005 71.56698729810778
    endloop
  endfacet
  facet normal 0.002963085714738172 0.8763245341627584 0.4817120830407638
    outer loop
      vertex -29.397589099874256 30.02762585520931 72
      vertex -29.474843348467996 29.78986172613552 72.43301270189222
      vertex 29.430178341443952 29.590688221924005 72.43301270189222
    endloop
  endfacet
  facet normal -0.0034558022299524416 0.660857865139023 0.7505031242538837
    outer loop
      vertex -21.007136867673896 21.322155245341424 65.9384100921093
      vertex -17.258869128522264 21.3278458997881 65.95065861975091
      vertex 16.95617903950414 21.506765522288337 65.95065861975093
    endloop
  endfacet
  facet normal -0.07538190338713928 0.9210711244811781 -0.3820282087604397
    outer loop
      vertex -26.255063422979728 26.88510017831478 48
      vertex 31.272201910038046 31.593221670998147 48
      vertex -23.95473496949888 24.584771724833928 42
    endloop
  endfacet
  facet normal -0.060310567260476795 0.8794564074612116 -0.47214305337698137
    outer loop
      vertex -23.95473496949888 24.584771724833928 42
      vertex 31.194947661444306 31.35545754192436 47.56698729810778
      vertex -21.80859009332087 24.629163050267735 41.80854323987093
    endloop
  endfacet
  facet normal -0.039539219443268735 0.7356786079783447 -0.6761757433455167
    outer loop
      vertex -27.22681613150164 27.541834509169163 59.56698729810778
      vertex 30.48294952804976 30.643459408529814 59.56698729810778
      vertex -22.335775334438562 22.65079371210609 53.95953678269903
    endloop
  endfacet
  facet normal -0.03953921944326761 0.7356786079783405 -0.6761757433455213
    outer loop
      vertex -22.335775334438562 22.65079371210609 53.95953678269903
      vertex 30.48294952804976 30.643459408529814 59.56698729810778
      vertex -19.907234186547086 22.639748567964656 53.80551129647694
    endloop
  endfacet
  facet normal -0.07199112951285468 0.8796401740153987 0.4701600169406395
    outer loop
      vertex -26.332317671573467 26.64733604924099 48.43301270189222
      vertex 31.272201910038046 31.593221670998147 48
      vertex -26.255063422979728 26.88510017831478 48
    endloop
  endfacet
  facet normal 0.0018761683751456935 0.5548716897329884 -0.8319338242463076
    outer loop
      vertex -29.474843348467996 29.78986172613552 71.56698729810778
      vertex 29.430178341443952 29.590688221924005 71.56698729810778
      vertex -21.007136867673896 21.322155245341424 65.9384100921093
    endloop
  endfacet
  facet normal -0.039924829170932916 0.8240679220543966 -0.565082354932996
    outer loop
      vertex -24.151936388726913 24.46695476639444 78.0783238704434
      vertex 30.729047463346834 30.889557343826887 83.56698729810778
      vertex -21.570240046608703 24.410905389835214 77.81418134785199
    endloop
  endfacet
  facet normal 0.0018761683751422726 0.5548716897330028 -0.831933824246298
    outer loop
      vertex -21.007136867673896 21.322155245341424 65.9384100921093
      vertex 29.430178341443952 29.590688221924005 71.56698729810778
      vertex -17.258869128522264 21.3278458997881 65.95065861975091
    endloop
  endfacet
  facet normal -0.5643466698898215 0.01321069447955245 -0.8254321981456968
    outer loop
      vertex -29.25870638760241 -24.89781320140201 83.56698729810778
      vertex -28.01555626303428 27.666355701367426 83.55831492375269
      vertex -23.661643096850252 0.3649580191980706 80.14460411104226
    endloop
  endfacet
  facet normal -0.7959795046062635 0.05339298884142359 0.6029641921286428
    outer loop
      vertex -28.698780794235486 -24.83455883285386 84.92976331182982
      vertex -22.126419474083136 16.615236566311147 89.9355936478333
      vertex -22.08730776661933 17.19831157684873 89.9355936478333
    endloop
  endfacet
  facet normal -0.6645488209461174 0.01555630946130912 0.7470829042449499
    outer loop
      vertex -29.25870638760241 -24.89781320140201 84.43301270189222
      vertex -22.08730776661933 17.19831157684873 89.9355936478333
      vertex -21.947115804686966 20.227469961369202 89.99722252129533
    endloop
  endfacet
  facet normal -0.7092773694348841 -0.033154368970743364 0.7041494166905791
    outer loop
      vertex -26.607588339588606 -26.55228040406799 96.43301270189222
      vertex -23.166011931413383 16.942020124897656 101.94755018118367
      vertex -23.24456063877956 18.622426727790813 101.94755018118367
    endloop
  endfacet
  facet normal -0.6645488209461234 0.015556309461310378 0.7470829042449446
    outer loop
      vertex -29.25870638760241 -24.89781320140201 84.43301270189222
      vertex -21.947115804686966 20.227469961369202 89.99722252129533
      vertex -28.021228307986608 27.96592037246599 84.43301270189222
    endloop
  endfacet
  facet normal -0.905778463467937 0.0019753265438991656 -0.4237469447709423
    outer loop
      vertex -25.660045878352832 -1.748755853959609 92.18733433295817
      vertex -25.86230012694657 -1.601809540886491 92.6203470348504
      vertex -27.178172876186736 27.122864940666123 95.56698729810778
    endloop
  endfacet
  facet normal -0.9121957156525218 0 -0.40975477586622894
    outer loop
      vertex -25.86230012694657 -2.189594793178964 92.6203470348504
      vertex -27.380427124780475 26.68202600144677 96
      vertex -25.86230012694657 -1.601809540886491 92.6203470348504
    endloop
  endfacet
  facet normal -0.8201971898874917 -0.008766969856967845 0.5720137323003609
    outer loop
      vertex -26.607588339588606 -26.55228040406799 96.43301270189222
      vertex -23.291657238089222 20.627136363690223 101.91074464965828
      vertex -27.178172876186736 26.828972314519884 96.43301270189222
    endloop
  endfacet
  facet normal -0.8201971898874884 -0.008766969856968768 0.5720137323003658
    outer loop
      vertex -26.607588339588606 -26.55228040406799 96.43301270189222
      vertex -23.24456063877956 18.622426727790813 101.94755018118367
      vertex -23.291657238089222 20.627136363690223 101.91074464965828
    endloop
  endfacet
  facet normal -0.7526361708203272 -0.06999775684759786 -0.6547053599973196
    outer loop
      vertex -25.355231509088906 -25.29992357356829 107.14364153688393
      vertex -30.919627877359705 30.57042731569285 107.56698729810778
      vertex -24.99925476172393 0.12880648354300528 104.01570771406153
    endloop
  endfacet
  facet normal -0.9483877978918509 0.03754437141271188 0.3148825256902488
    outer loop
      vertex -25.743897198785746 -25.045496075452036 108.43538514701035
      vertex -22.268119835255757 17.366097051573973 113.84714380671763
      vertex -22.26452643300387 17.45686801724415 113.84714380671761
    endloop
  endfacet
  facet normal -0.5877535945719788 -0.05466310920761279 0.807191214372081
    outer loop
      vertex -25.743897198785746 -25.045496075452036 108.43538514701035
      vertex -22.26452643300387 17.45686801724415 113.84714380671761
      vertex -30.919627877359705 30.57042731569285 108.43301270189222
    endloop
  endfacet
  facet normal -0.5643466698897938 0.01321069447955179 -0.8254321981457157
    outer loop
      vertex -29.25870638760241 -24.89781320140201 83.56698729810778
      vertex -28.021228307986608 27.96592037246599 83.56698729810778
      vertex -28.01555626303428 27.666355701367426 83.55831492375269
    endloop
  endfacet
  facet normal -0.9030650972231731 0.021139696096535484 -0.4289831505155501
    outer loop
      vertex -29.46096063619615 -24.750866888328893 84
      vertex -28.223482556580347 28.112866685539107 84
      vertex -28.021228307986608 27.96592037246599 83.56698729810778
    endloop
  endfacet
  facet normal -0.9030650972231731 0.021139696096535484 0.4289831505155501
    outer loop
      vertex -29.46096063619615 -24.750866888328893 84
      vertex -28.021228307986608 27.96592037246599 84.43301270189222
      vertex -28.223482556580347 28.112866685539107 84
    endloop
  endfacet
  facet normal -0.6985228721179982 0.0468557591001341 -0.7140520534016921
    outer loop
      vertex -25.660045878352832 -1.748755853959609 92.18733433295817
      vertex -22.08730776661933 17.19831157684873 89.9355936478333
      vertex -22.126419474083136 16.615236566311147 89.9355936478333
    endloop
  endfacet
  facet normal -0.9047327145180045 -0.009670557927515037 0.4258699280182315
    outer loop
      vertex -26.809842588182345 -26.699226717141105 96
      vertex -27.178172876186736 26.828972314519884 96.43301270189222
      vertex -27.380427124780475 26.68202600144677 96
    endloop
  endfacet
  facet normal -0.6985228721179937 0.04685575910013393 -0.7140520534016964
    outer loop
      vertex -25.660045878352832 -1.748755853959609 92.18733433295817
      vertex -27.178172876186736 27.122864940666123 95.56698729810778
      vertex -21.947115804686966 20.227469961369202 89.99722252129533
    endloop
  endfacet
  facet normal -0.8918271632738254 -0.0829429986827286 -0.44470751041159456
    outer loop
      vertex -25.692157485131645 -25.63684954961103 107.56698729810778
      vertex -31.121882125953444 30.423481002619734 108
      vertex -30.919627877359705 30.57042731569285 107.56698729810778
    endloop
  endfacet
  facet normal -0.8918271632738253 -0.0829429986827286 0.44470751041159473
    outer loop
      vertex -25.74471736335975 -25.071710504162585 108.43301270189222
      vertex -30.919627877359705 30.57042731569285 108.43301270189222
      vertex -31.121882125953444 30.423481002619734 108
    endloop
  endfacet
  facet normal -0.9057470019031336 0.002213314900247846 -0.4238130127551974
    outer loop
      vertex -27.296867552092177 -26.19401249108953 119.56698729810778
      vertex -27.368863081488207 27.25824721044697 120
      vertex -27.166608832894468 27.111300897373855 119.56698729810778
    endloop
  endfacet
  facet normal -0.9057470019031336 0.002213314900247846 0.4238130127551974
    outer loop
      vertex -27.296867552092177 -26.19401249108953 120.43301270189222
      vertex -27.166608832894468 27.111300897373855 120.43301270189222
      vertex -27.368863081488207 27.25824721044697 120
    endloop
  endfacet
  facet normal -0.6194585676517077 -0.028955890599436856 -0.7844951493556145
    outer loop
      vertex -24.99925476172393 0.12880648354300528 104.01570771406153
      vertex -23.24456063877956 18.622426727790813 101.94755018118367
      vertex -23.166011931413383 16.942020124897656 101.94755018118367
    endloop
  endfacet
  facet normal -0.7342100014742122 0.02906559220963631 -0.6782999816340411
    outer loop
      vertex -25.197668829704803 -0.8414401035687358 116.23796109309487
      vertex -27.166608832894468 27.111300897373855 119.56698729810778
      vertex -22.268119835255757 17.366097051573973 113.84714380671763
    endloop
  endfacet
  facet normal -0.6985228721179966 0.04685575910013472 -0.7140520534016936
    outer loop
      vertex -25.660045878352832 -1.748755853959609 92.18733433295817
      vertex -21.947115804686966 20.227469961369202 89.99722252129533
      vertex -22.08730776661933 17.19831157684873 89.9355936478333
    endloop
  endfacet
  facet normal -0.7154816364880151 0.055348427697692534 -0.6964356247348531
    outer loop
      vertex -24.354778666860543 -19.854531643277955 126.04651140295366
      vertex -26.172042336201034 26.116734400680418 131.5669872981078
      vertex -21.379816096873338 16.21380892248573 125.85668029238195
    endloop
  endfacet
  facet normal -0.8072469640401524 -0.003950775524015467 0.5902005849037393
    outer loop
      vertex -24.187422102414768 -20.165947682413893 150.12610582253416
      vertex -24.3897012971971 21.164992251764883 150.12610582253413
      vertex -26.03355726799322 0.4434059709684372 147.7390121569608
    endloop
  endfacet
  facet normal -0.9001903565444682 0.03910574289534412 -0.4337373201108552
    outer loop
      vertex -28.73310741453831 -28.0347062912046 132
      vertex -26.374296584794774 26.263680713753534 132
      vertex -26.172042336201034 26.116734400680418 131.5669872981078
    endloop
  endfacet
  facet normal -0.6821698641612988 0.0016669740243979523 0.7311918336714089
    outer loop
      vertex -23.750399833331468 -1.03636576475755 123.68435680732988
      vertex -23.527216347017923 0.5876874450095663 123.88887467410605
      vertex -27.166608832894468 27.111300897373855 120.43301270189222
    endloop
  endfacet
  facet normal -0.9001903565444682 0.03910574289534412 0.4337373201108552
    outer loop
      vertex -28.73310741453831 -28.0347062912046 132
      vertex -26.172042336201034 26.116734400680418 132.4330127018922
      vertex -26.374296584794774 26.263680713753534 132
    endloop
  endfacet
  facet normal -0.5624552224707908 0.04030079595101932 -0.8258450027463068
    outer loop
      vertex -23.606410452706797 -20.373548130638703 137.87301415122144
      vertex -28.470967249380763 28.41565931386015 143.5669872981078
      vertex -20.74711489889075 20.69180696337013 137.92961167171623
    endloop
  endfacet
  facet normal -0.6821698641613029 0.001666974024397276 0.7311918336714048
    outer loop
      vertex -23.527216347017923 0.5876874450095663 123.88887467410605
      vertex -21.379816096873338 16.21380892248573 125.85668029238195
      vertex -27.12471157231648 27.069403636795865 120.47219652326838
    endloop
  endfacet
  facet normal -0.7603107160702824 0 -0.6495595546435249
    outer loop
      vertex -23.606410452706797 -20.373548130638703 137.87301415122144
      vertex -28.470967249380763 28.12176668771391 143.5669872981078
      vertex -28.470967249380763 28.41565931386015 143.5669872981078
    endloop
  endfacet
  facet normal -0.6963191925365034 0.03024924574948021 0.7170945301959146
    outer loop
      vertex -23.669606926241446 0.2186293853886555 135.95541015540664
      vertex -21.02312953778165 15.67983015684436 137.87301415122144
      vertex -25.6847329550114 25.629425019490782 132.9267601802844
    endloop
  endfacet
  facet normal -0.9056980772413114 -0.00258256038009668 -0.42391546711965444
    outer loop
      vertex -28.310211519998834 -28.254903584478217 143.5669872981078
      vertex -28.673221497974502 27.974820374640796 144
      vertex -28.470967249380763 28.12176668771391 143.5669872981078
    endloop
  endfacet
  facet normal -0.9056980772413114 -0.00258256038009668 0.4239154671196544
    outer loop
      vertex -28.512465768592573 -28.401849897551333 144
      vertex -28.470967249380763 28.12176668771391 144.4330127018922
      vertex -28.673221497974502 27.974820374640796 144
    endloop
  endfacet
  facet normal -0.9858744575595637 -0.004825002570694224 -0.1674164665790937
    outer loop
      vertex -24.187422102414768 -20.165947682413893 150.12610582253416
      vertex -25.404508497187475 24.706107373853765 156
      vertex -24.3897012971971 21.164992251764883 150.12610582253413
    endloop
  endfacet
  facet normal -0.9060374296629655 0 0.4231975614883985
    outer loop
      vertex -25.404508497187475 -24.706107373853765 156
      vertex -25.202254248593736 24.85305368692688 156.4330127018922
      vertex -25.404508497187475 24.706107373853765 156
    endloop
  endfacet
  facet normal -0.8140737666935994 -0.0023212974711677168 0.5807568458135861
    outer loop
      vertex -26.03355726799322 0.4434059709684372 147.7390121569608
      vertex -24.3897012971971 21.164992251764883 150.12610582253413
      vertex -24.40112461263702 23.70272348930331 150.1202365980064
    endloop
  endfacet
  facet normal -0.5624552224707218 0.040300795951014746 -0.825845002746354
    outer loop
      vertex -23.283748231479805 -15.870335547846972 137.87301415122144
      vertex -20.74711489889075 20.69180696337013 137.92961167171623
      vertex -21.02312953778165 15.67983015684436 137.87301415122144
    endloop
  endfacet
  facet normal -0.9121957156525213 0 -0.40975477586623027
    outer loop
      vertex -25.86230012694657 -1.601809540886491 92.6203470348504
      vertex -27.380427124780475 26.68202600144677 96
      vertex -27.380427124780475 27.26981125373924 96
    endloop
  endfacet
  facet normal -0.905778463467937 0.0019753265438992155 -0.42374694477094216
    outer loop
      vertex -25.86230012694657 -1.601809540886491 92.6203470348504
      vertex -27.380427124780475 27.26981125373924 96
      vertex -27.178172876186736 27.122864940666123 95.56698729810778
    endloop
  endfacet
  facet normal -0.6645488209461263 0.015556309461306282 0.7470829042449421
    outer loop
      vertex -28.021228307986608 27.96592037246599 84.43301270189222
      vertex -21.947115804686966 20.227469961369202 89.99722252129533
      vertex -21.873496049498456 21.818188113977836 90.02958602141531
    endloop
  endfacet
  facet normal -0.698522872117993 0.04685575910013535 -0.7140520534016971
    outer loop
      vertex -27.178172876186736 27.122864940666123 95.56698729810778
      vertex -21.873496049498456 21.818188113977836 90.02958602141531
      vertex -21.947115804686966 20.227469961369202 89.99722252129533
    endloop
  endfacet
  facet normal -0.197137159553269 0.6067257905225886 -0.7700784086299322
    outer loop
      vertex -27.178172876186736 27.122864940666123 95.56698729810778
      vertex -21.593987552310985 21.909005929978505 90.02958602141531
      vertex -21.873496049498456 21.818188113977836 90.02958602141531
    endloop
  endfacet
  facet normal -0.8201971898874926 -0.008766969856969538 0.5720137323003596
    outer loop
      vertex -23.291657238089222 20.627136363690223 101.91074464965828
      vertex -23.347359622066097 22.998159060399246 101.86721378162214
      vertex -27.178172876186736 26.828972314519884 96.43301270189222
    endloop
  endfacet
  facet normal -0.6194585676516904 -0.028955890599439996 -0.7844951493556281
    outer loop
      vertex -24.99925476172393 0.12880648354300528 104.01570771406153
      vertex -30.919627877359705 30.57042731569285 107.56698729810778
      vertex -23.24456063877956 18.622426727790813 101.94755018118367
    endloop
  endfacet
  facet normal -0.6821698641611473 0.0016669740244378334 0.7311918336715502
    outer loop
      vertex -23.527216347017923 0.5876874450095663 123.88887467410605
      vertex -27.12471157231648 27.069403636795865 120.47219652326838
      vertex -27.166608832894468 27.111300897373855 120.43301270189222
    endloop
  endfacet
  facet normal -0.6194585676516927 -0.028955890599442344 -0.7844951493556263
    outer loop
      vertex -23.291657238089222 20.627136363690223 101.91074464965828
      vertex -23.24456063877956 18.622426727790813 101.94755018118367
      vertex -30.919627877359705 30.57042731569285 107.56698729810778
    endloop
  endfacet
  facet normal -0.7342100014741905 0.02906559220965433 -0.6782999816340639
    outer loop
      vertex -27.166608832894468 27.111300897373855 119.56698729810778
      vertex -22.26452643300387 17.45686801724415 113.84714380671761
      vertex -22.268119835255757 17.366097051573973 113.84714380671763
    endloop
  endfacet
  facet normal -0.7342100014742157 0.029065592209632306 -0.6782999816340378
    outer loop
      vertex -27.166608832894468 27.111300897373855 119.56698729810778
      vertex -22.29992172029272 20.03374957837614 113.99587764910675
      vertex -22.26452643300387 17.45686801724415 113.84714380671761
    endloop
  endfacet
  facet normal -0.5877535945719782 -0.05466310920761239 0.8071912143720814
    outer loop
      vertex -30.919627877359705 30.57042731569285 108.43301270189222
      vertex -22.26452643300387 17.45686801724415 113.84714380671761
      vertex -22.29992172029272 20.03374957837614 113.99587764910675
    endloop
  endfacet
  facet normal -0.7342100014742141 0.02906559220963453 -0.6782999816340392
    outer loop
      vertex -27.166608832894468 27.111300897373855 119.56698729810778
      vertex -22.326619389489608 21.977418827822756 114.10806340112742
      vertex -22.29992172029272 20.03374957837614 113.99587764910675
    endloop
  endfacet
  facet normal -0.7342100014742045 0.029065592209651325 -0.6782999816340488
    outer loop
      vertex -27.166608832894468 27.111300897373855 119.56698729810778
      vertex -22.319566994556293 22.26425905903568 114.11272098977686
      vertex -22.326619389489608 21.977418827822756 114.10806340112742
    endloop
  endfacet
  facet normal -0.9060374296629709 0 0.42319756148838705
    outer loop
      vertex -27.380427124780475 26.68202600144677 96
      vertex -27.178172876186736 27.122864940666123 96.43301270189222
      vertex -27.380427124780475 27.26981125373924 96
    endloop
  endfacet
  facet normal -0.9060374296629709 0 0.423197561488387
    outer loop
      vertex -27.380427124780475 26.68202600144677 96
      vertex -27.178172876186736 26.828972314519884 96.43301270189222
      vertex -27.178172876186736 27.122864940666123 96.43301270189222
    endloop
  endfacet
  facet normal -0.27998096330565625 0.861692801488283 -0.4231975614883802
    outer loop
      vertex -28.223482556580347 28.112866685539107 84
      vertex -27.664465562205397 28.29450231754045 84
      vertex -28.021228307986608 27.96592037246599 83.56698729810778
    endloop
  endfacet
  facet normal -0.27998096330565625 0.861692801488283 0.4231975614883802
    outer loop
      vertex -28.223482556580347 28.112866685539107 84
      vertex -28.021228307986608 27.96592037246599 84.43301270189222
      vertex -27.664465562205397 28.29450231754045 84
    endloop
  endfacet
  facet normal -0.2799809633056543 0.8616928014882829 -0.4231975614883818
    outer loop
      vertex -28.021228307986608 27.96592037246599 83.56698729810778
      vertex -27.664465562205397 28.29450231754045 84
      vertex -27.741719810799136 28.05673818846666 83.56698729810778
    endloop
  endfacet
  facet normal -0.2799809633056543 0.8616928014882829 0.4231975614883818
    outer loop
      vertex -28.021228307986608 27.96592037246599 84.43301270189222
      vertex -27.741719810799136 28.05673818846666 84.43301270189222
      vertex -27.664465562205397 28.29450231754045 84
    endloop
  endfacet
  facet normal -0.8368968374379292 -7.37287441494073e-15 -0.5473606521174063
    outer loop
      vertex -24.431444885914384 24.37613695039377 78.0783238704434
      vertex -28.01555626303428 27.666355701367426 83.55831492375269
      vertex -28.021228307986608 27.96592037246599 83.56698729810778
    endloop
  endfacet
  facet normal -0.2384688628892338 0.7339316934430982 -0.6359849611367098
    outer loop
      vertex -24.431444885914384 24.37613695039377 78.0783238704434
      vertex -28.021228307986608 27.96592037246599 83.56698729810778
      vertex -27.741719810799136 28.05673818846666 83.56698729810778
    endloop
  endfacet
  facet normal -0.1809650047884194 0.5569530160421607 0.8105892948734692
    outer loop
      vertex -28.021228307986608 27.96592037246599 84.43301270189222
      vertex -21.873496049498456 21.818188113977836 90.02958602141531
      vertex -27.741719810799136 28.05673818846666 84.43301270189222
    endloop
  endfacet
  facet normal -0.18096500478841965 0.5569530160421606 0.8105892948734692
    outer loop
      vertex -27.741719810799136 28.05673818846666 84.43301270189222
      vertex -21.873496049498456 21.818188113977836 90.02958602141531
      vertex -21.593987552310985 21.909005929978505 90.02958602141531
    endloop
  endfacet
  facet normal -0.8173286226752053 0 0.5761717821586302
    outer loop
      vertex -23.347359622066097 23.292051686545484 101.86721378162214
      vertex -27.178172876186736 27.122864940666123 96.43301270189222
      vertex -27.178172876186736 26.828972314519884 96.43301270189222
    endloop
  endfacet
  facet normal -0.27998096330565625 0.861692801488283 -0.4231975614883802
    outer loop
      vertex -27.380427124780475 27.26981125373924 96
      vertex -26.821410130405525 27.45144688574058 96
      vertex -27.178172876186736 27.122864940666123 95.56698729810778
    endloop
  endfacet
  facet normal -0.27998096330565625 0.861692801488283 0.4231975614883802
    outer loop
      vertex -27.380427124780475 27.26981125373924 96
      vertex -27.178172876186736 27.122864940666123 96.43301270189222
      vertex -26.821410130405525 27.45144688574058 96
    endloop
  endfacet
  facet normal -0.2799809633056543 0.8616928014882829 -0.4231975614883818
    outer loop
      vertex -27.178172876186736 27.122864940666123 95.56698729810778
      vertex -26.821410130405525 27.45144688574058 96
      vertex -26.898664378999264 27.213682756666792 95.56698729810778
    endloop
  endfacet
  facet normal -0.2799809633056542 0.8616928014882829 0.4231975614883817
    outer loop
      vertex -26.821410130405525 27.45144688574058 96
      vertex -27.178172876186736 27.122864940666123 96.43301270189222
      vertex -26.898664378999264 27.213682756666792 96.43301270189222
    endloop
  endfacet
  facet normal -0.2310317200661083 0.711042521412751 0.6641105909909077
    outer loop
      vertex -23.347359622066097 23.292051686545484 101.86721378162214
      vertex -26.898664378999264 27.213682756666792 96.43301270189222
      vertex -27.178172876186736 27.122864940666123 96.43301270189222
    endloop
  endfacet
  facet normal -0.19713715955326908 0.6067257905225889 -0.7700784086299319
    outer loop
      vertex -27.178172876186736 27.122864940666123 95.56698729810778
      vertex -26.898664378999264 27.213682756666792 95.56698729810778
      vertex -21.593987552310985 21.909005929978505 90.02958602141531
    endloop
  endfacet
  facet normal -0.8173286226752049 0 0.5761717821586306
    outer loop
      vertex -23.347359622066097 22.998159060399246 101.86721378162214
      vertex -23.347359622066097 23.292051686545484 101.86721378162214
      vertex -27.178172876186736 26.828972314519884 96.43301270189222
    endloop
  endfacet
  facet normal -0.23103172006611009 0.7110425214127503 0.664110590990908
    outer loop
      vertex -23.347359622066097 23.292051686545484 101.86721378162214
      vertex -23.067851124878626 23.382869502546153 101.86721378162214
      vertex -26.898664378999264 27.213682756666792 96.43301270189222
    endloop
  endfacet
  facet normal 0.04971118919548516 0.8324851823320735 0.5518126664605525
    outer loop
      vertex -26.898664378999264 27.213682756666792 96.43301270189222
      vertex -23.067851124878626 23.382869502546153 101.86721378162214
      vertex -20.535744716425874 23.26909965527202 101.81074115861826
    endloop
  endfacet
  facet normal -0.9060374296629709 0 -0.423197561488387
    outer loop
      vertex -30.919627877359705 30.57042731569285 107.56698729810778
      vertex -31.121882125953444 30.423481002619734 108
      vertex -30.919627877359705 30.86431994183909 107.56698729810778
    endloop
  endfacet
  facet normal -0.9060374296629709 0 0.42319756148838705
    outer loop
      vertex -31.121882125953444 30.423481002619734 108
      vertex -30.919627877359705 30.57042731569285 108.43301270189222
      vertex -31.121882125953444 31.011266254912204 108
    endloop
  endfacet
  facet normal -0.2799809633056543 0.8616928014882829 -0.4231975614883818
    outer loop
      vertex -30.919627877359705 30.86431994183909 107.56698729810778
      vertex -30.562865131578494 31.192901886913546 108
      vertex -30.640119380172234 30.955137757839758 107.56698729810778
    endloop
  endfacet
  facet normal -0.9060374296629709 0 -0.42319756148838705
    outer loop
      vertex -31.121882125953444 30.423481002619734 108
      vertex -31.121882125953444 31.011266254912204 108
      vertex -30.919627877359705 30.86431994183909 107.56698729810778
    endloop
  endfacet
  facet normal -0.9060374296629709 0 0.423197561488387
    outer loop
      vertex -30.919627877359705 30.57042731569285 108.43301270189222
      vertex -30.919627877359705 30.86431994183909 108.43301270189222
      vertex -31.121882125953444 31.011266254912204 108
    endloop
  endfacet
  facet normal -0.27998096330565625 0.8616928014882831 -0.4231975614883802
    outer loop
      vertex -30.919627877359705 30.86431994183909 107.56698729810778
      vertex -31.121882125953444 31.011266254912204 108
      vertex -30.562865131578494 31.192901886913546 108
    endloop
  endfacet
  facet normal -0.27998096330565625 0.8616928014882831 0.4231975614883802
    outer loop
      vertex -30.919627877359705 30.86431994183909 108.43301270189222
      vertex -30.562865131578494 31.192901886913546 108
      vertex -31.121882125953444 31.011266254912204 108
    endloop
  endfacet
  facet normal -0.2799809633056543 0.8616928014882829 0.4231975614883818
    outer loop
      vertex -30.919627877359705 30.86431994183909 108.43301270189222
      vertex -30.640119380172234 30.955137757839758 108.43301270189222
      vertex -30.562865131578494 31.192901886913546 108
    endloop
  endfacet
  facet normal -0.6013882823970448 0 -0.7989569035908836
    outer loop
      vertex -23.347359622066097 23.292051686545484 101.86721378162214
      vertex -30.919627877359705 30.57042731569285 107.56698729810778
      vertex -30.919627877359705 30.86431994183909 107.56698729810778
    endloop
  endfacet
  facet normal -0.158472549372647 0.4877283562983893 -0.8584914102993723
    outer loop
      vertex -30.919627877359705 30.86431994183909 107.56698729810778
      vertex -30.640119380172234 30.955137757839758 107.56698729810778
      vertex -23.067851124878626 23.382869502546153 101.86721378162214
    endloop
  endfacet
  facet normal -0.5510901002340646 0 0.8344457450451818
    outer loop
      vertex -30.919627877359705 30.57042731569285 108.43301270189222
      vertex -22.319566994556293 22.26425905903568 114.11272098977686
      vertex -30.919627877359705 30.86431994183909 108.43301270189222
    endloop
  endfacet
  facet normal -0.1434521780364483 0.4415004067147114 0.8857194044884326
    outer loop
      vertex -30.919627877359705 30.86431994183909 108.43301270189222
      vertex -22.319566994556293 22.26425905903568 114.11272098977686
      vertex -30.640119380172234 30.955137757839758 108.43301270189222
    endloop
  endfacet
  facet normal -0.6194585676516902 -0.028955890599439222 -0.7844951493556284
    outer loop
      vertex -23.291657238089222 20.627136363690223 101.91074464965828
      vertex -30.919627877359705 30.57042731569285 107.56698729810778
      vertex -23.347359622066097 22.998159060399246 101.86721378162214
    endloop
  endfacet
  facet normal -0.6013882823970443 0 -0.7989569035908838
    outer loop
      vertex -23.347359622066097 22.998159060399246 101.86721378162214
      vertex -30.919627877359705 30.57042731569285 107.56698729810778
      vertex -23.347359622066097 23.292051686545484 101.86721378162214
    endloop
  endfacet
  facet normal -0.158472549372647 0.4877283562983893 -0.8584914102993723
    outer loop
      vertex -23.347359622066097 23.292051686545484 101.86721378162214
      vertex -30.919627877359705 30.86431994183909 107.56698729810778
      vertex -23.067851124878626 23.382869502546153 101.86721378162214
    endloop
  endfacet
  facet normal -0.2058317366874373 0.6334849474311189 -0.7458754035027741
    outer loop
      vertex -27.166608832894468 27.111300897373855 119.56698729810778
      vertex -26.887100335706997 27.202118713374524 119.56698729810778
      vertex -22.319566994556293 22.26425905903568 114.11272098977686
    endloop
  endfacet
  facet normal -0.2799809633056543 0.8616928014882829 -0.4231975614883818
    outer loop
      vertex -27.166608832894468 27.111300897373855 119.56698729810778
      vertex -26.809846087113257 27.439882842448313 120
      vertex -26.887100335706997 27.202118713374524 119.56698729810778
    endloop
  endfacet
  facet normal -0.2799809633056543 0.8616928014882829 0.4231975614883818
    outer loop
      vertex -27.166608832894468 27.111300897373855 120.43301270189222
      vertex -26.887100335706997 27.202118713374524 120.43301270189222
      vertex -26.809846087113257 27.439882842448313 120
    endloop
  endfacet
  facet normal -0.184170340042832 0.5668180235857937 0.8029935329669863
    outer loop
      vertex -27.166608832894468 27.111300897373855 120.43301270189222
      vertex -27.12471157231648 27.069403636795865 120.47219652326838
      vertex -26.887100335706997 27.202118713374524 120.43301270189222
    endloop
  endfacet
  facet normal -0.184170340042832 0.5668180235857937 0.8029935329669863
    outer loop
      vertex -26.887100335706997 27.202118713374524 120.43301270189222
      vertex -27.12471157231648 27.069403636795865 120.47219652326838
      vertex -26.845203075129007 27.160221452796534 120.47219652326838
    endloop
  endfacet
  facet normal -0.007080634688669445 0.6792572625702605 0.7338660885052269
    outer loop
      vertex -26.887100335706997 27.202118713374524 120.43301270189222
      vertex -26.845203075129007 27.160221452796534 120.47219652326838
      vertex -26.577326784194224 27.163466098048563 120.47177789826465
    endloop
  endfacet
  facet normal -0.27998096330565625 0.861692801488283 -0.4231975614883802
    outer loop
      vertex -27.368863081488207 27.25824721044697 120
      vertex -26.809846087113257 27.439882842448313 120
      vertex -27.166608832894468 27.111300897373855 119.56698729810778
    endloop
  endfacet
  facet normal -0.27998096330565625 0.861692801488283 0.4231975614883802
    outer loop
      vertex -27.368863081488207 27.25824721044697 120
      vertex -27.166608832894468 27.111300897373855 120.43301270189222
      vertex -26.809846087113257 27.439882842448313 120
    endloop
  endfacet
  facet normal -0.5877535945719796 -0.054663109207614066 0.8071912143720802
    outer loop
      vertex -30.919627877359705 30.57042731569285 108.43301270189222
      vertex -22.29992172029272 20.03374957837614 113.99587764910675
      vertex -22.326619389489608 21.977418827822756 114.10806340112742
    endloop
  endfacet
  facet normal -0.5510901002340731 -9.391054678476292e-15 0.8344457450451762
    outer loop
      vertex -30.919627877359705 30.57042731569285 108.43301270189222
      vertex -22.326619389489608 21.977418827822756 114.10806340112742
      vertex -22.319566994556293 22.26425905903568 114.11272098977686
    endloop
  endfacet
  facet normal -0.1434521780364481 0.4415004067147117 0.8857194044884324
    outer loop
      vertex -30.640119380172234 30.955137757839758 108.43301270189222
      vertex -22.319566994556293 22.26425905903568 114.11272098977686
      vertex -22.040058497368822 22.35507687503635 114.11272098977686
    endloop
  endfacet
  facet normal -0.20583173668743734 0.6334849474311184 -0.7458754035027747
    outer loop
      vertex -26.887100335706997 27.202118713374524 119.56698729810778
      vertex -22.040058497368822 22.35507687503635 114.11272098977686
      vertex -22.319566994556293 22.26425905903568 114.11272098977686
    endloop
  endfacet
  facet normal 0.03185955869894774 0.5727992642430872 0.8190762915639093
    outer loop
      vertex -30.640119380172234 30.955137757839758 108.43301270189222
      vertex -22.040058497368822 22.35507687503635 114.11272098977686
      vertex -17.973005067545103 22.280212859546932 114.00687923195589
    endloop
  endfacet
  facet normal 0.02968307784742209 0.6889540449901564 0.7241969613172962
    outer loop
      vertex -27.741719810799136 28.05673818846666 84.43301270189222
      vertex -21.593987552310985 21.909005929978505 90.02958602141531
      vertex -18.516257209338526 21.942035196527105 89.87201541251912
    endloop
  endfacet
  facet normal -0.6963191925364977 0.030249245749481356 0.7170945301959202
    outer loop
      vertex -23.669606926241446 0.2186293853886555 135.95541015540664
      vertex -25.6847329550114 25.629425019490782 132.9267601802844
      vertex -26.172042336201034 26.116734400680418 132.4330127018922
    endloop
  endfacet
  facet normal -0.8140737666935172 -0.0023212974711397877 0.5807568458137016
    outer loop
      vertex -26.03355726799322 0.4434059709684372 147.7390121569608
      vertex -28.392644636419117 28.041184101879473 144.54247904543428
      vertex -28.470967249380763 28.12176668771391 144.4330127018922
    endloop
  endfacet
  facet normal -0.8140737666936152 -0.002321297471164362 0.5807568458135639
    outer loop
      vertex -26.03355726799322 0.4434059709684372 147.7390121569608
      vertex -24.401252255405108 23.93462142502895 150.12098457621084
      vertex -28.392644636419117 28.041184101879473 144.54247904543428
    endloop
  endfacet
  facet normal -0.8140737666936271 -0.0023212974711611864 0.5807568458135473
    outer loop
      vertex -26.03355726799322 0.4434059709684372 147.7390121569608
      vertex -24.40112461263702 23.70272348930331 150.1202365980064
      vertex -24.401252255405108 23.93462142502895 150.12098457621084
    endloop
  endfacet
  facet normal -0.9858744575595638 -0.004825002570695467 -0.16741646657909298
    outer loop
      vertex -24.3897012971971 21.164992251764883 150.12610582253413
      vertex -25.404508497187475 24.706107373853765 156
      vertex -24.40112461263702 23.70272348930331 150.1202365980064
    endloop
  endfacet
  facet normal -0.27998096330565264 0.8616928014882778 -0.42319756148839316
    outer loop
      vertex -26.172042336201034 26.116734400680418 131.5669872981078
      vertex -25.815279590419824 26.445316345754875 132
      vertex -25.892533839013563 26.207552216681087 131.5669872981078
    endloop
  endfacet
  facet normal -0.2799809633056546 0.8616928014882779 -0.4231975614883916
    outer loop
      vertex -26.172042336201034 26.116734400680418 131.5669872981078
      vertex -26.374296584794774 26.263680713753534 132
      vertex -25.815279590419824 26.445316345754875 132
    endloop
  endfacet
  facet normal -0.18417034004287666 0.5668180235859311 0.8029935329668789
    outer loop
      vertex -27.12471157231648 27.069403636795865 120.47219652326838
      vertex -21.175209530366615 21.119901594846 126.03638430244253
      vertex -26.845203075129007 27.160221452796534 120.47219652326838
    endloop
  endfacet
  facet normal -0.007080634688671313 0.679257262570398 0.7338660885050998
    outer loop
      vertex -26.845203075129007 27.160221452796534 120.47219652326838
      vertex -20.895701033179144 21.210719410846668 126.03638430244253
      vertex -26.577326784194224 27.163466098048563 120.47177789826465
    endloop
  endfacet
  facet normal -0.20393302050176795 0.6276412998847162 -0.7513173243231179
    outer loop
      vertex -26.172042336201034 26.116734400680418 131.5669872981078
      vertex -25.892533839013563 26.207552216681087 131.5669872981078
      vertex -20.895701033179144 21.210719410846668 126.03638430244253
    endloop
  endfacet
  facet normal -0.19364125603211663 0.5959665058079849 0.7793118681999687
    outer loop
      vertex -25.6847329550114 25.629425019490782 132.9267601802844
      vertex -25.405224457823927 25.72024283549145 132.9267601802844
      vertex -26.172042336201034 26.116734400680418 132.4330127018922
    endloop
  endfacet
  facet normal -0.19364125603211663 0.595966505807985 0.7793118681999686
    outer loop
      vertex -25.405224457823927 25.72024283549145 132.9267601802844
      vertex -25.892533839013563 26.207552216681087 132.4330127018922
      vertex -26.172042336201034 26.116734400680418 132.4330127018922
    endloop
  endfacet
  facet normal -0.27998096330565264 0.8616928014882778 0.42319756148839316
    outer loop
      vertex -26.172042336201034 26.116734400680418 132.4330127018922
      vertex -25.892533839013563 26.207552216681087 132.4330127018922
      vertex -25.815279590419824 26.445316345754875 132
    endloop
  endfacet
  facet normal -0.2799809633056546 0.8616928014882779 0.4231975614883916
    outer loop
      vertex -26.374296584794774 26.263680713753534 132
      vertex -26.172042336201034 26.116734400680418 132.4330127018922
      vertex -25.815279590419824 26.445316345754875 132
    endloop
  endfacet
  facet normal -0.15488427552721265 0.4766847849574195 -0.8653221810311515
    outer loop
      vertex -28.470967249380763 28.41565931386015 143.5669872981078
      vertex -28.19145875219329 28.50647712986082 143.5669872981078
      vertex -20.74711489889075 20.69180696337013 137.92961167171623
    endloop
  endfacet
  facet normal -0.19364125603211804 0.5959665058079893 0.7793118681999649
    outer loop
      vertex -25.6847329550114 25.629425019490782 132.9267601802844
      vertex -20.74711489889075 20.69180696337013 137.92961167171623
      vertex -25.405224457823927 25.72024283549145 132.9267601802844
    endloop
  endfacet
  facet normal -0.06774209577147158 0.6758621898054359 0.7339082428014347
    outer loop
      vertex -25.405224457823927 25.72024283549145 132.9267601802844
      vertex -22.11769122112245 26.09874109110717 132.8816479079667
      vertex -25.892533839013563 26.207552216681087 132.4330127018922
    endloop
  endfacet
  facet normal -0.9060374296629654 0 -0.42319756148839843
    outer loop
      vertex -28.673221497974502 27.974820374640796 144
      vertex -28.673221497974502 28.562605626933266 144
      vertex -28.470967249380763 28.12176668771391 143.5669872981078
    endloop
  endfacet
  facet normal -0.9060374296629655 0 0.4231975614883984
    outer loop
      vertex -28.673221497974502 27.974820374640796 144
      vertex -28.470967249380763 28.12176668771391 144.4330127018922
      vertex -28.470967249380763 28.41565931386015 144.4330127018922
    endloop
  endfacet
  facet normal -0.9060374296629655 0 -0.4231975614883984
    outer loop
      vertex -28.673221497974502 28.562605626933266 144
      vertex -28.470967249380763 28.41565931386015 143.5669872981078
      vertex -28.470967249380763 28.12176668771391 143.5669872981078
    endloop
  endfacet
  facet normal -0.9060374296629654 0 0.42319756148839843
    outer loop
      vertex -28.673221497974502 27.974820374640796 144
      vertex -28.470967249380763 28.41565931386015 144.4330127018922
      vertex -28.673221497974502 28.562605626933266 144
    endloop
  endfacet
  facet normal -0.2799809633056546 0.8616928014882779 -0.4231975614883916
    outer loop
      vertex -28.673221497974502 28.562605626933266 144
      vertex -28.114204503599552 28.744241258934608 144
      vertex -28.470967249380763 28.41565931386015 143.5669872981078
    endloop
  endfacet
  facet normal -0.27998096330565264 0.8616928014882778 -0.42319756148839316
    outer loop
      vertex -28.470967249380763 28.41565931386015 143.5669872981078
      vertex -28.114204503599552 28.744241258934608 144
      vertex -28.19145875219329 28.50647712986082 143.5669872981078
    endloop
  endfacet
  facet normal -0.2799809633056546 0.8616928014882779 0.4231975614883916
    outer loop
      vertex -28.673221497974502 28.562605626933266 144
      vertex -28.470967249380763 28.41565931386015 144.4330127018922
      vertex -28.114204503599552 28.744241258934608 144
    endloop
  endfacet
  facet normal -0.27998096330565264 0.8616928014882778 0.42319756148839316
    outer loop
      vertex -28.470967249380763 28.41565931386015 144.4330127018922
      vertex -28.19145875219329 28.50647712986082 144.4330127018922
      vertex -28.114204503599552 28.744241258934608 144
    endloop
  endfacet
  facet normal -0.8140737666936507 -0.0023212974712650066 0.5807568458135138
    outer loop
      vertex -28.392644636419117 28.041184101879473 144.54247904543428
      vertex -24.401252255405108 23.93462142502895 150.12098457621084
      vertex -24.401316927733756 24.0521163660669 150.1213635517923
    endloop
  endfacet
  facet normal -0.8132908057357316 0 0.5818574269576048
    outer loop
      vertex -28.470967249380763 28.41565931386015 144.4330127018922
      vertex -24.401316927733756 24.0521163660669 150.1213635517923
      vertex -24.401316927733756 24.290701056692516 150.1213635517923
    endloop
  endfacet
  facet normal -0.8132908057357392 -2.7325711943001178e-14 0.5818574269575942
    outer loop
      vertex -28.470967249380763 28.41565931386015 144.4330127018922
      vertex -24.401316927733756 24.290701056692516 150.1213635517923
      vertex -24.36761206177028 24.312304126249664 150.1684745042811
    endloop
  endfacet
  facet normal -0.22951904963751682 0.7063870005374608 0.6695807728162303
    outer loop
      vertex -28.19145875219329 28.50647712986082 144.4330127018922
      vertex -24.36761206177028 24.312304126249664 150.1684745042811
      vertex -24.088103564582813 24.403121942250337 150.1684745042811
    endloop
  endfacet
  facet normal -0.8140737666967046 -0.0023212974803624143 0.5807568458091966
    outer loop
      vertex -28.470967249380763 28.12176668771391 144.4330127018922
      vertex -28.392644636419117 28.041184101879473 144.54247904543428
      vertex -24.401316927733756 24.0521163660669 150.1213635517923
    endloop
  endfacet
  facet normal -0.8132908057357321 0 0.5818574269576042
    outer loop
      vertex -28.470967249380763 28.12176668771391 144.4330127018922
      vertex -24.401316927733756 24.0521163660669 150.1213635517923
      vertex -28.470967249380763 28.41565931386015 144.4330127018922
    endloop
  endfacet
  facet normal -0.2295190496375068 0.7063870005374662 0.6695807728162281
    outer loop
      vertex -28.470967249380763 28.41565931386015 144.4330127018922
      vertex -24.36761206177028 24.312304126249664 150.1684745042811
      vertex -28.19145875219329 28.50647712986082 144.4330127018922
    endloop
  endfacet
  facet normal 0.002114261487450995 0.814004172851889 0.5808551768539855
    outer loop
      vertex -28.19145875219329 28.50647712986082 144.4330127018922
      vertex -24.088103564582813 24.403121942250337 150.1684745042811
      vertex -27.240550455081447 28.425894544026455 144.54247904543428
    endloop
  endfacet
  facet normal -0.9857497213281813 9.02996554219873e-15 -0.16821856883653702
    outer loop
      vertex -24.40112461263702 23.70272348930331 150.1202365980064
      vertex -25.404508497187475 25.293892626146235 156
      vertex -24.401252255405108 23.93462142502895 150.12098457621084
    endloop
  endfacet
  facet normal -0.985749721328183 -3.0402491561091936e-14 -0.1682185688365282
    outer loop
      vertex -24.401252255405108 23.93462142502895 150.12098457621084
      vertex -25.404508497187475 25.293892626146235 156
      vertex -24.401316927733756 24.0521163660669 150.1213635517923
    endloop
  endfacet
  facet normal -0.9857497213281817 0 -0.1682185688365344
    outer loop
      vertex -24.401316927733756 24.0521163660669 150.1213635517923
      vertex -25.404508497187475 25.293892626146235 156
      vertex -24.401316927733756 24.290701056692516 150.1213635517923
    endloop
  endfacet
  facet normal -0.30211129232173733 0.9298029507733747 -0.21022663909413344
    outer loop
      vertex -24.401316927733756 24.290701056692516 150.1213635517923
      vertex -25.404508497187475 25.293892626146235 156
      vertex -24.36761206177028 24.312304126249664 150.1684745042811
    endloop
  endfacet
  facet normal -0.3021112923217575 0.9298029507733676 -0.21022663909413583
    outer loop
      vertex -24.36761206177028 24.312304126249664 150.1684745042811
      vertex -25.404508497187475 25.293892626146235 156
      vertex -24.088103564582813 24.403121942250337 150.1684745042811
    endloop
  endfacet
  facet normal -0.3021112923217286 0.9298029507733777 -0.2102266390941326
    outer loop
      vertex -24.088103564582813 24.403121942250337 150.1684745042811
      vertex -24.845491502812525 25.475528258147577 156
      vertex -23.835303134679837 24.46533989001489 150.08036277289088
    endloop
  endfacet
  facet normal 0.002114261487454014 0.8140041728518898 0.5808551768539847
    outer loop
      vertex -27.240550455081447 28.425894544026455 144.54247904543428
      vertex -24.088103564582813 24.403121942250337 150.1684745042811
      vertex -23.835303134679837 24.46533989001489 150.08036277289088
    endloop
  endfacet
  facet normal -1.0434658111641348e-16 0.9857497213281818 -0.16821856883653458
    outer loop
      vertex -23.835303134679837 24.46533989001489 150.08036277289088
      vertex -24.845491502812525 25.475528258147577 156
      vertex -23.18129473226801 24.46501205269459 150.07844166781098
    endloop
  endfacet
  facet normal 0.0021142614874393793 0.8140041728518855 0.5808551768539901
    outer loop
      vertex -27.240550455081447 28.425894544026455 144.54247904543428
      vertex -23.835303134679837 24.46533989001489 150.08036277289088
      vertex -23.18129473226801 24.46501205269459 150.07844166781098
    endloop
  endfacet
  facet normal -0.9060374296629655 0 0.4231975614883984
    outer loop
      vertex -25.404508497187475 24.706107373853765 156
      vertex -25.202254248593736 24.85305368692688 156.4330127018922
      vertex -25.202254248593736 25.14694631307312 156.4330127018922
    endloop
  endfacet
  facet normal -0.9060374296629654 0 0.42319756148839843
    outer loop
      vertex -25.404508497187475 24.706107373853765 156
      vertex -25.202254248593736 25.14694631307312 156.4330127018922
      vertex -25.404508497187475 25.293892626146235 156
    endloop
  endfacet
  facet normal -0.9857497213281818 0 -0.1682185688365347
    outer loop
      vertex -24.40112461263702 23.70272348930331 150.1202365980064
      vertex -25.404508497187475 24.706107373853765 156
      vertex -25.404508497187475 25.293892626146235 156
    endloop
  endfacet
  facet normal -0.30211129232174555 0.929802950773372 -0.21022663909413372
    outer loop
      vertex -24.088103564582813 24.403121942250337 150.1684745042811
      vertex -25.404508497187475 25.293892626146235 156
      vertex -24.845491502812525 25.475528258147577 156
    endloop
  endfacet
  facet normal -0.27998096330565264 0.8616928014882778 0.42319756148839316
    outer loop
      vertex -25.202254248593736 25.14694631307312 156.4330127018922
      vertex -24.922745751406264 25.23776412907379 156.4330127018922
      vertex -24.845491502812525 25.475528258147577 156
    endloop
  endfacet
  facet normal -0.2799809633056546 0.8616928014882779 0.4231975614883916
    outer loop
      vertex -25.404508497187475 25.293892626146235 156
      vertex -25.202254248593736 25.14694631307312 156.4330127018922
      vertex -24.845491502812525 25.475528258147577 156
    endloop
  endfacet
  facet normal -0.682169864161304 0.0016669740243962603 0.7311918336714041
    outer loop
      vertex -27.12471157231648 27.069403636795865 120.47219652326838
      vertex -21.379816096873338 16.21380892248573 125.85668029238195
      vertex -21.175209530366615 21.119901594846 126.03638430244253
    endloop
  endfacet
  facet normal -0.7154816364880137 0.05534842769769411 -0.6964356247348545
    outer loop
      vertex -26.172042336201034 26.116734400680418 131.5669872981078
      vertex -21.175209530366615 21.119901594846 126.03638430244253
      vertex -21.379816096873338 16.21380892248573 125.85668029238195
    endloop
  endfacet
  facet normal -0.18417034004287797 0.5668180235859306 0.802993532966879
    outer loop
      vertex -26.845203075129007 27.160221452796534 120.47219652326838
      vertex -21.175209530366615 21.119901594846 126.03638430244253
      vertex -20.895701033179144 21.210719410846668 126.03638430244253
    endloop
  endfacet
  facet normal -0.007080634688641632 0.6792572625704133 0.733866088505086
    outer loop
      vertex -26.577326784194224 27.163466098048563 120.47177789826465
      vertex -20.895701033179144 21.210719410846668 126.03638430244253
      vertex -17.34933073717789 21.351429698529433 125.94036142661541
    endloop
  endfacet
  facet normal -0.20393302050176804 0.6276412998847162 -0.7513173243231178
    outer loop
      vertex -26.172042336201034 26.116734400680418 131.5669872981078
      vertex -20.895701033179144 21.210719410846668 126.03638430244253
      vertex -21.175209530366615 21.119901594846 126.03638430244253
    endloop
  endfacet
  facet normal -0.6963191925365021 0.030249245749481547 0.717094530195916
    outer loop
      vertex -21.02312953778165 15.67983015684436 137.87301415122144
      vertex -20.74711489889075 20.69180696337013 137.92961167171623
      vertex -25.6847329550114 25.629425019490782 132.9267601802844
    endloop
  endfacet
  facet normal -0.19364125603211782 0.5959665058079892 0.7793118681999652
    outer loop
      vertex -25.405224457823927 25.72024283549145 132.9267601802844
      vertex -20.74711489889075 20.69180696337013 137.92961167171623
      vertex -20.46760640170328 20.7826247793708 137.92961167171623
    endloop
  endfacet
  facet normal -0.15488427552721315 0.4766847849574202 -0.8653221810311512
    outer loop
      vertex -28.19145875219329 28.50647712986082 143.5669872981078
      vertex -20.46760640170328 20.7826247793708 137.92961167171623
      vertex -20.74711489889075 20.69180696337013 137.92961167171623
    endloop
  endfacet
  facet normal -0.06774209577147296 0.6758621898054397 0.7339082428014311
    outer loop
      vertex -25.405224457823927 25.72024283549145 132.9267601802844
      vertex -20.46760640170328 20.7826247793708 137.92961167171623
      vertex -15.636588605862109 21.086436504858572 138.09574744320915
    endloop
  endfacet
  facet normal -0.23337295247532536 0 0.9723873019805173
    outer loop
      vertex -0.20225424859373686 -0.14694631307311828 162.4330127018922
      vertex -25.202254248593736 25.14694631307312 156.4330127018922
      vertex -25.202254248593736 24.85305368692688 156.4330127018922
    endloop
  endfacet
  facet normal -0.05781756610526913 0.17794417136172833 0.982340572779141
    outer loop
      vertex 0.07725424859373685 0.23776412907378838 162.4330127018922
      vertex -24.922745751406264 25.23776412907379 156.4330127018922
      vertex -25.202254248593736 25.14694631307312 156.4330127018922
    endloop
  endfacet
  facet normal -0.2333729524753242 0 0.9723873019805175
    outer loop
      vertex -0.20225424859373686 -0.14694631307311828 162.4330127018922
      vertex -0.20225424859373686 0.14694631307311828 162.4330127018922
      vertex -25.202254248593736 25.14694631307312 156.4330127018922
    endloop
  endfacet
  facet normal -0.05781756610526817 0.1779441713617258 0.9823405727791414
    outer loop
      vertex -0.20225424859373686 0.14694631307311828 162.4330127018922
      vertex 0.07725424859373685 0.23776412907378838 162.4330127018922
      vertex -25.202254248593736 25.14694631307312 156.4330127018922
    endloop
  endfacet
  facet normal 0.02968307784742161 0.6889540449901562 0.7241969613172964
    outer loop
      vertex -27.741719810799136 28.05673818846666 84.43301270189222
      vertex -18.516257209338526 21.942035196527105 89.87201541251912
      vertex 15.129787246097766 20.49242014006453 89.87201541251912
    endloop
  endfacet
  facet normal 0.04971118919548498 0.8324851823320732 0.5518126664605528
    outer loop
      vertex -26.898664378999264 27.213682756666792 96.43301270189222
      vertex -20.535744716425874 23.26909965527202 101.81074115861826
      vertex 15.369111087110847 21.12506980613262 101.81074115861826
    endloop
  endfacet
  facet normal -0.044003656528486756 0.700026283271835 -0.7127600444334291
    outer loop
      vertex -26.898664378999264 27.213682756666792 95.56698729810778
      vertex 19.066673826406536 28.734962166719196 94.22332698654986
      vertex -21.593987552310985 21.909005929978505 90.02958602141531
    endloop
  endfacet
  facet normal -0.04258340405376641 0.8789422026666864 -0.4750234289702216
    outer loop
      vertex -27.741719810799136 28.05673818846666 83.56698729810778
      vertex -27.664465562205397 28.29450231754045 84
      vertex 30.806301711940574 31.127321472900675 84
    endloop
  endfacet
  facet normal -0.04258340405376641 0.8789422026666864 0.4750234289702216
    outer loop
      vertex -27.741719810799136 28.05673818846666 84.43301270189222
      vertex 30.806301711940574 31.127321472900675 84
      vertex -27.664465562205397 28.29450231754045 84
    endloop
  endfacet
  facet normal -0.05527526558905673 0.8793391681466641 -0.4729770315535334
    outer loop
      vertex -26.898664378999264 27.213682756666792 95.56698729810778
      vertex -26.821410130405525 27.45144688574058 96
      vertex 30.67206957102103 30.832579451501083 95.56698729810778
    endloop
  endfacet
  facet normal -0.05527526558905675 0.8793391681466641 0.4729770315535334
    outer loop
      vertex -26.821410130405525 27.45144688574058 96
      vertex -26.898664378999264 27.213682756666792 96.43301270189222
      vertex 30.67206957102103 30.832579451501083 96.43301270189222
    endloop
  endfacet
  facet normal 0.03185955869894699 0.5727992642430866 0.8190762915639097
    outer loop
      vertex -30.640119380172234 30.955137757839758 108.43301270189222
      vertex -17.973005067545103 22.280212859546932 114.00687923195589
      vertex 15.873878262134028 20.39762181319971 114.00687923195588
    endloop
  endfacet
  facet normal -0.004236303026958195 0.8768623169684168 -0.4807229252047833
    outer loop
      vertex -26.887100335706997 27.202118713374524 119.56698729810778
      vertex -26.809846087113257 27.439882842448313 120
      vertex 27.30341440623396 27.46392428671401 119.56698729810778
    endloop
  endfacet
  facet normal -0.004236303026958195 0.8768623169684168 0.4807229252047833
    outer loop
      vertex -26.887100335706997 27.202118713374524 120.43301270189222
      vertex 27.30341440623396 27.46392428671401 120.43301270189222
      vertex -26.809846087113257 27.439882842448313 120
    endloop
  endfacet
  facet normal -0.0033557311459941836 0.6945948316431844 0.7193933269936914
    outer loop
      vertex -26.887100335706997 27.202118713374524 120.43301270189222
      vertex -26.577326784194224 27.163466098048563 120.47177789826465
      vertex 27.30341440623396 27.46392428671401 120.43301270189222
    endloop
  endfacet
  facet normal 0.013804275873387657 0.8754268954580774 -0.48315338421276094
    outer loop
      vertex -30.640119380172234 30.955137757839758 107.56698729810778
      vertex -30.562865131578494 31.192901886913546 108
      vertex 29.918179391843264 30.239199152803366 108
    endloop
  endfacet
  facet normal 0.013804275873387657 0.8754268954580774 0.48315338421276094
    outer loop
      vertex -30.640119380172234 30.955137757839758 108.43301270189222
      vertex 29.918179391843264 30.239199152803366 108
      vertex -30.562865131578494 31.192901886913546 108
    endloop
  endfacet
  facet normal 0.009578767988539025 0.607457515296822 -0.7942944128679446
    outer loop
      vertex -30.640119380172234 30.955137757839758 107.56698729810778
      vertex 29.840925143249525 30.001435023729577 107.56698729810778
      vertex -23.067851124878626 23.382869502546153 101.86721378162214
    endloop
  endfacet
  facet normal -0.04400365652848741 0.7000262832718374 -0.7127600444334267
    outer loop
      vertex -21.593987552310985 21.909005929978505 90.02958602141531
      vertex 19.066673826406536 28.734962166719196 94.22332698654986
      vertex -18.516257209338526 21.942035196527105 89.87201541251912
    endloop
  endfacet
  facet normal -0.03992482917093168 0.824067922054392 -0.565082354933003
    outer loop
      vertex -24.151936388726913 24.46695476639444 78.0783238704434
      vertex -27.741719810799136 28.05673818846666 83.56698729810778
      vertex 30.729047463346834 30.889557343826887 83.56698729810778
    endloop
  endfacet
  facet normal 0.00957876798853904 0.607457515296822 -0.7942944128679448
    outer loop
      vertex -23.067851124878626 23.382869502546153 101.86721378162214
      vertex 29.840925143249525 30.001435023729577 107.56698729810778
      vertex -20.535744716425874 23.26909965527202 101.81074115861826
    endloop
  endfacet
  facet normal -0.0036035657542199265 0.7458935294489987 -0.6660554459202109
    outer loop
      vertex -26.887100335706997 27.202118713374524 119.56698729810778
      vertex 27.30341440623396 27.46392428671401 119.56698729810778
      vertex -22.040058497368822 22.35507687503635 114.11272098977686
    endloop
  endfacet
  facet normal -0.0036035657542204413 0.7458935294490009 -0.6660554459202084
    outer loop
      vertex -22.040058497368822 22.35507687503635 114.11272098977686
      vertex 27.30341440623396 27.46392428671401 119.56698729810778
      vertex -17.973005067545103 22.280212859546932 114.00687923195589
    endloop
  endfacet
  facet normal -0.007080634688642693 0.6792572625704124 0.7338660885050869
    outer loop
      vertex -26.577326784194224 27.163466098048563 120.47177789826465
      vertex -17.34933073717789 21.351429698529433 125.94036142661541
      vertex 17.122246540457866 21.71076431192851 125.94036142661541
    endloop
  endfacet
  facet normal -0.06774209577147276 0.6758621898054451 0.7339082428014262
    outer loop
      vertex -25.405224457823927 25.72024283549145 132.9267601802844
      vertex 21.75404437398923 24.83412335357289 138.09574744320915
      vertex -22.11769122112245 26.09874109110717 132.8816479079667
    endloop
  endfacet
  facet normal 0.002114261487433096 0.8140041728518833 0.5808551768539933
    outer loop
      vertex -27.240550455081447 28.425894544026455 144.54247904543428
      vertex -23.18129473226801 24.46501205269459 150.07844166781098
      vertex 20.849050601985493 24.35064941608495 150.07844166781098
    endloop
  endfacet
  facet normal 0 0.9857497213281817 -0.16821856883653452
    outer loop
      vertex -24.845491502812525 25.475528258147577 156
      vertex 25.154508497187475 25.475528258147577 156
      vertex -23.18129473226801 24.46501205269459 150.07844166781098
    endloop
  endfacet
  facet normal 0 0.8765515079563075 0.4813080654835563
    outer loop
      vertex -24.922745751406264 25.23776412907379 156.4330127018922
      vertex 25.154508497187475 25.475528258147577 156
      vertex -24.845491502812525 25.475528258147577 156
    endloop
  endfacet
  facet normal -0.013215266582031019 0.8774678046075003 -0.47945344779911575
    outer loop
      vertex -28.19145875219329 28.50647712986082 143.5669872981078
      vertex -28.114204503599552 28.744241258934608 144
      vertex 29.21047978894433 29.370989669424382 143.5669872981078
    endloop
  endfacet
  facet normal -0.013215266582031019 0.8774678046075003 0.4794534477991157
    outer loop
      vertex -28.19145875219329 28.50647712986082 144.4330127018922
      vertex 29.28773403753807 29.60875379849817 144
      vertex -28.114204503599552 28.744241258934608 144
    endloop
  endfacet
  facet normal -0.011378756450156447 0.7555271306489014 0.6550185331386326
    outer loop
      vertex -28.19145875219329 28.50647712986082 144.4330127018922
      vertex -27.240550455081447 28.425894544026455 144.54247904543428
      vertex 29.21047978894433 29.370989669424382 144.4330127018922
    endloop
  endfacet
  facet normal -0.008791929788054214 0.5837669093921258 -0.8118736955151137
    outer loop
      vertex -20.46760640170328 20.7826247793708 137.92961167171623
      vertex 26.061489341478683 28.789279878561885 143.18281765992327
      vertex -15.636588605862109 21.086436504858572 138.09574744320915
    endloop
  endfacet
  facet normal 0 0.2333729524753242 0.9723873019805175
    outer loop
      vertex 0.07725424859373685 0.23776412907378838 162.4330127018922
      vertex 25.077254248593736 25.23776412907379 156.4330127018922
      vertex -24.922745751406264 25.23776412907379 156.4330127018922
    endloop
  endfacet
  facet normal -0.047308913529625685 0.7195394746401541 -0.6928382286906644
    outer loop
      vertex -25.892533839013563 26.207552216681087 131.5669872981078
      vertex 29.70234315141437 29.862853031894424 131.5669872981078
      vertex -20.895701033179144 21.210719410846668 126.03638430244253
    endloop
  endfacet
  facet normal -0.05781964733230869 0.8794012705304577 -0.4725571857159556
    outer loop
      vertex -25.892533839013563 26.207552216681087 131.5669872981078
      vertex -25.815279590419824 26.445316345754875 132
      vertex 29.70234315141437 29.862853031894424 131.5669872981078
    endloop
  endfacet
  facet normal -0.06774209577147346 0.6758621898054392 0.7339082428014315
    outer loop
      vertex -25.405224457823927 25.72024283549145 132.9267601802844
      vertex -15.636588605862109 21.086436504858572 138.09574744320915
      vertex 21.75404437398923 24.83412335357289 138.09574744320915
    endloop
  endfacet
  facet normal -0.05781964733230869 0.8794012705304577 0.4725571857159556
    outer loop
      vertex -25.892533839013563 26.207552216681087 132.4330127018922
      vertex 29.70234315141437 29.862853031894424 132.4330127018922
      vertex -25.815279590419824 26.445316345754875 132
    endloop
  endfacet
  facet normal -0.051379708518062964 0.7814537624310517 0.6218441466597175
    outer loop
      vertex -25.892533839013563 26.207552216681087 132.4330127018922
      vertex -22.11769122112245 26.09874109110717 132.8816479079667
      vertex 29.70234315141437 29.862853031894424 132.4330127018922
    endloop
  endfacet
  facet normal -0.008791929788051876 0.5837669093921166 -0.8118736955151203
    outer loop
      vertex -28.19145875219329 28.50647712986082 143.5669872981078
      vertex 26.061489341478683 28.789279878561885 143.18281765992327
      vertex -20.46760640170328 20.7826247793708 137.92961167171623
    endloop
  endfacet
  facet normal -0.047308913529628266 0.7195394746401632 -0.6928382286906548
    outer loop
      vertex -20.895701033179144 21.210719410846668 126.03638430244253
      vertex 29.70234315141437 29.862853031894424 131.5669872981078
      vertex -17.34933073717789 21.351429698529433 125.94036142661541
    endloop
  endfacet
  facet normal 0.06165257172975684 -0.8702026038854435 -0.4888214281208438
    outer loop
      vertex -30.27594349101196 -30.905980246347013 12
      vertex 26.481081342570103 -26.641591223050156 11.566987298107781
      vertex 26.558335591163843 -26.879355352123945 12
    endloop
  endfacet
  facet normal 0.061652571729756876 -0.8702026038854439 0.488821428120843
    outer loop
      vertex -30.3531977396057 -30.668216117273225 12.433012701892219
      vertex 26.558335591163843 -26.879355352123945 12
      vertex 26.481081342570103 -26.641591223050156 12.433012701892219
    endloop
  endfacet
  facet normal 0.03790440695332955 -0.685073532533924 0.7274871208172741
    outer loop
      vertex -19.91723375053701 -23.194731403361423 18.096416124667314
      vertex 26.481081342570103 -26.641591223050156 12.433012701892219
      vertex 16.26059184230985 -21.193049892056003 18.096416124667314
    endloop
  endfacet
  facet normal 0.01287469550966368 -0.8755080012290429 0.4830320713984317
    outer loop
      vertex -26.962913928173368 -27.277932305840892 24.43301270189222
      vertex 26.410929009611298 -26.7319487705714 24
      vertex 24.513983597038138 -26.520943928248812 24.43301270189222
    endloop
  endfacet
  facet normal 0.010417992966268778 -0.7084467505946066 -0.7056873719959131
    outer loop
      vertex -23.32107502093307 -26.765244565096896 23.10605895393196
      vertex 16.26059184230985 -21.193049892056003 18.096416124667314
      vertex 26.33367476101756 -26.49418464149761 23.56698729810778
    endloop
  endfacet
  facet normal -0.015321104785691897 -0.8553782384533853 -0.5177773005149312
    outer loop
      vertex -25.57384083705333 -26.87791308337294 35.4432110479131
      vertex 20.861741910519033 -24.381129995198194 29.944440928033668
      vertex 24.136491391164988 -24.457511152125093 29.973723786722562
    endloop
  endfacet
  facet normal 0.028845066842063134 -0.5666893171161632 0.8234264872988319
    outer loop
      vertex -18.7928996172304 -22.016833276515612 42.11762770447067
      vertex 27.747390482717694 -27.907900363197747 36.43301270189222
      vertex 15.221760564868966 -20.285452223568047 42.11762770447067
    endloop
  endfacet
  facet normal 0 -0.876551507956312 0.4813080654835482
    outer loop
      vertex -24.845491502812525 -25.475528258147577 0
      vertex 25.154508497187475 -25.475528258147577 0
      vertex 24.458340493528958 -25.23776412907379 0.4330127018922193
    endloop
  endfacet
  facet normal 0 -0.876551507956312 -0.4813080654835482
    outer loop
      vertex -24.922745751406264 -25.23776412907379 -0.4330127018922193
      vertex 25.077254248593736 -25.23776412907379 -0.4330127018922193
      vertex 25.154508497187475 -25.475528258147577 0
    endloop
  endfacet
  facet normal 0 0 -1
    outer loop
      vertex -24.922745751406264 -25.23776412907379 -0.4330127018922193
      vertex 24.797745751406264 -24.85305368692688 -0.4330127018922193
      vertex 24.797745751406264 -25.14694631307312 -0.4330127018922193
    endloop
  endfacet
  facet normal 0 0 -1
    outer loop
      vertex -24.922745751406264 -25.23776412907379 -0.4330127018922193
      vertex 24.797745751406264 -25.14694631307312 -0.4330127018922193
      vertex 25.077254248593736 -25.23776412907379 -0.4330127018922193
    endloop
  endfacet
  facet normal 0.05478152814847992 -0.7732204367498093 -0.6317666819057106
    outer loop
      vertex -13.185251795014398 -27.84130404064353 9.595785092931061
      vertex 20.004376762990024 -22.37622615116919 5.784993212895702
      vertex 22.022601189821415 -22.343620950781517 5.920091206203747
    endloop
  endfacet
  facet normal 0.05478152814848085 -0.7732204367498124 -0.6317666819057066
    outer loop
      vertex -13.185251795014398 -27.84130404064353 9.595785092931061
      vertex 22.17363260685828 -22.334142487338333 5.921586679465498
      vertex 26.481081342570103 -26.641591223050156 11.566987298107781
    endloop
  endfacet
  facet normal 0.05478152814849068 -0.773220436749832 -0.6317666819056821
    outer loop
      vertex -13.185251795014398 -27.84130404064353 9.595785092931061
      vertex 22.022601189821415 -22.343620950781517 5.920091206203747
      vertex 22.17363260685828 -22.334142487338333 5.921586679465498
    endloop
  endfacet
  facet normal -0.015719555458329915 -0.8776237644281687 -0.47909229140857884
    outer loop
      vertex -26.541842560757814 -27.171879316092866 36
      vertex 27.747390482717694 -27.907900363197747 35.56698729810778
      vertex 27.824644731311434 -28.145664492271536 36
    endloop
  endfacet
  facet normal -0.015719555458329915 -0.8776237644281687 0.47909229140857884
    outer loop
      vertex -26.541842560757814 -27.171879316092866 36
      vertex 27.824644731311434 -28.145664492271536 36
      vertex 27.747390482717694 -27.907900363197747 36.43301270189222
    endloop
  endfacet
  facet normal 0.012874695509663674 -0.8755080012290449 -0.48303207139842824
    outer loop
      vertex -26.962913928173368 -27.277932305840892 23.56698729810778
      vertex 26.33367476101756 -26.49418464149761 23.56698729810778
      vertex 26.410929009611298 -26.7319487705714 24
    endloop
  endfacet
  facet normal -0.024970268149062887 -0.9373868163067469 0.3473937856710522
    outer loop
      vertex -20.48168175232075 -23.27981690107036 29.944440928033668
      vertex 24.513983597038138 -26.520943928248812 24.43301270189222
      vertex 20.861741910519033 -24.381129995198194 29.944440928033668
    endloop
  endfacet
  facet normal -0.015321104785691014 -0.8553782384533889 -0.517777300514925
    outer loop
      vertex -25.57384083705333 -26.87791308337294 35.4432110479131
      vertex 24.136491391164988 -24.457511152125093 29.973723786722562
      vertex 27.747390482717694 -27.907900363197747 35.56698729810778
    endloop
  endfacet
  facet normal -0.016504339408063784 -0.8873896474303195 0.4607246687710532
    outer loop
      vertex -16.599178693595206 -21.695445724502328 5.784993212895702
      vertex 24.458340493528958 -25.23776412907379 0.4330127018922193
      vertex 20.004376762990024 -22.37622615116919 5.784993212895702
    endloop
  endfacet
  facet normal -0.025555736506675863 -0.7589822025264322 0.6506096530022647
    outer loop
      vertex -26.636269068405756 -26.95128744607328 48.43301270189222
      vertex 28.652405948760386 -28.81291582924044 48.43301270189222
      vertex 22.04554070915209 -27.915063574450965 49.22090536889989
    endloop
  endfacet
  facet normal 0.04403940155214432 -0.7128665242615948 0.6999156018393375
    outer loop
      vertex -30.612871405738378 -30.927889783405902 60.43301270189222
      vertex 26.506670574888346 -27.390025394789053 60.44232045877842
      vertex 22.832810522397978 -27.196987316490468 60.87009343774622
    endloop
  endfacet
  facet normal 0.04403940155214327 -0.7128665242615778 0.699915601839355
    outer loop
      vertex -30.612871405738378 -30.927889783405902 60.43301270189222
      vertex 26.58660876145878 -27.39422564022512 60.43301270189222
      vertex 26.506670574888346 -27.390025394789053 60.44232045877842
    endloop
  endfacet
  facet normal 0.05382084108082532 -0.8711988483470994 0.48797119146937373
    outer loop
      vertex -30.612871405738378 -30.927889783405902 60.43301270189222
      vertex 27.27331908769884 -27.594338848658943 60
      vertex 26.58660876145878 -27.39422564022512 60.43301270189222
    endloop
  endfacet
  facet normal 0.05382084108082533 -0.8711988483470995 -0.48797119146937346
    outer loop
      vertex -30.612871405738378 -30.927889783405902 59.56698729810778
      vertex 27.1960648391051 -27.356574719585154 59.56698729810778
      vertex 27.27331908769884 -27.594338848658943 60
    endloop
  endfacet
  facet normal -0.018831316450421867 -0.5592730239756462 -0.8287696098276531
    outer loop
      vertex -26.636269068405756 -26.95128744607328 47.56698729810778
      vertex 15.221760564868966 -20.285452223568047 42.11762770447067
      vertex 28.652405948760386 -28.81291582924044 47.56698729810778
    endloop
  endfacet
  facet normal 0.017050339711893875 -0.5856634219735285 0.8103750008964772
    outer loop
      vertex -17.946261465291368 -22.480303146743584 53.990072974251845
      vertex 22.04554070915209 -27.915063574450965 49.22090536889989
      vertex 16.974952515684144 -21.463646583967357 53.990072974251845
    endloop
  endfacet
  facet normal -0.005528372384697623 -0.7704429955709651 0.6374849234879314
    outer loop
      vertex -25.018392125077547 -25.33341050274507 72.43301270189222
      vertex 25.535655037419023 -25.69616491789908 72.43301270189222
      vertex 22.800959295003274 -25.378972585748098 72.79264504092426
    endloop
  endfacet
  facet normal 0.006048055853869826 -0.7266976805106242 0.686930784112102
    outer loop
      vertex -16.06502274953489 -20.870978773187797 77.9038037759384
      vertex 22.800959295003274 -25.378972585748098 72.79264504092426
      vertex 17.160914086964453 -20.594450682932855 77.9038037759384
    endloop
  endfacet
  facet normal -0.029576150792732705 -0.8783848614598986 -0.4770380346076823
    outer loop
      vertex -26.636269068405756 -26.95128744607328 47.56698729810778
      vertex 28.652405948760386 -28.81291582924044 47.56698729810778
      vertex 28.729660197354125 -29.050679958314227 48
    endloop
  endfacet
  facet normal -0.029576150792732705 -0.8783848614598986 0.4770380346076823
    outer loop
      vertex -26.636269068405756 -26.95128744607328 48.43301270189222
      vertex 28.729660197354125 -29.050679958314227 48
      vertex 28.652405948760386 -28.81291582924044 48.43301270189222
    endloop
  endfacet
  facet normal 0.04010829250094749 -0.6492335967682026 -0.759530816820543
    outer loop
      vertex -16.427698003311015 -28.106749419256076 57.904597841825776
      vertex 16.974952515684144 -21.463646583967357 53.990072974251845
      vertex 27.1960648391051 -27.356574719585154 59.56698729810778
    endloop
  endfacet
  facet normal 0.0014089223955582183 -0.9068972864019882 0.4213494118358224
    outer loop
      vertex -21.224574395994733 -24.882050765289314 66
      vertex 22.832810522397978 -27.196987316490468 60.87009343774622
      vertex 24.490010500210776 -24.811030261170878 66
    endloop
  endfacet
  facet normal -0.007054652779810569 -0.9831479216983946 -0.18267565774969552
    outer loop
      vertex -24.546518656409553 -25.565106239953813 71.95210074217977
      vertex 24.490010500210776 -24.811030261170878 66
      vertex 25.612909286012762 -25.933929046972867 72
    endloop
  endfacet
  facet normal -0.006293033409746773 -0.8770074036354292 0.48043564782304304
    outer loop
      vertex -24.941137876483808 -25.57117463181886 72
      vertex 25.612909286012762 -25.933929046972867 72
      vertex 25.535655037419023 -25.69616491789908 72.43301270189222
    endloop
  endfacet
  facet normal 0.055296596918036824 -0.7295612758710367 -0.6816763389752569
    outer loop
      vertex -9.118364177110266 -25.593784897197985 81.1225835177994
      vertex 17.160914086964453 -20.594450682932855 77.9038037759384
      vertex 25.122013763068868 -25.282523643548917 83.56698729810778
    endloop
  endfacet
  facet normal 0 0 -1
    outer loop
      vertex 24.797745751406264 -24.85305368692688 -0.4330127018922193
      vertex 0 -5.226251859505506 -0.4330127018922193
      vertex 3.6955181300451474 -3.6955181300451474 -0.4330127018922193
    endloop
  endfacet
  facet normal 0 0 -1
    outer loop
      vertex 24.797745751406264 -24.85305368692688 -0.4330127018922193
      vertex 3.6955181300451474 -3.6955181300451474 -0.4330127018922193
      vertex 5.226251859505506 0 -0.4330127018922193
    endloop
  endfacet
  facet normal 0 0 -1
    outer loop
      vertex 24.797745751406264 -24.85305368692688 -0.4330127018922193
      vertex 5.226251859505506 0 -0.4330127018922193
      vertex 3.6955181300451474 3.6955181300451474 -0.4330127018922193
    endloop
  endfacet
  facet normal -0.01650433940806483 -0.8873896474303198 0.4607246687710526
    outer loop
      vertex 20.004376762990024 -22.37622615116919 5.784993212895702
      vertex 24.458340493528958 -25.23776412907379 0.4330127018922193
      vertex 22.022601189821415 -22.343620950781517 5.920091206203747
    endloop
  endfacet
  facet normal 0.5535697941281248 -0.40219199765325747 -0.7292476123050576
    outer loop
      vertex 22.17363260685828 -22.334142487338333 5.921586679465498
      vertex 22.346378358264545 -22.096378358264545 5.921586679465498
      vertex 26.653827093976368 -26.403827093976368 11.566987298107781
    endloop
  endfacet
  facet normal 0.8084126724487094 0.03862731657214717 -0.5873473260676094
    outer loop
      vertex 22.346378358264545 -22.096378358264545 5.921586679465498
      vertex 22.3535978583183 -21.8535978583183 5.947490082589896
      vertex 26.653827093976368 -26.403827093976368 11.566987298107781
    endloop
  endfacet
  facet normal -0.024970268149064095 -0.9373868163067471 0.3473937856710516
    outer loop
      vertex 20.861741910519033 -24.381129995198194 29.944440928033668
      vertex 24.513983597038138 -26.520943928248812 24.43301270189222
      vertex 24.136491391164988 -24.457511152125093 29.973723786722562
    endloop
  endfacet
  facet normal 0.04987764770696894 -0.8716795018007691 0.48753160553915104
    outer loop
      vertex 22.022601189821415 -22.343620950781517 5.920091206203747
      vertex 25.077254248593736 -25.23776412907379 0.4330127018922193
      vertex 22.17363260685828 -22.334142487338333 5.921586679465498
    endloop
  endfacet
  facet normal 0.650648079059168 -0.47272350020148285 0.5942975429646951
    outer loop
      vertex 22.17363260685828 -22.334142487338333 5.921586679465498
      vertex 25.25 -25 0.4330127018922193
      vertex 22.346378358264545 -22.096378358264545 5.921586679465498
    endloop
  endfacet
  facet normal 0.8633287635982799 -0.07885383900074404 0.49844309406261206
    outer loop
      vertex 22.346378358264545 -22.096378358264545 5.921586679465498
      vertex 25.5 -25 0
      vertex 22.3535978583183 -21.8535978583183 5.947490082589896
    endloop
  endfacet
  facet normal 0.8839273282321286 5.941536243780631e-16 0.46762429193147204
    outer loop
      vertex 22.3535978583183 -21.8535978583183 5.947490082589896
      vertex 25.5 -25 0
      vertex 22.375623703835622 -21.091087904333275 5.905855704059718
    endloop
  endfacet
  facet normal 0.8839273282321177 2.048446228172063e-15 0.4676242919314929
    outer loop
      vertex 22.3535978583183 -21.8535978583183 5.947490082589896
      vertex 22.375623703835622 -21.091087904333275 5.905855704059718
      vertex 22.346805502726937 -21.51621667072922 5.960329340160274
    endloop
  endfacet
  facet normal 0.8660129546674552 0.005361883765133606 0.4999928124989731
    outer loop
      vertex 22.346805502726937 -21.51621667072922 5.960329340160274
      vertex 22.375623703835622 -21.091087904333275 5.905855704059718
      vertex 22.336344291093962 -21.091087904333275 5.973889642619739
    endloop
  endfacet
  facet normal 0.037904406953329396 -0.6850735325339242 0.727487120817274
    outer loop
      vertex 16.26059184230985 -21.193049892056003 18.096416124667314
      vertex 26.481081342570103 -26.641591223050156 12.433012701892219
      vertex 20.87398817843077 -21.03449805891082 18.00535143658816
    endloop
  endfacet
  facet normal 0.010417992966268582 -0.7084467505946067 -0.7056873719959129
    outer loop
      vertex 16.26059184230985 -21.193049892056003 18.096416124667314
      vertex 20.87398817843077 -21.03449805891082 18.00535143658816
      vertex 26.33367476101756 -26.49418464149761 23.56698729810778
    endloop
  endfacet
  facet normal 0.46900759676037057 -0.3407539650040007 0.8148120086959407
    outer loop
      vertex 20.87398817843077 -21.03449805891082 18.00535143658816
      vertex 26.653827093976368 -26.403827093976368 12.433012701892219
      vertex 21.046733929837036 -20.796733929837032 18.00535143658816
    endloop
  endfacet
  facet normal 0.4767026722445875 -0.3463447645994958 -0.8079603123355683
    outer loop
      vertex 20.87398817843077 -21.03449805891082 18.00535143658816
      vertex 21.046733929837036 -20.796733929837032 18.00535143658816
      vertex 26.33367476101756 -26.49418464149761 23.56698729810778
    endloop
  endfacet
  facet normal 0.7078619532699497 -0.011581876042631438 -0.7062558426379102
    outer loop
      vertex 21.046733929837036 -20.796733929837032 18.00535143658816
      vertex 21.174261151626222 -17.394161412709206 18.077369949031706
      vertex 26.506420512423823 -26.256420512423823 23.56698729810778
    endloop
  endfacet
  facet normal 0.028845066842063345 -0.5666893171161631 0.823426487298832
    outer loop
      vertex 15.221760564868966 -20.285452223568047 42.11762770447067
      vertex 27.747390482717694 -27.907900363197747 36.43301270189222
      vertex 20.0810616587822 -20.241571539262253 41.97760287940823
    endloop
  endfacet
  facet normal 0.3719874229576954 -0.27026468266187476 0.8880215979732524
    outer loop
      vertex 27.92013623412396 -27.67013623412396 36.43301270189222
      vertex 20.25380741018846 -20.00380741018846 41.97760287940823
      vertex 20.0810616587822 -20.241571539262253 41.97760287940823
    endloop
  endfacet
  facet normal 0.5733320168798829 -0.019074062291825174 0.8191010795793967
    outer loop
      vertex 27.92013623412396 -27.67013623412396 36.43301270189222
      vertex 20.262397313920204 -19.87278264893582 41.974641471550406
      vertex 20.25380741018846 -20.00380741018846 41.97760287940823
    endloop
  endfacet
  facet normal -0.016504339408064197 -0.8873896474303198 0.4607246687710528
    outer loop
      vertex 22.022601189821415 -22.343620950781517 5.920091206203747
      vertex 24.458340493528958 -25.23776412907379 0.4330127018922193
      vertex 25.154508497187475 -25.475528258147577 0
    endloop
  endfacet
  facet normal 0.04987764770696418 -0.8716795018007706 0.4875316055391488
    outer loop
      vertex 22.022601189821415 -22.343620950781517 5.920091206203747
      vertex 25.154508497187475 -25.475528258147577 0
      vertex 25.077254248593736 -25.23776412907379 0.4330127018922193
    endloop
  endfacet
  facet normal 0.6506480790591679 -0.4727235002014832 0.5942975429646947
    outer loop
      vertex 22.17363260685828 -22.334142487338333 5.921586679465498
      vertex 25.077254248593736 -25.23776412907379 0.4330127018922193
      vertex 25.25 -25 0.4330127018922193
    endloop
  endfacet
  facet normal 0.863328763598279 -0.07885383900074658 0.4984430940626132
    outer loop
      vertex 22.346378358264545 -22.096378358264545 5.921586679465498
      vertex 25.25 -25 0.4330127018922193
      vertex 25.5 -25 0
    endloop
  endfacet
  facet normal 0 0 -1
    outer loop
      vertex 24.797745751406264 -25.14694631307312 -0.4330127018922193
      vertex 25.077254248593736 -24.76223587092621 -0.4330127018922193
      vertex 25.077254248593736 -25.23776412907379 -0.4330127018922193
    endloop
  endfacet
  facet normal 0 0 -1
    outer loop
      vertex 24.797745751406264 -25.14694631307312 -0.4330127018922193
      vertex 24.797745751406264 -24.85305368692688 -0.4330127018922193
      vertex 25.077254248593736 -24.76223587092621 -0.4330127018922193
    endloop
  endfacet
  facet normal 0.7329996781371365 -0.5325554391808743 -0.4231975614883908
    outer loop
      vertex 25.154508497187475 -25.475528258147577 0
      vertex 25.077254248593736 -25.23776412907379 -0.4330127018922193
      vertex 25.25 -25 -0.4330127018922193
    endloop
  endfacet
  facet normal 0.7329996781371404 -0.5325554391808718 -0.42319756148838705
    outer loop
      vertex 25.154508497187475 -25.475528258147577 0
      vertex 25.25 -25 -0.4330127018922193
      vertex 25.5 -25 0
    endloop
  endfacet
  facet normal 0.7329996781371404 -0.5325554391808718 0.42319756148838705
    outer loop
      vertex 25.154508497187475 -25.475528258147577 0
      vertex 25.5 -25 0
      vertex 25.25 -25 0.4330127018922193
    endloop
  endfacet
  facet normal 0.7329996781371365 -0.5325554391808743 0.4231975614883908
    outer loop
      vertex 25.154508497187475 -25.475528258147577 0
      vertex 25.25 -25 0.4330127018922193
      vertex 25.077254248593736 -25.23776412907379 0.4330127018922193
    endloop
  endfacet
  facet normal 0 0 -1
    outer loop
      vertex 25.077254248593736 -25.23776412907379 -0.4330127018922193
      vertex 25.077254248593736 -24.76223587092621 -0.4330127018922193
      vertex 25.25 -25 -0.4330127018922193
    endloop
  endfacet
  facet normal 0.5535697941281245 -0.4021919976532579 -0.7292476123050576
    outer loop
      vertex 22.17363260685828 -22.334142487338333 5.921586679465498
      vertex 26.653827093976368 -26.403827093976368 11.566987298107781
      vertex 26.481081342570103 -26.641591223050156 11.566987298107781
    endloop
  endfacet
  facet normal 0.46900759676036985 -0.34075396500400174 0.8148120086959408
    outer loop
      vertex 20.87398817843077 -21.03449805891082 18.00535143658816
      vertex 26.481081342570103 -26.641591223050156 12.433012701892219
      vertex 26.653827093976368 -26.403827093976368 12.433012701892219
    endloop
  endfacet
  facet normal 0.7329996781371363 -0.5325554391808742 -0.42319756148839127
    outer loop
      vertex 26.558335591163843 -26.879355352123945 12
      vertex 26.481081342570103 -26.641591223050156 11.566987298107781
      vertex 26.653827093976368 -26.403827093976368 11.566987298107781
    endloop
  endfacet
  facet normal 0.7329996781371363 -0.5325554391808742 0.42319756148839127
    outer loop
      vertex 26.558335591163843 -26.879355352123945 12
      vertex 26.653827093976368 -26.403827093976368 12.433012701892219
      vertex 26.481081342570103 -26.641591223050156 12.433012701892219
    endloop
  endfacet
  facet normal 0.7329996781371403 -0.5325554391808717 -0.42319756148838755
    outer loop
      vertex 26.558335591163843 -26.879355352123945 12
      vertex 26.653827093976368 -26.403827093976368 11.566987298107781
      vertex 26.903827093976368 -26.403827093976368 12
    endloop
  endfacet
  facet normal 0.7329996781371403 -0.5325554391808717 0.42319756148838755
    outer loop
      vertex 26.558335591163843 -26.879355352123945 12
      vertex 26.903827093976368 -26.403827093976368 12
      vertex 26.653827093976368 -26.403827093976368 12.433012701892219
    endloop
  endfacet
  facet normal -0.02497026814906398 -0.9373868163067473 0.3473937856710516
    outer loop
      vertex 24.513983597038138 -26.520943928248812 24.43301270189222
      vertex 26.410929009611298 -26.7319487705714 24
      vertex 24.136491391164988 -24.457511152125093 29.973723786722562
    endloop
  endfacet
  facet normal 0.5636907948341899 -0.6774549255276838 0.47255424206907665
    outer loop
      vertex 24.253056580588844 -24.4135664610689 29.897677115948483
      vertex 26.410929009611298 -26.7319487705714 24
      vertex 26.33367476101756 -26.49418464149761 24.43301270189222
    endloop
  endfacet
  facet normal 0.714287175226932 -0.5189600100111859 0.46954695113004413
    outer loop
      vertex 24.253056580588844 -24.4135664610689 29.897677115948483
      vertex 26.33367476101756 -26.49418464149761 24.43301270189222
      vertex 26.506420512423823 -26.256420512423823 24.43301270189222
    endloop
  endfacet
  facet normal 0.47670267224458707 -0.34634476459949587 -0.8079603123355685
    outer loop
      vertex 21.046733929837036 -20.796733929837032 18.00535143658816
      vertex 26.506420512423823 -26.256420512423823 23.56698729810778
      vertex 26.33367476101756 -26.49418464149761 23.56698729810778
    endloop
  endfacet
  facet normal 0.5636907948341977 -0.6774549255276777 0.47255424206907604
    outer loop
      vertex 24.136491391164988 -24.457511152125093 29.973723786722562
      vertex 26.410929009611298 -26.7319487705714 24
      vertex 24.253056580588844 -24.4135664610689 29.897677115948483
    endloop
  endfacet
  facet normal 0.7142871752269316 -0.5189600100111864 0.4695469511300439
    outer loop
      vertex 24.253056580588844 -24.4135664610689 29.897677115948483
      vertex 26.506420512423823 -26.256420512423823 24.43301270189222
      vertex 24.425802331995108 -24.17580233199511 29.897677115948483
    endloop
  endfacet
  facet normal 0.7905717841168254 -0.4082421734842181 0.4564368323735731
    outer loop
      vertex 24.425802331995108 -24.17580233199511 29.897677115948483
      vertex 26.506420512423823 -26.256420512423823 24.43301270189222
      vertex 24.474753068343063 -23.974753068343066 29.99271264841571
    endloop
  endfacet
  facet normal 0.9212128830467634 -0.07922508080076766 0.3809070893023417
    outer loop
      vertex 24.474753068343063 -23.974753068343066 29.99271264841571
      vertex 26.756420512423823 -26.256420512423823 24
      vertex 24.475918323299968 -23.941896366980995 29.996728396572887
    endloop
  endfacet
  facet normal 0.9212128830467473 -0.07922508080084331 0.3809070893023648
    outer loop
      vertex 24.475918323299968 -23.941896366980995 29.996728396572887
      vertex 26.756420512423823 -26.256420512423823 24
      vertex 24.625111075851496 -22.802756449997347 29.872840353880886
    endloop
  endfacet
  facet normal 0.7329996781371368 -0.5325554391808747 -0.42319756148838983
    outer loop
      vertex 26.33367476101756 -26.49418464149761 23.56698729810778
      vertex 26.506420512423823 -26.256420512423823 23.56698729810778
      vertex 26.410929009611298 -26.7319487705714 24
    endloop
  endfacet
  facet normal 0.7329996781371368 -0.5325554391808747 0.42319756148838983
    outer loop
      vertex 26.410929009611298 -26.7319487705714 24
      vertex 26.506420512423823 -26.256420512423823 24.43301270189222
      vertex 26.33367476101756 -26.49418464149761 24.43301270189222
    endloop
  endfacet
  facet normal 0.732999678137141 -0.5325554391808721 -0.42319756148838616
    outer loop
      vertex 26.506420512423823 -26.256420512423823 23.56698729810778
      vertex 26.756420512423823 -26.256420512423823 24
      vertex 26.410929009611298 -26.7319487705714 24
    endloop
  endfacet
  facet normal 0.732999678137141 -0.5325554391808721 0.42319756148838616
    outer loop
      vertex 26.410929009611298 -26.7319487705714 24
      vertex 26.756420512423823 -26.256420512423823 24
      vertex 26.506420512423823 -26.256420512423823 24.43301270189222
    endloop
  endfacet
  facet normal 0.7905717841168282 -0.4082421734842135 0.4564368323735723
    outer loop
      vertex 24.474753068343063 -23.974753068343066 29.99271264841571
      vertex 26.506420512423823 -26.256420512423823 24.43301270189222
      vertex 26.756420512423823 -26.256420512423823 24
    endloop
  endfacet
  facet normal -0.015321104785680932 -0.8553782384533856 -0.5177773005149313
    outer loop
      vertex 27.747390482717694 -27.907900363197747 35.56698729810778
      vertex 24.136491391164988 -24.457511152125093 29.973723786722562
      vertex 24.253056580588844 -24.4135664610689 29.897677115948483
    endloop
  endfacet
  facet normal 0.6131019795832768 -0.4454446621715282 -0.6524454119495059
    outer loop
      vertex 27.747390482717694 -27.907900363197747 35.56698729810778
      vertex 24.253056580588844 -24.4135664610689 29.897677115948483
      vertex 24.425802331995108 -24.17580233199511 29.897677115948483
    endloop
  endfacet
  facet normal 0.8595090945478745 0.03186537208469268 -0.5101261750306457
    outer loop
      vertex 24.425802331995108 -24.17580233199511 29.897677115948483
      vertex 24.474753068343063 -23.974753068343066 29.99271264841571
      vertex 27.92013623412396 -27.67013623412396 35.56698729810778
    endloop
  endfacet
  facet normal 0.8595090945478832 0.0318653720847256 -0.5101261750306293
    outer loop
      vertex 24.474753068343063 -23.974753068343066 29.99271264841571
      vertex 24.475918323299968 -23.941896366980995 29.996728396572887
      vertex 27.92013623412396 -27.67013623412396 35.56698729810778
    endloop
  endfacet
  facet normal 0.8595090945478746 0.03186537208469373 -0.5101261750306454
    outer loop
      vertex 24.475918323299968 -23.941896366980995 29.996728396572887
      vertex 24.49446244167001 -22.802756449997347 30.0991304262227
      vertex 27.92013623412396 -27.67013623412396 35.56698729810778
    endloop
  endfacet
  facet normal 0.8595090945478742 0.03186537208469212 -0.5101261750306465
    outer loop
      vertex 27.92013623412396 -27.67013623412396 35.56698729810778
      vertex 24.49446244167001 -22.802756449997347 30.0991304262227
      vertex 24.511403038632473 -21.762118667580683 30.192677688908322
    endloop
  endfacet
  facet normal 0.3719874229576894 -0.27026468266188075 0.8880215979732532
    outer loop
      vertex 27.747390482717694 -27.907900363197747 36.43301270189222
      vertex 27.92013623412396 -27.67013623412396 36.43301270189222
      vertex 20.0810616587822 -20.241571539262253 41.97760287940823
    endloop
  endfacet
  facet normal 0.6131019795832767 -0.44544466217152784 -0.6524454119495062
    outer loop
      vertex 27.747390482717694 -27.907900363197747 35.56698729810778
      vertex 24.425802331995108 -24.17580233199511 29.897677115948483
      vertex 27.92013623412396 -27.67013623412396 35.56698729810778
    endloop
  endfacet
  facet normal 0.7329996781371357 -0.5325554391808738 -0.42319756148839266
    outer loop
      vertex 27.747390482717694 -27.907900363197747 35.56698729810778
      vertex 27.92013623412396 -27.67013623412396 35.56698729810778
      vertex 27.824644731311434 -28.145664492271536 36
    endloop
  endfacet
  facet normal 0.7329996781371357 -0.5325554391808738 0.42319756148839266
    outer loop
      vertex 27.747390482717694 -27.907900363197747 36.43301270189222
      vertex 27.824644731311434 -28.145664492271536 36
      vertex 27.92013623412396 -27.67013623412396 36.43301270189222
    endloop
  endfacet
  facet normal 0.7329996781371398 -0.5325554391808713 -0.423197561488389
    outer loop
      vertex 27.824644731311434 -28.145664492271536 36
      vertex 27.92013623412396 -27.67013623412396 35.56698729810778
      vertex 28.17013623412396 -27.67013623412396 36
    endloop
  endfacet
  facet normal 0.7329996781371398 -0.5325554391808713 0.423197561488389
    outer loop
      vertex 27.824644731311434 -28.145664492271536 36
      vertex 28.17013623412396 -27.67013623412396 36
      vertex 27.92013623412396 -27.67013623412396 36.43301270189222
    endloop
  endfacet
  facet normal 0.8084126724487078 0.03862731657214281 -0.5873473260676119
    outer loop
      vertex 22.3535978583183 -21.8535978583183 5.947490082589896
      vertex 22.937682689615063 -0.24455938171382527 8.172546180504854
      vertex 26.653827093976368 -26.403827093976368 11.566987298107781
    endloop
  endfacet
  facet normal 0.8645197143494556 -0.058942497414971845 0.4991306897993968
    outer loop
      vertex 24.475918323299968 -23.941896366980995 29.996728396572887
      vertex 24.625111075851496 -22.802756449997347 29.872840353880886
      vertex 24.49446244167001 -22.802756449997347 30.0991304262227
    endloop
  endfacet
  facet normal 0.8645197143494555 -0.05894249741497345 0.4991306897993968
    outer loop
      vertex 24.49446244167001 -22.802756449997347 30.0991304262227
      vertex 24.625111075851496 -22.802756449997347 29.872840353880886
      vertex 24.511403038632473 -21.762118667580683 30.192677688908322
    endloop
  endfacet
  facet normal 0.8595090945478745 0.031865372084693235 -0.5101261750306456
    outer loop
      vertex 27.92013623412396 -27.67013623412396 35.56698729810778
      vertex 24.511403038632473 -21.762118667580683 30.192677688908322
      vertex 24.979535277277417 -0.5421734165279846 32.30694945224845
    endloop
  endfacet
  facet normal 0.01705033971189391 -0.5856634219735285 0.8103750008964773
    outer loop
      vertex 22.04554070915209 -27.915063574450965 49.22090536889989
      vertex 21.10958294886982 -21.27009282934987 54.042962686729076
      vertex 16.974952515684144 -21.463646583967357 53.990072974251845
    endloop
  endfacet
  facet normal 0.0401082925009488 -0.6492335967682012 -0.759530816820544
    outer loop
      vertex 16.974952515684144 -21.463646583967357 53.990072974251845
      vertex 21.10958294886982 -21.27009282934987 54.042962686729076
      vertex 27.1960648391051 -27.356574719585154 59.56698729810778
    endloop
  endfacet
  facet normal 0.01705033971189422 -0.5856634219735285 0.8103750008964774
    outer loop
      vertex 22.04554070915209 -27.915063574450965 49.22090536889989
      vertex 27.677616764696165 -27.838126645176217 49.1580089756268
      vertex 21.10958294886982 -21.27009282934987 54.042962686729076
    endloop
  endfacet
  facet normal 0.3802304103513907 -0.2762535635612169 0.8826714018612711
    outer loop
      vertex 21.10958294886982 -21.27009282934987 54.042962686729076
      vertex 27.677616764696165 -27.838126645176217 49.1580089756268
      vertex 21.282328700276086 -21.032328700276082 54.042962686729076
    endloop
  endfacet
  facet normal 0.006048055853871649 -0.7266976805106233 0.686930784112103
    outer loop
      vertex 22.800959295003274 -25.378972585748098 72.79264504092426
      vertex 25.21608714984377 -25.376597030323826 72.77389421792799
      vertex 20.301248051866608 -20.461757932346664 78.0165292508232
    endloop
  endfacet
  facet normal 0.4910168413876105 -0.3567446172349646 0.7947551443983314
    outer loop
      vertex 20.473993803272872 -20.223993803272876 78.0165292508232
      vertex 25.21608714984377 -25.376597030323826 72.77389421792799
      vertex 25.388832901250034 -25.138832901250037 72.77389421792799
    endloop
  endfacet
  facet normal -0.018831316450421968 -0.5592730239756463 -0.8287696098276531
    outer loop
      vertex 15.221760564868966 -20.285452223568047 42.11762770447067
      vertex 20.0810616587822 -20.241571539262253 41.97760287940823
      vertex 28.652405948760386 -28.81291582924044 47.56698729810778
    endloop
  endfacet
  facet normal 0.34223366595648763 -0.24864731283256147 -0.9061184424274398
    outer loop
      vertex 20.0810616587822 -20.241571539262253 41.97760287940823
      vertex 20.25380741018846 -20.00380741018846 41.97760287940823
      vertex 28.82515170016665 -28.57515170016665 47.56698729810778
    endloop
  endfacet
  facet normal 0.5079321740446897 -0.05273241524560044 -0.8597814832575777
    outer loop
      vertex 20.25380741018846 -20.00380741018846 41.97760287940823
      vertex 20.262397313920204 -19.87278264893582 41.974641471550406
      vertex 28.82515170016665 -28.57515170016665 47.56698729810778
    endloop
  endfacet
  facet normal 0.5079321740447001 -0.052732415245586334 -0.8597814832575725
    outer loop
      vertex 20.262397313920204 -19.87278264893582 41.974641471550406
      vertex 20.355290475985722 -18.455851241816102 41.94261613707984
      vertex 28.630634604656887 -26.410560208491106 47.31931317074647
    endloop
  endfacet
  facet normal 0.5805625514158947 -0.024728332197976044 0.813840053991061
    outer loop
      vertex 21.282328700276086 -21.032328700276082 54.042962686729076
      vertex 27.85036251610243 -27.60036251610243 49.1580089756268
      vertex 21.32202111730875 -17.762916123128996 54.113987931938034
    endloop
  endfacet
  facet normal 0.44079135552755977 -0.3202536657679051 -0.8385347759362132
    outer loop
      vertex 21.10958294886982 -21.27009282934987 54.042962686729076
      vertex 21.282328700276086 -21.032328700276082 54.042962686729076
      vertex 27.1960648391051 -27.356574719585154 59.56698729810778
    endloop
  endfacet
  facet normal 0.006048055853871001 -0.7266976805106234 0.6869307841121026
    outer loop
      vertex 22.800959295003274 -25.378972585748098 72.79264504092426
      vertex 20.301248051866608 -20.461757932346664 78.0165292508232
      vertex 17.160914086964453 -20.594450682932855 77.9038037759384
    endloop
  endfacet
  facet normal 0.05529659691803679 -0.7295612758710366 -0.6816763389752569
    outer loop
      vertex 17.160914086964453 -20.594450682932855 77.9038037759384
      vertex 20.301248051866608 -20.461757932346664 78.0165292508232
      vertex 25.122013763068868 -25.282523643548917 83.56698729810778
    endloop
  endfacet
  facet normal 0.4910168413876111 -0.35674461723496453 0.7947551443983313
    outer loop
      vertex 20.301248051866608 -20.461757932346664 78.0165292508232
      vertex 25.21608714984377 -25.376597030323826 72.77389421792799
      vertex 20.473993803272872 -20.223993803272876 78.0165292508232
    endloop
  endfacet
  facet normal 0.5145793266704061 -0.3738637648584156 -0.7716437013864125
    outer loop
      vertex 20.301248051866608 -20.461757932346664 78.0165292508232
      vertex 20.473993803272872 -20.223993803272876 78.0165292508232
      vertex 25.122013763068868 -25.282523643548917 83.56698729810778
    endloop
  endfacet
  facet normal 0.704778428372869 -0.050076804736934225 0.7076578838164722
    outer loop
      vertex 20.473993803272872 -20.223993803272876 78.0165292508232
      vertex 25.388832901250034 -25.138832901250037 72.77389421792799
      vertex 20.54171081654102 -17.466245242901202 78.14423749523456
    endloop
  endfacet
  facet normal 0.7598403680498752 0.011443169747878876 -0.6500089760518324
    outer loop
      vertex 20.473993803272872 -20.223993803272876 78.0165292508232
      vertex 20.54171081654102 -17.466245242901202 78.14423749523456
      vertex 25.294759514475132 -25.04475951447513 83.56698729810778
    endloop
  endfacet
  facet normal 0.017050339711894198 -0.5856634219735248 0.8103750008964801
    outer loop
      vertex 22.04554070915209 -27.915063574450965 49.22090536889989
      vertex 28.652405948760386 -28.81291582924044 48.43301270189222
      vertex 27.677616764696165 -27.838126645176217 49.1580089756268
    endloop
  endfacet
  facet normal 0.0014089223955604567 -0.9068972864020182 0.4213494118357579
    outer loop
      vertex 26.506670574888346 -27.390025394789053 60.44232045877842
      vertex 26.58660876145878 -27.39422564022512 60.43301270189222
      vertex 27.068083238428734 -27.389102999388836 60.442428518762256
    endloop
  endfacet
  facet normal 0.0014089223955586583 -0.906897286401984 0.4213494118358313
    outer loop
      vertex 26.58660876145878 -27.39422564022512 60.43301270189222
      vertex 27.27331908769884 -27.594338848658943 60
      vertex 27.068083238428734 -27.389102999388836 60.442428518762256
    endloop
  endfacet
  facet normal 0.7329996781371357 -0.5325554391808739 -0.42319756148839266
    outer loop
      vertex 27.27331908769884 -27.594338848658943 60
      vertex 27.1960648391051 -27.356574719585154 59.56698729810778
      vertex 27.368810590511366 -27.118810590511366 59.56698729810778
    endloop
  endfacet
  facet normal 0.2477104857080208 -0.8299086674184243 0.4998911071564203
    outer loop
      vertex 27.068083238428734 -27.389102999388836 60.442428518762256
      vertex 27.1960648391051 -27.356574719585154 60.43301270189222
      vertex 26.990828989834995 -27.151338870315048 60.87544122065447
    endloop
  endfacet
  facet normal 0.2477104857080208 -0.8299086674184243 0.4998911071564203
    outer loop
      vertex 27.27331908769884 -27.594338848658943 60
      vertex 27.1960648391051 -27.356574719585154 60.43301270189222
      vertex 27.068083238428734 -27.389102999388836 60.442428518762256
    endloop
  endfacet
  facet normal 0.7329996781371357 -0.5325554391808739 0.42319756148839266
    outer loop
      vertex 27.27331908769884 -27.594338848658943 60
      vertex 27.368810590511366 -27.118810590511366 60.43301270189222
      vertex 27.1960648391051 -27.356574719585154 60.43301270189222
    endloop
  endfacet
  facet normal 0.7329996781371398 -0.5325554391808713 -0.423197561488389
    outer loop
      vertex 27.27331908769884 -27.594338848658943 60
      vertex 27.368810590511366 -27.118810590511366 59.56698729810778
      vertex 27.618810590511366 -27.118810590511366 60
    endloop
  endfacet
  facet normal 0.7329996781371398 -0.5325554391808713 0.423197561488389
    outer loop
      vertex 27.27331908769884 -27.594338848658943 60
      vertex 27.618810590511366 -27.118810590511366 60
      vertex 27.368810590511366 -27.118810590511366 60.43301270189222
    endloop
  endfacet
  facet normal 0.34223366595648425 -0.2486473128325654 -0.9061184424274401
    outer loop
      vertex 20.0810616587822 -20.241571539262253 41.97760287940823
      vertex 28.82515170016665 -28.57515170016665 47.56698729810778
      vertex 28.652405948760386 -28.81291582924044 47.56698729810778
    endloop
  endfacet
  facet normal 0.5079321740446993 -0.05273241524558807 -0.8597814832575731
    outer loop
      vertex 20.262397313920204 -19.87278264893582 41.974641471550406
      vertex 28.630634604656887 -26.410560208491106 47.31931317074647
      vertex 28.82515170016665 -28.57515170016665 47.56698729810778
    endloop
  endfacet
  facet normal 0.3802304103513912 -0.27625356356121694 0.8826714018612709
    outer loop
      vertex 21.282328700276086 -21.032328700276082 54.042962686729076
      vertex 27.677616764696165 -27.838126645176217 49.1580089756268
      vertex 27.85036251610243 -27.60036251610243 49.1580089756268
    endloop
  endfacet
  facet normal 0.4407913555275601 -0.3202536657679058 -0.8385347759362127
    outer loop
      vertex 21.282328700276086 -21.032328700276082 54.042962686729076
      vertex 27.368810590511366 -27.118810590511366 59.56698729810778
      vertex 27.1960648391051 -27.356574719585154 59.56698729810778
    endloop
  endfacet
  facet normal 0.6789487863080705 -0.4932851675904403 0.5437814717384818
    outer loop
      vertex 27.1960648391051 -27.356574719585154 60.43301270189222
      vertex 27.368810590511366 -27.118810590511366 60.43301270189222
      vertex 27.16357474124126 -26.91357474124126 60.87544122065447
    endloop
  endfacet
  facet normal 0.8472259111691105 -0.2072301633246426 0.48914610787791457
    outer loop
      vertex 27.368810590511366 -27.118810590511366 60.43301270189222
      vertex 27.618810590511366 -27.118810590511366 60
      vertex 27.41357474124126 -26.91357474124126 60.442428518762256
    endloop
  endfacet
  facet normal 0.8472259111691105 -0.2072301633246426 0.48914610787791457
    outer loop
      vertex 27.368810590511366 -27.118810590511366 60.43301270189222
      vertex 27.41357474124126 -26.91357474124126 60.442428518762256
      vertex 27.16357474124126 -26.91357474124126 60.87544122065447
    endloop
  endfacet
  facet normal 0.5805625514158914 -0.024728332197979732 0.8138400539910633
    outer loop
      vertex 21.32202111730875 -17.762916123128996 54.113987931938034
      vertex 27.85036251610243 -27.60036251610243 49.1580089756268
      vertex 28.904445421361498 -26.713523316999492 48.43301270189222
    endloop
  endfacet
  facet normal 0.7329996781371357 -0.5325554391808738 -0.42319756148839266
    outer loop
      vertex 28.652405948760386 -28.81291582924044 47.56698729810778
      vertex 28.82515170016665 -28.57515170016665 47.56698729810778
      vertex 28.729660197354125 -29.050679958314227 48
    endloop
  endfacet
  facet normal 0.7329996781371357 -0.5325554391808739 0.42319756148839266
    outer loop
      vertex 28.729660197354125 -29.050679958314227 48
      vertex 28.82515170016665 -28.57515170016665 48.43301270189222
      vertex 28.652405948760386 -28.81291582924044 48.43301270189222
    endloop
  endfacet
  facet normal 0.3802304103513879 -0.2762535635612148 0.882671401861273
    outer loop
      vertex 27.677616764696165 -27.838126645176217 49.1580089756268
      vertex 28.652405948760386 -28.81291582924044 48.43301270189222
      vertex 28.82515170016665 -28.57515170016665 48.43301270189222
    endloop
  endfacet
  facet normal 0.3802304103513877 -0.2762535635612147 0.8826714018612731
    outer loop
      vertex 27.677616764696165 -27.838126645176217 49.1580089756268
      vertex 28.82515170016665 -28.57515170016665 48.43301270189222
      vertex 27.85036251610243 -27.60036251610243 49.1580089756268
    endloop
  endfacet
  facet normal 0.58056255141589 -0.02472833219797736 0.8138400539910644
    outer loop
      vertex 27.85036251610243 -27.60036251610243 49.1580089756268
      vertex 28.82515170016665 -28.57515170016665 48.43301270189222
      vertex 28.904445421361498 -26.713523316999492 48.43301270189222
    endloop
  endfacet
  facet normal 0.7329996781371398 -0.5325554391808713 -0.423197561488389
    outer loop
      vertex 28.729660197354125 -29.050679958314227 48
      vertex 28.82515170016665 -28.57515170016665 47.56698729810778
      vertex 29.07515170016665 -28.57515170016665 48
    endloop
  endfacet
  facet normal 0.7329996781371398 -0.5325554391808713 0.423197561488389
    outer loop
      vertex 28.729660197354125 -29.050679958314227 48
      vertex 29.07515170016665 -28.57515170016665 48
      vertex 28.82515170016665 -28.57515170016665 48.43301270189222
    endloop
  endfacet
  facet normal 0.8654368168839589 -0.03686219349159508 -0.4996601791945693
    outer loop
      vertex 28.82515170016665 -28.57515170016665 47.56698729810778
      vertex 28.904445421361498 -26.713523316999492 47.56698729810778
      vertex 29.07515170016665 -28.57515170016665 48
    endloop
  endfacet
  facet normal 0.8654368168839589 -0.03686219349159508 -0.4996601791945693
    outer loop
      vertex 29.07515170016665 -28.57515170016665 48
      vertex 28.904445421361498 -26.713523316999492 47.56698729810778
      vertex 29.154445421361498 -26.713523316999492 48
    endloop
  endfacet
  facet normal 0.8654368168839589 -0.03686219349159508 0.4996601791945693
    outer loop
      vertex 28.82515170016665 -28.57515170016665 48.43301270189222
      vertex 29.07515170016665 -28.57515170016665 48
      vertex 28.904445421361498 -26.713523316999492 48.43301270189222
    endloop
  endfacet
  facet normal 0.8654368168839589 -0.03686219349159508 0.4996601791945693
    outer loop
      vertex 29.07515170016665 -28.57515170016665 48
      vertex 29.154445421361498 -26.713523316999492 48
      vertex 28.904445421361498 -26.713523316999492 48.43301270189222
    endloop
  endfacet
  facet normal 0.6534520260095498 -0.02783296775721596 -0.7564560632382032
    outer loop
      vertex 28.82515170016665 -28.57515170016665 47.56698729810778
      vertex 28.630634604656887 -26.410560208491106 47.31931317074647
      vertex 28.904445421361498 -26.713523316999492 47.56698729810778
    endloop
  endfacet
  facet normal 0.0014089223955580518 -0.9068972864019883 0.4213494118358225
    outer loop
      vertex 22.832810522397978 -27.196987316490468 60.87009343774622
      vertex 26.506670574888346 -27.390025394789053 60.44232045877842
      vertex 24.490010500210776 -24.811030261170878 66
    endloop
  endfacet
  facet normal 0.24771048570804952 -0.8299086674184167 0.49989110715641855
    outer loop
      vertex 27.068083238428734 -27.389102999388836 60.442428518762256
      vertex 24.57367246470603 -24.73418234518608 66.0861243680315
      vertex 24.490010500210776 -24.811030261170878 66
    endloop
  endfacet
  facet normal 0.6789487863080593 -0.49328516759046453 0.5437814717384737
    outer loop
      vertex 24.57367246470603 -24.73418234518608 66.0861243680315
      vertex 26.990828989834995 -27.151338870315048 60.87544122065447
      vertex 24.746418216112293 -24.496418216112293 66.08612436803152
    endloop
  endfacet
  facet normal 0.8472259111691218 -0.20723016332463032 0.4891461078779
    outer loop
      vertex 24.746418216112293 -24.496418216112293 66.08612436803152
      vertex 27.16357474124126 -26.91357474124126 60.87544122065447
      vertex 24.8355020030233 -24.3355020030233 66
    endloop
  endfacet
  facet normal 0.7827151579023113 -0.5686758495304616 -0.2529125535649976
    outer loop
      vertex 24.490010500210776 -24.811030261170878 66
      vertex 24.57367246470603 -24.73418234518608 66.0861243680315
      vertex 25.612909286012762 -25.933929046972867 72
    endloop
  endfacet
  facet normal 0.7827151579023174 -0.5686758495304532 -0.25291255356499703
    outer loop
      vertex 24.57367246470603 -24.73418234518608 66.0861243680315
      vertex 24.746418216112293 -24.496418216112293 66.08612436803152
      vertex 25.612909286012762 -25.933929046972867 72
    endloop
  endfacet
  facet normal 0.7827151579023061 -0.568675849530468 -0.2529125535649989
    outer loop
      vertex 24.746418216112293 -24.496418216112293 66.08612436803152
      vertex 24.8355020030233 -24.3355020030233 66
      vertex 25.612909286012762 -25.933929046972867 72
    endloop
  endfacet
  facet normal 0.7827151579023128 -0.5686758495304594 -0.25291255356499753
    outer loop
      vertex 24.8355020030233 -24.3355020030233 66
      vertex 25.958400788825287 -25.45840078882529 72
      vertex 25.612909286012762 -25.933929046972867 72
    endloop
  endfacet
  facet normal 0.9824625250308099 0.07833403517476288 -0.1692074639113895
    outer loop
      vertex 24.8355020030233 -24.3355020030233 66
      vertex 25.903641845020264 -25.07769455427039 71.85830202713531
      vertex 25.90622394791364 -25.095646373671283 71.86498365246071
    endloop
  endfacet
  facet normal 0.9824625250308088 0.0783340351747895 -0.16920746391138447
    outer loop
      vertex 24.8355020030233 -24.3355020030233 66
      vertex 25.90622394791364 -25.095646373671283 71.86498365246071
      vertex 25.958400788825287 -25.45840078882529 72
    endloop
  endfacet
  facet normal 0.9824625250308092 0.07833403517477971 -0.16920746391138597
    outer loop
      vertex 24.8355020030233 -24.3355020030233 66
      vertex 25.791063756894573 -24.29500633850916 71.56698729810778
      vertex 25.903641845020264 -25.07769455427039 71.85830202713531
    endloop
  endfacet
  facet normal 0.9824625250308091 0.0783340351747788 -0.16920746391138594
    outer loop
      vertex 24.8355020030233 -24.3355020030233 66
      vertex 24.75730259786416 -22.786198739164533 66.2631987401116
      vertex 25.791063756894573 -24.29500633850916 71.56698729810778
    endloop
  endfacet
  facet normal 0.001408922395560394 -0.906897286401988 0.42134941183582314
    outer loop
      vertex 26.506670574888346 -27.390025394789053 60.44232045877842
      vertex 27.068083238428734 -27.389102999388836 60.442428518762256
      vertex 24.490010500210776 -24.811030261170878 66
    endloop
  endfacet
  facet normal 0.24771048570806278 -0.8299086674184115 0.49989110715642077
    outer loop
      vertex 27.068083238428734 -27.389102999388836 60.442428518762256
      vertex 26.990828989834995 -27.151338870315048 60.87544122065447
      vertex 24.57367246470603 -24.73418234518608 66.0861243680315
    endloop
  endfacet
  facet normal 0.8472259111691057 -0.20723016332466832 0.4891461078779118
    outer loop
      vertex 27.41357474124126 -26.91357474124126 60.442428518762256
      vertex 24.8355020030233 -24.3355020030233 66
      vertex 27.16357474124126 -26.91357474124126 60.87544122065447
    endloop
  endfacet
  facet normal 0.6789487863080765 -0.49328516759044405 0.5437814717384708
    outer loop
      vertex 24.746418216112293 -24.496418216112293 66.08612436803152
      vertex 26.990828989834995 -27.151338870315048 60.87544122065447
      vertex 27.16357474124126 -26.91357474124126 60.87544122065447
    endloop
  endfacet
  facet normal 0.6789487863080705 -0.4932851675904403 0.5437814717384818
    outer loop
      vertex 27.1960648391051 -27.356574719585154 60.43301270189222
      vertex 27.16357474124126 -26.91357474124126 60.87544122065447
      vertex 26.990828989834995 -27.151338870315048 60.87544122065447
    endloop
  endfacet
  facet normal 0.006048055853871704 -0.726697680510616 0.6869307841121107
    outer loop
      vertex 22.800959295003274 -25.378972585748098 72.79264504092426
      vertex 25.535655037419023 -25.69616491789908 72.43301270189222
      vertex 25.21608714984377 -25.376597030323826 72.77389421792799
    endloop
  endfacet
  facet normal 0.4910168413876044 -0.35674461723495965 0.7947551443983375
    outer loop
      vertex 25.21608714984377 -25.376597030323826 72.77389421792799
      vertex 25.708400788825287 -25.45840078882529 72.43301270189222
      vertex 25.388832901250034 -25.138832901250037 72.77389421792799
    endloop
  endfacet
  facet normal 0.4910168413876044 -0.3567446172349596 0.7947551443983375
    outer loop
      vertex 25.21608714984377 -25.376597030323826 72.77389421792799
      vertex 25.535655037419023 -25.69616491789908 72.43301270189222
      vertex 25.708400788825287 -25.45840078882529 72.43301270189222
    endloop
  endfacet
  facet normal 0.732999678137138 -0.5325554391808754 0.423197561488387
    outer loop
      vertex 25.612909286012762 -25.933929046972867 72
      vertex 25.708400788825287 -25.45840078882529 72.43301270189222
      vertex 25.535655037419023 -25.69616491789908 72.43301270189222
    endloop
  endfacet
  facet normal 0.7329996781371418 -0.5325554391808728 0.4231975614883832
    outer loop
      vertex 25.612909286012762 -25.933929046972867 72
      vertex 25.958400788825287 -25.45840078882529 72
      vertex 25.708400788825287 -25.45840078882529 72.43301270189222
    endloop
  endfacet
  facet normal 0.8643904754089438 -0.061417760974107366 0.49905607366229676
    outer loop
      vertex 25.708400788825287 -25.45840078882529 72.43301270189222
      vertex 25.958400788825287 -25.45840078882529 72
      vertex 25.734175672510453 -25.095646373671283 72.43301270189222
    endloop
  endfacet
  facet normal 0.7047784283728659 -0.05007680473692532 0.7076578838164761
    outer loop
      vertex 25.708400788825287 -25.45840078882529 72.43301270189222
      vertex 25.734175672510453 -25.095646373671283 72.43301270189222
      vertex 25.388832901250034 -25.138832901250037 72.77389421792799
    endloop
  endfacet
  facet normal 0.8643904754089375 -0.061417760974106936 -0.4990560736623073
    outer loop
      vertex 25.958400788825287 -25.45840078882529 72
      vertex 25.90622394791364 -25.095646373671283 71.86498365246071
      vertex 25.984175672510453 -25.095646373671283 72
    endloop
  endfacet
  facet normal 0.8643904754089438 -0.06141776097410735 0.49905607366229676
    outer loop
      vertex 25.734175672510453 -25.095646373671283 72.43301270189222
      vertex 25.958400788825287 -25.45840078882529 72
      vertex 25.984175672510453 -25.095646373671283 72
    endloop
  endfacet
  facet normal 0.6763041051633091 0.007790917955849512 -0.7365813321939818
    outer loop
      vertex 21.282328700276086 -21.032328700276082 54.042962686729076
      vertex 23.364638813908243 -0.43978610855881706 56.172679554836975
      vertex 27.368810590511366 -27.118810590511366 59.56698729810778
    endloop
  endfacet
  facet normal 0.6534520260095497 -0.02783296775721607 -0.7564560632382031
    outer loop
      vertex 28.630634604656887 -26.410560208491106 47.31931317074647
      vertex 26.241879755433054 0.17156826087583188 44.27776676470357
      vertex 28.904445421361498 -26.713523316999492 47.56698729810778
    endloop
  endfacet
  facet normal 0.7047784283728662 -0.05007680473693809 0.707657883816475
    outer loop
      vertex 20.54171081654102 -17.466245242901202 78.14423749523456
      vertex 25.388832901250034 -25.138832901250037 72.77389421792799
      vertex 25.734175672510453 -25.095646373671283 72.43301270189222
    endloop
  endfacet
  facet normal 0.865290281748601 -0.04119430885349747 0.49957557709470674
    outer loop
      vertex 24.8355020030233 -24.3355020030233 66
      vertex 27.405561742658406 -1.1586209996887173 63.45965939870818
      vertex 24.75730259786416 -22.786198739164533 66.2631987401116
    endloop
  endfacet
  facet normal 0.8966724720407001 -0.051234842868723374 0.43971976162169124
    outer loop
      vertex 27.41357474124126 -26.91357474124126 60.442428518762256
      vertex 27.405561742658406 -1.1586209996887173 63.45965939870818
      vertex 24.8355020030233 -24.3355020030233 66
    endloop
  endfacet
  facet normal 0.8966724720406953 -0.05123484286872449 0.4397197616217008
    outer loop
      vertex 27.41357474124126 -26.91357474124126 60.442428518762256
      vertex 27.618810590511366 -27.118810590511366 60
      vertex 27.405561742658406 -1.1586209996887173 63.45965939870818
    endloop
  endfacet
  facet normal 0.8084126724486946 0.03862731657214502 -0.5873473260676297
    outer loop
      vertex 22.3535978583183 -21.8535978583183 5.947490082589896
      vertex 22.346805502726937 -21.51621667072922 5.960329340160274
      vertex 22.937682689615063 -0.24455938171382527 8.172546180504854
    endloop
  endfacet
  facet normal 0.8084126724487154 0.03862731657214151 -0.5873473260676016
    outer loop
      vertex 22.346805502726937 -21.51621667072922 5.960329340160274
      vertex 22.336344291093962 -21.091087904333275 5.973889642619739
      vertex 22.937682689615063 -0.24455938171382527 8.172546180504854
    endloop
  endfacet
  facet normal 0.8084126724487112 0.03862731657214222 -0.5873473260676073
    outer loop
      vertex 22.336344291093962 -21.091087904333275 5.973889642619739
      vertex 22.280223476018833 -18.810417775567387 6.046636017838046
      vertex 22.937682689615063 -0.24455938171382527 8.172546180504854
    endloop
  endfacet
  facet normal 0.8084126724487002 0.03862731657214435 -0.5873473260676224
    outer loop
      vertex 22.280223476018833 -18.810417775567387 6.046636017838046
      vertex 22.203403002209864 -17.202678744182798 6.046636017838049
      vertex 22.937682689615063 -0.24455938171382527 8.172546180504854
    endloop
  endfacet
  facet normal 0.7078619532699496 -0.011581876042631526 -0.7062558426379102
    outer loop
      vertex 21.174261151626222 -17.394161412709206 18.077369949031706
      vertex 21.737344430801485 17.02040392916673 18.077369949031706
      vertex 26.506420512423823 -26.256420512423823 23.56698729810778
    endloop
  endfacet
  facet normal 0.8660129546674553 0.005361883765134862 0.4999928124989732
    outer loop
      vertex 22.336344291093962 -21.091087904333275 5.973889642619739
      vertex 22.375623703835622 -21.091087904333275 5.905855704059718
      vertex 25.5 25 0
    endloop
  endfacet
  facet normal 0.8660129546674624 0.005361883765132744 0.49999281249896055
    outer loop
      vertex 22.336344291093962 -21.091087904333275 5.973889642619739
      vertex 25.25 25 0.4330127018922193
      vertex 22.280223476018833 -18.810417775567387 6.046636017838046
    endloop
  endfacet
  facet normal 0.7421130011111602 0.03545940681433632 0.6693361816383173
    outer loop
      vertex 22.280223476018833 -18.810417775567387 6.046636017838046
      vertex 25.25 25 0.4330127018922193
      vertex 22.203403002209864 -17.202678744182798 6.046636017838049
    endloop
  endfacet
  facet normal 0.8084126724487076 0.03862731657214275 -0.5873473260676123
    outer loop
      vertex 22.203403002209864 -17.202678744182798 6.046636017838049
      vertex 20.610292441423628 16.138771820888582 6.046636017838048
      vertex 22.937682689615063 -0.24455938171382527 8.172546180504854
    endloop
  endfacet
  facet normal 0.573332016879897 -0.01907406229182298 0.8191010795793869
    outer loop
      vertex 20.262397313920204 -19.87278264893582 41.974641471550406
      vertex 29.01653322578683 25.69695495079834 36.90832366505596
      vertex 20.355290475985722 -18.455851241816102 41.94261613707984
    endloop
  endfacet
  facet normal 0.573332016879885 -0.01907406229181967 0.8191010795793954
    outer loop
      vertex 20.355290475985722 -18.455851241816102 41.94261613707984
      vertex 29.01653322578683 25.69695495079834 36.90832366505596
      vertex 20.60305911705909 -14.67655079138449 41.85719678623357
    endloop
  endfacet
  facet normal 0 0 -1
    outer loop
      vertex 24.797745751406264 -24.85305368692688 -0.4330127018922193
      vertex 25.25 25 -0.4330127018922193
      vertex 25.077254248593736 -24.76223587092621 -0.4330127018922193
    endloop
  endfacet
  facet normal 0 0 -1
    outer loop
      vertex 25.25 -25 -0.4330127018922193
      vertex 25.077254248593736 -24.76223587092621 -0.4330127018922193
      vertex 25.25 25 -0.4330127018922193
    endloop
  endfacet
  facet normal 0.8660254037844386 0 -0.5
    outer loop
      vertex 25.25 -25 -0.4330127018922193
      vertex 25.5 25 0
      vertex 25.5 -25 0
    endloop
  endfacet
  facet normal 0.8648564321840816 -0.051940372349076024 -0.4993250939318595
    outer loop
      vertex 26.653827093976368 -26.403827093976368 11.566987298107781
      vertex 29.851020443072578 26.832472682977624 11.566987298107781
      vertex 26.903827093976368 -26.403827093976368 12
    endloop
  endfacet
  facet normal 0.8648564321840816 -0.051940372349076024 0.4993250939318595
    outer loop
      vertex 26.653827093976368 -26.403827093976368 12.433012701892219
      vertex 26.903827093976368 -26.403827093976368 12
      vertex 29.851020443072578 26.832472682977624 12.433012701892219
    endloop
  endfacet
  facet normal 0.8595090945478763 0.03186537208469294 -0.510126175030643
    outer loop
      vertex 24.511403038632473 -21.762118667580683 30.192677688908322
      vertex 24.359383948080037 -17.661686683688007 30.192677688908322
      vertex 24.979535277277417 -0.5421734165279846 32.30694945224845
    endloop
  endfacet
  facet normal 0.9212128830467473 -0.07922508080084334 0.3809070893023648
    outer loop
      vertex 26.756420512423823 -26.256420512423823 24
      vertex 31.257290430623826 26.07876566411418 24
      vertex 24.625111075851496 -22.802756449997347 29.872840353880886
    endloop
  endfacet
  facet normal 0.8636333824770696 -0.07427319544507432 -0.4986189658542817
    outer loop
      vertex 26.506420512423823 -26.256420512423823 23.56698729810778
      vertex 31.257290430623826 26.07876566411418 24
      vertex 26.756420512423823 -26.256420512423823 24
    endloop
  endfacet
  facet normal 0.865666179555224 -0.028799666068915156 -0.49979260179456614
    outer loop
      vertex 27.92013623412396 -27.67013623412396 35.56698729810778
      vertex 29.950844281053676 25.854745901669475 36
      vertex 28.17013623412396 -27.67013623412396 36
    endloop
  endfacet
  facet normal 0.865666179555224 -0.028799666068915156 0.49979260179456614
    outer loop
      vertex 27.92013623412396 -27.67013623412396 36.43301270189222
      vertex 28.17013623412396 -27.67013623412396 36
      vertex 29.950844281053676 25.854745901669475 36
    endloop
  endfacet
  facet normal 0.8839273282321286 0 0.46762429193147237
    outer loop
      vertex 22.375623703835622 -21.091087904333275 5.905855704059718
      vertex 25.5 -25 0
      vertex 25.5 25 0
    endloop
  endfacet
  facet normal 0.6833643837363229 -0.041040569533286976 0.728923034821276
    outer loop
      vertex 21.046733929837036 -20.796733929837032 18.00535143658816
      vertex 29.851020443072578 26.832472682977624 12.433012701892219
      vertex 21.174261151626222 -17.394161412709206 18.077369949031706
    endloop
  endfacet
  facet normal 0.6833643837363239 -0.041040569533287254 0.728923034821275
    outer loop
      vertex 21.046733929837036 -20.796733929837032 18.00535143658816
      vertex 26.653827093976368 -26.403827093976368 12.433012701892219
      vertex 29.851020443072578 26.832472682977624 12.433012701892219
    endloop
  endfacet
  facet normal 0.5399708797335993 -0.03242883732759443 -0.8410587491663726
    outer loop
      vertex 26.653827093976368 -26.403827093976368 11.566987298107781
      vertex 22.937682689615063 -0.24455938171382527 8.172546180504854
      vertex 29.851020443072578 26.832472682977624 11.566987298107781
    endloop
  endfacet
  facet normal 0.8645197143494571 -0.058942497414972476 0.4991306897993942
    outer loop
      vertex 24.625111075851496 -22.802756449997347 29.872840353880886
      vertex 30.727224231746295 25.69789475005089 25.031127223698114
      vertex 24.511403038632473 -21.762118667580683 30.192677688908322
    endloop
  endfacet
  facet normal 0.5432174980904022 0.020139202492874212 0.8393504406928938
    outer loop
      vertex 24.511403038632473 -21.762118667580683 30.192677688908322
      vertex 30.727224231746295 25.69789475005089 25.031127223698114
      vertex 24.359383948080037 -17.661686683688007 30.192677688908322
    endloop
  endfacet
  facet normal 0.5733320168798868 -0.019074062291820224 0.8191010795793942
    outer loop
      vertex 27.92013623412396 -27.67013623412396 36.43301270189222
      vertex 29.01653322578683 25.69695495079834 36.90832366505596
      vertex 20.262397313920204 -19.87278264893582 41.974641471550406
    endloop
  endfacet
  facet normal 0.8595090945478749 0.031865372084693235 -0.510126175030645
    outer loop
      vertex 24.359383948080037 -17.661686683688007 30.192677688908322
      vertex 23.07243178208079 17.051452330803023 30.192677688908322
      vertex 24.979535277277417 -0.5421734165279846 32.30694945224845
    endloop
  endfacet
  facet normal 0.6467368490999683 -0.0215161522171414 -0.762409668885445
    outer loop
      vertex 27.92013623412396 -27.67013623412396 35.56698729810778
      vertex 24.979535277277417 -0.5421734165279846 32.30694945224845
      vertex 29.700844281053676 25.854745901669475 35.56698729810778
    endloop
  endfacet
  facet normal 0.6763041051633136 0.0077909179558485935 -0.7365813321939775
    outer loop
      vertex 21.282328700276086 -21.032328700276082 54.042962686729076
      vertex 21.32202111730875 -17.762916123128996 54.113987931938034
      vertex 23.364638813908243 -0.43978610855881706 56.172679554836975
    endloop
  endfacet
  facet normal 0.6763041051632969 0.007790917955852426 -0.736581332193993
    outer loop
      vertex 21.32202111730875 -17.762916123128996 54.113987931938034
      vertex 21.316305873689036 -17.266794517956903 54.113987931938034
      vertex 23.364638813908243 -0.43978610855881706 56.172679554836975
    endloop
  endfacet
  facet normal 0.507932174044699 -0.05273241524558801 -0.8597814832575731
    outer loop
      vertex 20.355290475985722 -18.455851241816102 41.94261613707984
      vertex 20.60305911705909 -14.67655079138449 41.85719678623357
      vertex 26.241879755433054 0.17156826087583188 44.27776676470357
    endloop
  endfacet
  facet normal 0.7598403680498749 0.011443169747878455 -0.6500089760518326
    outer loop
      vertex 20.54171081654102 -17.466245242901202 78.14423749523456
      vertex 21.972140365057424 0.3285051576191509 80.12963540759431
      vertex 25.294759514475132 -25.04475951447513 83.56698729810778
    endloop
  endfacet
  facet normal 0.7598403680498749 0.011443169747878436 -0.6500089760518324
    outer loop
      vertex 20.54171081654102 -17.466245242901202 78.14423749523456
      vertex 20.512850081744208 -15.549857403398516 78.14423749523456
      vertex 21.972140365057424 0.3285051576191509 80.12963540759431
    endloop
  endfacet
  facet normal 0.47206630586147164 0.0054381303183144705 0.8815462719613444
    outer loop
      vertex 21.32202111730875 -17.762916123128996 54.113987931938034
      vertex 21.055199185846458 20.47814764968474 54.02096701243841
      vertex 21.316305873689036 -17.266794517956903 54.113987931938034
    endloop
  endfacet
  facet normal 0.6763041051633096 0.007790917955849455 -0.7365813321939814
    outer loop
      vertex 21.316305873689036 -17.266794517956903 54.113987931938034
      vertex 20.936056753403093 15.741387892825626 54.113987931938034
      vertex 23.364638813908243 -0.43978610855881706 56.172679554836975
    endloop
  endfacet
  facet normal 0.504793368375373 0.00760217072534315 0.8632067320430881
    outer loop
      vertex 20.54171081654102 -17.466245242901202 78.14423749523456
      vertex 20.26854279035893 20.01854279035893 77.97385843688879
      vertex 20.512850081744208 -15.549857403398516 78.14423749523456
    endloop
  endfacet
  facet normal 0.7598403680498739 0.011443169747878696 -0.6500089760518338
    outer loop
      vertex 20.512850081744208 -15.549857403398516 78.14423749523456
      vertex 20.053011531891887 14.983980742983938 78.14423749523456
      vertex 21.972140365057424 0.3285051576191509 80.12963540759431
    endloop
  endfacet
  facet normal 0.507932174044699 -0.05273241524558801 -0.8597814832575731
    outer loop
      vertex 20.355290475985722 -18.455851241816102 41.94261613707984
      vertex 26.241879755433054 0.17156826087583188 44.27776676470357
      vertex 28.630634604656887 -26.410560208491106 47.31931317074647
    endloop
  endfacet
  facet normal 0.865436816883959 -0.03686219349159517 -0.49966017919456934
    outer loop
      vertex 28.904445421361498 -26.713523316999492 47.56698729810778
      vertex 31.167156895268487 26.409571920167203 47.56698729810778
      vertex 29.154445421361498 -26.713523316999492 48
    endloop
  endfacet
  facet normal 0.865436816883959 -0.03686219349159517 0.49966017919456934
    outer loop
      vertex 28.904445421361498 -26.713523316999492 48.43301270189222
      vertex 29.154445421361498 -26.713523316999492 48
      vertex 31.167156895268487 26.409571920167203 48.43301270189222
    endloop
  endfacet
  facet normal 0.8649670560996637 -0.04942323154521575 -0.4993889626793018
    outer loop
      vertex 27.368810590511366 -27.118810590511366 59.56698729810778
      vertex 30.728471968479607 27.304070380095375 60
      vertex 27.618810590511366 -27.118810590511366 60
    endloop
  endfacet
  facet normal 0.9824625250308093 0.07833403517477903 -0.16920746391138594
    outer loop
      vertex 25.791063756894573 -24.29500633850916 71.56698729810778
      vertex 24.75730259786416 -22.786198739164533 66.2631987401116
      vertex 21.621413706162773 16.54400188030969 66.26319874011159
    endloop
  endfacet
  facet normal 0.8652902817485935 -0.0411943088534948 0.4995755770947201
    outer loop
      vertex 24.75730259786416 -22.786198739164533 66.2631987401116
      vertex 27.405561742658406 -1.1586209996887173 63.45965939870818
      vertex 27.155561742658406 -1.1586209996887173 63.8926721006004
    endloop
  endfacet
  facet normal 0.580562551415893 -0.024728332197977567 0.8138400539910624
    outer loop
      vertex 21.32202111730875 -17.762916123128996 54.113987931938034
      vertex 28.904445421361498 -26.713523316999492 48.43301270189222
      vertex 31.167156895268487 26.409571920167203 48.43301270189222
    endloop
  endfacet
  facet normal 0.522980695606935 -0.029882520762364553 -0.8518205368358839
    outer loop
      vertex 27.368810590511366 -27.118810590511366 59.56698729810778
      vertex 23.364638813908243 -0.43978610855881706 56.172679554836975
      vertex 30.478471968479607 27.304070380095375 59.56698729810778
    endloop
  endfacet
  facet normal 0.65345202600955 -0.027832967757216037 -0.756456063238203
    outer loop
      vertex 28.904445421361498 -26.713523316999492 47.56698729810778
      vertex 26.241879755433054 0.17156826087583188 44.27776676470357
      vertex 31.167156895268487 26.409571920167203 47.56698729810778
    endloop
  endfacet
  facet normal 0.7047784283728703 -0.05007680473693206 0.707657883816471
    outer loop
      vertex 20.54171081654102 -17.466245242901202 78.14423749523456
      vertex 25.734175672510453 -25.095646373671283 72.43301270189222
      vertex 29.602924092850216 29.352924092850216 72.43301270189222
    endloop
  endfacet
  facet normal 0.8643904754089529 -0.06141776097411598 -0.4990560736622795
    outer loop
      vertex 25.90622394791364 -25.095646373671283 71.86498365246071
      vertex 25.903641845020264 -25.07769455427039 71.85830202713531
      vertex 29.852924092850216 29.352924092850216 72
    endloop
  endfacet
  facet normal 0.8643904754089372 -0.06141776097411479 -0.49905607366230714
    outer loop
      vertex 25.90622394791364 -25.095646373671283 71.86498365246071
      vertex 29.852924092850216 29.352924092850216 72
      vertex 25.984175672510453 -25.095646373671283 72
    endloop
  endfacet
  facet normal 0.8643904754089445 -0.06141776097411533 -0.4990560736622942
    outer loop
      vertex 25.791063756894573 -24.29500633850916 71.56698729810778
      vertex 29.852924092850216 29.352924092850216 72
      vertex 25.903641845020264 -25.07769455427039 71.85830202713531
    endloop
  endfacet
  facet normal 0.8643904754089432 -0.0614177609741152 0.4990560736622965
    outer loop
      vertex 25.734175672510453 -25.095646373671283 72.43301270189222
      vertex 25.984175672510453 -25.095646373671283 72
      vertex 29.852924092850216 29.352924092850216 72
    endloop
  endfacet
  facet normal 0.4980759485233064 0.03971276041303755 0.8662235543801526
    outer loop
      vertex 24.75730259786416 -22.786198739164533 66.2631987401116
      vertex 27.155561742658406 -1.1586209996887173 63.8926721006004
      vertex 21.621413706162773 16.54400188030969 66.26319874011159
    endloop
  endfacet
  facet normal 0.8966724720406996 -0.05123484286872335 0.43971976162169246
    outer loop
      vertex 27.618810590511366 -27.118810590511366 60
      vertex 30.728471968479607 27.304070380095375 60
      vertex 27.405561742658406 -1.1586209996887173 63.45965939870818
    endloop
  endfacet
  facet normal 0.060511698488692055 -0.7983672488918344 0.5991227505636031
    outer loop
      vertex -29.075357908946 -29.390376286613524 84.43301270189222
      vertex 22.58963663711865 -25.474463432308863 84.43301270189222
      vertex 18.69670453048019 -25.414164629890323 84.9065525943522
    endloop
  endfacet
  facet normal -0.03861011988657116 -0.7064842701625824 0.7066747729013594
    outer loop
      vertex -26.328079842401134 -26.64309822006866 96.43301270189222
      vertex 29.53559799560522 -29.69610787608527 96.43301270189222
      vertex 14.789101595554865 -27.126244696638217 98.19648858446836
    endloop
  endfacet
  facet normal -0.009791579510103624 -0.9988611795035975 0.04669549283795107
    outer loop
      vertex -23.176103346198836 -24.765584048544014 90
      vertex 18.69670453048019 -25.414164629890323 84.9065525943522
      vertex 22.978373872899297 -25.218024530476306 90
    endloop
  endfacet
  facet normal 0.06591356417028342 -0.8696373132067746 0.48927123922919524
    outer loop
      vertex -28.99810366035226 -29.628140415687312 84
      vertex 25.199268011662607 -25.520287772622705 84
      vertex 22.58963663711865 -25.474463432308863 84.43301270189222
    endloop
  endfacet
  facet normal 0.06591356417028359 -0.8696373132067767 -0.4892712392291912
    outer loop
      vertex -28.99810366035226 -29.628140415687312 84
      vertex 25.122013763068868 -25.282523643548917 83.56698729810778
      vertex 25.199268011662607 -25.520287772622705 84
    endloop
  endfacet
  facet normal -0.06325820693241195 -0.7854669392429114 0.6156623154068052
    outer loop
      vertex -16.848802360572208 -21.612725943027314 101.97994189353366
      vertex 14.789101595554865 -27.126244696638217 98.19648858446836
      vertex 20.99094619064431 -24.660180297287575 101.97994189353366
    endloop
  endfacet
  facet normal -0.04768317523828618 -0.8306533042016568 -0.5547444483886833
    outer loop
      vertex -25.412648987944173 -25.727667365611698 107.56698729810778
      vertex 3.4227312728461268 -27.253220169700903 107.3727410773478
      vertex 28.67184686694498 -28.832356747425028 107.56698729810778
    endloop
  endfacet
  facet normal -0.04768317523828581 -0.8306533042016477 -0.5547444483886971
    outer loop
      vertex -22.164399970698955 -25.652943331681545 107.1758944382794
      vertex 20.99094619064431 -24.660180297287575 101.97994189353366
      vertex 3.4227312728461268 -27.253220169700903 107.3727410773478
    endloop
  endfacet
  facet normal 0.0036834400655409096 -0.8762681633081478 -0.48180964938640314
    outer loop
      vertex -26.941950974037766 -27.571987729372818 120
      vertex 19.45738011313094 -24.113474481536997 114.06471850458145
      vertex 23.022396563789847 -24.109542561781026 114.08482210428761
    endloop
  endfacet
  facet normal 0.012814231799727308 -0.9063651356155245 -0.4223008837357968
    outer loop
      vertex -26.941950974037766 -27.571987729372818 120
      vertex 23.78261242910558 -24.103632190065678 114.09520481392316
      vertex 26.49546730135013 -26.816487062310227 120
    endloop
  endfacet
  facet normal 0.012814231799726083 -0.9063651356155186 -0.422300883735809
    outer loop
      vertex -26.941950974037766 -27.571987729372818 120
      vertex 23.022396563789847 -24.109542561781026 114.08482210428761
      vertex 23.78261242910558 -24.103632190065678 114.09520481392316
    endloop
  endfacet
  facet normal -0.048045439045092585 -0.8791308350798152 -0.47415251828797805
    outer loop
      vertex -26.250825593807395 -26.880862349142447 96
      vertex 29.53559799560522 -29.69610787608527 95.56698729810778
      vertex 29.612852244198958 -29.93387200515906 96
    endloop
  endfacet
  facet normal -0.048045439045092585 -0.8791308350798152 0.47415251828797805
    outer loop
      vertex -26.250825593807395 -26.880862349142447 96
      vertex 29.612852244198958 -29.93387200515906 96
      vertex 29.53559799560522 -29.69610787608527 96.43301270189222
    endloop
  endfacet
  facet normal -0.04388791082248617 -0.8030567824568927 -0.5942841537796717
    outer loop
      vertex -21.30078211452353 -26.640587215764548 95.19232801772769
      vertex 22.978373872899297 -25.218024530476306 90
      vertex 29.53559799560522 -29.69610787608527 95.56698729810778
    endloop
  endfacet
  facet normal -0.05047031265657951 -0.8792059623289733 -0.47376114588000034
    outer loop
      vertex -25.335394739350434 -25.965431494685486 108
      vertex 28.67184686694498 -28.832356747425028 107.56698729810778
      vertex 28.749101115538718 -29.070120876498816 108
    endloop
  endfacet
  facet normal -0.0324982278239723 -0.878523324719752 0.4765927329614399
    outer loop
      vertex -23.086903091215447 -23.90855792780386 113.97989640029384
      vertex 28.749101115538718 -29.070120876498816 108
      vertex 28.67184686694498 -28.832356747425028 108.43301270189222
    endloop
  endfacet
  facet normal -0.0027589438216564064 -0.7687066516043406 0.6395955534618981
    outer loop
      vertex -20.145909518442583 -23.97133540804484 114.06471850458145
      vertex 28.67184686694498 -28.832356747425028 108.43301270189222
      vertex 19.45738011313094 -24.113474481536997 114.06471850458145
    endloop
  endfacet
  facet normal -0.007025247883589366 -0.6018054805841095 -0.7986118014599479
    outer loop
      vertex -28.030703022811363 -28.345721400478887 143.5669872981078
      vertex 15.944514915475082 -21.687602716943726 138.1628233313439
      vertex 21.431227102813857 -21.591736983293906 138.04231667602437
    endloop
  endfacet
  facet normal -0.01803164185797864 -0.48484479312766093 -0.874414310535287
    outer loop
      vertex -28.2513446687571 -28.566363046424623 131.5669872981078
      vertex 14.753004735479063 -20.390881074140285 126.14704067181978
      vertex 30.181772216338945 -30.342282096819 131.34672565623276
    endloop
  endfacet
  facet normal -0.007025247883593315 -0.6018054805840918 -0.798611801459961
    outer loop
      vertex -28.030703022811363 -28.345721400478887 143.5669872981078
      vertex 21.431227102813857 -21.591736983293906 138.04231667602437
      vertex 28.849205904736582 -29.00971578521663 143.5669872981078
    endloop
  endfacet
  facet normal 0 -0.9321129536071623 -0.3621676983356357
    outer loop
      vertex -24.845491502812525 -25.475528258147577 156
      vertex 21.47662706536554 -23.21011600699706 150.16949630168057
      vertex 25.154508497187475 -25.475528258147577 156
    endloop
  endfacet
  facet normal 0.06613594467769283 -0.6067810807973574 0.7921128434812682
    outer loop
      vertex -21.51832044563199 -24.34426464439318 126.14704067181978
      vertex 19.98143644622748 -20.141946326707533 125.90119391288827
      vertex 14.753004735479063 -20.390881074140285 126.14704067181978
    endloop
  endfacet
  facet normal 0.02775467998956889 -0.5015648369731718 0.8646747319372482
    outer loop
      vertex -20.64906767780171 -23.712551636165074 138.1628233313439
      vertex 21.431227102813857 -21.591736983293906 138.04231667602437
      vertex 15.944514915475082 -21.687602716943726 138.1628233313439
    endloop
  endfacet
  facet normal -0.03267305985708895 -0.878531365697507 -0.4765659562382191
    outer loop
      vertex -28.2513446687571 -28.566363046424623 131.5669872981078
      vertex 30.59435684724244 -30.754866727722497 131.5669872981078
      vertex 30.67161109583618 -30.992630856796286 132
    endloop
  endfacet
  facet normal -0.018031641857979855 -0.48484479312770373 -0.8744143105352633
    outer loop
      vertex -28.2513446687571 -28.566363046424623 131.5669872981078
      vertex 30.181772216338945 -30.342282096819 131.34672565623276
      vertex 30.59435684724244 -30.754866727722497 131.5669872981078
    endloop
  endfacet
  facet normal -0.03267305985708895 -0.878531365697507 0.4765659562382191
    outer loop
      vertex -28.2513446687571 -28.566363046424623 132.4330127018922
      vertex 30.67161109583618 -30.992630856796286 132
      vertex 30.59435684724244 -30.754866727722497 132.4330127018922
    endloop
  endfacet
  facet normal 0.016845245329428975 -0.8751561481876269 0.48354726139146736
    outer loop
      vertex -23.70027623862364 -24.476720562062237 125.98332548531828
      vertex 25.65596588643515 -26.777355511525155 120.10006844916683
      vertex 25.578711637841412 -26.539591382451366 120.53308115105905
    endloop
  endfacet
  facet normal 0.06613594467769376 -0.6067810807973671 0.7921128434812605
    outer loop
      vertex -21.51832044563199 -24.34426464439318 126.14704067181978
      vertex 26.286729144002916 -26.447239024482965 120.5447111316101
      vertex 19.98143644622748 -20.141946326707533 125.90119391288827
    endloop
  endfacet
  facet normal 0.06613594467768845 -0.6067810807974074 0.7921128434812301
    outer loop
      vertex -21.51832044563199 -24.34426464439318 126.14704067181978
      vertex 25.578711637841412 -26.539591382451366 120.53308115105905
      vertex 26.286729144002916 -26.447239024482965 120.5447111316101
    endloop
  endfacet
  facet normal 0.027754679989566627 -0.5015648369731255 0.8646747319372752
    outer loop
      vertex -20.64906767780171 -23.712551636165074 138.1628233313439
      vertex 30.59435684724244 -30.754866727722497 132.4330127018922
      vertex 21.431227102813857 -21.591736983293906 138.04231667602437
    endloop
  endfacet
  facet normal -0.009401009037234587 -0.8053208734229859 0.5927646344531032
    outer loop
      vertex -28.030703022811363 -28.345721400478887 144.4330127018922
      vertex 28.849205904736582 -29.00971578521663 144.4330127018922
      vertex 26.042053496014173 -28.74087046510039 144.75374149001198
    endloop
  endfacet
  facet normal -0.010240977086952081 -0.8772752562734546 -0.47987836700423275
    outer loop
      vertex -28.030703022811363 -28.345721400478887 143.5669872981078
      vertex 28.849205904736582 -29.00971578521663 143.5669872981078
      vertex 28.92646015333032 -29.24747991429042 144
    endloop
  endfacet
  facet normal -0.010240977086952081 -0.8772752562734546 0.47987836700423275
    outer loop
      vertex -27.953448774217623 -28.583485529552675 144
      vertex 28.92646015333032 -29.24747991429042 144
      vertex 28.849205904736582 -29.00971578521663 144.4330127018922
    endloop
  endfacet
  facet normal 0.016028590149322734 -0.6927639665985176 0.7209862487457809
    outer loop
      vertex -21.358896240206835 -24.201208327037843 150.16949630168057
      vertex 26.042053496014173 -28.74087046510039 144.75374149001198
      vertex 21.47662706536554 -23.21011600699706 150.16949630168057
    endloop
  endfacet
  facet normal 0 -0.8765515079563075 0.4813080654835563
    outer loop
      vertex -24.922745751406264 -25.23776412907379 156.4330127018922
      vertex 25.154508497187475 -25.475528258147577 156
      vertex 25.077254248593736 -25.23776412907379 156.4330127018922
    endloop
  endfacet
  facet normal 0.13699857419964684 -0.09953529043214143 0.9855577692991179
    outer loop
      vertex 0.07725424859373685 -0.23776412907378838 162.4330127018922
      vertex 25.25 -25 156.4330127018922
      vertex 0.25 0 162.4330127018922
    endloop
  endfacet
  facet normal -0.009791579510104191 -0.9988611795035974 0.04669549283795137
    outer loop
      vertex 18.69670453048019 -25.414164629890323 84.9065525943522
      vertex 22.58963663711865 -25.474463432308863 84.43301270189222
      vertex 24.921227381344558 -25.24224714230466 89.8892522232275
    endloop
  endfacet
  facet normal -0.009791579510104592 -0.9988611795035975 0.046695492837951894
    outer loop
      vertex 18.69670453048019 -25.414164629890323 84.9065525943522
      vertex 24.921227381344558 -25.24224714230466 89.8892522232275
      vertex 22.978373872899297 -25.218024530476306 90
    endloop
  endfacet
  facet normal 0.5145793266704055 -0.3738637648584163 -0.7716437013864126
    outer loop
      vertex 20.473993803272872 -20.223993803272876 78.0165292508232
      vertex 25.294759514475132 -25.04475951447513 83.56698729810778
      vertex 25.122013763068868 -25.282523643548917 83.56698729810778
    endloop
  endfacet
  facet normal -0.06325820693241202 -0.7854669392429114 0.6156623154068054
    outer loop
      vertex 14.789101595554865 -27.126244696638217 98.19648858446836
      vertex 29.53559799560522 -29.69610787608527 96.43301270189222
      vertex 20.99094619064431 -24.660180297287575 101.97994189353366
    endloop
  endfacet
  facet normal -0.04768317523828577 -0.8306533042016477 -0.554744448388697
    outer loop
      vertex 3.4227312728461268 -27.253220169700903 107.3727410773478
      vertex 20.99094619064431 -24.660180297287575 101.97994189353366
      vertex 24.755858005422603 -24.916367885902652 102.03993369201757
    endloop
  endfacet
  facet normal -0.047683175238285525 -0.8306533042016483 -0.5547444483886963
    outer loop
      vertex 3.4227312728461268 -27.253220169700903 107.3727410773478
      vertex 24.755858005422603 -24.916367885902652 102.03993369201757
      vertex 28.67184686694498 -28.832356747425028 107.56698729810778
    endloop
  endfacet
  facet normal 0.012595427847717755 -0.8908888841526296 0.45404663999485256
    outer loop
      vertex -1.415269104776623 -27.18633892351096 120.0485649550306
      vertex 26.49546730135013 -26.816487062310227 120
      vertex 25.65596588643515 -26.777355511525155 120.10006844916683
    endloop
  endfacet
  facet normal -0.0027589438216565404 -0.7687066516043408 0.6395955534618979
    outer loop
      vertex 19.45738011313094 -24.113474481536997 114.06471850458145
      vertex 28.67184686694498 -28.832356747425028 108.43301270189222
      vertex 23.022396563789847 -24.109542561781026 114.08482210428761
    endloop
  endfacet
  facet normal 0.732999678137138 -0.5325554391808754 -0.423197561488387
    outer loop
      vertex 25.199268011662607 -25.520287772622705 84
      vertex 25.122013763068868 -25.282523643548917 83.56698729810778
      vertex 25.294759514475132 -25.04475951447513 83.56698729810778
    endloop
  endfacet
  facet normal -0.009791579510103851 -0.9988611795035975 0.04669549283795124
    outer loop
      vertex 22.58963663711865 -25.474463432308863 84.43301270189222
      vertex 25.199268011662607 -25.520287772622705 84
      vertex 24.921227381344558 -25.24224714230466 89.8892522232275
    endloop
  endfacet
  facet normal 0.8072635982194302 -0.5865113354170665 0.06580225237108452
    outer loop
      vertex 25.199268011662607 -25.520287772622705 84
      vertex 24.994586892695416 -25.15509677317547 89.76606823750389
      vertex 24.921227381344558 -25.24224714230466 89.8892522232275
    endloop
  endfacet
  facet normal 0.7329996781371418 -0.5325554391808728 -0.4231975614883832
    outer loop
      vertex 25.199268011662607 -25.520287772622705 84
      vertex 25.294759514475132 -25.04475951447513 83.56698729810778
      vertex 25.544759514475132 -25.04475951447513 84
    endloop
  endfacet
  facet normal 0.8072635982194395 -0.5865113354170532 0.06580225237108459
    outer loop
      vertex 25.199268011662607 -25.520287772622705 84
      vertex 25.544759514475132 -25.04475951447513 84
      vertex 25.264620440235486 -24.764620440235486 89.93369991965388
    endloop
  endfacet
  facet normal 0.8072635982194368 -0.5865113354170574 0.06580225237108417
    outer loop
      vertex 25.199268011662607 -25.520287772622705 84
      vertex 25.16733264410168 -24.91733264410168 89.76606823750389
      vertex 24.994586892695416 -25.15509677317547 89.76606823750389
    endloop
  endfacet
  facet normal 0.807263598219456 -0.586511335417031 0.06580225237108153
    outer loop
      vertex 25.199268011662607 -25.520287772622705 84
      vertex 25.216946231268228 -24.83945442567138 89.85155490083405
      vertex 25.16733264410168 -24.91733264410168 89.76606823750389
    endloop
  endfacet
  facet normal 0.8072635982194576 -0.5865113354170289 0.06580225237108128
    outer loop
      vertex 25.199268011662607 -25.520287772622705 84
      vertex 25.264620440235486 -24.764620440235486 89.93369991965388
      vertex 25.216946231268228 -24.83945442567138 89.85155490083405
    endloop
  endfacet
  facet normal 0.9936436387639603 -0.10003120652181799 0.0516340669103808
    outer loop
      vertex 25.544759514475132 -25.04475951447513 84
      vertex 25.525314068770193 -24.981505145926974 84.49675060993759
      vertex 25.278632998716827 -24.600219730455418 89.98253805899596
    endloop
  endfacet
  facet normal 0.9936436387639501 -0.10003120652191602 0.051634066910387647
    outer loop
      vertex 25.544759514475132 -25.04475951447513 84
      vertex 25.278632998716827 -24.600219730455418 89.98253805899596
      vertex 25.264620440235486 -24.764620440235486 89.93369991965388
    endloop
  endfacet
  facet normal 0.9936436387639502 -0.10003120652191545 0.05163406691038711
    outer loop
      vertex 25.525314068770193 -24.981505145926974 84.49675060993759
      vertex 25.31189774771886 -24.28728014173774 89.94865380935735
      vertex 25.278632998716827 -24.600219730455418 89.98253805899596
    endloop
  endfacet
  facet normal 0.865403504888129 -0.037890609696058224 0.49964094650479063
    outer loop
      vertex 25.278632998716827 -24.600219730455418 89.98253805899596
      vertex 25.31189774771886 -24.28728014173774 89.94865380935735
      vertex 25.269040083544155 -24.28728014173774 90.02288546120167
    endloop
  endfacet
  facet normal -0.06325820693241178 -0.7854669392429113 0.6156623154068055
    outer loop
      vertex 20.99094619064431 -24.660180297287575 101.97994189353366
      vertex 29.53559799560522 -29.69610787608527 96.43301270189222
      vertex 24.755858005422603 -24.916367885902652 102.03993369201757
    endloop
  endfacet
  facet normal -0.04388791082248818 -0.8030567824568937 -0.5942841537796701
    outer loop
      vertex 22.978373872899297 -25.218024530476306 90
      vertex 24.921227381344558 -25.24224714230466 89.8892522232275
      vertex 29.53559799560522 -29.69610787608527 95.56698729810778
    endloop
  endfacet
  facet normal -0.04388791082248027 -0.8030567824568909 -0.5942841537796745
    outer loop
      vertex 24.921227381344558 -25.24224714230466 89.8892522232275
      vertex 24.994586892695416 -25.15509677317547 89.76606823750389
      vertex 29.53559799560522 -29.69610787608527 95.56698729810778
    endloop
  endfacet
  facet normal 0.5459869592843182 -0.3966827456563911 -0.7379302403276147
    outer loop
      vertex 24.994586892695416 -25.15509677317547 89.76606823750389
      vertex 25.16733264410168 -24.91733264410168 89.76606823750389
      vertex 29.708343747011483 -29.458343747011483 95.56698729810778
    endloop
  endfacet
  facet normal 0.8194112386503186 0.09793537737359997 -0.5647777295823918
    outer loop
      vertex 25.16733264410168 -24.91733264410168 89.76606823750389
      vertex 25.216946231268228 -24.83945442567138 89.85155490083405
      vertex 29.06377588995014 -26.299206310376697 95.17962282238955
    endloop
  endfacet
  facet normal 0.8194112386503168 0.0979353773735607 -0.5647777295824012
    outer loop
      vertex 25.216946231268228 -24.83945442567138 89.85155490083405
      vertex 25.264620440235486 -24.764620440235486 89.93369991965388
      vertex 29.06377588995014 -26.299206310376697 95.17962282238955
    endloop
  endfacet
  facet normal 0.5202872602387223 -0.3780108213428271 0.7657734559130431
    outer loop
      vertex 29.708343747011483 -29.458343747011483 96.43301270189222
      vertex 24.928603756828867 -24.678603756828863 102.03993369201757
      vertex 24.755858005422603 -24.916367885902652 102.03993369201757
    endloop
  endfacet
  facet normal 0.7548877057524992 -0.014285816658313185 0.6556984574834175
    outer loop
      vertex 29.708343747011483 -29.458343747011483 96.43301270189222
      vertex 24.82170251596533 -22.338134855816634 102.21399837185525
      vertex 24.928603756828867 -24.678603756828863 102.03993369201757
    endloop
  endfacet
  facet normal 0.7548877057525016 -0.014285816658309022 0.6556984574834149
    outer loop
      vertex 29.708343747011483 -29.458343747011483 96.43301270189222
      vertex 28.22521478191621 -26.88848056756443 98.19648858446836
      vertex 24.82170251596533 -22.338134855816634 102.21399837185525
    endloop
  endfacet
  facet normal 0.8194112386503174 0.09793537737357223 -0.5647777295823985
    outer loop
      vertex 25.264620440235486 -24.764620440235486 89.93369991965388
      vertex 25.278632998716827 -24.600219730455418 89.98253805899596
      vertex 29.06377588995014 -26.299206310376697 95.17962282238955
    endloop
  endfacet
  facet normal 0.8194112386503172 0.0979353773735695 -0.5647777295823991
    outer loop
      vertex 25.278632998716827 -24.600219730455418 89.98253805899596
      vertex 25.269040083544155 -24.28728014173774 90.02288546120167
      vertex 29.06377588995014 -26.299206310376697 95.17962282238955
    endloop
  endfacet
  facet normal 0.8194112386503175 0.09793537737357226 -0.5647777295823981
    outer loop
      vertex 25.269040083544155 -24.28728014173774 90.02288546120167
      vertex 25.222675007553537 -22.774761001288336 90.21789504229565
      vertex 29.06377588995014 -26.299206310376697 95.17962282238955
    endloop
  endfacet
  facet normal 0.7548877057524987 -0.014285816658314772 0.6556984574834182
    outer loop
      vertex 28.22521478191621 -26.88848056756443 98.19648858446836
      vertex 24.949734086485556 -21.212954411525686 102.09111362799221
      vertex 24.82170251596533 -22.338134855816634 102.21399837185525
    endloop
  endfacet
  facet normal 0.7548877057524985 -0.014285816658315032 0.6556984574834185
    outer loop
      vertex 28.22521478191621 -26.88848056756443 98.19648858446836
      vertex 29.76612020285989 -26.40533409099487 96.43301270189222
      vertex 24.949734086485556 -21.212954411525686 102.09111362799221
    endloop
  endfacet
  facet normal 0.732999678137138 -0.5325554391808754 -0.423197561488387
    outer loop
      vertex 29.53559799560522 -29.69610787608527 95.56698729810778
      vertex 29.708343747011483 -29.458343747011483 95.56698729810778
      vertex 29.612852244198958 -29.93387200515906 96
    endloop
  endfacet
  facet normal 0.732999678137138 -0.5325554391808754 0.423197561488387
    outer loop
      vertex 29.612852244198958 -29.93387200515906 96
      vertex 29.708343747011483 -29.458343747011483 96.43301270189222
      vertex 29.53559799560522 -29.69610787608527 96.43301270189222
    endloop
  endfacet
  facet normal 0.5459869592843181 -0.39668274565639183 -0.7379302403276145
    outer loop
      vertex 24.994586892695416 -25.15509677317547 89.76606823750389
      vertex 29.708343747011483 -29.458343747011483 95.56698729810778
      vertex 29.53559799560522 -29.69610787608527 95.56698729810778
    endloop
  endfacet
  facet normal 0.4818705173910044 -0.009119123032521317 -0.876194981761733
    outer loop
      vertex 29.708343747011483 -29.458343747011483 95.56698729810778
      vertex 29.06377588995014 -26.299206310376697 95.17962282238955
      vertex 29.76612020285989 -26.40533409099487 95.56698729810778
    endloop
  endfacet
  facet normal 0.5202872602387231 -0.3780108213428274 0.7657734559130425
    outer loop
      vertex 29.53559799560522 -29.69610787608527 96.43301270189222
      vertex 29.708343747011483 -29.458343747011483 96.43301270189222
      vertex 24.755858005422603 -24.916367885902652 102.03993369201757
    endloop
  endfacet
  facet normal 0.7548877057524983 -0.01428581665831397 0.6556984574834187
    outer loop
      vertex 29.708343747011483 -29.458343747011483 96.43301270189222
      vertex 29.76612020285989 -26.40533409099487 96.43301270189222
      vertex 28.22521478191621 -26.88848056756443 98.19648858446836
    endloop
  endfacet
  facet normal 0.7329996781371418 -0.5325554391808728 -0.4231975614883832
    outer loop
      vertex 29.612852244198958 -29.93387200515906 96
      vertex 29.708343747011483 -29.458343747011483 95.56698729810778
      vertex 29.958343747011483 -29.458343747011483 96
    endloop
  endfacet
  facet normal 0.7329996781371418 -0.5325554391808728 0.4231975614883832
    outer loop
      vertex 29.612852244198958 -29.93387200515906 96
      vertex 29.958343747011483 -29.458343747011483 96
      vertex 29.708343747011483 -29.458343747011483 96.43301270189222
    endloop
  endfacet
  facet normal 0.8659091198116298 -0.016386833212576838 -0.4999328634169909
    outer loop
      vertex 29.708343747011483 -29.458343747011483 95.56698729810778
      vertex 29.76612020285989 -26.40533409099487 95.56698729810778
      vertex 29.958343747011483 -29.458343747011483 96
    endloop
  endfacet
  facet normal 0.8659091198116298 -0.016386833212576838 0.4999328634169909
    outer loop
      vertex 29.708343747011483 -29.458343747011483 96.43301270189222
      vertex 29.958343747011483 -29.458343747011483 96
      vertex 30.01612020285989 -26.40533409099487 96
    endloop
  endfacet
  facet normal 0.8659091198116298 -0.016386833212576838 -0.4999328634169909
    outer loop
      vertex 29.958343747011483 -29.458343747011483 96
      vertex 29.76612020285989 -26.40533409099487 95.56698729810778
      vertex 30.01612020285989 -26.40533409099487 96
    endloop
  endfacet
  facet normal 0.8659091198116298 -0.016386833212576838 0.4999328634169909
    outer loop
      vertex 29.708343747011483 -29.458343747011483 96.43301270189222
      vertex 30.01612020285989 -26.40533409099487 96
      vertex 29.76612020285989 -26.40533409099487 96.43301270189222
    endloop
  endfacet
  facet normal 0.8194112386503174 0.09793537737356924 -0.5647777295823987
    outer loop
      vertex 25.16733264410168 -24.91733264410168 89.76606823750389
      vertex 29.06377588995014 -26.299206310376697 95.17962282238955
      vertex 29.708343747011483 -29.458343747011483 95.56698729810778
    endloop
  endfacet
  facet normal 0.5750287413234262 -0.417782835396867 -0.703419824215774
    outer loop
      vertex 24.928603756828867 -24.678603756828863 102.03993369201757
      vertex 28.844592618351243 -28.59459261835124 107.56698729810778
      vertex 28.67184686694498 -28.832356747425028 107.56698729810778
    endloop
  endfacet
  facet normal 0.5750287413234269 -0.4177828353968659 -0.7034198242157742
    outer loop
      vertex 24.755858005422603 -24.916367885902652 102.03993369201757
      vertex 24.928603756828867 -24.678603756828863 102.03993369201757
      vertex 28.67184686694498 -28.832356747425028 107.56698729810778
    endloop
  endfacet
  facet normal 0.8388006784658677 0.07838135480410897 -0.5387669115900423
    outer loop
      vertex 24.928603756828867 -24.678603756828863 102.03993369201757
      vertex 28.57226534598015 -27.015456040627114 107.3727410773478
      vertex 28.844592618351243 -28.59459261835124 107.56698729810778
    endloop
  endfacet
  facet normal 0.5265750433268966 -0.3825791631632587 0.7591784425670803
    outer loop
      vertex 23.918282881364938 -24.078792761844987 114.12564364475298
      vertex 28.67184686694498 -28.832356747425028 108.43301270189222
      vertex 28.844592618351243 -28.59459261835124 108.43301270189222
    endloop
  endfacet
  facet normal 0.8388006784658684 0.07838135480411448 -0.5387669115900403
    outer loop
      vertex 24.928603756828867 -24.678603756828863 102.03993369201757
      vertex 24.82170251596533 -22.338134855816634 102.21399837185525
      vertex 28.57226534598015 -27.015456040627114 107.3727410773478
    endloop
  endfacet
  facet normal 0.8388006784658673 0.0783813548041106 -0.5387669115900426
    outer loop
      vertex 28.57226534598015 -27.015456040627114 107.3727410773478
      vertex 24.82170251596533 -22.338134855816634 102.21399837185525
      vertex 24.699826814112168 -21.033877974082106 102.21399837185525
    endloop
  endfacet
  facet normal -0.0027589438216609036 -0.7687066516043428 0.6395955534618954
    outer loop
      vertex 23.022396563789847 -24.109542561781026 114.08482210428761
      vertex 28.67184686694498 -28.832356747425028 108.43301270189222
      vertex 23.78261242910558 -24.103632190065678 114.09520481392316
    endloop
  endfacet
  facet normal -0.0027589438216418494 -0.7687066516043348 0.6395955534619052
    outer loop
      vertex 23.78261242910558 -24.103632190065678 114.09520481392316
      vertex 28.67184686694498 -28.832356747425028 108.43301270189222
      vertex 23.918282881364938 -24.078792761844987 114.12564364475298
    endloop
  endfacet
  facet normal 0.5265750433268969 -0.38257916316325846 0.7591784425670803
    outer loop
      vertex 23.918282881364938 -24.078792761844987 114.12564364475298
      vertex 28.844592618351243 -28.59459261835124 108.43301270189222
      vertex 24.091028632771202 -23.8410286327712 114.12564364475298
    endloop
  endfacet
  facet normal 0.7611868746862788 -0.015248689488593925 0.6483533136139706
    outer loop
      vertex 24.091028632771202 -23.8410286327712 114.12564364475298
      vertex 28.844592618351243 -28.59459261835124 108.43301270189222
      vertex 24.125708980741152 -23.62570898074115 114.0899919673661
    endloop
  endfacet
  facet normal 0.26323423451643174 -0.8250533552411379 -0.4999946987557859
    outer loop
      vertex 23.78261242910558 -24.103632190065678 114.09520481392316
      vertex 26.41821305275639 -26.57872293323644 119.56698729810778
      vertex 26.49546730135013 -26.816487062310227 120
    endloop
  endfacet
  facet normal 0.6808745868743596 -0.4946843436023064 -0.5400899898567139
    outer loop
      vertex 23.918282881364938 -24.078792761844987 114.12564364475298
      vertex 26.590958804162653 -26.34095880416265 119.56698729810778
      vertex 26.41821305275639 -26.57872293323644 119.56698729810778
    endloop
  endfacet
  facet normal 0.2632342345164165 -0.8250533552411456 -0.49999469875578123
    outer loop
      vertex 23.78261242910558 -24.103632190065678 114.09520481392316
      vertex 23.918282881364938 -24.078792761844987 114.12564364475298
      vertex 26.41821305275639 -26.57872293323644 119.56698729810778
    endloop
  endfacet
  facet normal 0.7611868746862733 -0.015248689488606023 0.6483533136139767
    outer loop
      vertex 24.125708980741152 -23.62570898074115 114.0899919673661
      vertex 28.844592618351243 -28.59459261835124 108.43301270189222
      vertex 24.024925351578503 -21.939181376725628 114.24798068940792
    endloop
  endfacet
  facet normal 0.6808745868743599 -0.49468434360230623 -0.5400899898567137
    outer loop
      vertex 23.918282881364938 -24.078792761844987 114.12564364475298
      vertex 24.091028632771202 -23.8410286327712 114.12564364475298
      vertex 26.590958804162653 -26.34095880416265 119.56698729810778
    endloop
  endfacet
  facet normal 0.845393571748971 -0.21697836711070376 -0.4880882062204435
    outer loop
      vertex 24.091028632771202 -23.8410286327712 114.12564364475298
      vertex 24.125708980741152 -23.62570898074115 114.0899919673661
      vertex 26.590958804162653 -26.34095880416265 119.56698729810778
    endloop
  endfacet
  facet normal 0.9200928764673163 0.09067945335865676 -0.3810594906476873
    outer loop
      vertex 24.125708980741152 -23.62570898074115 114.0899919673661
      vertex 24.024925351578503 -21.939181376725628 114.24798068940792
      vertex 26.601106269607637 -25.726894572881555 119.56698729810778
    endloop
  endfacet
  facet normal 0.016845245329419965 -0.8751561481876277 0.4835472613914658
    outer loop
      vertex 25.65596588643515 -26.777355511525155 120.10006844916683
      vertex 26.49546730135013 -26.816487062310227 120
      vertex 25.578711637841412 -26.539591382451366 120.53308115105905
    endloop
  endfacet
  facet normal 0.016845245329419965 -0.8751561481876277 0.4835472613914658
    outer loop
      vertex 25.578711637841412 -26.539591382451366 120.53308115105905
      vertex 26.49546730135013 -26.816487062310227 120
      vertex 26.41821305275639 -26.57872293323644 120.43301270189222
    endloop
  endfacet
  facet normal 0.0661359446776823 -0.6067810807973595 0.7921128434812673
    outer loop
      vertex 25.578711637841412 -26.539591382451366 120.53308115105905
      vertex 26.41821305275639 -26.57872293323644 120.43301270189222
      vertex 26.286729144002916 -26.447239024482965 120.5447111316101
    endloop
  endfacet
  facet normal 0.732999678137138 -0.5325554391808754 -0.423197561488387
    outer loop
      vertex 26.49546730135013 -26.816487062310227 120
      vertex 26.41821305275639 -26.57872293323644 119.56698729810778
      vertex 26.590958804162653 -26.34095880416265 119.56698729810778
    endloop
  endfacet
  facet normal 0.732999678137138 -0.5325554391808754 0.423197561488387
    outer loop
      vertex 26.49546730135013 -26.816487062310227 120
      vertex 26.590958804162653 -26.34095880416265 120.43301270189222
      vertex 26.41821305275639 -26.57872293323644 120.43301270189222
    endloop
  endfacet
  facet normal 0.7329996781371418 -0.5325554391808728 -0.4231975614883832
    outer loop
      vertex 26.49546730135013 -26.816487062310227 120
      vertex 26.590958804162653 -26.34095880416265 119.56698729810778
      vertex 26.840958804162653 -26.34095880416265 120
    endloop
  endfacet
  facet normal 0.7329996781371418 -0.5325554391808728 0.4231975614883832
    outer loop
      vertex 26.49546730135013 -26.816487062310227 120
      vertex 26.840958804162653 -26.34095880416265 120
      vertex 26.590958804162653 -26.34095880416265 120.43301270189222
    endloop
  endfacet
  facet normal 0.42039104685178136 -0.3054319739305153 0.8543902369688995
    outer loop
      vertex 26.286729144002916 -26.447239024482965 120.5447111316101
      vertex 26.41821305275639 -26.57872293323644 120.43301270189222
      vertex 26.45947489540918 -26.209474895409176 120.5447111316101
    endloop
  endfacet
  facet normal 0.42039104685178147 -0.30543197393051535 0.8543902369688996
    outer loop
      vertex 26.41821305275639 -26.57872293323644 120.43301270189222
      vertex 26.590958804162653 -26.34095880416265 120.43301270189222
      vertex 26.45947489540918 -26.209474895409176 120.5447111316101
    endloop
  endfacet
  facet normal 0.8453935717489718 -0.21697836711070176 -0.48808820622044286
    outer loop
      vertex 24.125708980741152 -23.62570898074115 114.0899919673661
      vertex 26.840958804162653 -26.34095880416265 120
      vertex 26.590958804162653 -26.34095880416265 119.56698729810778
    endloop
  endfacet
  facet normal 0.9200928764673162 0.0906794533586527 -0.38105949064768857
    outer loop
      vertex 24.125708980741152 -23.62570898074115 114.0899919673661
      vertex 26.601106269607637 -25.726894572881555 119.56698729810778
      vertex 26.840958804162653 -26.34095880416265 120
    endloop
  endfacet
  facet normal 0.732999678137138 -0.5325554391808754 -0.423197561488387
    outer loop
      vertex 28.67184686694498 -28.832356747425028 107.56698729810778
      vertex 28.844592618351243 -28.59459261835124 107.56698729810778
      vertex 28.749101115538718 -29.070120876498816 108
    endloop
  endfacet
  facet normal 0.732999678137138 -0.5325554391808754 0.423197561488387
    outer loop
      vertex 28.749101115538718 -29.070120876498816 108
      vertex 28.844592618351243 -28.59459261835124 108.43301270189222
      vertex 28.67184686694498 -28.832356747425028 108.43301270189222
    endloop
  endfacet
  facet normal 0.7329996781371418 -0.5325554391808728 -0.4231975614883832
    outer loop
      vertex 28.749101115538718 -29.070120876498816 108
      vertex 28.844592618351243 -28.59459261835124 107.56698729810778
      vertex 29.094592618351243 -28.59459261835124 108
    endloop
  endfacet
  facet normal 0.7329996781371418 -0.5325554391808728 0.4231975614883832
    outer loop
      vertex 28.749101115538718 -29.070120876498816 108
      vertex 29.094592618351243 -28.59459261835124 108
      vertex 28.844592618351243 -28.59459261835124 108.43301270189222
    endloop
  endfacet
  facet normal 0.8658951032083517 -0.01734628643454622 0.4999247709273152
    outer loop
      vertex 28.844592618351243 -28.59459261835124 108.43301270189222
      vertex 29.094592618351243 -28.59459261835124 108
      vertex 28.90678817888471 -25.48990323653791 108.43301270189222
    endloop
  endfacet
  facet normal 0.8658951032083517 -0.017346286434546224 -0.4999247709273152
    outer loop
      vertex 28.844592618351243 -28.59459261835124 107.56698729810778
      vertex 29.15678817888471 -25.48990323653791 108
      vertex 29.094592618351243 -28.59459261835124 108
    endloop
  endfacet
  facet normal 0.5384532744697883 -0.010786716192255507 -0.8425863267146877
    outer loop
      vertex 28.844592618351243 -28.59459261835124 107.56698729810778
      vertex 28.57226534598015 -27.015456040627114 107.3727410773478
      vertex 28.90678817888471 -25.48990323653791 107.56698729810778
    endloop
  endfacet
  facet normal 0.8658951032083517 -0.01734628643454622 -0.4999247709273152
    outer loop
      vertex 28.844592618351243 -28.59459261835124 107.56698729810778
      vertex 28.90678817888471 -25.48990323653791 107.56698729810778
      vertex 29.15678817888471 -25.48990323653791 108
    endloop
  endfacet
  facet normal 0.8658951032083517 -0.01734628643454622 0.4999247709273152
    outer loop
      vertex 29.094592618351243 -28.59459261835124 108
      vertex 29.15678817888471 -25.48990323653791 108
      vertex 28.90678817888471 -25.48990323653791 108.43301270189222
    endloop
  endfacet
  facet normal 0.9936436387639496 -0.10003120652191809 0.05163406691039312
    outer loop
      vertex 25.544759514475132 -25.04475951447513 84
      vertex 27.822056871399187 -0.6728478268433885 87.3917471459651
      vertex 25.525314068770193 -24.981505145926974 84.49675060993759
    endloop
  endfacet
  facet normal 0.9936436387639499 -0.10003120652191745 0.051634066910387355
    outer loop
      vertex 25.525314068770193 -24.981505145926974 84.49675060993759
      vertex 27.822056871399187 -0.6728478268433885 87.3917471459651
      vertex 25.31189774771886 -24.28728014173774 89.94865380935735
    endloop
  endfacet
  facet normal 0.8654035048881282 -0.037890609696079845 0.4996409465047902
    outer loop
      vertex 25.269040083544155 -24.28728014173774 90.02288546120167
      vertex 25.31189774771886 -24.28728014173774 89.94865380935735
      vertex 27.822056871399187 -0.6728478268433885 87.3917471459651
    endloop
  endfacet
  facet normal 0.865403504888125 -0.03789060969607885 0.49964094650479596
    outer loop
      vertex 25.269040083544155 -24.28728014173774 90.02288546120167
      vertex 27.822056871399187 -0.6728478268433885 87.3917471459651
      vertex 25.222675007553537 -22.774761001288336 90.21789504229565
    endloop
  endfacet
  facet normal 0.4657853082406785 0.0435251001161897 0.8838266867927286
    outer loop
      vertex 24.82170251596533 -22.338134855816634 102.21399837185525
      vertex 24.949734086485556 -21.212954411525686 102.09111362799221
      vertex 24.699826814112168 -21.033877974082106 102.21399837185525
    endloop
  endfacet
  facet normal 0.7611868746862758 -0.015248689488602146 0.6483533136139741
    outer loop
      vertex 28.844592618351243 -28.59459261835124 108.43301270189222
      vertex 26.615364176183206 0.4249472881511762 111.73270954784027
      vertex 24.024925351578503 -21.939181376725628 114.24798068940792
    endloop
  endfacet
  facet normal 0.6412246968656166 -0.01059629452824665 0.7672800053903847
    outer loop
      vertex 26.590958804162653 -26.34095880416265 120.43301270189222
      vertex 22.89030997721008 0.3940182111131129 123.89490287792654
      vertex 26.45947489540918 -26.209474895409176 120.5447111316101
    endloop
  endfacet
  facet normal 0.7611868746862761 -0.015248689488602052 0.6483533136139736
    outer loop
      vertex 28.844592618351243 -28.59459261835124 108.43301270189222
      vertex 28.90678817888471 -25.48990323653791 108.43301270189222
      vertex 26.615364176183206 0.4249472881511762 111.73270954784027
    endloop
  endfacet
  facet normal -0.0180316418579777 -0.48484479312765977 -0.8744143105352876
    outer loop
      vertex 14.753004735479063 -20.390881074140285 126.14704067181978
      vertex 19.98143644622748 -20.141946326707533 125.90119391288827
      vertex 30.181772216338945 -30.342282096819 131.34672565623276
    endloop
  endfacet
  facet normal 0.2888295673808736 -0.20984696404759598 -0.9340994233413187
    outer loop
      vertex 19.98143644622748 -20.141946326707533 125.90119391288827
      vertex 20.154182197633745 -19.904182197633745 125.90119391288827
      vertex 30.35451796774521 -30.104517967745213 131.34672565623276
    endloop
  endfacet
  facet normal -3.847450666118534e-15 -0.9321129536071633 -0.3621676983356336
    outer loop
      vertex 21.47662706536554 -23.21011600699706 150.16949630168057
      vertex 22.880267708880194 -23.201287469840292 150.14677424810415
      vertex 25.154508497187475 -25.475528258147577 156
    endloop
  endfacet
  facet normal 0.5331625877406366 -0.6978322810624985 -0.47829673063990097
    outer loop
      vertex 22.880267708880194 -23.201287469840292 150.14677424810415
      vertex 22.989469994235638 -23.149979874715687 150.19364573074145
      vertex 25.077254248593736 -25.23776412907379 155.5669872981078
    endloop
  endfacet
  facet normal 0.7110481453610183 -0.5166067170641209 -0.47699898832480486
    outer loop
      vertex 22.989469994235638 -23.149979874715687 150.19364573074145
      vertex 23.1622157456419 -22.912215745641898 150.19364573074145
      vertex 25.25 -25 155.5669872981078
    endloop
  endfacet
  facet normal 0.42039104685179474 -0.30543197393052196 0.8543902369688906
    outer loop
      vertex 26.45947489540918 -26.209474895409176 120.5447111316101
      vertex 20.154182197633745 -19.904182197633745 125.90119391288827
      vertex 19.98143644622748 -20.141946326707533 125.90119391288827
    endloop
  endfacet
  facet normal 0.4557837564998273 -0.019286710765069947 -0.8898815595902473
    outer loop
      vertex 20.154182197633745 -19.904182197633745 125.90119391288827
      vertex 20.15743142672302 -19.78075533071027 125.90018304528094
      vertex 30.275492368489928 -27.86198776860552 131.25764681763164
    endloop
  endfacet
  facet normal 0.1369985741996475 -0.09953529043214086 0.9855577692991178
    outer loop
      vertex 0.07725424859373685 -0.23776412907378838 162.4330127018922
      vertex 25.077254248593736 -25.23776412907379 156.4330127018922
      vertex 25.25 -25 156.4330127018922
    endloop
  endfacet
  facet normal 0.32474083875014986 -0.23593802993211654 0.9159020873868563
    outer loop
      vertex 21.60397285422012 -21.353972854220117 138.04231667602437
      vertex 30.59435684724244 -30.754866727722497 132.4330127018922
      vertex 30.767102598648705 -30.51710259864871 132.4330127018922
    endloop
  endfacet
  facet normal 0.42039104685179257 -0.3054319739305234 0.8543902369688912
    outer loop
      vertex 26.286729144002916 -26.447239024482965 120.5447111316101
      vertex 26.45947489540918 -26.209474895409176 120.5447111316101
      vertex 19.98143644622748 -20.141946326707533 125.90119391288827
    endloop
  endfacet
  facet normal 0.28882956738087323 -0.20984696404759673 -0.9340994233413188
    outer loop
      vertex 19.98143644622748 -20.141946326707533 125.90119391288827
      vertex 30.35451796774521 -30.104517967745213 131.34672565623276
      vertex 30.181772216338945 -30.342282096819 131.34672565623276
    endloop
  endfacet
  facet normal 0.4557837564998583 -0.019286710765020497 -0.8898815595902325
    outer loop
      vertex 20.154182197633745 -19.904182197633745 125.90119391288827
      vertex 30.275492368489928 -27.86198776860552 131.25764681763164
      vertex 30.35451796774521 -30.104517967745213 131.34672565623276
    endloop
  endfacet
  facet normal 0.32474083875014936 -0.23593802993211624 0.9159020873868569
    outer loop
      vertex 21.431227102813857 -21.591736983293906 138.04231667602437
      vertex 30.59435684724244 -30.754866727722497 132.4330127018922
      vertex 21.60397285422012 -21.353972854220117 138.04231667602437
    endloop
  endfacet
  facet normal 0.3806368635500123 -0.2765488690956593 -0.8824037064228148
    outer loop
      vertex 21.431227102813857 -21.591736983293906 138.04231667602437
      vertex 21.60397285422012 -21.353972854220117 138.04231667602437
      vertex 29.021951656142846 -28.771951656142843 143.5669872981078
    endloop
  endfacet
  facet normal 0.565644544051335 -0.04750746285947518 -0.823279594522792
    outer loop
      vertex 21.60397285422012 -21.353972854220117 138.04231667602437
      vertex 21.60600288398792 -21.29919408861838 138.04055041712573
      vertex 28.960356112830517 -28.001007488974356 143.480179869773
    endloop
  endfacet
  facet normal 0.38063686355001314 -0.2765488690956573 -0.8824037064228151
    outer loop
      vertex 21.431227102813857 -21.591736983293906 138.04231667602437
      vertex 29.021951656142846 -28.771951656142843 143.5669872981078
      vertex 28.849205904736582 -29.00971578521663 143.5669872981078
    endloop
  endfacet
  facet normal 0.5656445440512875 -0.047507462859550646 -0.8232795945228204
    outer loop
      vertex 21.60397285422012 -21.353972854220117 138.04231667602437
      vertex 28.960356112830517 -28.001007488974356 143.480179869773
      vertex 29.021951656142846 -28.771951656142843 143.5669872981078
    endloop
  endfacet
  facet normal 0.7329996781371335 -0.5325554391808722 -0.4231975614883984
    outer loop
      vertex 30.59435684724244 -30.754866727722497 131.5669872981078
      vertex 30.767102598648705 -30.51710259864871 131.5669872981078
      vertex 30.67161109583618 -30.992630856796286 132
    endloop
  endfacet
  facet normal 0.28882956738090304 -0.20984696404761735 -0.9340994233413049
    outer loop
      vertex 30.181772216338945 -30.342282096819 131.34672565623276
      vertex 30.35451796774521 -30.104517967745213 131.34672565623276
      vertex 30.767102598648705 -30.51710259864871 131.5669872981078
    endloop
  endfacet
  facet normal 0.2888295673809031 -0.20984696404761738 -0.9340994233413049
    outer loop
      vertex 30.181772216338945 -30.342282096819 131.34672565623276
      vertex 30.767102598648705 -30.51710259864871 131.5669872981078
      vertex 30.59435684724244 -30.754866727722497 131.5669872981078
    endloop
  endfacet
  facet normal 0.4557837564998942 -0.019286710765030045 -0.8898815595902139
    outer loop
      vertex 30.35451796774521 -30.104517967745213 131.34672565623276
      vertex 30.55816158338666 -29.388642785989077 131.43551339848722
      vertex 30.767102598648705 -30.51710259864871 131.5669872981078
    endloop
  endfacet
  facet normal 0.5645644034617502 0.008373475716338185 -0.8253465449423691
    outer loop
      vertex 30.55816158338666 -29.388642785989077 131.43551339848722
      vertex 30.734643268379035 -28.328598917350835 131.5669872981078
      vertex 30.767102598648705 -30.51710259864871 131.5669872981078
    endloop
  endfacet
  facet normal 0.7329996781371376 -0.5325554391808698 -0.4231975614883947
    outer loop
      vertex 30.767102598648705 -30.51710259864871 131.5669872981078
      vertex 31.017102598648705 -30.51710259864871 132
      vertex 30.67161109583618 -30.992630856796286 132
    endloop
  endfacet
  facet normal 0.8659539718007176 0.012843609178826269 -0.4999587587249808
    outer loop
      vertex 30.767102598648705 -30.51710259864871 131.5669872981078
      vertex 30.984643268379035 -28.328598917350835 132
      vertex 31.017102598648705 -30.51710259864871 132
    endloop
  endfacet
  facet normal 0.4557837564998658 -0.019286710765020153 -0.8898815595902285
    outer loop
      vertex 30.35451796774521 -30.104517967745213 131.34672565623276
      vertex 30.275492368489928 -27.86198776860552 131.25764681763164
      vertex 30.55816158338666 -29.388642785989077 131.43551339848722
    endloop
  endfacet
  facet normal 0.5645644034617207 0.008373475716345596 -0.8253465449423892
    outer loop
      vertex 30.55816158338666 -29.388642785989077 131.43551339848722
      vertex 30.275492368489928 -27.86198776860552 131.25764681763164
      vertex 30.734643268379035 -28.328598917350835 131.5669872981078
    endloop
  endfacet
  facet normal 0.8659539718007176 0.012843609178826263 -0.4999587587249808
    outer loop
      vertex 30.767102598648705 -30.51710259864871 131.5669872981078
      vertex 30.734643268379035 -28.328598917350835 131.5669872981078
      vertex 30.984643268379035 -28.328598917350835 132
    endloop
  endfacet
  facet normal 0.7329996781371335 -0.5325554391808722 0.4231975614883984
    outer loop
      vertex 30.67161109583618 -30.992630856796286 132
      vertex 30.767102598648705 -30.51710259864871 132.4330127018922
      vertex 30.59435684724244 -30.754866727722497 132.4330127018922
    endloop
  endfacet
  facet normal 0.7329996781371376 -0.5325554391808697 0.4231975614883947
    outer loop
      vertex 30.67161109583618 -30.992630856796286 132
      vertex 31.017102598648705 -30.51710259864871 132
      vertex 30.767102598648705 -30.51710259864871 132.4330127018922
    endloop
  endfacet
  facet normal 0.8659539718007176 0.012843609178826269 0.4999587587249808
    outer loop
      vertex 30.767102598648705 -30.51710259864871 132.4330127018922
      vertex 31.017102598648705 -30.51710259864871 132
      vertex 30.984643268379035 -28.328598917350835 132
    endloop
  endfacet
  facet normal 0.8659539718007176 0.012843609178826263 0.4999587587249808
    outer loop
      vertex 30.767102598648705 -30.51710259864871 132.4330127018922
      vertex 30.984643268379035 -28.328598917350835 132
      vertex 30.734643268379035 -28.328598917350835 132.4330127018922
    endloop
  endfacet
  facet normal 0.01602859014932041 -0.6927639665985187 0.7209862487457798
    outer loop
      vertex 21.47662706536554 -23.21011600699706 150.16949630168057
      vertex 26.042053496014173 -28.74087046510039 144.75374149001198
      vertex 28.548918750856895 -28.709428631336944 144.72822124425645
    endloop
  endfacet
  facet normal 0.016028590149334814 -0.6927639665985089 0.720986248745789
    outer loop
      vertex 21.47662706536554 -23.21011600699706 150.16949630168057
      vertex 28.548918750856895 -28.709428631336944 144.72822124425645
      vertex 22.880267708880194 -23.201287469840292 150.14677424810415
    endloop
  endfacet
  facet normal 0.01602859014932348 -0.6927639665985151 0.7209862487457833
    outer loop
      vertex 22.880267708880194 -23.201287469840292 150.14677424810415
      vertex 28.548918750856895 -28.709428631336944 144.72822124425645
      vertex 22.989469994235638 -23.149979874715687 150.19364573074145
    endloop
  endfacet
  facet normal 0.7982239654434912 -0.3878805675147304 -0.46085482132241923
    outer loop
      vertex 23.1622157456419 -22.912215745641898 150.19364573074145
      vertex 23.221802437683063 -22.72180243768306 150.13659067754872
      vertex 25.25 -25 155.5669872981078
    endloop
  endfacet
  facet normal 0.9287206917998219 -0.02361979317867241 -0.3700270017080603
    outer loop
      vertex 23.221802437683063 -22.72180243768306 150.13659067754872
      vertex 23.223408692777344 -22.6417088607354 150.13550959055175
      vertex 25.5 -25 156
    endloop
  endfacet
  facet normal 0.46563227464638307 -0.3383016499424718 0.8177643783228985
    outer loop
      vertex 22.989469994235638 -23.149979874715687 150.19364573074145
      vertex 28.72166450226316 -28.471664502263156 144.72822124425645
      vertex 23.1622157456419 -22.912215745641898 150.19364573074145
    endloop
  endfacet
  facet normal 0.6988235797975804 -0.004360002356880955 0.7152807803222053
    outer loop
      vertex 23.1622157456419 -22.912215745641898 150.19364573074145
      vertex 29.026094357056312 -28.1079572714051 144.4330127018922
      vertex 23.221802437683063 -22.72180243768306 150.13659067754872
    endloop
  endfacet
  facet normal 0.4656322746463832 -0.3383016499424715 0.8177643783228985
    outer loop
      vertex 22.989469994235638 -23.149979874715687 150.19364573074145
      vertex 28.548918750856895 -28.709428631336944 144.72822124425645
      vertex 28.72166450226316 -28.471664502263156 144.72822124425645
    endloop
  endfacet
  facet normal 0.6988235797975935 -0.004360002356851148 0.7152807803221926
    outer loop
      vertex 23.1622157456419 -22.912215745641898 150.19364573074145
      vertex 28.72166450226316 -28.471664502263156 144.72822124425645
      vertex 29.026094357056312 -28.1079572714051 144.4330127018922
    endloop
  endfacet
  facet normal 0.5331625877406534 -0.6978322810624854 -0.4782967306399015
    outer loop
      vertex 22.880267708880194 -23.201287469840292 150.14677424810415
      vertex 25.077254248593736 -25.23776412907379 155.5669872981078
      vertex 25.154508497187475 -25.475528258147577 156
    endloop
  endfacet
  facet normal 0.7110481453610187 -0.5166067170641206 -0.4769989883248048
    outer loop
      vertex 22.989469994235638 -23.149979874715687 150.19364573074145
      vertex 25.25 -25 155.5669872981078
      vertex 25.077254248593736 -25.23776412907379 155.5669872981078
    endloop
  endfacet
  facet normal 0.7982239654434905 -0.3878805675147313 -0.46085482132241934
    outer loop
      vertex 23.221802437683063 -22.72180243768306 150.13659067754872
      vertex 25.5 -25 156
      vertex 25.25 -25 155.5669872981078
    endloop
  endfacet
  facet normal 0.7329996781371335 -0.5325554391808722 -0.4231975614883984
    outer loop
      vertex 25.154508497187475 -25.475528258147577 156
      vertex 25.077254248593736 -25.23776412907379 155.5669872981078
      vertex 25.25 -25 155.5669872981078
    endloop
  endfacet
  facet normal 0.7329996781371376 -0.5325554391808697 -0.4231975614883947
    outer loop
      vertex 25.154508497187475 -25.475528258147577 156
      vertex 25.25 -25 155.5669872981078
      vertex 25.5 -25 156
    endloop
  endfacet
  facet normal 0.7329996781371335 -0.5325554391808722 0.4231975614883984
    outer loop
      vertex 25.154508497187475 -25.475528258147577 156
      vertex 25.25 -25 156.4330127018922
      vertex 25.077254248593736 -25.23776412907379 156.4330127018922
    endloop
  endfacet
  facet normal 0.7329996781371376 -0.5325554391808697 0.4231975614883947
    outer loop
      vertex 25.154508497187475 -25.475528258147577 156
      vertex 25.5 -25 156
      vertex 25.25 -25 156.4330127018922
    endloop
  endfacet
  facet normal 0.016028590149320204 -0.6927639665984934 0.7209862487458044
    outer loop
      vertex 26.042053496014173 -28.74087046510039 144.75374149001198
      vertex 28.849205904736582 -29.00971578521663 144.4330127018922
      vertex 28.548918750856895 -28.709428631336944 144.72822124425645
    endloop
  endfacet
  facet normal 0.465632274646363 -0.3383016499424572 0.8177643783229158
    outer loop
      vertex 28.548918750856895 -28.709428631336944 144.72822124425645
      vertex 28.849205904736582 -29.00971578521663 144.4330127018922
      vertex 28.72166450226316 -28.471664502263156 144.72822124425645
    endloop
  endfacet
  facet normal 0.7329996781371335 -0.5325554391808722 -0.4231975614883984
    outer loop
      vertex 28.92646015333032 -29.24747991429042 144
      vertex 28.849205904736582 -29.00971578521663 143.5669872981078
      vertex 29.021951656142846 -28.771951656142843 143.5669872981078
    endloop
  endfacet
  facet normal 0.7329996781371335 -0.5325554391808722 0.4231975614883984
    outer loop
      vertex 28.92646015333032 -29.24747991429042 144
      vertex 29.021951656142846 -28.771951656142843 144.4330127018922
      vertex 28.849205904736582 -29.00971578521663 144.4330127018922
    endloop
  endfacet
  facet normal 0.4656322746463631 -0.3383016499424572 0.8177643783229158
    outer loop
      vertex 28.72166450226316 -28.471664502263156 144.72822124425645
      vertex 28.849205904736582 -29.00971578521663 144.4330127018922
      vertex 29.021951656142846 -28.771951656142843 144.4330127018922
    endloop
  endfacet
  facet normal 0.7329996781371376 -0.5325554391808697 -0.4231975614883947
    outer loop
      vertex 28.92646015333032 -29.24747991429042 144
      vertex 29.021951656142846 -28.771951656142843 143.5669872981078
      vertex 29.271951656142846 -28.771951656142843 144
    endloop
  endfacet
  facet normal 0.7329996781371376 -0.5325554391808697 0.4231975614883947
    outer loop
      vertex 28.92646015333032 -29.24747991429042 144
      vertex 29.271951656142846 -28.771951656142843 144
      vertex 29.021951656142846 -28.771951656142843 144.4330127018922
    endloop
  endfacet
  facet normal 0.6988235797975813 -0.004360002356830646 0.7152807803222047
    outer loop
      vertex 28.72166450226316 -28.471664502263156 144.72822124425645
      vertex 29.021951656142846 -28.771951656142843 144.4330127018922
      vertex 29.026094357056312 -28.1079572714051 144.4330127018922
    endloop
  endfacet
  facet normal 0.8660127625135645 -0.005403105726195232 -0.4999927015588689
    outer loop
      vertex 29.021951656142846 -28.771951656142843 143.5669872981078
      vertex 29.026094357056312 -28.1079572714051 143.5669872981078
      vertex 29.271951656142846 -28.771951656142843 144
    endloop
  endfacet
  facet normal 0.8660127625135645 -0.005403105726195232 0.4999927015588689
    outer loop
      vertex 29.021951656142846 -28.771951656142843 144.4330127018922
      vertex 29.271951656142846 -28.771951656142843 144
      vertex 29.026094357056312 -28.1079572714051 144.4330127018922
    endloop
  endfacet
  facet normal 0.7942449388926958 -0.004955341956944299 -0.6075775025701887
    outer loop
      vertex 29.021951656142846 -28.771951656142843 143.5669872981078
      vertex 28.960356112830517 -28.001007488974356 143.480179869773
      vertex 29.026094357056312 -28.1079572714051 143.5669872981078
    endloop
  endfacet
  facet normal 0.8660127625135645 -0.005403105726195232 -0.4999927015588689
    outer loop
      vertex 29.271951656142846 -28.771951656142843 144
      vertex 29.026094357056312 -28.1079572714051 143.5669872981078
      vertex 29.276094357056312 -28.1079572714051 144
    endloop
  endfacet
  facet normal 0.8660127625135645 -0.005403105726195232 0.4999927015588689
    outer loop
      vertex 29.271951656142846 -28.771951656142843 144
      vertex 29.276094357056312 -28.1079572714051 144
      vertex 29.026094357056312 -28.1079572714051 144.4330127018922
    endloop
  endfacet
  facet normal 0.5656445440512928 -0.047507462859541806 -0.8232795945228172
    outer loop
      vertex 21.60600288398792 -21.29919408861838 138.04055041712573
      vertex 21.802924799064204 -15.985410222521146 137.86921544935336
      vertex 28.960356112830517 -28.001007488974356 143.480179869773
    endloop
  endfacet
  facet normal 0.5277676884941079 0.007827716193893419 0.8493526910776077
    outer loop
      vertex 21.60397285422012 -21.353972854220117 138.04231667602437
      vertex 30.767102598648705 -30.51710259864871 132.4330127018922
      vertex 24.64471549618097 0.07168307231553721 135.95541015540664
    endloop
  endfacet
  facet normal 0.5277676884941082 0.007827716193893471 0.8493526910776076
    outer loop
      vertex 30.767102598648705 -30.51710259864871 132.4330127018922
      vertex 30.734643268379035 -28.328598917350835 132.4330127018922
      vertex 24.64471549618097 0.07168307231553721 135.95541015540664
    endloop
  endfacet
  facet normal 0.9287206917998215 -0.02361979317867453 -0.37002700170806113
    outer loop
      vertex 23.223408692777344 -22.6417088607354 150.13550959055175
      vertex 24.911785710033488 0.028002392327130712 152.92605399812476
      vertex 25.5 -25 156
    endloop
  endfacet
  facet normal 0.9200928764673164 0.09067945335865778 -0.3810594906476867
    outer loop
      vertex 26.601106269607637 -25.726894572881555 119.56698729810778
      vertex 24.024925351578503 -21.939181376725628 114.24798068940792
      vertex 20.406019595265604 14.78059673905359 114.24798068940792
    endloop
  endfacet
  facet normal 0.4640789579362083 0.045737150343436825 0.8846122505817477
    outer loop
      vertex 24.024925351578503 -21.939181376725628 114.24798068940792
      vertex 26.615364176183206 0.4249472881511762 111.73270954784027
      vertex 20.406019595265604 14.78059673905359 114.24798068940792
    endloop
  endfacet
  facet normal 0.8194112386503168 0.09793537737356944 -0.5647777295823997
    outer loop
      vertex 29.06377588995014 -26.299206310376697 95.17962282238955
      vertex 25.222675007553537 -22.774761001288336 90.21789504229565
      vertex 20.807545793973958 14.165991102014512 90.21789504229565
    endloop
  endfacet
  facet normal 0.8654035048881238 -0.03789060969607841 0.49964094650479823
    outer loop
      vertex 25.222675007553537 -22.774761001288336 90.21789504229565
      vertex 27.822056871399187 -0.6728478268433885 87.3917471459651
      vertex 27.572056871399187 -0.6728478268433885 87.82475984785732
    endloop
  endfacet
  facet normal 0.8659091198116298 -0.01638683321257683 -0.4999328634169909
    outer loop
      vertex 29.76612020285989 -26.40533409099487 95.56698729810778
      vertex 30.7763297790891 26.975918627593003 95.56698729810778
      vertex 30.01612020285989 -26.40533409099487 96
    endloop
  endfacet
  facet normal 0.8659091198116298 -0.01638683321257683 0.4999328634169909
    outer loop
      vertex 30.01612020285989 -26.40533409099487 96
      vertex 31.0263297790891 26.975918627593003 96
      vertex 29.76612020285989 -26.40533409099487 96.43301270189222
    endloop
  endfacet
  facet normal 0.48187051739100434 -0.009119123032521315 -0.8761949817617329
    outer loop
      vertex 29.06377588995014 -26.299206310376697 95.17962282238955
      vertex 30.7763297790891 26.975918627593003 95.56698729810778
      vertex 29.76612020285989 -26.40533409099487 95.56698729810778
    endloop
  endfacet
  facet normal 0.8388006784658678 0.07838135480411204 -0.5387669115900418
    outer loop
      vertex 28.57226534598015 -27.015456040627114 107.3727410773478
      vertex 24.699826814112168 -21.033877974082106 102.21399837185525
      vertex 21.33986553735245 14.922859512895354 102.21399837185525
    endloop
  endfacet
  facet normal 0.8659367325497731 -0.014309680687243812 -0.49994880563878935
    outer loop
      vertex 26.601106269607637 -25.726894572881555 119.56698729810778
      vertex 27.476160157640223 27.226160157640223 119.56698729810778
      vertex 26.840958804162653 -26.34095880416265 120
    endloop
  endfacet
  facet normal 0.8659367325497723 -0.014309680687243814 0.49994880563879057
    outer loop
      vertex 26.590958804162653 -26.34095880416265 120.43301270189222
      vertex 26.840958804162653 -26.34095880416265 120
      vertex 27.726160157640223 27.226160157640223 120
    endloop
  endfacet
  facet normal 0.8627527174838014 -0.08685427239017386 -0.4981105136833485
    outer loop
      vertex 25.294759514475132 -25.04475951447513 83.56698729810778
      vertex 30.6166101703353 27.818974059392872 83.56698729810778
      vertex 25.544759514475132 -25.04475951447513 84
    endloop
  endfacet
  facet normal 0.4657853082406791 0.04352510011619075 0.8838266867927282
    outer loop
      vertex 24.699826814112168 -21.033877974082106 102.21399837185525
      vertex 24.949734086485556 -21.212954411525686 102.09111362799221
      vertex 30.37492807627584 26.465303060388575 96.88401063664543
    endloop
  endfacet
  facet normal 0.43178231439086734 0.0516062776643812 0.9005003193141539
    outer loop
      vertex 25.222675007553537 -22.774761001288336 90.21789504229565
      vertex 27.572056871399187 -0.6728478268433885 87.82475984785732
      vertex 20.807545793973958 14.165991102014512 90.21789504229565
    endloop
  endfacet
  facet normal 0.754887705752499 -0.01428581665831398 0.6556984574834179
    outer loop
      vertex 29.76612020285989 -26.40533409099487 96.43301270189222
      vertex 30.7763297790891 26.975918627593003 96.43301270189222
      vertex 24.949734086485556 -21.212954411525686 102.09111362799221
    endloop
  endfacet
  facet normal 0.5384532744697892 -0.010786716192255744 -0.8425863267146874
    outer loop
      vertex 28.57226534598015 -27.015456040627114 107.3727410773478
      vertex 30.01367089465579 29.76367089465579 107.56698729810778
      vertex 28.90678817888471 -25.48990323653791 107.56698729810778
    endloop
  endfacet
  facet normal 0.8658951032083517 -0.01734628643454657 -0.4999247709273152
    outer loop
      vertex 28.90678817888471 -25.48990323653791 107.56698729810778
      vertex 30.01367089465579 29.76367089465579 107.56698729810778
      vertex 29.15678817888471 -25.48990323653791 108
    endloop
  endfacet
  facet normal 0.8658951032083517 -0.01734628643454657 0.4999247709273152
    outer loop
      vertex 28.90678817888471 -25.48990323653791 108.43301270189222
      vertex 29.15678817888471 -25.48990323653791 108
      vertex 30.01367089465579 29.76367089465579 108.43301270189222
    endloop
  endfacet
  facet normal 0.6412246968653219 -0.010596294528175138 0.7672800053906319
    outer loop
      vertex 20.154182197633745 -19.904182197633745 125.90119391288827
      vertex 22.89030997721008 0.3940182111131129 123.89490287792654
      vertex 20.15743142672302 -19.78075533071027 125.90018304528094
    endloop
  endfacet
  facet normal 0.6412246968656328 -0.010596294528242794 0.7672800053903712
    outer loop
      vertex 26.45947489540918 -26.209474895409176 120.5447111316101
      vertex 22.89030997721008 0.3940182111131129 123.89490287792654
      vertex 20.154182197633745 -19.904182197633745 125.90119391288827
    endloop
  endfacet
  facet normal 0.527767688494965 0.007827716193720073 0.8493526910770767
    outer loop
      vertex 21.60397285422012 -21.353972854220117 138.04231667602437
      vertex 24.64471549618097 0.07168307231553721 135.95541015540664
      vertex 21.60600288398792 -21.29919408861838 138.04055041712573
    endloop
  endfacet
  facet normal 0.5277676884940941 0.007827716193896547 0.8493526910776164
    outer loop
      vertex 21.60600288398792 -21.29919408861838 138.04055041712573
      vertex 24.64471549618097 0.07168307231553721 135.95541015540664
      vertex 21.802924799064204 -15.985410222521146 137.86921544935336
    endloop
  endfacet
  facet normal 0.6412246968656414 -0.010596294528245034 0.7672800053903639
    outer loop
      vertex 20.15743142672302 -19.78075533071027 125.90018304528094
      vertex 22.89030997721008 0.3940182111131129 123.89490287792654
      vertex 20.287646029421495 -14.834357278384815 125.85967198242506
    endloop
  endfacet
  facet normal 0.4557837564997708 -0.01928671076502641 -0.8898815595902771
    outer loop
      vertex 20.15743142672302 -19.78075533071027 125.90018304528094
      vertex 20.287646029421495 -14.834357278384815 125.85967198242506
      vertex 21.59224869976992 15.996027076696615 125.85967198242504
    endloop
  endfacet
  facet normal 0.786696253667677 -0.06607319640206157 0.6137942140346847
    outer loop
      vertex 21.802924799064204 -15.985410222521146 137.86921544935336
      vertex 24.64471549618097 0.07168307231553721 135.95541015540664
      vertex 24.447516953288147 15.502255782721399 137.86921544935336
    endloop
  endfacet
  facet normal 0.2333729524753242 0 0.9723873019805175
    outer loop
      vertex 0.25 0 162.4330127018922
      vertex 25.25 -25 156.4330127018922
      vertex 25.25 25 156.4330127018922
    endloop
  endfacet
  facet normal 0.9287206917998729 -0.023619793178675776 -0.37002700170793196
    outer loop
      vertex 23.223408692777344 -22.6417088607354 150.13550959055175
      vertex 23.281101405678363 -19.76494553932306 150.09667961767897
      vertex 24.37037137119082 23.06470789053263 150.09667961767897
    endloop
  endfacet
  facet normal 0.455783756499853 -0.01928671076502965 -0.889881559590235
    outer loop
      vertex 20.15743142672302 -19.78075533071027 125.90018304528094
      vertex 21.69692015239161 18.469623972270515 125.85967198242504
      vertex 30.275492368489928 -27.86198776860552 131.25764681763164
    endloop
  endfacet
  facet normal 0.5656445440512956 -0.04750746285953939 -0.8232795945228154
    outer loop
      vertex 21.802924799064204 -15.985410222521146 137.86921544935336
      vertex 25.069438062400238 20.698629117843527 137.99665668520444
      vertex 28.960356112830517 -28.001007488974356 143.480179869773
    endloop
  endfacet
  facet normal 0.5645644034617148 0.008373475716337155 -0.8253465449423933
    outer loop
      vertex 30.275492368489928 -27.86198776860552 131.25764681763164
      vertex 29.875088902820636 29.625088902820636 131.5669872981078
      vertex 30.734643268379035 -28.328598917350835 131.5669872981078
    endloop
  endfacet
  facet normal 0.8659539718007176 0.012843609178825491 -0.4999587587249808
    outer loop
      vertex 30.734643268379035 -28.328598917350835 131.5669872981078
      vertex 30.125088902820636 29.625088902820636 132
      vertex 30.984643268379035 -28.328598917350835 132
    endloop
  endfacet
  facet normal 0.8659539718007176 0.012843609178825491 0.4999587587249808
    outer loop
      vertex 30.734643268379035 -28.328598917350835 132.4330127018922
      vertex 30.984643268379035 -28.328598917350835 132
      vertex 29.875088902820636 29.625088902820636 132.4330127018922
    endloop
  endfacet
  facet normal 0.8660254037844338 0 0.5000000000000082
    outer loop
      vertex 25.25 -25 156.4330127018922
      vertex 25.5 -25 156
      vertex 25.25 25 156.4330127018922
    endloop
  endfacet
  facet normal 0.7942449388926955 -0.004955341956944808 -0.6075775025701892
    outer loop
      vertex 28.960356112830517 -28.001007488974356 143.480179869773
      vertex 29.377831794605637 28.26871300078703 143.5669872981078
      vertex 29.026094357056312 -28.1079572714051 143.5669872981078
    endloop
  endfacet
  facet normal 0.8660127625135645 -0.005403105726195787 0.4999927015588688
    outer loop
      vertex 29.026094357056312 -28.1079572714051 144.4330127018922
      vertex 29.276094357056312 -28.1079572714051 144
      vertex 29.377831794605637 28.26871300078703 144.4330127018922
    endloop
  endfacet
  facet normal 0.8660127625135645 -0.005403105726195787 -0.4999927015588688
    outer loop
      vertex 29.026094357056312 -28.1079572714051 143.5669872981078
      vertex 29.627831794605637 28.26871300078703 144
      vertex 29.276094357056312 -28.1079572714051 144
    endloop
  endfacet
  facet normal 0.6988235797976879 -0.0043600023568505595 0.7152807803221003
    outer loop
      vertex 23.221802437683063 -22.72180243768306 150.13659067754872
      vertex 29.377831794605637 28.26871300078703 144.4330127018922
      vertex 23.223408692777344 -22.6417088607354 150.13550959055175
    endloop
  endfacet
  facet normal 0.6988235797975951 -0.004360002356828862 0.7152807803221911
    outer loop
      vertex 23.223408692777344 -22.6417088607354 150.13550959055175
      vertex 29.265284773918758 28.188130414952667 144.54247904543428
      vertex 23.281101405678363 -19.76494553932306 150.09667961767897
    endloop
  endfacet
  facet normal 0.698823579797604 -0.004360002356831242 0.7152807803221823
    outer loop
      vertex 23.221802437683063 -22.72180243768306 150.13659067754872
      vertex 29.026094357056312 -28.1079572714051 144.4330127018922
      vertex 29.377831794605637 28.26871300078703 144.4330127018922
    endloop
  endfacet
  facet normal 0.9287206917998219 -0.023619793178674606 -0.3700270017080606
    outer loop
      vertex 23.223408692777344 -22.6417088607354 150.13550959055175
      vertex 24.37037137119082 23.06470789053263 150.09667961767897
      vertex 24.911785710033488 0.028002392327130712 152.92605399812476
    endloop
  endfacet
  facet normal 0.9821795983122799 0 -0.18794477023617512
    outer loop
      vertex 25.5 -25 156
      vertex 24.911785710033488 0.028002392327130712 152.92605399812476
      vertex 25.5 25 156
    endloop
  endfacet
  facet normal 0 0 -1
    outer loop
      vertex 25.077254248593736 25.23776412907379 -0.4330127018922193
      vertex 3.6955181300451474 3.6955181300451474 -0.4330127018922193
      vertex 0 5.226251859505506 -0.4330127018922193
    endloop
  endfacet
  facet normal 0 0 -1
    outer loop
      vertex 25.077254248593736 25.23776412907379 -0.4330127018922193
      vertex 0 5.226251859505506 -0.4330127018922193
      vertex 5.5 10.25 -0.4330127018922193
    endloop
  endfacet
  facet normal -0.030516852686664167 0.5865236444560019 0.8093569893416316
    outer loop
      vertex -26.75521843438389 27.070236812051412 12.433012701892219
      vertex 16.535841517776703 21.836111917245056 17.858362659790554
      vertex 21.798900866054137 21.95941074653419 17.967454604709143
    endloop
  endfacet
  facet normal -7.017897797640428e-16 0.75788448473511 0.6523887704412121
    outer loop
      vertex -23.071483019459766 25.23776412907379 0.4330127018922193
      vertex 16.495075320943222 20.67987230774111 5.7279467213004995
      vertex 20.40306061141891 20.56357049189896 5.8630553340892755
    endloop
  endfacet
  facet normal 0 0.7578844847351125 0.6523887704412095
    outer loop
      vertex -23.071483019459766 25.23776412907379 0.4330127018922193
      vertex 20.40306061141891 20.56357049189896 5.8630553340892755
      vertex 25.077254248593736 25.23776412907379 0.4330127018922193
    endloop
  endfacet
  facet normal 0.0060874391535744735 0.5042118307744177 -0.8635585520343491
    outer loop
      vertex -18.919085610419675 22.264165561396602 17.858362659790554
      vertex 11.211998496003812 27.76952839944099 21.285217978176867
      vertex 16.535841517776703 21.836111917245056 17.858362659790554
    endloop
  endfacet
  facet normal 0.044607964928484276 0.4830782674754218 -0.8744401162789158
    outer loop
      vertex -22.354595568299324 24.267292552429847 5.7279467213005
      vertex 29.855167988072242 30.015677868552295 11.566987298107781
      vertex 16.495075320943222 20.67987230774111 5.7279467213004995
    endloop
  endfacet
  facet normal -0.05011598497150047 0.7467757281287293 0.6631850419966833
    outer loop
      vertex -20.38804740187704 26.043981814860473 36.89493053997579
      vertex 20.32749615880217 24.4127894372047 41.80854323987093
      vertex 4.861420939930011 27.945457047532205 36.661852943751036
    endloop
  endfacet
  facet normal -0.05011598497150013 0.7467757281287236 0.6631850419966897
    outer loop
      vertex -24.215625399293874 26.19732659447675 36.43301270189222
      vertex 4.861420939930011 27.945457047532205 36.661852943751036
      vertex 29.651853550081658 29.81236343056171 36.43301270189222
    endloop
  endfacet
  facet normal 0.03552159462098797 0.6122284983734931 -0.7898825748773801
    outer loop
      vertex -22.956014148615232 25.402587520575853 29.783208823805932
      vertex 22.916045929222417 23.07655580970247 30.0432295250213
      vertex 18.246394313548866 23.012017243808867 29.783208823805932
    endloop
  endfacet
  facet normal -0.06891697404509069 0.771148127470484 -0.6329146989818093
    outer loop
      vertex -26.001511415520444 26.316529793187968 23.56698729810778
      vertex 31.27476067957623 31.43527056005628 23.56698729810778
      vertex 11.211998496003812 27.76952839944099 21.285217978176867
    endloop
  endfacet
  facet normal 0 0 -1
    outer loop
      vertex 25.077254248593736 25.23776412907379 -0.4330127018922193
      vertex 5.5 13.75 -0.4330127018922193
      vertex -5.5 13.75 -0.4330127018922193
    endloop
  endfacet
  facet normal 0 0 -1
    outer loop
      vertex 25.077254248593736 25.23776412907379 -0.4330127018922193
      vertex 5.5 10.25 -0.4330127018922193
      vertex 5.5 13.75 -0.4330127018922193
    endloop
  endfacet
  facet normal 0 0.876551507956312 -0.4813080654835482
    outer loop
      vertex -24.845491502812525 25.475528258147577 0
      vertex 25.154508497187475 25.475528258147577 0
      vertex 25.077254248593736 25.23776412907379 -0.4330127018922193
    endloop
  endfacet
  facet normal 0 0.876551507956312 0.4813080654835482
    outer loop
      vertex -24.845491502812525 25.475528258147577 0
      vertex 25.077254248593736 25.23776412907379 0.4330127018922193
      vertex 25.154508497187475 25.475528258147577 0
    endloop
  endfacet
  facet normal -0.030516852686664236 0.5865236444560016 0.8093569893416317
    outer loop
      vertex -26.75521843438389 27.070236812051412 12.433012701892219
      vertex 21.798900866054137 21.95941074653419 17.967454604709143
      vertex 29.40061770809441 29.56112758857446 12.745276691944262
    endloop
  endfacet
  facet normal -0.04573724159577458 0.879054399991948 0.4745223562552203
    outer loop
      vertex -26.75521843438389 27.070236812051412 12.433012701892219
      vertex 29.855167988072242 30.015677868552295 12.433012701892219
      vertex 29.932422236665982 30.253441997626084 12
    endloop
  endfacet
  facet normal -0.030516852686664098 0.5865236444559981 0.8093569893416342
    outer loop
      vertex -26.75521843438389 27.070236812051412 12.433012701892219
      vertex 29.40061770809441 29.56112758857446 12.745276691944262
      vertex 29.855167988072242 30.015677868552295 12.433012701892219
    endloop
  endfacet
  facet normal -0.04367097506682276 0.878981904847164 -0.47485119446829244
    outer loop
      vertex -22.354595568299324 24.267292552429847 5.7279467213005
      vertex 29.932422236665982 30.253441997626084 12
      vertex 29.855167988072242 30.015677868552295 11.566987298107781
    endloop
  endfacet
  facet normal -0.05294917065389994 0.5924760099617098 0.8038461065072817
    outer loop
      vertex -24.85551302843088 26.418946875309185 24.43301270189222
      vertex 18.246394313548866 23.012017243808867 29.783208823805932
      vertex 31.27476067957623 31.43527056005628 24.43301270189222
    endloop
  endfacet
  facet normal 0.035521594620987924 0.6122284983734919 -0.789882574877381
    outer loop
      vertex -22.956014148615232 25.402587520575853 29.783208823805932
      vertex 29.651853550081658 29.81236343056171 35.56698729810778
      vertex 22.916045929222417 23.07655580970247 30.0432295250213
    endloop
  endfacet
  facet normal -0.05901828879000384 0.8794285018867731 0.4723582873809726
    outer loop
      vertex -24.215625399293874 26.19732659447675 36.43301270189222
      vertex 29.651853550081658 29.81236343056171 36.43301270189222
      vertex 29.729107798675397 30.0501275596355 36
    endloop
  endfacet
  facet normal -0.07861724481525185 0.8796895389879462 -0.46900495073382037
    outer loop
      vertex -25.924257166926704 26.554293922261756 24
      vertex 31.352014928169968 31.67303468913007 24
      vertex 31.27476067957623 31.43527056005628 23.56698729810778
    endloop
  endfacet
  facet normal -0.07861724481525185 0.8796895389879462 0.46900495073382037
    outer loop
      vertex -25.924257166926704 26.554293922261756 24
      vertex 31.27476067957623 31.43527056005628 24.43301270189222
      vertex 31.352014928169968 31.67303468913007 24
    endloop
  endfacet
  facet normal -0.021004408532434488 0.877934399121319 -0.4783199825030217
    outer loop
      vertex -22.956014148615232 25.402587520575853 29.783208823805932
      vertex 29.729107798675397 30.0501275596355 36
      vertex 29.651853550081658 29.81236343056171 35.56698729810778
    endloop
  endfacet
  facet normal 0.02329620239787696 0.4833028891118473 -0.8751431907579346
    outer loop
      vertex -19.907234186547086 22.639748567964656 53.80551129647694
      vertex 20.890891923993372 21.051401804473425 54.01437862875909
      vertex 15.260086345818085 20.944610725071694 53.80551129647694
    endloop
  endfacet
  facet normal -0.029470321367007033 0.5483336622530831 0.8357402078389234
    outer loop
      vertex -27.22681613150164 27.541834509169163 60.43301270189222
      vertex 16.95617903950414 21.506765522288337 65.95065861975093
      vertex 21.47595078810585 21.6364606685859 66.02494355998559
    endloop
  endfacet
  facet normal 0.0017216255918248618 0.5091660822546346 0.8606665653357217
    outer loop
      vertex -28.966904381860296 29.682573404436095 72.49546789170944
      vertex 14.289417862969898 20.54584926702294 77.81418134785199
      vertex 20.095797038952664 20.256306919432717 77.97385843688879
    endloop
  endfacet
  facet normal 0.0032627218840560325 0.6353747519260776 -0.772197046912757
    outer loop
      vertex -21.80859009332087 24.629163050267735 41.80854323987093
      vertex 24.401416743555604 24.561926624035657 41.948468759352565
      vertex 20.32749615880217 24.4127894372047 41.80854323987093
    endloop
  endfacet
  facet normal -0.041549135965384815 0.5076776741536545 0.8605446231698073
    outer loop
      vertex -26.332317671573467 26.64733604924099 48.43301270189222
      vertex 15.260086345818085 20.944610725071694 53.80551129647694
      vertex 30.31010528827925 30.470615168759302 48.91230252699299
    endloop
  endfacet
  facet normal -0.02947032136700873 0.5483336622530741 0.8357402078389293
    outer loop
      vertex -27.22681613150164 27.541834509169163 60.43301270189222
      vertex 21.47595078810585 21.6364606685859 66.02494355998559
      vertex 29.97235594080366 30.132865821283712 60.75001108491673
    endloop
  endfacet
  facet normal 0.04618178685398557 0.42847064198178325 -0.9023747289916155
    outer loop
      vertex -21.570240046608703 24.410905389835214 77.81418134785199
      vertex 30.729047463346834 30.889557343826887 83.56698729810778
      vertex 14.289417862969898 20.54584926702294 77.81418134785199
    endloop
  endfacet
  facet normal 0.0017216255918240267 0.5091660822546317 0.8606665653357235
    outer loop
      vertex -28.966904381860296 29.682573404436095 72.49546789170944
      vertex 20.095797038952664 20.256306919432717 77.97385843688879
      vertex 29.430178341443952 29.590688221924005 72.43301270189222
    endloop
  endfacet
  facet normal 0.0032627218840560433 0.6353747519260668 -0.7721970469127658
    outer loop
      vertex -21.80859009332087 24.629163050267735 41.80854323987093
      vertex 31.194947661444306 31.35545754192436 47.56698729810778
      vertex 24.401416743555604 24.561926624035657 41.948468759352565
    endloop
  endfacet
  facet normal 0.023296202397877167 0.48330288911185304 -0.8751431907579313
    outer loop
      vertex -19.907234186547086 22.639748567964656 53.80551129647694
      vertex 30.48294952804976 30.643459408529814 59.56698729810778
      vertex 20.890891923993372 21.051401804473425 54.01437862875909
    endloop
  endfacet
  facet normal -0.04154913596538474 0.5076776741536534 0.8605446231698081
    outer loop
      vertex -26.332317671573467 26.64733604924099 48.43301270189222
      vertex 30.31010528827925 30.470615168759302 48.91230252699299
      vertex 31.194947661444306 31.35545754192436 48.43301270189222
    endloop
  endfacet
  facet normal -0.07199112951285472 0.8796401740153993 0.4701600169406384
    outer loop
      vertex -26.332317671573467 26.64733604924099 48.43301270189222
      vertex 31.194947661444306 31.35545754192436 48.43301270189222
      vertex 31.272201910038046 31.593221670998147 48
    endloop
  endfacet
  facet normal -0.02947032136700851 0.5483336622530688 0.835740207838933
    outer loop
      vertex -27.22681613150164 27.541834509169163 60.43301270189222
      vertex 29.97235594080366 30.132865821283712 60.75001108491673
      vertex 30.48294952804976 30.643459408529814 60.43301270189222
    endloop
  endfacet
  facet normal -0.04724770245768802 0.879104961192258 -0.47428063614238786
    outer loop
      vertex -27.22681613150164 27.541834509169163 59.56698729810778
      vertex 30.5602037766435 30.881223537603603 60
      vertex 30.48294952804976 30.643459408529814 59.56698729810778
    endloop
  endfacet
  facet normal -0.04724770245768802 0.879104961192258 0.47428063614238786
    outer loop
      vertex -27.22681613150164 27.541834509169163 60.43301270189222
      vertex 30.48294952804976 30.643459408529814 60.43301270189222
      vertex 30.5602037766435 30.881223537603603 60
    endloop
  endfacet
  facet normal -0.060310567260476705 0.879456407461212 -0.47214305337698037
    outer loop
      vertex -23.95473496949888 24.584771724833928 42
      vertex 31.272201910038046 31.593221670998147 48
      vertex 31.194947661444306 31.35545754192436 47.56698729810778
    endloop
  endfacet
  facet normal -0.002999936936178674 0.5736821112076275 -0.8190725460291892
    outer loop
      vertex -17.258869128522264 21.3278458997881 65.95065861975091
      vertex 29.430178341443952 29.590688221924005 71.56698729810778
      vertex 16.95617903950414 21.506765522288337 65.95065861975093
    endloop
  endfacet
  facet normal 0.0029630857147381726 0.8763245341627584 -0.48171208304076374
    outer loop
      vertex -29.397589099874256 30.02762585520931 72
      vertex 29.50743259003769 29.828452350997793 72
      vertex 29.430178341443952 29.590688221924005 71.56698729810778
    endloop
  endfacet
  facet normal 0.0029630857147381726 0.8763245341627584 0.48171208304076374
    outer loop
      vertex -29.397589099874256 30.02762585520931 72
      vertex 29.430178341443952 29.590688221924005 72.43301270189222
      vertex 29.50743259003769 29.828452350997793 72
    endloop
  endfacet
  facet normal 0 0 -1
    outer loop
      vertex 24.797745751406264 -24.85305368692688 -0.4330127018922193
      vertex 3.6955181300451474 3.6955181300451474 -0.4330127018922193
      vertex 25.25 25 -0.4330127018922193
    endloop
  endfacet
  facet normal 0.5423461447125141 -0.04664222345085645 -0.8388594413291377
    outer loop
      vertex 26.506420512423823 -26.256420512423823 23.56698729810778
      vertex 21.737344430801485 17.02040392916673 18.077369949031706
      vertex 21.959993429446953 21.48782692621147 17.972921323527345
    endloop
  endfacet
  facet normal 0.7421130011111594 0.03545940681433652 0.6693361816383183
    outer loop
      vertex 22.203403002209864 -17.202678744182798 6.046636017838049
      vertex 25.25 25 0.4330127018922193
      vertex 20.610292441423628 16.138771820888582 6.046636017838048
    endloop
  endfacet
  facet normal 0.5423461447124971 -0.046642223450859596 -0.8388594413291486
    outer loop
      vertex 26.506420512423823 -26.256420512423823 23.56698729810778
      vertex 21.959993429446953 21.48782692621147 17.972921323527345
      vertex 21.9716466174604 21.7216466174604 17.967454604709143
    endloop
  endfacet
  facet normal 0.5432174980904002 0.02013920249287435 0.839350440692895
    outer loop
      vertex 24.359383948080037 -17.661686683688007 30.192677688908322
      vertex 23.087835945603445 22.500698941032912 30.05196019314043
      vertex 23.07243178208079 17.051452330803023 30.192677688908322
    endloop
  endfacet
  facet normal 0.6467368490999682 -0.021516152217141447 -0.7624096688854451
    outer loop
      vertex 24.979535277277417 -0.5421734165279846 32.30694945224845
      vertex 23.07243178208079 17.051452330803023 30.192677688908322
      vertex 23.087835945603445 22.500698941032912 30.05196019314043
    endloop
  endfacet
  facet normal 0.6467368490999912 -0.02151615221713655 -0.7624096688854256
    outer loop
      vertex 24.979535277277417 -0.5421734165279846 32.30694945224845
      vertex 23.087835945603445 22.500698941032912 30.05196019314043
      vertex 23.08879168062868 22.83879168062868 30.0432295250213
    endloop
  endfacet
  facet normal 0.5423461447125116 -0.046642223450857036 -0.8388594413291394
    outer loop
      vertex 26.506420512423823 -26.256420512423823 23.56698729810778
      vertex 21.9716466174604 21.7216466174604 17.967454604709143
      vertex 27.728284417958527 27.478284417958527 21.36920201362975
    endloop
  endfacet
  facet normal 0.8656661795552241 -0.02879966606891516 -0.49979260179456597
    outer loop
      vertex 27.92013623412396 -27.67013623412396 35.56698729810778
      vertex 29.700844281053676 25.854745901669475 35.56698729810778
      vertex 29.950844281053676 25.854745901669475 36
    endloop
  endfacet
  facet normal 0.8656661795552241 -0.02879966606891516 0.49979260179456597
    outer loop
      vertex 27.92013623412396 -27.67013623412396 36.43301270189222
      vertex 29.950844281053676 25.854745901669475 36
      vertex 29.700844281053676 25.854745901669475 36.43301270189222
    endloop
  endfacet
  facet normal 0.5733320168798871 -0.019074062291820227 0.8191010795793939
    outer loop
      vertex 27.92013623412396 -27.67013623412396 36.43301270189222
      vertex 29.700844281053676 25.854745901669475 36.43301270189222
      vertex 29.01653322578683 25.69695495079834 36.90832366505596
    endloop
  endfacet
  facet normal 0.866012954667462 0.005361883765132944 0.4999928124989614
    outer loop
      vertex 22.336344291093962 -21.091087904333275 5.973889642619739
      vertex 25.5 25 0
      vertex 25.25 25 0.4330127018922193
    endloop
  endfacet
  facet normal 0.8660254037844386 0 -0.5
    outer loop
      vertex 25.25 -25 -0.4330127018922193
      vertex 25.25 25 -0.4330127018922193
      vertex 25.5 25 0
    endloop
  endfacet
  facet normal 0.5725568207570704 -0.009368044284254229 0.819811519040105
    outer loop
      vertex 21.174261151626222 -17.394161412709206 18.077369949031706
      vertex 29.402943745709056 26.4480867306342 12.831441924021096
      vertex 21.737344430801485 17.02040392916673 18.077369949031706
    endloop
  endfacet
  facet normal 0.6833643837363232 -0.04104056953328734 0.7289230348212755
    outer loop
      vertex 21.174261151626222 -17.394161412709206 18.077369949031706
      vertex 29.851020443072578 26.832472682977624 12.433012701892219
      vertex 29.402943745709056 26.4480867306342 12.831441924021096
    endloop
  endfacet
  facet normal 0.5399708797335991 -0.032428837327594426 -0.8410587491663727
    outer loop
      vertex 22.937682689615063 -0.24455938171382527 8.172546180504854
      vertex 20.610292441423628 16.138771820888582 6.046636017838048
      vertex 30.027913739478507 29.777913739478507 11.566987298107781
    endloop
  endfacet
  facet normal 0.8648564321840814 -0.05194037234907601 -0.4993250939318601
    outer loop
      vertex 26.903827093976368 -26.403827093976368 12
      vertex 29.851020443072578 26.832472682977624 11.566987298107781
      vertex 30.101020443072578 26.832472682977624 12
    endloop
  endfacet
  facet normal 0.8648564321840814 -0.05194037234907601 0.4993250939318601
    outer loop
      vertex 26.903827093976368 -26.403827093976368 12
      vertex 30.101020443072578 26.832472682977624 12
      vertex 29.851020443072578 26.832472682977624 12.433012701892219
    endloop
  endfacet
  facet normal 0.5432174980904015 0.020139202492874392 0.8393504406928942
    outer loop
      vertex 24.359383948080037 -17.661686683688007 30.192677688908322
      vertex 30.727224231746295 25.69789475005089 25.031127223698114
      vertex 23.087835945603445 22.500698941032912 30.05196019314043
    endloop
  endfacet
  facet normal 0.7584048475306224 -0.0787359442615896 0.6470106168551557
    outer loop
      vertex 20.60305911705909 -14.67655079138449 41.85719678623357
      vertex 29.01653322578683 25.69695495079834 36.90832366505596
      vertex 24.340824337548263 21.326564288207543 41.85719678623357
    endloop
  endfacet
  facet normal 0.5423461447125119 -0.04664222345085704 -0.8388594413291391
    outer loop
      vertex 26.506420512423823 -26.256420512423823 23.56698729810778
      vertex 27.728284417958527 27.478284417958527 21.36920201362975
      vertex 31.007290430623826 26.07876566411418 23.56698729810778
    endloop
  endfacet
  facet normal 0.8636333824770693 -0.07427319544507432 -0.49861896585428217
    outer loop
      vertex 26.506420512423823 -26.256420512423823 23.56698729810778
      vertex 31.007290430623826 26.07876566411418 23.56698729810778
      vertex 31.257290430623826 26.07876566411418 24
    endloop
  endfacet
  facet normal 0.8645197143494565 -0.05894249741497229 0.4991306897993952
    outer loop
      vertex 24.625111075851496 -22.802756449997347 29.872840353880886
      vertex 30.977224231746295 25.69789475005089 24.598114521805893
      vertex 30.727224231746295 25.69789475005089 25.031127223698114
    endloop
  endfacet
  facet normal 0.9212128830467472 -0.07922508080084341 0.38090708930236505
    outer loop
      vertex 24.625111075851496 -22.802756449997347 29.872840353880886
      vertex 31.257290430623826 26.07876566411418 24
      vertex 30.977224231746295 25.69789475005089 24.598114521805893
    endloop
  endfacet
  facet normal 0.5079321740446983 -0.05273241524558768 -0.8597814832575734
    outer loop
      vertex 20.60305911705909 -14.67655079138449 41.85719678623357
      vertex 24.340824337548263 21.326564288207543 41.85719678623357
      vertex 26.241879755433054 0.17156826087583188 44.27776676470357
    endloop
  endfacet
  facet normal 0.4720663058618391 0.005438130318316528 0.8815462719611477
    outer loop
      vertex 21.316305873689036 -17.266794517956903 54.113987931938034
      vertex 21.055199185846458 20.47814764968474 54.02096701243841
      vertex 20.936056753403093 15.741387892825626 54.113987931938034
    endloop
  endfacet
  facet normal 0.5994730087422421 -0.04259451140289635 -0.7992607956029573
    outer loop
      vertex 25.791063756894573 -24.29500633850916 71.56698729810778
      vertex 21.621413706162773 16.54400188030969 66.26319874011159
      vertex 21.631442495497073 18.32851998354606 66.17561945614597
    endloop
  endfacet
  facet normal 0.5994730087422403 -0.04259451140289701 -0.7992607956029585
    outer loop
      vertex 25.791063756894573 -24.29500633850916 71.56698729810778
      vertex 21.631442495497073 18.32851998354606 66.17561945614597
      vertex 21.64744379905608 21.175784486227297 66.03588347590944
    endloop
  endfacet
  facet normal 0.5047933683753566 0.007602170725343085 0.8632067320430977
    outer loop
      vertex 20.512850081744208 -15.549857403398516 78.14423749523456
      vertex 20.26854279035893 20.01854279035893 77.97385843688879
      vertex 20.053011531891887 14.983980742983938 78.14423749523456
    endloop
  endfacet
  facet normal 0.5229806956069409 -0.029882520762363276 -0.8518205368358802
    outer loop
      vertex 23.364638813908243 -0.43978610855881706 56.172679554836975
      vertex 20.936056753403093 15.741387892825626 54.113987931938034
      vertex 21.055199185846458 20.47814764968474 54.02096701243841
    endloop
  endfacet
  facet normal 0.522980695606896 -0.02988252076237129 -0.8518205368359075
    outer loop
      vertex 23.364638813908243 -0.43978610855881706 56.172679554836975
      vertex 21.055199185846458 20.47814764968474 54.02096701243841
      vertex 21.063637675399637 20.813637675399637 54.01437862875909
    endloop
  endfacet
  facet normal 0.49807594852330106 0.03971276041303539 0.8662235543801559
    outer loop
      vertex 27.155561742658406 -1.1586209996887173 63.8926721006004
      vertex 21.631442495497073 18.32851998354606 66.17561945614597
      vertex 21.621413706162773 16.54400188030969 66.26319874011159
    endloop
  endfacet
  facet normal 0.5047933683753413 0.007602170725343004 0.8632067320431066
    outer loop
      vertex 20.54171081654102 -17.466245242901202 78.14423749523456
      vertex 29.602924092850216 29.352924092850216 72.43301270189222
      vertex 20.26854279035893 20.01854279035893 77.97385843688879
    endloop
  endfacet
  facet normal 0.4720663058618437 0.005438130318316583 0.8815462719611452
    outer loop
      vertex 21.32202111730875 -17.762916123128996 54.113987931938034
      vertex 30.263941893905375 25.747017818918664 49.05720039732758
      vertex 21.055199185846458 20.47814764968474 54.02096701243841
    endloop
  endfacet
  facet normal 0.5805625514158923 -0.02472833219797724 0.8138400539910626
    outer loop
      vertex 21.32202111730875 -17.762916123128996 54.113987931938034
      vertex 31.167156895268487 26.409571920167203 48.43301270189222
      vertex 30.263941893905375 25.747017818918664 49.05720039732758
    endloop
  endfacet
  facet normal 0.6534520260095473 -0.027832967757216172 -0.7564560632382054
    outer loop
      vertex 26.241879755433054 0.17156826087583188 44.27776676470357
      vertex 24.340824337548263 21.326564288207543 41.85719678623357
      vertex 24.551012428324906 24.02676322256514 41.93941343688318
    endloop
  endfacet
  facet normal 0.865436816883959 -0.03686219349159517 -0.49966017919456934
    outer loop
      vertex 29.154445421361498 -26.713523316999492 48
      vertex 31.167156895268487 26.409571920167203 47.56698729810778
      vertex 31.417156895268487 26.409571920167203 48
    endloop
  endfacet
  facet normal 0.865436816883959 -0.03686219349159517 0.49966017919456934
    outer loop
      vertex 29.154445421361498 -26.713523316999492 48
      vertex 31.417156895268487 26.409571920167203 48
      vertex 31.167156895268487 26.409571920167203 48.43301270189222
    endloop
  endfacet
  facet normal 0.8649670560996641 -0.049423231545215766 -0.4993889626793014
    outer loop
      vertex 27.368810590511366 -27.118810590511366 59.56698729810778
      vertex 30.478471968479607 27.304070380095375 59.56698729810778
      vertex 30.728471968479607 27.304070380095375 60
    endloop
  endfacet
  facet normal 0.5994730087422262 -0.04259451140289925 -0.7992607956029689
    outer loop
      vertex 25.791063756894573 -24.29500633850916 71.56698729810778
      vertex 21.64744379905608 21.175784486227297 66.03588347590944
      vertex 29.602924092850216 29.352924092850216 71.56698729810778
    endloop
  endfacet
  facet normal 0.4980759485233057 0.03971276041303713 0.8662235543801531
    outer loop
      vertex 27.155561742658406 -1.1586209996887173 63.8926721006004
      vertex 30.264910041075353 26.881581490142125 60.8192790567688
      vertex 21.631442495497073 18.32851998354606 66.17561945614597
    endloop
  endfacet
  facet normal 0.5042189690243237 -0.050760282514848404 -0.862082725145946
    outer loop
      vertex 21.972140365057424 0.3285051576191509 80.12963540759431
      vertex 20.053011531891887 14.983980742983938 78.14423749523456
      vertex 30.9017932147531 30.6517932147531 83.56698729810778
    endloop
  endfacet
  facet normal 0.8652902817485933 -0.04119430885349527 0.4995755770947202
    outer loop
      vertex 27.155561742658406 -1.1586209996887173 63.8926721006004
      vertex 27.405561742658406 -1.1586209996887173 63.45965939870818
      vertex 30.514910041075353 26.881581490142125 60.38626635487658
    endloop
  endfacet
  facet normal 0.864390475408943 -0.06141776097411521 -0.499056073662297
    outer loop
      vertex 25.791063756894573 -24.29500633850916 71.56698729810778
      vertex 29.602924092850216 29.352924092850216 71.56698729810778
      vertex 29.852924092850216 29.352924092850216 72
    endloop
  endfacet
  facet normal 0.864390475408943 -0.061417760974115186 0.49905607366229704
    outer loop
      vertex 25.734175672510453 -25.095646373671283 72.43301270189222
      vertex 29.852924092850216 29.352924092850216 72
      vertex 29.602924092850216 29.352924092850216 72.43301270189222
    endloop
  endfacet
  facet normal 0 0 -1
    outer loop
      vertex 25.25 25 -0.4330127018922193
      vertex 3.6955181300451474 3.6955181300451474 -0.4330127018922193
      vertex 25.077254248593736 25.23776412907379 -0.4330127018922193
    endloop
  endfacet
  facet normal 0.7421130011111591 0.03545940681433678 0.6693361816383185
    outer loop
      vertex 20.610292441423628 16.138771820888582 6.046636017838048
      vertex 25.25 25 0.4330127018922193
      vertex 20.575806362825173 20.325806362825173 5.8630553340892755
    endloop
  endfacet
  facet normal 0.5173166655309638 0.37585255795417255 0.7688421959304981
    outer loop
      vertex 20.40306061141891 20.56357049189896 5.8630553340892755
      vertex 20.575806362825173 20.325806362825173 5.8630553340892755
      vertex 25.25 25 0.4330127018922193
    endloop
  endfacet
  facet normal 0.5173166655309632 0.3758525579541737 0.7688421959304977
    outer loop
      vertex 20.40306061141891 20.56357049189896 5.8630553340892755
      vertex 25.25 25 0.4330127018922193
      vertex 25.077254248593736 25.23776412907379 0.4330127018922193
    endloop
  endfacet
  facet normal 0.04460796492848415 0.48307826747542193 -0.8744401162789157
    outer loop
      vertex 16.495075320943222 20.67987230774111 5.7279467213004995
      vertex 29.855167988072242 30.015677868552295 11.566987298107781
      vertex 20.40306061141891 20.56357049189896 5.8630553340892755
    endloop
  endfacet
  facet normal 0.5399708797335989 -0.032428837327594315 -0.8410587491663728
    outer loop
      vertex 20.610292441423628 16.138771820888582 6.046636017838048
      vertex 20.575806362825173 20.325806362825173 5.8630553340892755
      vertex 30.027913739478507 29.777913739478507 11.566987298107781
    endloop
  endfacet
  facet normal 0.32085410226063943 0.233114150577337 -0.9179926131854907
    outer loop
      vertex 20.40306061141891 20.56357049189896 5.8630553340892755
      vertex 30.027913739478507 29.777913739478507 11.566987298107781
      vertex 20.575806362825173 20.325806362825173 5.8630553340892755
    endloop
  endfacet
  facet normal 0.31521238169339516 0.22901520065411152 -0.9209740453978791
    outer loop
      vertex 21.798900866054137 21.95941074653419 17.967454604709143
      vertex 27.728284417958527 27.478284417958527 21.36920201362975
      vertex 21.9716466174604 21.7216466174604 17.967454604709143
    endloop
  endfacet
  facet normal 0.006087439153574676 0.5042118307744177 -0.863558552034349
    outer loop
      vertex 11.211998496003812 27.76952839944099 21.285217978176867
      vertex 21.798900866054137 21.95941074653419 17.967454604709143
      vertex 16.535841517776703 21.836111917245056 17.858362659790554
    endloop
  endfacet
  facet normal -0.05011598497150158 0.7467757281287276 0.6631850419966849
    outer loop
      vertex 4.861420939930011 27.945457047532205 36.661852943751036
      vertex 20.32749615880217 24.4127894372047 41.80854323987093
      vertex 24.401416743555604 24.561926624035657 41.948468759352565
    endloop
  endfacet
  facet normal -0.05011598497150064 0.7467757281287295 0.6631850419966832
    outer loop
      vertex 4.861420939930011 27.945457047532205 36.661852943751036
      vertex 24.401416743555604 24.561926624035657 41.948468759352565
      vertex 29.651853550081658 29.81236343056171 36.43301270189222
    endloop
  endfacet
  facet normal 0.006087439153574609 0.5042118307744177 -0.8635585520343491
    outer loop
      vertex 11.211998496003812 27.76952839944099 21.285217978176867
      vertex 27.555538666552263 27.716048547032315 21.36920201362975
      vertex 21.798900866054137 21.95941074653419 17.967454604709143
    endloop
  endfacet
  facet normal 0.00608743915357461 0.5042118307744177 -0.8635585520343491
    outer loop
      vertex 11.211998496003812 27.76952839944099 21.285217978176867
      vertex 31.27476067957623 31.43527056005628 23.56698729810778
      vertex 27.555538666552263 27.716048547032315 21.36920201362975
    endloop
  endfacet
  facet normal 0.5399708797335995 -0.032428837327594676 -0.8410587491663725
    outer loop
      vertex 22.937682689615063 -0.24455938171382527 8.172546180504854
      vertex 30.027913739478507 29.777913739478507 11.566987298107781
      vertex 29.851020443072578 26.832472682977624 11.566987298107781
    endloop
  endfacet
  facet normal 0.5725568207570707 -0.009368044284254811 0.8198115190401045
    outer loop
      vertex 21.737344430801485 17.02040392916673 18.077369949031706
      vertex 29.402943745709056 26.4480867306342 12.831441924021096
      vertex 21.959993429446953 21.48782692621147 17.972921323527345
    endloop
  endfacet
  facet normal 0.6467368490999682 -0.02151615221714142 -0.762409668885445
    outer loop
      vertex 24.979535277277417 -0.5421734165279846 32.30694945224845
      vertex 23.08879168062868 22.83879168062868 30.0432295250213
      vertex 29.824599301487922 29.574599301487922 35.56698729810778
    endloop
  endfacet
  facet normal 0.5432174980904012 0.02013920249287507 0.8393504406928942
    outer loop
      vertex 23.087835945603445 22.500698941032912 30.05196019314043
      vertex 30.727224231746295 25.69789475005089 25.031127223698114
      vertex 23.08879168062868 22.83879168062868 30.0432295250213
    endloop
  endfacet
  facet normal 0.7584048475306221 -0.078735944261588 0.6470106168551564
    outer loop
      vertex 29.01653322578683 25.69695495079834 36.90832366505596
      vertex 24.551012428324906 24.02676322256514 41.93941343688318
      vertex 24.340824337548263 21.326564288207543 41.85719678623357
    endloop
  endfacet
  facet normal 0.6467368490999698 -0.021516152217141874 -0.7624096688854436
    outer loop
      vertex 24.979535277277417 -0.5421734165279846 32.30694945224845
      vertex 29.824599301487922 29.574599301487922 35.56698729810778
      vertex 29.700844281053676 25.854745901669475 35.56698729810778
    endloop
  endfacet
  facet normal 0.7329996781371365 0.5325554391808743 -0.4231975614883908
    outer loop
      vertex 25.25 25 -0.4330127018922193
      vertex 25.077254248593736 25.23776412907379 -0.4330127018922193
      vertex 25.154508497187475 25.475528258147577 0
    endloop
  endfacet
  facet normal 0.7329996781371404 0.5325554391808718 -0.42319756148838705
    outer loop
      vertex 25.25 25 -0.4330127018922193
      vertex 25.154508497187475 25.475528258147577 0
      vertex 25.5 25 0
    endloop
  endfacet
  facet normal 0.7329996781371404 0.5325554391808718 0.42319756148838705
    outer loop
      vertex 25.25 25 0.4330127018922193
      vertex 25.5 25 0
      vertex 25.154508497187475 25.475528258147577 0
    endloop
  endfacet
  facet normal 0.7329996781371365 0.5325554391808743 0.4231975614883908
    outer loop
      vertex 25.25 25 0.4330127018922193
      vertex 25.154508497187475 25.475528258147577 0
      vertex 25.077254248593736 25.23776412907379 0.4330127018922193
    endloop
  endfacet
  facet normal 0.3208541022606388 0.23311415057733778 -0.9179926131854906
    outer loop
      vertex 20.40306061141891 20.56357049189896 5.8630553340892755
      vertex 29.855167988072242 30.015677868552295 11.566987298107781
      vertex 30.027913739478507 29.777913739478507 11.566987298107781
    endloop
  endfacet
  facet normal 0.5725568207570659 -0.009368044284246275 0.8198115190401082
    outer loop
      vertex 21.959993429446953 21.48782692621147 17.972921323527345
      vertex 29.745062023486984 28.2708857336604 12.613335581876587
      vertex 21.9716466174604 21.7216466174604 17.967454604709143
    endloop
  endfacet
  facet normal 0.3570441245403809 0.25940774085303087 0.8973444807412144
    outer loop
      vertex 21.798900866054137 21.95941074653419 17.967454604709143
      vertex 21.9716466174604 21.7216466174604 17.967454604709143
      vertex 29.40061770809441 29.56112758857446 12.745276691944262
    endloop
  endfacet
  facet normal 0.5725568207570706 -0.009368044284254163 0.8198115190401045
    outer loop
      vertex 21.959993429446953 21.48782692621147 17.972921323527345
      vertex 29.402943745709056 26.4480867306342 12.831441924021096
      vertex 29.745062023486984 28.2708857336604 12.613335581876587
    endloop
  endfacet
  facet normal 0.5725568207570699 -0.009368044284253484 0.8198115190401052
    outer loop
      vertex 21.9716466174604 21.7216466174604 17.967454604709143
      vertex 29.745062023486984 28.2708857336604 12.613335581876587
      vertex 29.573363459500673 29.323363459500673 12.745276691944262
    endloop
  endfacet
  facet normal 0.3570441245403818 0.2594077408530316 0.8973444807412139
    outer loop
      vertex 21.9716466174604 21.7216466174604 17.967454604709143
      vertex 29.573363459500673 29.323363459500673 12.745276691944262
      vertex 29.40061770809441 29.56112758857446 12.745276691944262
    endloop
  endfacet
  facet normal 0.6833643837363237 -0.041040569533287115 0.7289230348212752
    outer loop
      vertex 29.402943745709056 26.4480867306342 12.831441924021096
      vertex 29.851020443072578 26.832472682977624 12.433012701892219
      vertex 29.745062023486984 28.2708857336604 12.613335581876587
    endloop
  endfacet
  facet normal 0.3570441245403783 0.259407740853029 0.897344480741216
    outer loop
      vertex 29.40061770809441 29.56112758857446 12.745276691944262
      vertex 29.573363459500673 29.323363459500673 12.745276691944262
      vertex 30.027913739478507 29.777913739478507 12.433012701892219
    endloop
  endfacet
  facet normal 0.8648564321840816 -0.05194037234907641 -0.4993250939318595
    outer loop
      vertex 29.851020443072578 26.832472682977624 11.566987298107781
      vertex 30.027913739478507 29.777913739478507 11.566987298107781
      vertex 30.101020443072578 26.832472682977624 12
    endloop
  endfacet
  facet normal 0.8648564321840816 -0.05194037234907641 0.4993250939318595
    outer loop
      vertex 30.101020443072578 26.832472682977624 12
      vertex 30.027913739478507 29.777913739478507 12.433012701892219
      vertex 29.851020443072578 26.832472682977624 12.433012701892219
    endloop
  endfacet
  facet normal 0.6833643837363218 -0.04104056953328745 0.728923034821277
    outer loop
      vertex 29.851020443072578 26.832472682977624 12.433012701892219
      vertex 30.027913739478507 29.777913739478507 12.433012701892219
      vertex 29.745062023486984 28.2708857336604 12.613335581876587
    endloop
  endfacet
  facet normal 0.8648564321840816 -0.05194037234907641 -0.4993250939318595
    outer loop
      vertex 30.101020443072578 26.832472682977624 12
      vertex 30.027913739478507 29.777913739478507 11.566987298107781
      vertex 30.277913739478507 29.777913739478507 12
    endloop
  endfacet
  facet normal 0.8648564321840816 -0.05194037234907641 0.4993250939318595
    outer loop
      vertex 30.101020443072578 26.832472682977624 12
      vertex 30.277913739478507 29.777913739478507 12
      vertex 30.027913739478507 29.777913739478507 12.433012701892219
    endloop
  endfacet
  facet normal 0.5725568207570668 -0.00936804428425412 0.8198115190401072
    outer loop
      vertex 29.573363459500673 29.323363459500673 12.745276691944262
      vertex 29.745062023486984 28.2708857336604 12.613335581876587
      vertex 30.027913739478507 29.777913739478507 12.433012701892219
    endloop
  endfacet
  facet normal 0.7329996781371363 0.5325554391808741 -0.42319756148839127
    outer loop
      vertex 29.855167988072242 30.015677868552295 11.566987298107781
      vertex 29.932422236665982 30.253441997626084 12
      vertex 30.027913739478507 29.777913739478507 11.566987298107781
    endloop
  endfacet
  facet normal 0.7329996781371363 0.5325554391808742 0.42319756148839127
    outer loop
      vertex 29.932422236665982 30.253441997626084 12
      vertex 29.855167988072242 30.015677868552295 12.433012701892219
      vertex 30.027913739478507 29.777913739478507 12.433012701892219
    endloop
  endfacet
  facet normal 0.7329996781371403 0.5325554391808717 -0.42319756148838755
    outer loop
      vertex 30.027913739478507 29.777913739478507 11.566987298107781
      vertex 29.932422236665982 30.253441997626084 12
      vertex 30.277913739478507 29.777913739478507 12
    endloop
  endfacet
  facet normal 0.7329996781371403 0.5325554391808717 0.42319756148838755
    outer loop
      vertex 29.932422236665982 30.253441997626084 12
      vertex 30.027913739478507 29.777913739478507 12.433012701892219
      vertex 30.277913739478507 29.777913739478507 12
    endloop
  endfacet
  facet normal 0.3570441245403783 0.25940774085302915 0.897344480741216
    outer loop
      vertex 29.40061770809441 29.56112758857446 12.745276691944262
      vertex 30.027913739478507 29.777913739478507 12.433012701892219
      vertex 29.855167988072242 30.015677868552295 12.433012701892219
    endloop
  endfacet
  facet normal 0.3152123816933946 0.2290152006541109 -0.9209740453978792
    outer loop
      vertex 21.798900866054137 21.95941074653419 17.967454604709143
      vertex 27.555538666552263 27.716048547032315 21.36920201362975
      vertex 27.728284417958527 27.478284417958527 21.36920201362975
    endloop
  endfacet
  facet normal -0.05294917065390008 0.5924760099617099 0.8038461065072817
    outer loop
      vertex 18.246394313548866 23.012017243808867 29.783208823805932
      vertex 22.916045929222417 23.07655580970247 30.0432295250213
      vertex 31.27476067957623 31.43527056005628 24.43301270189222
    endloop
  endfacet
  facet normal 0.3503908377581003 0.2545738450546881 0.9013425643057407
    outer loop
      vertex 22.916045929222417 23.07655580970247 30.0432295250213
      vertex 23.08879168062868 22.83879168062868 30.0432295250213
      vertex 31.447506430982493 31.197506430982493 24.43301270189222
    endloop
  endfacet
  facet normal 0.40959786971279305 0.297590271726745 -0.862362809553116
    outer loop
      vertex 22.916045929222417 23.07655580970247 30.0432295250213
      vertex 29.824599301487922 29.574599301487922 35.56698729810778
      vertex 23.08879168062868 22.83879168062868 30.0432295250213
    endloop
  endfacet
  facet normal 0.7584048475306246 -0.07873594426159986 0.6470106168551522
    outer loop
      vertex 29.43555286550735 27.707692918458417 36.661852943751036
      vertex 24.574162494961868 24.324162494961868 41.948468759352565
      vertex 24.551012428324906 24.02676322256514 41.93941343688318
    endloop
  endfacet
  facet normal 0.4095978697127941 0.297590271726745 -0.8623628095531156
    outer loop
      vertex 22.916045929222417 23.07655580970247 30.0432295250213
      vertex 29.651853550081658 29.81236343056171 35.56698729810778
      vertex 29.824599301487922 29.574599301487922 35.56698729810778
    endloop
  endfacet
  facet normal 0.4862612012799777 0.35328944244888055 0.7992099936711954
    outer loop
      vertex 29.651853550081658 29.81236343056171 36.43301270189222
      vertex 24.401416743555604 24.561926624035657 41.948468759352565
      vertex 24.574162494961868 24.324162494961868 41.948468759352565
    endloop
  endfacet
  facet normal 0.7584048475306221 -0.07873594426158846 0.6470106168551564
    outer loop
      vertex 29.01653322578683 25.69695495079834 36.90832366505596
      vertex 29.43555286550735 27.707692918458417 36.661852943751036
      vertex 24.551012428324906 24.02676322256514 41.93941343688318
    endloop
  endfacet
  facet normal 0.5432174980904015 0.020139202492873962 0.8393504406928942
    outer loop
      vertex 23.08879168062868 22.83879168062868 30.0432295250213
      vertex 30.727224231746295 25.69789475005089 25.031127223698114
      vertex 31.447506430982493 31.197506430982493 24.43301270189222
    endloop
  endfacet
  facet normal 0.8645197143494563 -0.05894249741497277 0.49913068979939557
    outer loop
      vertex 30.977224231746295 25.69789475005089 24.598114521805893
      vertex 31.447506430982493 31.197506430982493 24.43301270189222
      vertex 30.727224231746295 25.69789475005089 25.031127223698114
    endloop
  endfacet
  facet normal 0.9212128830467473 -0.0792250808008439 0.38090708930236467
    outer loop
      vertex 30.977224231746295 25.69789475005089 24.598114521805893
      vertex 31.257290430623826 26.07876566411418 24
      vertex 31.697506430982493 31.197506430982493 24
    endloop
  endfacet
  facet normal 0.758404847530623 -0.07873594426159121 0.6470106168551549
    outer loop
      vertex 29.43555286550735 27.707692918458417 36.661852943751036
      vertex 29.824599301487922 29.574599301487922 36.43301270189222
      vertex 24.574162494961868 24.324162494961868 41.948468759352565
    endloop
  endfacet
  facet normal 0.5733320168798869 -0.01907406229181941 0.819101079579394
    outer loop
      vertex 29.01653322578683 25.69695495079834 36.90832366505596
      vertex 29.700844281053676 25.854745901669475 36.43301270189222
      vertex 29.43555286550735 27.707692918458417 36.661852943751036
    endloop
  endfacet
  facet normal 0.5733320168798826 -0.01907406229182042 0.819101079579397
    outer loop
      vertex 29.700844281053676 25.854745901669475 36.43301270189222
      vertex 29.824599301487922 29.574599301487922 36.43301270189222
      vertex 29.43555286550735 27.707692918458417 36.661852943751036
    endloop
  endfacet
  facet normal 0.865666179555224 -0.028799666068915673 -0.4997926017945662
    outer loop
      vertex 29.700844281053676 25.854745901669475 35.56698729810778
      vertex 29.824599301487922 29.574599301487922 35.56698729810778
      vertex 29.950844281053676 25.854745901669475 36
    endloop
  endfacet
  facet normal 0.865666179555224 -0.028799666068915673 0.4997926017945662
    outer loop
      vertex 29.700844281053676 25.854745901669475 36.43301270189222
      vertex 29.950844281053676 25.854745901669475 36
      vertex 29.824599301487922 29.574599301487922 36.43301270189222
    endloop
  endfacet
  facet normal 0.3152123816933951 0.22901520065411146 -0.920974045397879
    outer loop
      vertex 27.728284417958527 27.478284417958527 21.36920201362975
      vertex 27.555538666552263 27.716048547032315 21.36920201362975
      vertex 31.27476067957623 31.43527056005628 23.56698729810778
    endloop
  endfacet
  facet normal 0.35039083775810137 0.254573845054687 0.9013425643057406
    outer loop
      vertex 22.916045929222417 23.07655580970247 30.0432295250213
      vertex 31.447506430982493 31.197506430982493 24.43301270189222
      vertex 31.27476067957623 31.43527056005628 24.43301270189222
    endloop
  endfacet
  facet normal 0.5423461447125117 -0.04664222345085738 -0.8388594413291391
    outer loop
      vertex 27.728284417958527 27.478284417958527 21.36920201362975
      vertex 31.447506430982493 31.197506430982493 23.56698729810778
      vertex 31.007290430623826 26.07876566411418 23.56698729810778
    endloop
  endfacet
  facet normal 0.8636333824770696 -0.07427319544507487 -0.4986189658542818
    outer loop
      vertex 31.007290430623826 26.07876566411418 23.56698729810778
      vertex 31.447506430982493 31.197506430982493 23.56698729810778
      vertex 31.257290430623826 26.07876566411418 24
    endloop
  endfacet
  facet normal 0.8645197143494563 -0.058942497414972754 0.49913068979939557
    outer loop
      vertex 30.977224231746295 25.69789475005089 24.598114521805893
      vertex 31.697506430982493 31.197506430982493 24
      vertex 31.447506430982493 31.197506430982493 24.43301270189222
    endloop
  endfacet
  facet normal 0.8636333824770696 -0.07427319544507487 -0.49861896585428167
    outer loop
      vertex 31.257290430623826 26.07876566411418 24
      vertex 31.447506430982493 31.197506430982493 23.56698729810778
      vertex 31.697506430982493 31.197506430982493 24
    endloop
  endfacet
  facet normal 0.3152123816933946 0.22901520065411113 -0.9209740453978791
    outer loop
      vertex 27.728284417958527 27.478284417958527 21.36920201362975
      vertex 31.27476067957623 31.43527056005628 23.56698729810778
      vertex 31.447506430982493 31.197506430982493 23.56698729810778
    endloop
  endfacet
  facet normal 0.7329996781371368 0.5325554391808747 -0.42319756148838983
    outer loop
      vertex 31.447506430982493 31.197506430982493 23.56698729810778
      vertex 31.27476067957623 31.43527056005628 23.56698729810778
      vertex 31.352014928169968 31.67303468913007 24
    endloop
  endfacet
  facet normal 0.7329996781371368 0.5325554391808747 0.42319756148838983
    outer loop
      vertex 31.447506430982493 31.197506430982493 24.43301270189222
      vertex 31.352014928169968 31.67303468913007 24
      vertex 31.27476067957623 31.43527056005628 24.43301270189222
    endloop
  endfacet
  facet normal 0.732999678137141 0.5325554391808721 -0.42319756148838616
    outer loop
      vertex 31.447506430982493 31.197506430982493 23.56698729810778
      vertex 31.352014928169968 31.67303468913007 24
      vertex 31.697506430982493 31.197506430982493 24
    endloop
  endfacet
  facet normal 0.732999678137141 0.5325554391808721 0.42319756148838616
    outer loop
      vertex 31.447506430982493 31.197506430982493 24.43301270189222
      vertex 31.697506430982493 31.197506430982493 24
      vertex 31.352014928169968 31.67303468913007 24
    endloop
  endfacet
  facet normal 0.4862612012799777 0.35328944244888083 0.7992099936711953
    outer loop
      vertex 29.651853550081658 29.81236343056171 36.43301270189222
      vertex 24.574162494961868 24.324162494961868 41.948468759352565
      vertex 29.824599301487922 29.574599301487922 36.43301270189222
    endloop
  endfacet
  facet normal 0.865666179555224 -0.028799666068915673 -0.4997926017945662
    outer loop
      vertex 29.950844281053676 25.854745901669475 36
      vertex 29.824599301487922 29.574599301487922 35.56698729810778
      vertex 30.074599301487922 29.574599301487922 36
    endloop
  endfacet
  facet normal 0.865666179555224 -0.028799666068915673 0.4997926017945662
    outer loop
      vertex 29.950844281053676 25.854745901669475 36
      vertex 30.074599301487922 29.574599301487922 36
      vertex 29.824599301487922 29.574599301487922 36.43301270189222
    endloop
  endfacet
  facet normal 0.7329996781371357 0.5325554391808738 -0.42319756148839266
    outer loop
      vertex 29.651853550081658 29.81236343056171 35.56698729810778
      vertex 29.729107798675397 30.0501275596355 36
      vertex 29.824599301487922 29.574599301487922 35.56698729810778
    endloop
  endfacet
  facet normal 0.7329996781371357 0.5325554391808738 0.42319756148839266
    outer loop
      vertex 29.651853550081658 29.81236343056171 36.43301270189222
      vertex 29.824599301487922 29.574599301487922 36.43301270189222
      vertex 29.729107798675397 30.0501275596355 36
    endloop
  endfacet
  facet normal 0.7329996781371398 0.5325554391808713 -0.423197561488389
    outer loop
      vertex 29.729107798675397 30.0501275596355 36
      vertex 30.074599301487922 29.574599301487922 36
      vertex 29.824599301487922 29.574599301487922 35.56698729810778
    endloop
  endfacet
  facet normal 0.7329996781371398 0.5325554391808713 0.423197561488389
    outer loop
      vertex 29.729107798675397 30.0501275596355 36
      vertex 29.824599301487922 29.574599301487922 36.43301270189222
      vertex 30.074599301487922 29.574599301487922 36
    endloop
  endfacet
  facet normal 0.5042189690243245 -0.050760282514849035 -0.8620827251459456
    outer loop
      vertex 20.053011531891887 14.983980742983938 78.14423749523456
      vertex 20.26854279035893 20.01854279035893 77.97385843688879
      vertex 30.9017932147531 30.6517932147531 83.56698729810778
    endloop
  endfacet
  facet normal 0.3164188537124368 0.22989175388479374 0.9203417248560889
    outer loop
      vertex 20.095797038952664 20.256306919432717 77.97385843688879
      vertex 20.26854279035893 20.01854279035893 77.97385843688879
      vertex 29.602924092850216 29.352924092850216 72.43301270189222
    endloop
  endfacet
  facet normal 0.2851113643452494 0.20714553141445632 -0.9358430630913568
    outer loop
      vertex 20.095797038952664 20.256306919432717 77.97385843688879
      vertex 30.9017932147531 30.6517932147531 83.56698729810778
      vertex 20.26854279035893 20.01854279035893 77.97385843688879
    endloop
  endfacet
  facet normal -0.04154913596538468 0.5076776741536544 0.8605446231698074
    outer loop
      vertex 15.260086345818085 20.944610725071694 53.80551129647694
      vertex 20.890891923993372 21.051401804473425 54.01437862875909
      vertex 30.31010528827925 30.470615168759302 48.91230252699299
    endloop
  endfacet
  facet normal -0.0029999369361811486 0.5736821112076301 -0.8190725460291874
    outer loop
      vertex 16.95617903950414 21.506765522288337 65.95065861975093
      vertex 29.430178341443952 29.590688221924005 71.56698729810778
      vertex 21.47595078810585 21.6364606685859 66.02494355998559
    endloop
  endfacet
  facet normal 0.046181786853984975 0.42847064198178403 -0.9023747289916152
    outer loop
      vertex 14.289417862969898 20.54584926702294 77.81418134785199
      vertex 30.729047463346834 30.889557343826887 83.56698729810778
      vertex 20.095797038952664 20.256306919432717 77.97385843688879
    endloop
  endfacet
  facet normal 0.653452026009588 -0.027832967757209566 -0.7564560632381705
    outer loop
      vertex 26.241879755433054 0.17156826087583188 44.27776676470357
      vertex 24.551012428324906 24.02676322256514 41.93941343688318
      vertex 24.574162494961868 24.324162494961868 41.948468759352565
    endloop
  endfacet
  facet normal 0.653452026009549 -0.02783296775721578 -0.7564560632382039
    outer loop
      vertex 26.241879755433054 0.17156826087583188 44.27776676470357
      vertex 24.574162494961868 24.324162494961868 41.948468759352565
      vertex 31.36769341285057 31.11769341285057 47.56698729810778
    endloop
  endfacet
  facet normal 0.5229806956069346 -0.029882520762364494 -0.8518205368358839
    outer loop
      vertex 23.364638813908243 -0.43978610855881706 56.172679554836975
      vertex 21.063637675399637 20.813637675399637 54.01437862875909
      vertex 30.655695279456026 30.405695279456026 59.56698729810778
    endloop
  endfacet
  facet normal 0.4720663058618435 0.005438130318317215 0.8815462719611453
    outer loop
      vertex 21.055199185846458 20.47814764968474 54.02096701243841
      vertex 30.263941893905375 25.747017818918664 49.05720039732758
      vertex 21.063637675399637 20.813637675399637 54.01437862875909
    endloop
  endfacet
  facet normal 0.6534520260095507 -0.027832967757216068 -0.7564560632382025
    outer loop
      vertex 26.241879755433054 0.17156826087583188 44.27776676470357
      vertex 31.36769341285057 31.11769341285057 47.56698729810778
      vertex 31.167156895268487 26.409571920167203 47.56698729810778
    endloop
  endfacet
  facet normal 0.5229806956069356 -0.029882520762364674 -0.8518205368358834
    outer loop
      vertex 23.364638813908243 -0.43978610855881706 56.172679554836975
      vertex 30.655695279456026 30.405695279456026 59.56698729810778
      vertex 30.478471968479607 27.304070380095375 59.56698729810778
    endloop
  endfacet
  facet normal 0.49807594852330894 0.03971276041303284 0.8662235543801514
    outer loop
      vertex 21.631442495497073 18.32851998354606 66.17561945614597
      vertex 30.264910041075353 26.881581490142125 60.8192790567688
      vertex 21.64744379905608 21.175784486227297 66.03588347590944
    endloop
  endfacet
  facet normal 0.4980759485232766 0.03971276041309597 0.8662235543801671
    outer loop
      vertex 21.64744379905608 21.175784486227297 66.03588347590944
      vertex 30.264910041075353 26.881581490142125 60.8192790567688
      vertex 21.647651787691213 21.212793887093174 66.03406715540143
    endloop
  endfacet
  facet normal 0.4980759485233096 0.039712760413031095 0.8662235543801511
    outer loop
      vertex 21.647651787691213 21.212793887093174 66.03406715540143
      vertex 30.264910041075353 26.881581490142125 60.8192790567688
      vertex 21.648696539512112 21.398696539512112 66.0249435599856
    endloop
  endfacet
  facet normal 0.8652902817485935 -0.04119430885349522 0.49957557709472006
    outer loop
      vertex 27.155561742658406 -1.1586209996887173 63.8926721006004
      vertex 30.514910041075353 26.881581490142125 60.38626635487658
      vertex 30.264910041075353 26.881581490142125 60.8192790567688
    endloop
  endfacet
  facet normal 0.896672472040698 -0.05123484286872275 0.43971976162169574
    outer loop
      vertex 27.405561742658406 -1.1586209996887173 63.45965939870818
      vertex 30.728471968479607 27.304070380095375 60
      vertex 30.514910041075353 26.881581490142125 60.38626635487658
    endloop
  endfacet
  facet normal 0.4121823620923945 0.2994680153538312 -0.8604792897914346
    outer loop
      vertex 24.574162494961868 24.324162494961868 41.948468759352565
      vertex 24.401416743555604 24.561926624035657 41.948468759352565
      vertex 31.194947661444306 31.35545754192436 47.56698729810778
    endloop
  endfacet
  facet normal 0.2925055097224338 0.21251769248923502 0.9323501258438648
    outer loop
      vertex 20.890891923993372 21.051401804473425 54.01437862875909
      vertex 21.063637675399637 20.813637675399637 54.01437862875909
      vertex 30.482851039685514 30.232851039685514 48.91230252699299
    endloop
  endfacet
  facet normal 0.3097349658147931 0.22503562507473523 -0.9238090811411912
    outer loop
      vertex 20.890891923993372 21.051401804473425 54.01437862875909
      vertex 30.48294952804976 30.643459408529814 59.56698729810778
      vertex 21.063637675399637 20.813637675399637 54.01437862875909
    endloop
  endfacet
  facet normal 0.4720663058618437 0.005438130318316679 0.8815462719611451
    outer loop
      vertex 21.063637675399637 20.813637675399637 54.01437862875909
      vertex 30.263941893905375 25.747017818918664 49.05720039732758
      vertex 30.482851039685514 30.232851039685514 48.91230252699299
    endloop
  endfacet
  facet normal 0.29250550972243355 0.21251769248923436 0.9323501258438648
    outer loop
      vertex 20.890891923993372 21.051401804473425 54.01437862875909
      vertex 30.482851039685514 30.232851039685514 48.91230252699299
      vertex 30.31010528827925 30.470615168759302 48.91230252699299
    endloop
  endfacet
  facet normal 0.3097349658147942 0.2250356250747351 -0.9238090811411909
    outer loop
      vertex 21.063637675399637 20.813637675399637 54.01437862875909
      vertex 30.48294952804976 30.643459408529814 59.56698729810778
      vertex 30.655695279456026 30.405695279456026 59.56698729810778
    endloop
  endfacet
  facet normal 0.5805625514158915 -0.024728332197975926 0.8138400539910635
    outer loop
      vertex 30.263941893905375 25.747017818918664 49.05720039732758
      vertex 31.167156895268487 26.409571920167203 48.43301270189222
      vertex 30.8655971282376 28.674574454199632 48.71695552543526
    endloop
  endfacet
  facet normal 0.8652902817485933 -0.04119430885349484 0.4995755770947202
    outer loop
      vertex 30.514910041075353 26.881581490142125 60.38626635487658
      vertex 30.724283549025767 28.7697184871858 60.179313958059204
      vertex 30.264910041075353 26.881581490142125 60.8192790567688
    endloop
  endfacet
  facet normal 0.896672472040698 -0.051234842868722326 0.4397197616216959
    outer loop
      vertex 30.514910041075353 26.881581490142125 60.38626635487658
      vertex 30.728471968479607 27.304070380095375 60
      vertex 30.724283549025767 28.7697184871858 60.179313958059204
    endloop
  endfacet
  facet normal 0.4121823620923942 0.29946801535383216 -0.8604792897914344
    outer loop
      vertex 24.574162494961868 24.324162494961868 41.948468759352565
      vertex 31.194947661444306 31.35545754192436 47.56698729810778
      vertex 31.36769341285057 31.11769341285057 47.56698729810778
    endloop
  endfacet
  facet normal 0.4720663058618501 0.005438130318316261 0.8815462719611417
    outer loop
      vertex 30.263941893905375 25.747017818918664 49.05720039732758
      vertex 30.8655971282376 28.674574454199632 48.71695552543526
      vertex 30.482851039685514 30.232851039685514 48.91230252699299
    endloop
  endfacet
  facet normal 0.8654368168839589 -0.036862193491595203 -0.49966017919456923
    outer loop
      vertex 31.167156895268487 26.409571920167203 47.56698729810778
      vertex 31.61769341285057 31.11769341285057 48
      vertex 31.417156895268487 26.409571920167203 48
    endloop
  endfacet
  facet normal 0.8654368168839589 -0.036862193491595203 0.49966017919456923
    outer loop
      vertex 31.167156895268487 26.409571920167203 48.43301270189222
      vertex 31.417156895268487 26.409571920167203 48
      vertex 31.61769341285057 31.11769341285057 48
    endloop
  endfacet
  facet normal 0.8654368168839589 -0.03686219349159521 -0.4996601791945691
    outer loop
      vertex 31.167156895268487 26.409571920167203 47.56698729810778
      vertex 31.36769341285057 31.11769341285057 47.56698729810778
      vertex 31.61769341285057 31.11769341285057 48
    endloop
  endfacet
  facet normal 0.5805625514158854 -0.02472833219797727 0.8138400539910675
    outer loop
      vertex 31.167156895268487 26.409571920167203 48.43301270189222
      vertex 31.36769341285057 31.11769341285057 48.43301270189222
      vertex 30.8655971282376 28.674574454199632 48.71695552543526
    endloop
  endfacet
  facet normal 0.8654368168839589 -0.03686219349159521 0.4996601791945691
    outer loop
      vertex 31.167156895268487 26.409571920167203 48.43301270189222
      vertex 31.61769341285057 31.11769341285057 48
      vertex 31.36769341285057 31.11769341285057 48.43301270189222
    endloop
  endfacet
  facet normal 0.29250550972243294 0.21251769248923444 0.932350125843865
    outer loop
      vertex 30.31010528827925 30.470615168759302 48.91230252699299
      vertex 30.482851039685514 30.232851039685514 48.91230252699299
      vertex 31.194947661444306 31.35545754192436 48.43301270189222
    endloop
  endfacet
  facet normal 0.4720663058618442 0.0054381303183144245 0.8815462719611449
    outer loop
      vertex 30.8655971282376 28.674574454199632 48.71695552543526
      vertex 31.36769341285057 31.11769341285057 48.43301270189222
      vertex 30.482851039685514 30.232851039685514 48.91230252699299
    endloop
  endfacet
  facet normal 0.7329996781371357 0.5325554391808738 -0.42319756148839266
    outer loop
      vertex 31.194947661444306 31.35545754192436 47.56698729810778
      vertex 31.272201910038046 31.593221670998147 48
      vertex 31.36769341285057 31.11769341285057 47.56698729810778
    endloop
  endfacet
  facet normal 0.7329996781371398 0.5325554391808713 -0.423197561488389
    outer loop
      vertex 31.36769341285057 31.11769341285057 47.56698729810778
      vertex 31.272201910038046 31.593221670998147 48
      vertex 31.61769341285057 31.11769341285057 48
    endloop
  endfacet
  facet normal 0.29250550972243305 0.21251769248923444 0.932350125843865
    outer loop
      vertex 30.482851039685514 30.232851039685514 48.91230252699299
      vertex 31.36769341285057 31.11769341285057 48.43301270189222
      vertex 31.194947661444306 31.35545754192436 48.43301270189222
    endloop
  endfacet
  facet normal 0.7329996781371357 0.5325554391808738 0.42319756148839266
    outer loop
      vertex 31.194947661444306 31.35545754192436 48.43301270189222
      vertex 31.36769341285057 31.11769341285057 48.43301270189222
      vertex 31.272201910038046 31.593221670998147 48
    endloop
  endfacet
  facet normal 0.7329996781371398 0.5325554391808713 0.423197561488389
    outer loop
      vertex 31.36769341285057 31.11769341285057 48.43301270189222
      vertex 31.61769341285057 31.11769341285057 48
      vertex 31.272201910038046 31.593221670998147 48
    endloop
  endfacet
  facet normal 0.8652902817485933 -0.04119430885349484 0.4995755770947202
    outer loop
      vertex 30.474283549025767 28.7697184871858 60.61232665995142
      vertex 30.264910041075353 26.881581490142125 60.8192790567688
      vertex 30.724283549025767 28.7697184871858 60.179313958059204
    endloop
  endfacet
  facet normal 0.8649670560996637 -0.049423231545216 -0.4993889626793017
    outer loop
      vertex 30.478471968479607 27.304070380095375 59.56698729810778
      vertex 30.905695279456026 30.405695279456026 60
      vertex 30.728471968479607 27.304070380095375 60
    endloop
  endfacet
  facet normal 0.49807594852330184 0.03971276041303492 0.8662235543801554
    outer loop
      vertex 30.474283549025767 28.7697184871858 60.61232665995142
      vertex 30.655695279456026 30.405695279456026 60.43301270189222
      vertex 30.145101692209924 29.895101692209924 60.75001108491673
    endloop
  endfacet
  facet normal 0.8649670560996637 -0.049423231545216 -0.4993889626793018
    outer loop
      vertex 30.478471968479607 27.304070380095375 59.56698729810778
      vertex 30.655695279456026 30.405695279456026 59.56698729810778
      vertex 30.905695279456026 30.405695279456026 60
    endloop
  endfacet
  facet normal 0.8652902817485933 -0.04119430885349726 0.49957557709472017
    outer loop
      vertex 30.474283549025767 28.7697184871858 60.61232665995142
      vertex 30.724283549025767 28.7697184871858 60.179313958059204
      vertex 30.905695279456026 30.405695279456026 60
    endloop
  endfacet
  facet normal 0.896672472040694 -0.05123484286872329 0.43971976162170373
    outer loop
      vertex 30.728471968479607 27.304070380095375 60
      vertex 30.905695279456026 30.405695279456026 60
      vertex 30.724283549025767 28.7697184871858 60.179313958059204
    endloop
  endfacet
  facet normal 0.8652902817485932 -0.04119430885349728 0.4995755770947202
    outer loop
      vertex 30.474283549025767 28.7697184871858 60.61232665995142
      vertex 30.905695279456026 30.405695279456026 60
      vertex 30.655695279456026 30.405695279456026 60.43301270189222
    endloop
  endfacet
  facet normal 0.32859142232874683 0.2387356426596064 0.9138013843805862
    outer loop
      vertex 30.655695279456026 30.405695279456026 60.43301270189222
      vertex 30.48294952804976 30.643459408529814 60.43301270189222
      vertex 30.145101692209924 29.895101692209924 60.75001108491673
    endloop
  endfacet
  facet normal 0.7329996781371357 0.5325554391808738 -0.42319756148839266
    outer loop
      vertex 30.655695279456026 30.405695279456026 59.56698729810778
      vertex 30.48294952804976 30.643459408529814 59.56698729810778
      vertex 30.5602037766435 30.881223537603603 60
    endloop
  endfacet
  facet normal 0.7329996781371398 0.5325554391808713 -0.423197561488389
    outer loop
      vertex 30.655695279456026 30.405695279456026 59.56698729810778
      vertex 30.5602037766435 30.881223537603603 60
      vertex 30.905695279456026 30.405695279456026 60
    endloop
  endfacet
  facet normal 0.7329996781371357 0.5325554391808738 0.42319756148839266
    outer loop
      vertex 30.655695279456026 30.405695279456026 60.43301270189222
      vertex 30.5602037766435 30.881223537603603 60
      vertex 30.48294952804976 30.643459408529814 60.43301270189222
    endloop
  endfacet
  facet normal 0.7329996781371398 0.5325554391808713 0.423197561488389
    outer loop
      vertex 30.655695279456026 30.405695279456026 60.43301270189222
      vertex 30.905695279456026 30.405695279456026 60
      vertex 30.5602037766435 30.881223537603603 60
    endloop
  endfacet
  facet normal 0.3285914223287205 0.23873564265964192 0.9138013843805863
    outer loop
      vertex 21.47595078810585 21.6364606685859 66.02494355998559
      vertex 21.648696539512112 21.398696539512112 66.0249435599856
      vertex 30.145101692209924 29.895101692209924 60.75001108491673
    endloop
  endfacet
  facet normal 0.599473008742146 -0.04259451140277605 -0.7992607956030358
    outer loop
      vertex 21.64744379905608 21.175784486227297 66.03588347590944
      vertex 21.647651787691213 21.212793887093174 66.03406715540143
      vertex 29.602924092850216 29.352924092850216 71.56698729810778
    endloop
  endfacet
  facet normal 0.599473008742195 -0.042594511402851636 -0.799260795602995
    outer loop
      vertex 21.647651787691213 21.212793887093174 66.03406715540143
      vertex 21.648696539512112 21.398696539512112 66.0249435599856
      vertex 29.602924092850216 29.352924092850216 71.56698729810778
    endloop
  endfacet
  facet normal 0.36111527277503414 0.26236560318326696 -0.8948519710180524
    outer loop
      vertex 21.47595078810585 21.6364606685859 66.02494355998559
      vertex 29.430178341443952 29.590688221924005 71.56698729810778
      vertex 21.648696539512112 21.398696539512112 66.0249435599856
    endloop
  endfacet
  facet normal 0.49807594852330667 0.03971276041303711 0.8662235543801526
    outer loop
      vertex 21.648696539512112 21.398696539512112 66.0249435599856
      vertex 30.264910041075353 26.881581490142125 60.8192790567688
      vertex 30.145101692209924 29.895101692209924 60.75001108491673
    endloop
  endfacet
  facet normal 0.32859142232875166 0.2387356426596092 0.9138013843805838
    outer loop
      vertex 21.47595078810585 21.6364606685859 66.02494355998559
      vertex 30.145101692209924 29.895101692209924 60.75001108491673
      vertex 29.97235594080366 30.132865821283712 60.75001108491673
    endloop
  endfacet
  facet normal 0.36111527277500427 0.2623656031832969 -0.8948519710180557
    outer loop
      vertex 21.648696539512112 21.398696539512112 66.0249435599856
      vertex 29.430178341443952 29.590688221924005 71.56698729810778
      vertex 29.602924092850216 29.352924092850216 71.56698729810778
    endloop
  endfacet
  facet normal 0.31641885371243667 0.22989175388479455 0.9203417248560888
    outer loop
      vertex 20.095797038952664 20.256306919432717 77.97385843688879
      vertex 29.602924092850216 29.352924092850216 72.43301270189222
      vertex 29.430178341443952 29.590688221924005 72.43301270189222
    endloop
  endfacet
  facet normal 0.4980759485233076 0.03971276041303702 0.866223554380152
    outer loop
      vertex 30.474283549025767 28.7697184871858 60.61232665995142
      vertex 30.145101692209924 29.895101692209924 60.75001108491673
      vertex 30.264910041075353 26.881581490142125 60.8192790567688
    endloop
  endfacet
  facet normal 0.3285914223287468 0.23873564265960637 0.9138013843805862
    outer loop
      vertex 30.48294952804976 30.643459408529814 60.43301270189222
      vertex 29.97235594080366 30.132865821283712 60.75001108491673
      vertex 30.145101692209924 29.895101692209924 60.75001108491673
    endloop
  endfacet
  facet normal 0.732999678137138 0.5325554391808754 -0.423197561488387
    outer loop
      vertex 29.430178341443952 29.590688221924005 71.56698729810778
      vertex 29.50743259003769 29.828452350997793 72
      vertex 29.602924092850216 29.352924092850216 71.56698729810778
    endloop
  endfacet
  facet normal 0.7329996781371418 0.5325554391808728 -0.4231975614883832
    outer loop
      vertex 29.602924092850216 29.352924092850216 71.56698729810778
      vertex 29.50743259003769 29.828452350997793 72
      vertex 29.852924092850216 29.352924092850216 72
    endloop
  endfacet
  facet normal 0.732999678137138 0.5325554391808754 0.423197561488387
    outer loop
      vertex 29.430178341443952 29.590688221924005 72.43301270189222
      vertex 29.602924092850216 29.352924092850216 72.43301270189222
      vertex 29.50743259003769 29.828452350997793 72
    endloop
  endfacet
  facet normal 0.7329996781371418 0.5325554391808728 0.4231975614883832
    outer loop
      vertex 29.602924092850216 29.352924092850216 72.43301270189222
      vertex 29.852924092850216 29.352924092850216 72
      vertex 29.50743259003769 29.828452350997793 72
    endloop
  endfacet
  facet normal 0.13699857419964684 0.09953529043214143 0.9855577692991179
    outer loop
      vertex 0.25 0 162.4330127018922
      vertex 25.25 25 156.4330127018922
      vertex 0.07725424859373685 0.23776412907378838 162.4330127018922
    endloop
  endfacet
  facet normal 0.019790719024424062 0.4593491279855597 -0.8880353067639835
    outer loop
      vertex -18.516257209338526 21.942035196527105 89.87201541251912
      vertex 19.066673826406536 28.734962166719196 94.22332698654986
      vertex 15.129787246097766 20.49242014006453 89.87201541251912
    endloop
  endfacet
  facet normal -0.023797938094952155 0.4912010346024159 0.8707210814881796
    outer loop
      vertex -27.741719810799136 28.05673818846666 84.43301270189222
      vertex 15.129787246097766 20.49242014006453 89.87201541251912
      vertex 30.193856199613304 30.354366080093357 84.72030338453568
    endloop
  endfacet
  facet normal -0.03290846593827834 0.5235199280322865 0.8513776587523653
    outer loop
      vertex -26.898664378999264 27.213682756666792 96.43301270189222
      vertex 15.369111087110847 21.12506980613262 101.81074115861826
      vertex 30.67206957102103 30.832579451501083 96.43301270189222
    endloop
  endfacet
  facet normal -0.04400365652848676 0.7000262832718374 -0.7127600444334267
    outer loop
      vertex -26.898664378999264 27.213682756666792 95.56698729810778
      vertex 30.67206957102103 30.832579451501083 95.56698729810778
      vertex 19.066673826406536 28.734962166719196 94.22332698654986
    endloop
  endfacet
  facet normal 0.007781186243890358 0.4934601263371173 0.869733612582608
    outer loop
      vertex -30.640119380172234 30.955137757839758 108.43301270189222
      vertex 15.873878262134028 20.39762181319971 114.00687923195588
      vertex 20.07704252411297 20.23755240459302 114.06009353342482
    endloop
  endfacet
  facet normal 0.00778118624389552 0.49346012633713626 0.8697336125825972
    outer loop
      vertex -30.640119380172234 30.955137757839758 108.43301270189222
      vertex 20.07704252411297 20.23755240459302 114.06009353342482
      vertex 29.840925143249525 30.001435023729577 108.43301270189222
    endloop
  endfacet
  facet normal 0.0325387378094539 0.5850101457077087 -0.8103729758332352
    outer loop
      vertex -17.973005067545103 22.280212859546932 114.00687923195589
      vertex 27.30341440623396 27.46392428671401 119.56698729810778
      vertex 15.873878262134028 20.39762181319971 114.00687923195588
    endloop
  endfacet
  facet normal -0.023797938094951884 0.49120103460240844 0.8707210814881837
    outer loop
      vertex -27.741719810799136 28.05673818846666 84.43301270189222
      vertex 30.193856199613304 30.354366080093357 84.72030338453568
      vertex 30.729047463346834 30.889557343826887 84.43301270189222
    endloop
  endfacet
  facet normal -0.042583404053766406 0.8789422026666865 -0.47502342897022165
    outer loop
      vertex -27.741719810799136 28.05673818846666 83.56698729810778
      vertex 30.806301711940574 31.127321472900675 84
      vertex 30.729047463346834 30.889557343826887 83.56698729810778
    endloop
  endfacet
  facet normal -0.042583404053766406 0.8789422026666865 0.47502342897022165
    outer loop
      vertex -27.741719810799136 28.05673818846666 84.43301270189222
      vertex 30.729047463346834 30.889557343826887 84.43301270189222
      vertex 30.806301711940574 31.127321472900675 84
    endloop
  endfacet
  facet normal -0.05527526558905675 0.8793391681466645 -0.47297703155353266
    outer loop
      vertex -26.821410130405525 27.45144688574058 96
      vertex 30.74932381961477 31.07034358057487 96
      vertex 30.67206957102103 30.832579451501083 95.56698729810778
    endloop
  endfacet
  facet normal -0.05527526558905675 0.8793391681466645 0.47297703155353266
    outer loop
      vertex -26.821410130405525 27.45144688574058 96
      vertex 30.67206957102103 30.832579451501083 96.43301270189222
      vertex 30.74932381961477 31.07034358057487 96
    endloop
  endfacet
  facet normal 0.030366208132041547 0.5085257207210866 -0.8605111764345545
    outer loop
      vertex -20.535744716425874 23.26909965527202 101.81074115861826
      vertex 29.840925143249525 30.001435023729577 107.56698729810778
      vertex 15.369111087110847 21.12506980613262 101.81074115861826
    endloop
  endfacet
  facet normal -0.004236303026958195 0.8768623169684168 -0.48072292520478327
    outer loop
      vertex -26.809846087113257 27.439882842448313 120
      vertex 27.380668654827698 27.7016884157878 120
      vertex 27.30341440623396 27.46392428671401 119.56698729810778
    endloop
  endfacet
  facet normal -0.004236303026958195 0.8768623169684168 0.48072292520478327
    outer loop
      vertex -26.809846087113257 27.439882842448313 120
      vertex 27.30341440623396 27.46392428671401 120.43301270189222
      vertex 27.380668654827698 27.7016884157878 120
    endloop
  endfacet
  facet normal 0.013804275873387655 0.8754268954580774 -0.48315338421276094
    outer loop
      vertex -30.640119380172234 30.955137757839758 107.56698729810778
      vertex 29.918179391843264 30.239199152803366 108
      vertex 29.840925143249525 30.001435023729577 107.56698729810778
    endloop
  endfacet
  facet normal 0.013804275873387655 0.8754268954580774 0.48315338421276094
    outer loop
      vertex -30.640119380172234 30.955137757839758 108.43301270189222
      vertex 29.840925143249525 30.001435023729577 108.43301270189222
      vertex 29.918179391843264 30.239199152803366 108
    endloop
  endfacet
  facet normal -0.00335573114599442 0.694594831643222 0.719393326993655
    outer loop
      vertex -26.577326784194224 27.163466098048563 120.47177789826465
      vertex 17.122246540457866 21.71076431192851 125.94036142661541
      vertex 27.30341440623396 27.46392428671401 120.43301270189222
    endloop
  endfacet
  facet normal -0.01137875645012422 0.7555271306491828 0.6550185331383086
    outer loop
      vertex -27.240550455081447 28.425894544026455 144.54247904543428
      vertex 20.849050601985493 24.35064941608495 150.07844166781098
      vertex 24.031546057468912 24.352565818429014 150.1315164206135
    endloop
  endfacet
  facet normal 0.0025508309055128657 0.98208618643853 -0.18841500913758577
    outer loop
      vertex -23.18129473226801 24.46501205269459 150.07844166781098
      vertex 25.154508497187475 25.475528258147577 156
      vertex 20.849050601985493 24.35064941608495 150.07844166781098
    endloop
  endfacet
  facet normal -0.005986248619530939 0.5742709558072057 -0.8186434108595413
    outer loop
      vertex -17.34933073717789 21.351429698529433 125.94036142661541
      vertex 29.70234315141437 29.862853031894424 131.5669872981078
      vertex 17.122246540457866 21.71076431192851 125.94036142661541
    endloop
  endfacet
  facet normal -0.05137970851806362 0.7814537624310596 0.6218441466597074
    outer loop
      vertex -22.11769122112245 26.09874109110717 132.8816479079667
      vertex 21.75404437398923 24.83412335357289 138.09574744320915
      vertex 29.70234315141437 29.862853031894424 132.4330127018922
    endloop
  endfacet
  facet normal -0.08211842023826282 0.8192946305178713 -0.5674617814991216
    outer loop
      vertex -15.636588605862109 21.086436504858572 138.09574744320915
      vertex 26.061489341478683 28.789279878561885 143.18281765992327
      vertex 21.75404437398923 24.83412335357289 138.09574744320915
    endloop
  endfacet
  facet normal -0.05781964733230868 0.8794012705304576 -0.47255718571595606
    outer loop
      vertex -25.815279590419824 26.445316345754875 132
      vertex 29.77959740000811 30.100617160968213 132
      vertex 29.70234315141437 29.862853031894424 131.5669872981078
    endloop
  endfacet
  facet normal -0.05781964733230868 0.8794012705304576 0.47255718571595606
    outer loop
      vertex -25.815279590419824 26.445316345754875 132
      vertex 29.70234315141437 29.862853031894424 132.4330127018922
      vertex 29.77959740000811 30.100617160968213 132
    endloop
  endfacet
  facet normal -0.011378756450158569 0.7555271306490131 0.6550185331385036
    outer loop
      vertex -27.240550455081447 28.425894544026455 144.54247904543428
      vertex 24.031546057468912 24.352565818429014 150.1315164206135
      vertex 29.21047978894433 29.370989669424382 144.4330127018922
    endloop
  endfacet
  facet normal 0 0.8765515079563075 0.4813080654835563
    outer loop
      vertex -24.922745751406264 25.23776412907379 156.4330127018922
      vertex 25.077254248593736 25.23776412907379 156.4330127018922
      vertex 25.154508497187475 25.475528258147577 156
    endloop
  endfacet
  facet normal -0.008791929788051878 0.5837669093921164 -0.8118736955151205
    outer loop
      vertex -28.19145875219329 28.50647712986082 143.5669872981078
      vertex 29.21047978894433 29.370989669424382 143.5669872981078
      vertex 26.061489341478683 28.789279878561885 143.18281765992327
    endloop
  endfacet
  facet normal -0.013215266582031017 0.8774678046075002 0.4794534477991159
    outer loop
      vertex -28.19145875219329 28.50647712986082 144.4330127018922
      vertex 29.21047978894433 29.370989669424382 144.4330127018922
      vertex 29.28773403753807 29.60875379849817 144
    endloop
  endfacet
  facet normal -0.01321526658203102 0.8774678046075004 -0.47945344779911553
    outer loop
      vertex -28.114204503599552 28.744241258934608 144
      vertex 29.28773403753807 29.60875379849817 144
      vertex 29.21047978894433 29.370989669424382 143.5669872981078
    endloop
  endfacet
  facet normal 0.4818705173910069 -0.009119123032520153 -0.8761949817617316
    outer loop
      vertex 29.06377588995014 -26.299206310376697 95.17962282238955
      vertex 20.807545793973958 14.165991102014512 90.21789504229565
      vertex 20.623038416086377 18.215837194296846 90.07427437219044
    endloop
  endfacet
  facet normal 0.5384532744697724 -0.01078671619225452 -0.8425863267146978
    outer loop
      vertex 28.57226534598015 -27.015456040627114 107.3727410773478
      vertex 21.33986553735245 14.922859512895354 102.21399837185525
      vertex 21.16108672489853 20.643001411213167 102.02652133929513
    endloop
  endfacet
  facet normal 0.43178231439087245 0.05160627766438399 0.9005003193141512
    outer loop
      vertex 27.572056871399187 -0.6728478268433885 87.82475984785732
      vertex 20.623038416086377 18.215837194296846 90.07427437219044
      vertex 20.807545793973958 14.165991102014512 90.21789504229565
    endloop
  endfacet
  facet normal 0.46407895793621085 0.04573715034343817 0.8846122505817465
    outer loop
      vertex 20.406019595265604 14.78059673905359 114.24798068940792
      vertex 26.615364176183206 0.4249472881511762 111.73270954784027
      vertex 20.280037846579045 18.98924630791994 114.09647232024787
    endloop
  endfacet
  facet normal 0.4640789579361776 0.045737150343424314 0.8846122505817644
    outer loop
      vertex 26.615364176183206 0.4249472881511762 111.73270954784027
      vertex 20.24978827551923 19.99978827551923 114.06009353342482
      vertex 20.280037846579045 18.98924630791994 114.09647232024787
    endloop
  endfacet
  facet normal 0.5042189690243253 -0.05076028251484891 -0.8620827251459452
    outer loop
      vertex 25.294759514475132 -25.04475951447513 83.56698729810778
      vertex 21.972140365057424 0.3285051576191509 80.12963540759431
      vertex 30.6166101703353 27.818974059392872 83.56698729810778
    endloop
  endfacet
  facet normal 0.46578530824068015 0.043525100116190533 0.8838266867927275
    outer loop
      vertex 24.699826814112168 -21.033877974082106 102.21399837185525
      vertex 30.37492807627584 26.465303060388575 96.88401063664543
      vertex 21.33986553735245 14.922859512895354 102.21399837185525
    endloop
  endfacet
  facet normal 0.4818705173910017 -0.009119123032521232 -0.8761949817617344
    outer loop
      vertex 29.06377588995014 -26.299206310376697 95.17962282238955
      vertex 20.623038416086377 18.215837194296846 90.07427437219044
      vertex 28.59827278260971 28.34827278260971 94.3548642658017
    endloop
  endfacet
  facet normal 0.99364363876395 -0.10003120652191744 0.051634066910388084
    outer loop
      vertex 25.544759514475132 -25.04475951447513 84
      vertex 30.8666101703353 27.818974059392872 84
      vertex 27.822056871399187 -0.6728478268433885 87.3917471459651
    endloop
  endfacet
  facet normal 0.641224696865631 -0.01059629452824313 0.7672800053903728
    outer loop
      vertex 26.590958804162653 -26.34095880416265 120.43301270189222
      vertex 27.476160157640223 27.226160157640223 120.43301270189222
      vertex 22.89030997721008 0.3940182111131129 123.89490287792654
    endloop
  endfacet
  facet normal 0.5384532744697696 -0.010786716192255207 -0.8425863267146997
    outer loop
      vertex 28.57226534598015 -27.015456040627114 107.3727410773478
      vertex 21.16108672489853 20.643001411213167 102.02652133929513
      vertex 30.01367089465579 29.76367089465579 107.56698729810778
    endloop
  endfacet
  facet normal 0.6124710310511045 -0.010121137671018634 -0.7904282375367426
    outer loop
      vertex 26.601106269607637 -25.726894572881555 119.56698729810778
      vertex 20.406019595265604 14.78059673905359 114.24798068940792
      vertex 27.476160157640223 27.226160157640223 119.56698729810778
    endloop
  endfacet
  facet normal 0.7611868746862748 -0.015248689488602338 0.648353313613975
    outer loop
      vertex 28.90678817888471 -25.48990323653791 108.43301270189222
      vertex 30.01367089465579 29.76367089465579 108.43301270189222
      vertex 26.615364176183206 0.4249472881511762 111.73270954784027
    endloop
  endfacet
  facet normal 0.4317823143908671 0.05160627766438167 0.900500319314154
    outer loop
      vertex 27.572056871399187 -0.6728478268433885 87.82475984785732
      vertex 30.54728707645317 27.316761132872887 84.79412092753472
      vertex 20.623038416086377 18.215837194296846 90.07427437219044
    endloop
  endfacet
  facet normal 0.8654035048881236 -0.03789060969607818 0.4996409465047983
    outer loop
      vertex 27.572056871399187 -0.6728478268433885 87.82475984785732
      vertex 27.822056871399187 -0.6728478268433885 87.3917471459651
      vertex 30.79728707645317 27.316761132872887 84.3611082256425
    endloop
  endfacet
  facet normal 0.862752717483801 -0.0868542723901738 -0.4981105136833492
    outer loop
      vertex 25.544759514475132 -25.04475951447513 84
      vertex 30.6166101703353 27.818974059392872 83.56698729810778
      vertex 30.8666101703353 27.818974059392872 84
    endloop
  endfacet
  facet normal 0.48187051739100195 -0.009119123032521227 -0.8761949817617342
    outer loop
      vertex 29.06377588995014 -26.299206310376697 95.17962282238955
      vertex 28.59827278260971 28.34827278260971 94.3548642658017
      vertex 30.7763297790891 26.975918627593003 95.56698729810778
    endloop
  endfacet
  facet normal 0.754887705752497 -0.014285816658313358 0.6556984574834201
    outer loop
      vertex 24.949734086485556 -21.212954411525686 102.09111362799221
      vertex 30.7763297790891 26.975918627593003 96.43301270189222
      vertex 30.37492807627584 26.465303060388575 96.88401063664543
    endloop
  endfacet
  facet normal 0.8659091198116299 -0.016386833212576835 -0.4999328634169908
    outer loop
      vertex 30.01612020285989 -26.40533409099487 96
      vertex 30.7763297790891 26.975918627593003 95.56698729810778
      vertex 31.0263297790891 26.975918627593003 96
    endloop
  endfacet
  facet normal 0.8659091198116299 -0.016386833212576835 0.4999328634169908
    outer loop
      vertex 29.76612020285989 -26.40533409099487 96.43301270189222
      vertex 31.0263297790891 26.975918627593003 96
      vertex 30.7763297790891 26.975918627593003 96.43301270189222
    endloop
  endfacet
  facet normal 0.8659367325497722 -0.01430968068724381 0.4999488056387906
    outer loop
      vertex 26.590958804162653 -26.34095880416265 120.43301270189222
      vertex 27.726160157640223 27.226160157640223 120
      vertex 27.476160157640223 27.226160157640223 120.43301270189222
    endloop
  endfacet
  facet normal 0.8659367325497723 -0.014309680687243814 -0.49994880563879046
    outer loop
      vertex 26.840958804162653 -26.34095880416265 120
      vertex 27.476160157640223 27.226160157640223 119.56698729810778
      vertex 27.726160157640223 27.226160157640223 120
    endloop
  endfacet
  facet normal 0.8658951032083517 -0.01734628643454657 -0.4999247709273153
    outer loop
      vertex 29.15678817888471 -25.48990323653791 108
      vertex 30.01367089465579 29.76367089465579 107.56698729810778
      vertex 30.26367089465579 29.76367089465579 108
    endloop
  endfacet
  facet normal 0.8658951032083517 -0.01734628643454657 0.4999247709273153
    outer loop
      vertex 29.15678817888471 -25.48990323653791 108
      vertex 30.26367089465579 29.76367089465579 108
      vertex 30.01367089465579 29.76367089465579 108.43301270189222
    endloop
  endfacet
  facet normal 0.7079597280570155 -0.029957659336481493 0.7056171498032883
    outer loop
      vertex 20.287646029421495 -14.834357278384815 125.85967198242506
      vertex 22.89030997721008 0.3940182111131129 123.89490287792654
      vertex 21.59224869976992 15.996027076696615 125.85967198242504
    endloop
  endfacet
  facet normal 0.4557837564998602 -0.01928671076502991 -0.8898815595902312
    outer loop
      vertex 20.15743142672302 -19.78075533071027 125.90018304528094
      vertex 21.59224869976992 15.996027076696615 125.85967198242504
      vertex 21.69692015239161 18.469623972270515 125.85967198242504
    endloop
  endfacet
  facet normal 0.565644544051273 -0.04750746285953733 -0.8232795945228311
    outer loop
      vertex 21.802924799064204 -15.985410222521146 137.86921544935336
      vertex 24.447516953288147 15.502255782721399 137.86921544935336
      vertex 25.069438062400238 20.698629117843527 137.99665668520444
    endloop
  endfacet
  facet normal 0.7079597280570128 -0.029957659336482027 0.7056171498032909
    outer loop
      vertex 22.89030997721008 0.3940182111131129 123.89490287792654
      vertex 21.69692015239161 18.469623972270515 125.85967198242504
      vertex 21.59224869976992 15.996027076696615 125.85967198242504
    endloop
  endfacet
  facet normal 0.5645644034617133 0.008373475716337982 -0.8253465449423945
    outer loop
      vertex 30.275492368489928 -27.86198776860552 131.25764681763164
      vertex 21.69692015239161 18.469623972270515 125.85967198242504
      vertex 21.755044408546492 21.505044408546492 125.93022647334962
    endloop
  endfacet
  facet normal 0.5645644034617103 0.00837347571633714 -0.8253465449423965
    outer loop
      vertex 30.275492368489928 -27.86198776860552 131.25764681763164
      vertex 21.755044408546492 21.505044408546492 125.93022647334962
      vertex 29.875088902820636 29.625088902820636 131.5669872981078
    endloop
  endfacet
  facet normal 0.7942449388926676 -0.004955341956944566 -0.6075775025702256
    outer loop
      vertex 28.960356112830517 -28.001007488974356 143.480179869773
      vertex 25.069438062400238 20.698629117843527 137.99665668520444
      vertex 29.08571605845912 28.551515749488097 143.18281765992327
    endloop
  endfacet
  facet normal 0.5277676884941065 0.007827716193892975 0.8493526910776087
    outer loop
      vertex 30.734643268379035 -28.328598917350835 132.4330127018922
      vertex 29.875088902820636 29.625088902820636 132.4330127018922
      vertex 24.64471549618097 0.07168307231553721 135.95541015540664
    endloop
  endfacet
  facet normal 0.786696253667673 -0.06607319640206226 0.6137942140346899
    outer loop
      vertex 24.64471549618097 0.07168307231553721 135.95541015540664
      vertex 24.867743624736672 20.50565755714308 137.86921544935336
      vertex 24.447516953288147 15.502255782721399 137.86921544935336
    endloop
  endfacet
  facet normal 0.7079597280570135 -0.029957659336481895 0.7056171498032902
    outer loop
      vertex 22.89030997721008 0.3940182111131129 123.89490287792654
      vertex 27.476160157640223 27.226160157640223 120.43301270189222
      vertex 21.69692015239161 18.469623972270515 125.85967198242504
    endloop
  endfacet
  facet normal 0.8659539718007176 0.012843609178825491 -0.4999587587249808
    outer loop
      vertex 30.734643268379035 -28.328598917350835 131.5669872981078
      vertex 29.875088902820636 29.625088902820636 131.5669872981078
      vertex 30.125088902820636 29.625088902820636 132
    endloop
  endfacet
  facet normal 0.8659539718007176 0.012843609178825491 0.4999587587249808
    outer loop
      vertex 30.984643268379035 -28.328598917350835 132
      vertex 30.125088902820636 29.625088902820636 132
      vertex 29.875088902820636 29.625088902820636 132.4330127018922
    endloop
  endfacet
  facet normal 0.7588539950726361 -0.019299639358406683 0.650974759943068
    outer loop
      vertex 23.281101405678363 -19.76494553932306 150.09667961767897
      vertex 29.265284773918758 28.188130414952667 144.54247904543428
      vertex 24.37037137119082 23.06470789053263 150.09667961767897
    endloop
  endfacet
  facet normal 0.6988235797975224 -0.004360002356812716 0.7152807803222622
    outer loop
      vertex 23.223408692777344 -22.6417088607354 150.13550959055175
      vertex 29.377831794605637 28.26871300078703 144.4330127018922
      vertex 29.265284773918758 28.188130414952667 144.54247904543428
    endloop
  endfacet
  facet normal 0.8660254037844338 0 0.5000000000000082
    outer loop
      vertex 25.5 -25 156
      vertex 25.5 25 156
      vertex 25.25 25 156.4330127018922
    endloop
  endfacet
  facet normal 0.7942449388926691 -0.0049553419569445594 -0.6075775025702237
    outer loop
      vertex 28.960356112830517 -28.001007488974356 143.480179869773
      vertex 29.08571605845912 28.551515749488097 143.18281765992327
      vertex 29.377831794605637 28.26871300078703 143.5669872981078
    endloop
  endfacet
  facet normal 0.8660127625135645 -0.005403105726195787 -0.49999270155886893
    outer loop
      vertex 29.026094357056312 -28.1079572714051 143.5669872981078
      vertex 29.377831794605637 28.26871300078703 143.5669872981078
      vertex 29.627831794605637 28.26871300078703 144
    endloop
  endfacet
  facet normal 0.8660127625135645 -0.005403105726195787 0.4999927015588688
    outer loop
      vertex 29.276094357056312 -28.1079572714051 144
      vertex 29.627831794605637 28.26871300078703 144
      vertex 29.377831794605637 28.26871300078703 144.4330127018922
    endloop
  endfacet
  facet normal 0.019790719024423364 0.45934912798555994 -0.8880353067639833
    outer loop
      vertex 15.129787246097766 20.49242014006453 89.87201541251912
      vertex 19.066673826406536 28.734962166719196 94.22332698654986
      vertex 20.35629495196856 20.516804832448614 90.00110648783507
    endloop
  endfacet
  facet normal -0.023797938094952086 0.4912010346024159 0.8707210814881796
    outer loop
      vertex 15.129787246097766 20.49242014006453 89.87201541251912
      vertex 20.35629495196856 20.516804832448614 90.00110648783507
      vertex 30.193856199613304 30.354366080093357 84.72030338453568
    endloop
  endfacet
  facet normal 0.29021688882667535 0.21085491207797732 0.9334422121868892
    outer loop
      vertex 20.35629495196856 20.516804832448614 90.00110648783507
      vertex 20.52904070337482 20.27904070337482 90.00110648783507
      vertex 30.193856199613304 30.354366080093357 84.72030338453568
    endloop
  endfacet
  facet normal 0.4818705173910035 -0.009119123032523177 -0.8761949817617334
    outer loop
      vertex 20.623038416086377 18.215837194296846 90.07427437219044
      vertex 20.53881303547583 20.06454282570278 90.00871327787732
      vertex 28.59827278260971 28.34827278260971 94.3548642658017
    endloop
  endfacet
  facet normal 0.2915112478026106 0.21179531892049971 -0.9328257797080486
    outer loop
      vertex 20.35629495196856 20.516804832448614 90.00110648783507
      vertex 28.425527031203444 28.586036911683497 94.3548642658017
      vertex 20.52904070337482 20.27904070337482 90.00110648783507
    endloop
  endfacet
  facet normal 0.4818705173909865 -0.009119123032501387 -0.876194981761743
    outer loop
      vertex 20.53881303547583 20.06454282570278 90.00871327787732
      vertex 20.52904070337482 20.27904070337482 90.00110648783507
      vertex 28.59827278260971 28.34827278260971 94.3548642658017
    endloop
  endfacet
  facet normal 0.032538737809458144 0.585010145707704 -0.8103729758332382
    outer loop
      vertex 15.873878262134028 20.39762181319971 114.00687923195588
      vertex 27.30341440623396 27.46392428671401 119.56698729810778
      vertex 20.07704252411297 20.23755240459302 114.06009353342482
    endloop
  endfacet
  facet normal 0.6124710310511048 -0.01012113767101884 -0.7904282375367425
    outer loop
      vertex 20.406019595265604 14.78059673905359 114.24798068940792
      vertex 20.280037846579045 18.98924630791994 114.09647232024787
      vertex 27.476160157640223 27.226160157640223 119.56698729810778
    endloop
  endfacet
  facet normal 0.6124710310511012 -0.010121137671013887 -0.7904282375367452
    outer loop
      vertex 20.280037846579045 18.98924630791994 114.09647232024787
      vertex 20.24978827551923 19.99978827551923 114.06009353342482
      vertex 27.476160157640223 27.226160157640223 119.56698729810778
    endloop
  endfacet
  facet normal 0.3874633812405312 0.2815086245159923 -0.8778525061311659
    outer loop
      vertex 20.07704252411297 20.23755240459302 114.06009353342482
      vertex 27.476160157640223 27.226160157640223 119.56698729810778
      vertex 20.24978827551923 19.99978827551923 114.06009353342482
    endloop
  endfacet
  facet normal 0.30856495513504467 0.22418556255766955 0.9244071083690396
    outer loop
      vertex 20.07704252411297 20.23755240459302 114.06009353342482
      vertex 20.24978827551923 19.99978827551923 114.06009353342482
      vertex 30.01367089465579 29.76367089465579 108.43301270189222
    endloop
  endfacet
  facet normal -0.032908465938278675 0.5235199280322868 0.8513776587523649
    outer loop
      vertex 15.369111087110847 21.12506980613262 101.81074115861826
      vertex 20.9802161017798 21.140725982259852 102.01800116390255
      vertex 30.67206957102103 30.832579451501083 96.43301270189222
    endloop
  endfacet
  facet normal 0.01979071902442493 0.45934912798556016 -0.8880353067639832
    outer loop
      vertex 20.35629495196856 20.516804832448614 90.00110648783507
      vertex 19.066673826406536 28.734962166719196 94.22332698654986
      vertex 28.425527031203444 28.586036911683497 94.3548642658017
    endloop
  endfacet
  facet normal 0.030366208132042535 0.5085257207210854 -0.8605111764345551
    outer loop
      vertex 15.369111087110847 21.12506980613262 101.81074115861826
      vertex 29.840925143249525 30.001435023729577 107.56698729810778
      vertex 20.9802161017798 21.140725982259852 102.01800116390255
    endloop
  endfacet
  facet normal 0.431782314390872 0.05160627766437515 0.9005003193141519
    outer loop
      vertex 20.623038416086377 18.215837194296846 90.07427437219044
      vertex 30.54728707645317 27.316761132872887 84.79412092753472
      vertex 20.53881303547583 20.06454282570278 90.00871327787732
    endloop
  endfacet
  facet normal 0.4317823143908559 0.05160627766439779 0.9005003193141582
    outer loop
      vertex 20.53881303547583 20.06454282570278 90.00871327787732
      vertex 30.740416326239213 29.13363304114145 84.59739496661243
      vertex 20.52904070337482 20.27904070337482 90.00110648783507
    endloop
  endfacet
  facet normal 0.4657853082406804 0.043525100116190325 0.8838266867927275
    outer loop
      vertex 21.33986553735245 14.922859512895354 102.21399837185525
      vertex 30.37492807627584 26.465303060388575 96.88401063664543
      vertex 21.16108672489853 20.643001411213167 102.02652133929513
    endloop
  endfacet
  facet normal 0.465785308240677 0.04352510011619695 0.8838266867927288
    outer loop
      vertex 21.16108672489853 20.643001411213167 102.02652133929513
      vertex 30.37492807627584 26.465303060388575 96.88401063664543
      vertex 21.152961853186063 20.902961853186063 102.01800116390255
    endloop
  endfacet
  facet normal 0.5042189690243256 -0.05076028251484902 -0.8620827251459449
    outer loop
      vertex 21.972140365057424 0.3285051576191509 80.12963540759431
      vertex 30.9017932147531 30.6517932147531 83.56698729810778
      vertex 30.6166101703353 27.818974059392872 83.56698729810778
    endloop
  endfacet
  facet normal 0.8654035048881239 -0.03789060969607822 0.49964094650479796
    outer loop
      vertex 27.572056871399187 -0.6728478268433885 87.82475984785732
      vertex 30.79728707645317 27.316761132872887 84.3611082256425
      vertex 30.54728707645317 27.316761132872887 84.79412092753472
    endloop
  endfacet
  facet normal 0.9936436387639499 -0.10003120652191712 0.05163406691038973
    outer loop
      vertex 27.822056871399187 -0.6728478268433885 87.3917471459651
      vertex 30.8666101703353 27.818974059392872 84
      vertex 30.79728707645317 27.316761132872887 84.3611082256425
    endloop
  endfacet
  facet normal 0.46407895793620807 0.045737150343436374 0.8846122505817479
    outer loop
      vertex 26.615364176183206 0.4249472881511762 111.73270954784027
      vertex 30.01367089465579 29.76367089465579 108.43301270189222
      vertex 20.24978827551923 19.99978827551923 114.06009353342482
    endloop
  endfacet
  facet normal 0.5384532744697573 -0.010786716192238217 -0.8425863267147078
    outer loop
      vertex 21.16108672489853 20.643001411213167 102.02652133929513
      vertex 21.152961853186063 20.902961853186063 102.01800116390255
      vertex 30.01367089465579 29.76367089465579 107.56698729810778
    endloop
  endfacet
  facet normal 0.43178231439086945 0.051606277664379745 0.900500319314153
    outer loop
      vertex 20.53881303547583 20.06454282570278 90.00871327787732
      vertex 30.54728707645317 27.316761132872887 84.79412092753472
      vertex 30.740416326239213 29.13363304114145 84.59739496661243
    endloop
  endfacet
  facet normal 0.28511136434524803 0.2071455314144563 -0.9358430630913571
    outer loop
      vertex 20.095797038952664 20.256306919432717 77.97385843688879
      vertex 30.729047463346834 30.889557343826887 83.56698729810778
      vertex 30.9017932147531 30.6517932147531 83.56698729810778
    endloop
  endfacet
  facet normal 0.4317823143908668 0.05160627766438196 0.9005003193141541
    outer loop
      vertex 20.52904070337482 20.27904070337482 90.00110648783507
      vertex 30.740416326239213 29.13363304114145 84.59739496661243
      vertex 30.366601951019568 30.116601951019568 84.72030338453568
    endloop
  endfacet
  facet normal 0.2902168888266717 0.21085491207798177 0.9334422121868895
    outer loop
      vertex 20.52904070337482 20.27904070337482 90.00110648783507
      vertex 30.366601951019568 30.116601951019568 84.72030338453568
      vertex 30.193856199613304 30.354366080093357 84.72030338453568
    endloop
  endfacet
  facet normal 0.3085375355538989 0.22416564106587505 0.9244210915593887
    outer loop
      vertex 20.9802161017798 21.140725982259852 102.01800116390255
      vertex 21.152961853186063 20.902961853186063 102.01800116390255
      vertex 30.844815322427294 30.594815322427294 96.43301270189222
    endloop
  endfacet
  facet normal 0.29151124780260684 0.21179531892050393 -0.9328257797080488
    outer loop
      vertex 20.52904070337482 20.27904070337482 90.00110648783507
      vertex 28.425527031203444 28.586036911683497 94.3548642658017
      vertex 28.59827278260971 28.34827278260971 94.3548642658017
    endloop
  endfacet
  facet normal 0.46578530824068093 0.04352510011618919 0.8838266867927272
    outer loop
      vertex 21.152961853186063 20.902961853186063 102.01800116390255
      vertex 30.37492807627584 26.465303060388575 96.88401063664543
      vertex 30.844815322427294 30.594815322427294 96.43301270189222
    endloop
  endfacet
  facet normal 0.30853753555389885 0.22416564106587505 0.9244210915593887
    outer loop
      vertex 20.9802161017798 21.140725982259852 102.01800116390255
      vertex 30.844815322427294 30.594815322427294 96.43301270189222
      vertex 30.67206957102103 30.832579451501083 96.43301270189222
    endloop
  endfacet
  facet normal 0.019790719024424946 0.45934912798555977 -0.8880353067639835
    outer loop
      vertex 19.066673826406536 28.734962166719196 94.22332698654986
      vertex 30.67206957102103 30.832579451501083 95.56698729810778
      vertex 28.425527031203444 28.586036911683497 94.3548642658017
    endloop
  endfacet
  facet normal 0.8654035048881237 -0.03789060969607937 0.49964094650479834
    outer loop
      vertex 30.54728707645317 27.316761132872887 84.79412092753472
      vertex 30.79728707645317 27.316761132872887 84.3611082256425
      vertex 30.740416326239213 29.13363304114145 84.59739496661243
    endloop
  endfacet
  facet normal 0.9936436387639499 -0.10003120652191773 0.05163406691038966
    outer loop
      vertex 30.79728707645317 27.316761132872887 84.3611082256425
      vertex 30.8666101703353 27.818974059392872 84
      vertex 30.990416326239213 29.13363304114145 84.1643822647202
    endloop
  endfacet
  facet normal 0.8654035048881237 -0.037890609696079366 0.4996409465047983
    outer loop
      vertex 30.79728707645317 27.316761132872887 84.3611082256425
      vertex 30.990416326239213 29.13363304114145 84.1643822647202
      vertex 30.740416326239213 29.13363304114145 84.59739496661243
    endloop
  endfacet
  facet normal 0.8627527174838014 -0.08685427239017406 -0.49811051368334847
    outer loop
      vertex 30.6166101703353 27.818974059392872 83.56698729810778
      vertex 30.9017932147531 30.6517932147531 83.56698729810778
      vertex 30.8666101703353 27.818974059392872 84
    endloop
  endfacet
  facet normal 0.9936436387639499 -0.10003120652191765 0.05163406691038886
    outer loop
      vertex 30.8666101703353 27.818974059392872 84
      vertex 31.1517932147531 30.6517932147531 84
      vertex 30.990416326239213 29.13363304114145 84.1643822647202
    endloop
  endfacet
  facet normal 0.8654035048881236 -0.037890609696079894 0.4996409465047983
    outer loop
      vertex 30.740416326239213 29.13363304114145 84.59739496661243
      vertex 30.990416326239213 29.13363304114145 84.1643822647202
      vertex 30.9017932147531 30.6517932147531 84.43301270189222
    endloop
  endfacet
  facet normal 0.8627527174838014 -0.08685427239017406 -0.49811051368334847
    outer loop
      vertex 30.8666101703353 27.818974059392872 84
      vertex 30.9017932147531 30.6517932147531 83.56698729810778
      vertex 31.1517932147531 30.6517932147531 84
    endloop
  endfacet
  facet normal 0.43178231439086173 0.05160627766437962 0.9005003193141566
    outer loop
      vertex 30.740416326239213 29.13363304114145 84.59739496661243
      vertex 30.9017932147531 30.6517932147531 84.43301270189222
      vertex 30.366601951019568 30.116601951019568 84.72030338453568
    endloop
  endfacet
  facet normal 0.2902168888266661 0.21085491207797807 0.9334422121868919
    outer loop
      vertex 30.193856199613304 30.354366080093357 84.72030338453568
      vertex 30.366601951019568 30.116601951019568 84.72030338453568
      vertex 30.729047463346834 30.889557343826887 84.43301270189222
    endloop
  endfacet
  facet normal 0.2902168888266661 0.21085491207797807 0.9334422121868919
    outer loop
      vertex 30.366601951019568 30.116601951019568 84.72030338453568
      vertex 30.9017932147531 30.6517932147531 84.43301270189222
      vertex 30.729047463346834 30.889557343826887 84.43301270189222
    endloop
  endfacet
  facet normal 0.8654035048881236 -0.0378906096960799 0.4996409465047983
    outer loop
      vertex 30.990416326239213 29.13363304114145 84.1643822647202
      vertex 31.1517932147531 30.6517932147531 84
      vertex 30.9017932147531 30.6517932147531 84.43301270189222
    endloop
  endfacet
  facet normal 0.732999678137138 0.5325554391808754 -0.423197561488387
    outer loop
      vertex 30.9017932147531 30.6517932147531 83.56698729810778
      vertex 30.729047463346834 30.889557343826887 83.56698729810778
      vertex 30.806301711940574 31.127321472900675 84
    endloop
  endfacet
  facet normal 0.7329996781371418 0.5325554391808728 -0.4231975614883832
    outer loop
      vertex 30.9017932147531 30.6517932147531 83.56698729810778
      vertex 30.806301711940574 31.127321472900675 84
      vertex 31.1517932147531 30.6517932147531 84
    endloop
  endfacet
  facet normal 0.7329996781371418 0.5325554391808728 0.4231975614883832
    outer loop
      vertex 30.9017932147531 30.6517932147531 84.43301270189222
      vertex 31.1517932147531 30.6517932147531 84
      vertex 30.806301711940574 31.127321472900675 84
    endloop
  endfacet
  facet normal 0.732999678137138 0.5325554391808754 0.423197561488387
    outer loop
      vertex 30.9017932147531 30.6517932147531 84.43301270189222
      vertex 30.806301711940574 31.127321472900675 84
      vertex 30.729047463346834 30.889557343826887 84.43301270189222
    endloop
  endfacet
  facet normal 0.29151124780260607 0.211795318920504 -0.932825779708049
    outer loop
      vertex 28.425527031203444 28.586036911683497 94.3548642658017
      vertex 30.844815322427294 30.594815322427294 95.56698729810778
      vertex 28.59827278260971 28.34827278260971 94.3548642658017
    endloop
  endfacet
  facet normal 0.48187051739100184 -0.009119123032521635 -0.8761949817617344
    outer loop
      vertex 30.7763297790891 26.975918627593003 95.56698729810778
      vertex 28.59827278260971 28.34827278260971 94.3548642658017
      vertex 30.844815322427294 30.594815322427294 95.56698729810778
    endloop
  endfacet
  facet normal 0.8659091198116299 -0.0163868332125775 -0.49993286341699095
    outer loop
      vertex 30.7763297790891 26.975918627593003 95.56698729810778
      vertex 31.094815322427294 30.594815322427294 96
      vertex 31.0263297790891 26.975918627593003 96
    endloop
  endfacet
  facet normal 0.8659091198116299 -0.016386833212577497 0.49993286341699095
    outer loop
      vertex 31.0263297790891 26.975918627593003 96
      vertex 31.094815322427294 30.594815322427294 96
      vertex 30.7763297790891 26.975918627593003 96.43301270189222
    endloop
  endfacet
  facet normal 0.8659091198116299 -0.016386833212577497 -0.4999328634169909
    outer loop
      vertex 30.7763297790891 26.975918627593003 95.56698729810778
      vertex 30.844815322427294 30.594815322427294 95.56698729810778
      vertex 31.094815322427294 30.594815322427294 96
    endloop
  endfacet
  facet normal 0.7548877057524972 -0.014285816658314522 0.6556984574834198
    outer loop
      vertex 30.37492807627584 26.465303060388575 96.88401063664543
      vertex 30.7763297790891 26.975918627593003 96.43301270189222
      vertex 30.844815322427294 30.594815322427294 96.43301270189222
    endloop
  endfacet
  facet normal 0.8659091198116299 -0.016386833212577497 0.4999328634169909
    outer loop
      vertex 30.7763297790891 26.975918627593003 96.43301270189222
      vertex 31.094815322427294 30.594815322427294 96
      vertex 30.844815322427294 30.594815322427294 96.43301270189222
    endloop
  endfacet
  facet normal 0.291511247802606 0.21179531892050382 -0.932825779708049
    outer loop
      vertex 28.425527031203444 28.586036911683497 94.3548642658017
      vertex 30.67206957102103 30.832579451501083 95.56698729810778
      vertex 30.844815322427294 30.594815322427294 95.56698729810778
    endloop
  endfacet
  facet normal 0.732999678137138 0.5325554391808754 -0.423197561488387
    outer loop
      vertex 30.67206957102103 30.832579451501083 95.56698729810778
      vertex 30.74932381961477 31.07034358057487 96
      vertex 30.844815322427294 30.594815322427294 95.56698729810778
    endloop
  endfacet
  facet normal 0.7329996781371418 0.5325554391808728 -0.4231975614883832
    outer loop
      vertex 30.844815322427294 30.594815322427294 95.56698729810778
      vertex 30.74932381961477 31.07034358057487 96
      vertex 31.094815322427294 30.594815322427294 96
    endloop
  endfacet
  facet normal 0.7329996781371418 0.5325554391808728 0.4231975614883832
    outer loop
      vertex 31.094815322427294 30.594815322427294 96
      vertex 30.74932381961477 31.07034358057487 96
      vertex 30.844815322427294 30.594815322427294 96.43301270189222
    endloop
  endfacet
  facet normal 0.732999678137138 0.5325554391808754 0.423197561488387
    outer loop
      vertex 30.74932381961477 31.07034358057487 96
      vertex 30.67206957102103 30.832579451501083 96.43301270189222
      vertex 30.844815322427294 30.594815322427294 96.43301270189222
    endloop
  endfacet
  facet normal 0.3309743486518601 0.24046693997445168 -0.9124865102092197
    outer loop
      vertex 20.9802161017798 21.140725982259852 102.01800116390255
      vertex 30.01367089465579 29.76367089465579 107.56698729810778
      vertex 21.152961853186063 20.902961853186063 102.01800116390255
    endloop
  endfacet
  facet normal 0.3309743486518596 0.24046693997445326 -0.9124865102092194
    outer loop
      vertex 20.9802161017798 21.140725982259852 102.01800116390255
      vertex 29.840925143249525 30.001435023729577 107.56698729810778
      vertex 30.01367089465579 29.76367089465579 107.56698729810778
    endloop
  endfacet
  facet normal 0.3085649551350393 0.22418556255767502 0.9244071083690399
    outer loop
      vertex 20.07704252411297 20.23755240459302 114.06009353342482
      vertex 30.01367089465579 29.76367089465579 108.43301270189222
      vertex 29.840925143249525 30.001435023729577 108.43301270189222
    endloop
  endfacet
  facet normal 0.3874633812405258 0.2815086245159989 -0.8778525061311662
    outer loop
      vertex 20.07704252411297 20.23755240459302 114.06009353342482
      vertex 27.30341440623396 27.46392428671401 119.56698729810778
      vertex 27.476160157640223 27.226160157640223 119.56698729810778
    endloop
  endfacet
  facet normal 0.732999678137138 0.5325554391808754 -0.423197561488387
    outer loop
      vertex 27.476160157640223 27.226160157640223 119.56698729810778
      vertex 27.30341440623396 27.46392428671401 119.56698729810778
      vertex 27.380668654827698 27.7016884157878 120
    endloop
  endfacet
  facet normal 0.732999678137138 0.5325554391808754 0.423197561488387
    outer loop
      vertex 27.476160157640223 27.226160157640223 120.43301270189222
      vertex 27.380668654827698 27.7016884157878 120
      vertex 27.30341440623396 27.46392428671401 120.43301270189222
    endloop
  endfacet
  facet normal 0.7329996781371418 0.5325554391808728 -0.4231975614883832
    outer loop
      vertex 27.476160157640223 27.226160157640223 119.56698729810778
      vertex 27.380668654827698 27.7016884157878 120
      vertex 27.726160157640223 27.226160157640223 120
    endloop
  endfacet
  facet normal 0.7329996781371418 0.5325554391808728 0.4231975614883832
    outer loop
      vertex 27.476160157640223 27.226160157640223 120.43301270189222
      vertex 27.726160157640223 27.226160157640223 120
      vertex 27.380668654827698 27.7016884157878 120
    endloop
  endfacet
  facet normal 0.732999678137138 0.5325554391808754 -0.423197561488387
    outer loop
      vertex 29.840925143249525 30.001435023729577 107.56698729810778
      vertex 29.918179391843264 30.239199152803366 108
      vertex 30.01367089465579 29.76367089465579 107.56698729810778
    endloop
  endfacet
  facet normal 0.732999678137138 0.5325554391808754 0.423197561488387
    outer loop
      vertex 29.840925143249525 30.001435023729577 108.43301270189222
      vertex 30.01367089465579 29.76367089465579 108.43301270189222
      vertex 29.918179391843264 30.239199152803366 108
    endloop
  endfacet
  facet normal 0.7329996781371418 0.5325554391808728 -0.4231975614883832
    outer loop
      vertex 30.01367089465579 29.76367089465579 107.56698729810778
      vertex 29.918179391843264 30.239199152803366 108
      vertex 30.26367089465579 29.76367089465579 108
    endloop
  endfacet
  facet normal 0.7329996781371418 0.5325554391808728 0.4231975614883832
    outer loop
      vertex 30.01367089465579 29.76367089465579 108.43301270189222
      vertex 30.26367089465579 29.76367089465579 108
      vertex 29.918179391843264 30.239199152803366 108
    endloop
  endfacet
  facet normal -0.0033557311459945947 0.6945948316432222 0.7193933269936547
    outer loop
      vertex 27.30341440623396 27.46392428671401 120.43301270189222
      vertex 17.122246540457866 21.71076431192851 125.94036142661541
      vertex 21.582298657140228 21.74280853762028 125.93022647334962
    endloop
  endfacet
  facet normal 0.7079597280570135 -0.02995765933648191 0.7056171498032902
    outer loop
      vertex 27.476160157640223 27.226160157640223 120.43301270189222
      vertex 21.755044408546492 21.505044408546492 125.93022647334962
      vertex 21.69692015239161 18.469623972270515 125.85967198242504
    endloop
  endfacet
  facet normal 0.45851366022727574 0.3331296738265162 0.82388703339792
    outer loop
      vertex 27.30341440623396 27.46392428671401 120.43301270189222
      vertex 21.582298657140228 21.74280853762028 125.93022647334962
      vertex 21.755044408546492 21.505044408546492 125.93022647334962
    endloop
  endfacet
  facet normal 0.1369985741996475 0.09953529043214086 0.9855577692991178
    outer loop
      vertex 0.07725424859373685 0.23776412907378838 162.4330127018922
      vertex 25.25 25 156.4330127018922
      vertex 25.077254248593736 25.23776412907379 156.4330127018922
    endloop
  endfacet
  facet normal -0.005986248619530415 0.574270955807205 -0.8186434108595417
    outer loop
      vertex 17.122246540457866 21.71076431192851 125.94036142661541
      vertex 29.70234315141437 29.862853031894424 131.5669872981078
      vertex 21.582298657140228 21.74280853762028 125.93022647334962
    endloop
  endfacet
  facet normal 0.002550830905512108 0.9820861864385301 -0.18841500913758522
    outer loop
      vertex 20.849050601985493 24.35064941608495 150.07844166781098
      vertex 25.154508497187475 25.475528258147577 156
      vertex 24.031546057468912 24.352565818429014 150.1315164206135
    endloop
  endfacet
  facet normal 0.5656445440512866 -0.047507462859539204 -0.8232795945228216
    outer loop
      vertex 24.447516953288147 15.502255782721399 137.86921544935336
      vertex 24.867743624736672 20.50565755714308 137.86921544935336
      vertex 25.069438062400238 20.698629117843527 137.99665668520444
    endloop
  endfacet
  facet normal 0.7866962536676768 -0.06607319640206186 0.6137942140346851
    outer loop
      vertex 24.64471549618097 0.07168307231553721 135.95541015540664
      vertex 29.875088902820636 29.625088902820636 132.4330127018922
      vertex 24.867743624736672 20.50565755714308 137.86921544935336
    endloop
  endfacet
  facet normal 0.5656445440512857 -0.04750746285953751 -0.8232795945228224
    outer loop
      vertex 24.867743624736672 20.50565755714308 137.86921544935336
      vertex 24.97901017721548 21.830445591627598 137.86921544935336
      vertex 25.069438062400238 20.698629117843527 137.99665668520444
    endloop
  endfacet
  facet normal 0.7942449388926659 -0.004955341956942148 -0.6075775025702279
    outer loop
      vertex 25.069438062400238 20.698629117843527 137.99665668520444
      vertex 24.97901017721548 21.830445591627598 137.86921544935336
      vertex 29.08571605845912 28.551515749488097 143.18281765992327
    endloop
  endfacet
  facet normal 0.98217959831228 -8.170461403860385e-17 -0.1879447702361745
    outer loop
      vertex 24.911785710033488 0.028002392327130712 152.92605399812476
      vertex 24.37037137119082 23.06470789053263 150.09667961767897
      vertex 25.5 25 156
    endloop
  endfacet
  facet normal 0.4585136602272752 0.3331296738265177 0.8238870333979196
    outer loop
      vertex 27.476160157640223 27.226160157640223 120.43301270189222
      vertex 27.30341440623396 27.46392428671401 120.43301270189222
      vertex 21.755044408546492 21.505044408546492 125.93022647334962
    endloop
  endfacet
  facet normal 0.36005024314351225 0.2615918138624339 -0.8955074233821065
    outer loop
      vertex 21.582298657140228 21.74280853762028 125.93022647334962
      vertex 29.70234315141437 29.862853031894424 131.5669872981078
      vertex 21.755044408546492 21.505044408546492 125.93022647334962
    endloop
  endfacet
  facet normal 0.36005024314351264 0.2615918138624338 -0.8955074233821064
    outer loop
      vertex 21.755044408546492 21.505044408546492 125.93022647334962
      vertex 29.70234315141437 29.862853031894424 131.5669872981078
      vertex 29.875088902820636 29.625088902820636 131.5669872981078
    endloop
  endfacet
  facet normal -0.051379708518065254 0.7814537624310607 0.6218441466597061
    outer loop
      vertex 21.75404437398923 24.83412335357289 138.09574744320915
      vertex 24.941988611328625 25.102498491808678 138.0218911303731
      vertex 29.70234315141437 29.862853031894424 132.4330127018922
    endloop
  endfacet
  facet normal -0.08211842023826109 0.8192946305178709 -0.5674617814991224
    outer loop
      vertex 21.75404437398923 24.83412335357289 138.09574744320915
      vertex 26.061489341478683 28.789279878561885 143.18281765992327
      vertex 24.941988611328625 25.102498491808678 138.0218911303731
    endloop
  endfacet
  facet normal 0.7866962536676758 -0.06607319640206023 0.6137942140346868
    outer loop
      vertex 24.867743624736672 20.50565755714308 137.86921544935336
      vertex 29.875088902820636 29.625088902820636 132.4330127018922
      vertex 24.97901017721548 21.830445591627598 137.86921544935336
    endloop
  endfacet
  facet normal 0.7866962536676746 -0.06607319640205857 0.6137942140346883
    outer loop
      vertex 24.97901017721548 21.830445591627598 137.86921544935336
      vertex 29.875088902820636 29.625088902820636 132.4330127018922
      vertex 25.11473436273489 24.86473436273489 138.0218911303731
    endloop
  endfacet
  facet normal 0.7942449388926655 -0.0049553419569417665 -0.6075775025702284
    outer loop
      vertex 24.97901017721548 21.830445591627598 137.86921544935336
      vertex 25.11473436273489 24.86473436273489 138.0218911303731
      vertex 29.08571605845912 28.551515749488097 143.18281765992327
    endloop
  endfacet
  facet normal 0.5205437947840742 0.3781972045999275 0.7655070425179616
    outer loop
      vertex 24.941988611328625 25.102498491808678 138.0218911303731
      vertex 25.11473436273489 24.86473436273489 138.0218911303731
      vertex 29.875088902820636 29.625088902820636 132.4330127018922
    endloop
  endfacet
  facet normal 0.5509622432515799 0.40029750104751 -0.7322585043318416
    outer loop
      vertex 24.941988611328625 25.102498491808678 138.0218911303731
      vertex 29.383225540350594 29.133225540350594 143.5669872981078
      vertex 25.11473436273489 24.86473436273489 138.0218911303731
    endloop
  endfacet
  facet normal -0.08211842023826248 0.8192946305178709 -0.5674617814991222
    outer loop
      vertex 24.941988611328625 25.102498491808678 138.0218911303731
      vertex 26.061489341478683 28.789279878561885 143.18281765992327
      vertex 29.21047978894433 29.370989669424382 143.5669872981078
    endloop
  endfacet
  facet normal 0.7942449388926655 -0.004955341956942847 -0.6075775025702285
    outer loop
      vertex 25.11473436273489 24.86473436273489 138.0218911303731
      vertex 29.383225540350594 29.133225540350594 143.5669872981078
      vertex 29.08571605845912 28.551515749488097 143.18281765992327
    endloop
  endfacet
  facet normal 0.7329996781371335 0.5325554391808722 -0.4231975614883984
    outer loop
      vertex 29.70234315141437 29.862853031894424 131.5669872981078
      vertex 29.77959740000811 30.100617160968213 132
      vertex 29.875088902820636 29.625088902820636 131.5669872981078
    endloop
  endfacet
  facet normal 0.7329996781371376 0.5325554391808698 -0.4231975614883947
    outer loop
      vertex 29.875088902820636 29.625088902820636 131.5669872981078
      vertex 29.77959740000811 30.100617160968213 132
      vertex 30.125088902820636 29.625088902820636 132
    endloop
  endfacet
  facet normal 0.5205437947840743 0.3781972045999272 0.7655070425179616
    outer loop
      vertex 24.941988611328625 25.102498491808678 138.0218911303731
      vertex 29.875088902820636 29.625088902820636 132.4330127018922
      vertex 29.70234315141437 29.862853031894424 132.4330127018922
    endloop
  endfacet
  facet normal 0.5509622432515797 0.4002975010475104 -0.7322585043318416
    outer loop
      vertex 24.941988611328625 25.102498491808678 138.0218911303731
      vertex 29.21047978894433 29.370989669424382 143.5669872981078
      vertex 29.383225540350594 29.133225540350594 143.5669872981078
    endloop
  endfacet
  facet normal 0.7329996781371335 0.5325554391808722 0.4231975614883984
    outer loop
      vertex 29.70234315141437 29.862853031894424 132.4330127018922
      vertex 29.875088902820636 29.625088902820636 132.4330127018922
      vertex 29.77959740000811 30.100617160968213 132
    endloop
  endfacet
  facet normal 0.7329996781371376 0.5325554391808698 0.4231975614883947
    outer loop
      vertex 29.875088902820636 29.625088902820636 132.4330127018922
      vertex 30.125088902820636 29.625088902820636 132
      vertex 29.77959740000811 30.100617160968213 132
    endloop
  endfacet
  facet normal 0.9821795983122797 1.172467799270142e-15 -0.18794477023617487
    outer loop
      vertex 24.37037137119082 23.06470789053263 150.09667961767897
      vertex 24.374125829676117 23.874125829676117 150.11630002277104
      vertex 25.5 25 156
    endloop
  endfacet
  facet normal 0.7815800775922809 0.5678511654125232 -0.25822013138112093
    outer loop
      vertex 24.299680834001872 24.01799267880955 150.20734727119225
      vertex 25.5 25 156
      vertex 24.374125829676117 23.874125829676117 150.11630002277104
    endloop
  endfacet
  facet normal 0.781580077592373 0.567851165412404 -0.2582201313811048
    outer loop
      vertex 24.288875077775977 24.038875077775977 150.2205628589234
      vertex 25.154508497187475 25.475528258147577 156
      vertex 24.299680834001872 24.01799267880955 150.20734727119225
    endloop
  endfacet
  facet normal 0.7815800775922888 0.5678511654125127 -0.25822013138111993
    outer loop
      vertex 24.116129326369713 24.276639206849765 150.2205628589234
      vertex 24.031546057468912 24.352565818429014 150.1315164206135
      vertex 25.154508497187475 25.475528258147577 156
    endloop
  endfacet
  facet normal 0.7815800775922799 0.5678511654125247 -0.2582201313811208
    outer loop
      vertex 24.288875077775977 24.038875077775977 150.2205628589234
      vertex 24.116129326369713 24.276639206849765 150.2205628589234
      vertex 25.154508497187475 25.475528258147577 156
    endloop
  endfacet
  facet normal -0.011378756450114762 0.755527130648994 0.6550185331385264
    outer loop
      vertex 24.116129326369713 24.276639206849765 150.2205628589234
      vertex 29.21047978894433 29.370989669424382 144.4330127018922
      vertex 24.031546057468912 24.352565818429014 150.1315164206135
    endloop
  endfacet
  facet normal 0.758853995072638 -0.019299639358411076 0.6509747599430656
    outer loop
      vertex 24.37037137119082 23.06470789053263 150.09667961767897
      vertex 29.265284773918758 28.188130414952667 144.54247904543428
      vertex 24.374125829676117 23.874125829676117 150.11630002277104
    endloop
  endfacet
  facet normal 0.7588539950726353 -0.019299639358403453 0.6509747599430691
    outer loop
      vertex 24.299680834001872 24.01799267880955 150.20734727119225
      vertex 24.374125829676117 23.874125829676117 150.11630002277104
      vertex 29.265284773918758 28.188130414952667 144.54247904543428
    endloop
  endfacet
  facet normal 0.7588539950725504 -0.019299639358158215 0.6509747599431753
    outer loop
      vertex 24.288875077775977 24.038875077775977 150.2205628589234
      vertex 24.299680834001872 24.01799267880955 150.20734727119225
      vertex 29.265284773918758 28.188130414952667 144.54247904543428
    endloop
  endfacet
  facet normal 0.7588539950726424 -0.019299639358426227 0.6509747599430602
    outer loop
      vertex 24.288875077775977 24.038875077775977 150.2205628589234
      vertex 29.265284773918758 28.188130414952667 144.54247904543428
      vertex 29.383225540350594 29.133225540350594 144.4330127018922
    endloop
  endfacet
  facet normal 0.5104768684112321 0.37088315446375886 0.7757957544045168
    outer loop
      vertex 24.116129326369713 24.276639206849765 150.2205628589234
      vertex 29.383225540350594 29.133225540350594 144.4330127018922
      vertex 29.21047978894433 29.370989669424382 144.4330127018922
    endloop
  endfacet
  facet normal 0.5104768684112319 0.37088315446375864 0.7757957544045171
    outer loop
      vertex 24.288875077775977 24.038875077775977 150.2205628589234
      vertex 29.383225540350594 29.133225540350594 144.4330127018922
      vertex 24.116129326369713 24.276639206849765 150.2205628589234
    endloop
  endfacet
  facet normal 0.7815800775922827 0.5678511654125208 -0.25822013138112077
    outer loop
      vertex 24.299680834001872 24.01799267880955 150.20734727119225
      vertex 25.154508497187475 25.475528258147577 156
      vertex 25.5 25 156
    endloop
  endfacet
  facet normal 0.7329996781371335 0.5325554391808722 0.4231975614883984
    outer loop
      vertex 25.25 25 156.4330127018922
      vertex 25.154508497187475 25.475528258147577 156
      vertex 25.077254248593736 25.23776412907379 156.4330127018922
    endloop
  endfacet
  facet normal 0.7329996781371376 0.5325554391808698 0.4231975614883947
    outer loop
      vertex 25.25 25 156.4330127018922
      vertex 25.5 25 156
      vertex 25.154508497187475 25.475528258147577 156
    endloop
  endfacet
  facet normal 0.7942449388926683 -0.004955341956946906 -0.6075775025702246
    outer loop
      vertex 29.08571605845912 28.551515749488097 143.18281765992327
      vertex 29.383225540350594 29.133225540350594 143.5669872981078
      vertex 29.377831794605637 28.26871300078703 143.5669872981078
    endloop
  endfacet
  facet normal 0.8660127625135645 -0.005403105726198255 -0.4999927015588689
    outer loop
      vertex 29.377831794605637 28.26871300078703 143.5669872981078
      vertex 29.383225540350594 29.133225540350594 143.5669872981078
      vertex 29.627831794605637 28.26871300078703 144
    endloop
  endfacet
  facet normal 0.6988235797975288 -0.004360002356832756 0.7152807803222556
    outer loop
      vertex 29.265284773918758 28.188130414952667 144.54247904543428
      vertex 29.377831794605637 28.26871300078703 144.4330127018922
      vertex 29.383225540350594 29.133225540350594 144.4330127018922
    endloop
  endfacet
  facet normal 0.8660127625135645 -0.005403105726198255 0.4999927015588689
    outer loop
      vertex 29.377831794605637 28.26871300078703 144.4330127018922
      vertex 29.627831794605637 28.26871300078703 144
      vertex 29.383225540350594 29.133225540350594 144.4330127018922
    endloop
  endfacet
  facet normal 0.8660127625135645 -0.005403105726198255 -0.4999927015588689
    outer loop
      vertex 29.627831794605637 28.26871300078703 144
      vertex 29.383225540350594 29.133225540350594 143.5669872981078
      vertex 29.633225540350594 29.133225540350594 144
    endloop
  endfacet
  facet normal 0.8660127625135645 -0.005403105726198255 0.4999927015588689
    outer loop
      vertex 29.627831794605637 28.26871300078703 144
      vertex 29.633225540350594 29.133225540350594 144
      vertex 29.383225540350594 29.133225540350594 144.4330127018922
    endloop
  endfacet
  facet normal 0.7329996781371335 0.5325554391808722 -0.4231975614883984
    outer loop
      vertex 29.21047978894433 29.370989669424382 143.5669872981078
      vertex 29.28773403753807 29.60875379849817 144
      vertex 29.383225540350594 29.133225540350594 143.5669872981078
    endloop
  endfacet
  facet normal 0.7329996781371376 0.5325554391808698 -0.4231975614883947
    outer loop
      vertex 29.383225540350594 29.133225540350594 143.5669872981078
      vertex 29.28773403753807 29.60875379849817 144
      vertex 29.633225540350594 29.133225540350594 144
    endloop
  endfacet
  facet normal 0.7329996781371335 0.5325554391808722 0.4231975614883984
    outer loop
      vertex 29.21047978894433 29.370989669424382 144.4330127018922
      vertex 29.383225540350594 29.133225540350594 144.4330127018922
      vertex 29.28773403753807 29.60875379849817 144
    endloop
  endfacet
  facet normal 0.7329996781371376 0.5325554391808698 0.4231975614883947
    outer loop
      vertex 29.383225540350594 29.133225540350594 144.4330127018922
      vertex 29.633225540350594 29.133225540350594 144
      vertex 29.28773403753807 29.60875379849817 144
    endloop
  endfacet
  facet normal 1 0 0
    outer loop
      vertex -5.5 13.75 155
      vertex -5.5 10.25 -0.4330127018922193
      vertex -5.5 13.75 -0.4330127018922193
    endloop
  endfacet
  facet normal 1 0 0
    outer loop
      vertex -5.5 10.25 155
      vertex -5.5 10.25 -0.4330127018922193
      vertex -5.5 13.75 155
    endloop
  endfacet
  facet normal 0 1 0
    outer loop
      vertex -5.5 10.25 155
      vertex 5.5 10.25 155
      vertex -5.5 10.25 -0.4330127018922193
    endloop
  endfacet
  facet normal 0 -1 0
    outer loop
      vertex -5.5 13.75 155
      vertex -5.5 13.75 -0.4330127018922193
      vertex 5.5 13.75 155
    endloop
  endfacet
  facet normal 0 0 -1
    outer loop
      vertex -5.5 10.25 155
      vertex -5.5 13.75 155
      vertex 5.5 10.25 155
    endloop
  endfacet
  facet normal 0 1 0
    outer loop
      vertex 5.5 10.25 155
      vertex 5.5 10.25 -0.4330127018922193
      vertex -5.5 10.25 -0.4330127018922193
    endloop
  endfacet
  facet normal 0 -1 0
    outer loop
      vertex 5.5 13.75 155
      vertex -5.5 13.75 -0.4330127018922193
      vertex 5.5 13.75 -0.4330127018922193
    endloop
  endfacet
  facet normal -1 0 0
    outer loop
      vertex 5.5 10.25 155
      vertex 5.5 13.75 -0.4330127018922193
      vertex 5.5 10.25 -0.4330127018922193
    endloop
  endfacet
  facet normal -1 0 0
    outer loop
      vertex 5.5 10.25 155
      vertex 5.5 13.75 155
      vertex 5.5 13.75 -0.4330127018922193
    endloop
  endfacet
  facet normal 0 0 -1
    outer loop
      vertex -5.5 13.75 155
      vertex 5.5 13.75 155
      vertex 5.5 10.25 155
    endloop
  endfacet
  facet normal 0.9238795325112867 0.38268343236508967 0
    outer loop
      vertex -3.6955181300451474 -3.6955181300451474 7
      vertex -3.6955181300451474 -3.6955181300451474 -0.4330127018922193
      vertex -5.226251859505506 0 7
    endloop
  endfacet
  facet normal 0.9238795325112867 0.38268343236508967 0
    outer loop
      vertex -5.226251859505506 0 7
      vertex -3.6955181300451474 -3.6955181300451474 -0.4330127018922193
      vertex -5.226251859505506 0 -0.4330127018922193
    endloop
  endfacet
  facet normal 0.38268343236508967 0.9238795325112867 0
    outer loop
      vertex -3.6955181300451474 -3.6955181300451474 7
      vertex 0 -5.226251859505506 -0.4330127018922193
      vertex -3.6955181300451474 -3.6955181300451474 -0.4330127018922193
    endloop
  endfacet
  facet normal 0.38268343236508967 0.9238795325112867 0
    outer loop
      vertex -3.6955181300451474 -3.6955181300451474 7
      vertex 0 -5.226251859505506 7
      vertex 0 -5.226251859505506 -0.4330127018922193
    endloop
  endfacet
  facet normal 0.7339635123329723 0.30401764109530954 -0.60734737709707
    outer loop
      vertex -3.6955181300451474 -3.6955181300451474 7
      vertex -5.226251859505506 0 7
      vertex -0.2613125929752753 0 13
    endloop
  endfacet
  facet normal 0.30401764109530954 0.7339635123329723 -0.60734737709707
    outer loop
      vertex -3.6955181300451474 -3.6955181300451474 7
      vertex 0 -0.2613125929752753 13
      vertex 0 -5.226251859505506 7
    endloop
  endfacet
  facet normal 0.7339635123329717 0.3040176410953096 -0.6073473770970705
    outer loop
      vertex -3.6955181300451474 -3.6955181300451474 7
      vertex -0.2613125929752753 0 13
      vertex -0.18477590650225736 -0.18477590650225736 13
    endloop
  endfacet
  facet normal 0.3040176410953096 0.7339635123329717 -0.6073473770970705
    outer loop
      vertex -3.6955181300451474 -3.6955181300451474 7
      vertex -0.18477590650225736 -0.18477590650225736 13
      vertex 0 -0.2613125929752753 13
    endloop
  endfacet
  facet normal 0 0 -1
    outer loop
      vertex -0.2613125929752753 0 13
      vertex -0.18477590650225736 0.18477590650225736 13
      vertex -0.18477590650225736 -0.18477590650225736 13
    endloop
  endfacet
  facet normal 0 0 -1
    outer loop
      vertex -0.18477590650225736 -0.18477590650225736 13
      vertex -0.18477590650225736 0.18477590650225736 13
      vertex 0 -0.2613125929752753 13
    endloop
  endfacet
  facet normal 0 0 -1
    outer loop
      vertex -0.18477590650225736 0.18477590650225736 13
      vertex 0.18477590650225736 -0.18477590650225736 13
      vertex 0 -0.2613125929752753 13
    endloop
  endfacet
  facet normal 0 0 -1
    outer loop
      vertex -0.18477590650225736 0.18477590650225736 13
      vertex 0 0.2613125929752753 13
      vertex 0.18477590650225736 0.18477590650225736 13
    endloop
  endfacet
  facet normal 0 0 -1
    outer loop
      vertex -0.18477590650225736 0.18477590650225736 13
      vertex 0.2613125929752753 0 13
      vertex 0.18477590650225736 -0.18477590650225736 13
    endloop
  endfacet
  facet normal 0 0 -1
    outer loop
      vertex -0.18477590650225736 0.18477590650225736 13
      vertex 0.18477590650225736 0.18477590650225736 13
      vertex 0.2613125929752753 0 13
    endloop
  endfacet
  facet normal 0.9238795325112867 -0.38268343236508967 0
    outer loop
      vertex -5.226251859505506 0 7
      vertex -5.226251859505506 0 -0.4330127018922193
      vertex -3.6955181300451474 3.6955181300451474 7
    endloop
  endfacet
  facet normal 0.9238795325112867 -0.38268343236508967 0
    outer loop
      vertex -3.6955181300451474 3.6955181300451474 7
      vertex -5.226251859505506 0 -0.4330127018922193
      vertex -3.6955181300451474 3.6955181300451474 -0.4330127018922193
    endloop
  endfacet
  facet normal 0.7339635123329723 -0.30401764109530954 -0.60734737709707
    outer loop
      vertex -5.226251859505506 0 7
      vertex -3.6955181300451474 3.6955181300451474 7
      vertex -0.2613125929752753 0 13
    endloop
  endfacet
  facet normal 0.30401764109530954 -0.7339635123329723 -0.60734737709707
    outer loop
      vertex -3.6955181300451474 3.6955181300451474 7
      vertex 0 5.226251859505506 7
      vertex 0 0.2613125929752753 13
    endloop
  endfacet
  facet normal 0.7339635123329717 -0.3040176410953096 -0.6073473770970705
    outer loop
      vertex -3.6955181300451474 3.6955181300451474 7
      vertex -0.18477590650225736 0.18477590650225736 13
      vertex -0.2613125929752753 0 13
    endloop
  endfacet
  facet normal 0.3040176410953096 -0.7339635123329717 -0.6073473770970705
    outer loop
      vertex -3.6955181300451474 3.6955181300451474 7
      vertex 0 0.2613125929752753 13
      vertex -0.18477590650225736 0.18477590650225736 13
    endloop
  endfacet
  facet normal 0.38268343236508967 -0.9238795325112867 0
    outer loop
      vertex -3.6955181300451474 3.6955181300451474 7
      vertex -3.6955181300451474 3.6955181300451474 -0.4330127018922193
      vertex 0 5.226251859505506 7
    endloop
  endfacet
  facet normal 0.38268343236508967 -0.9238795325112867 0
    outer loop
      vertex 0 5.226251859505506 7
      vertex -3.6955181300451474 3.6955181300451474 -0.4330127018922193
      vertex 0 5.226251859505506 -0.4330127018922193
    endloop
  endfacet
  facet normal -0.38268343236508967 0.9238795325112867 0
    outer loop
      vertex 0 -5.226251859505506 7
      vertex 3.6955181300451474 -3.6955181300451474 -0.4330127018922193
      vertex 0 -5.226251859505506 -0.4330127018922193
    endloop
  endfacet
  facet normal -0.38268343236508967 0.9238795325112867 0
    outer loop
      vertex 0 -5.226251859505506 7
      vertex 3.6955181300451474 -3.6955181300451474 7
      vertex 3.6955181300451474 -3.6955181300451474 -0.4330127018922193
    endloop
  endfacet
  facet normal -0.30401764109530954 0.7339635123329723 -0.60734737709707
    outer loop
      vertex 0 -5.226251859505506 7
      vertex 0 -0.2613125929752753 13
      vertex 3.6955181300451474 -3.6955181300451474 7
    endloop
  endfacet
  facet normal -0.9238795325112867 0.38268343236508967 0
    outer loop
      vertex 3.6955181300451474 -3.6955181300451474 7
      vertex 5.226251859505506 0 -0.4330127018922193
      vertex 3.6955181300451474 -3.6955181300451474 -0.4330127018922193
    endloop
  endfacet
  facet normal -0.7339635123329723 0.30401764109530954 -0.60734737709707
    outer loop
      vertex 0.2613125929752753 0 13
      vertex 5.226251859505506 0 7
      vertex 3.6955181300451474 -3.6955181300451474 7
    endloop
  endfacet
  facet normal -0.30401764109530954 0.7339635123329723 -0.60734737709707
    outer loop
      vertex 0 -0.2613125929752753 13
      vertex 0.18477590650225736 -0.18477590650225736 13
      vertex 3.6955181300451474 -3.6955181300451474 7
    endloop
  endfacet
  facet normal -0.7339635123329722 0.3040176410953095 -0.60734737709707
    outer loop
      vertex 0.18477590650225736 -0.18477590650225736 13
      vertex 0.2613125929752753 0 13
      vertex 3.6955181300451474 -3.6955181300451474 7
    endloop
  endfacet
  facet normal -0.9238795325112867 0.38268343236508967 0
    outer loop
      vertex 3.6955181300451474 -3.6955181300451474 7
      vertex 5.226251859505506 0 7
      vertex 5.226251859505506 0 -0.4330127018922193
    endloop
  endfacet
  facet normal -0.30401764109530954 -0.7339635123329723 -0.60734737709707
    outer loop
      vertex 0 0.2613125929752753 13
      vertex 0 5.226251859505506 7
      vertex 3.6955181300451474 3.6955181300451474 7
    endloop
  endfacet
  facet normal -0.7339635123329723 -0.30401764109530954 -0.60734737709707
    outer loop
      vertex 0.2613125929752753 0 13
      vertex 3.6955181300451474 3.6955181300451474 7
      vertex 5.226251859505506 0 7
    endloop
  endfacet
  facet normal -0.9238795325112867 -0.38268343236508967 0
    outer loop
      vertex 3.6955181300451474 3.6955181300451474 7
      vertex 3.6955181300451474 3.6955181300451474 -0.4330127018922193
      vertex 5.226251859505506 0 7
    endloop
  endfacet
  facet normal -0.7339635123329723 -0.30401764109530954 -0.60734737709707
    outer loop
      vertex 0.2613125929752753 0 13
      vertex 0.18477590650225736 0.18477590650225736 13
      vertex 3.6955181300451474 3.6955181300451474 7
    endloop
  endfacet
  facet normal -0.30401764109530954 -0.7339635123329723 -0.60734737709707
    outer loop
      vertex 0 0.2613125929752753 13
      vertex 3.6955181300451474 3.6955181300451474 7
      vertex 0.18477590650225736 0.18477590650225736 13
    endloop
  endfacet
  facet normal -0.38268343236508967 -0.9238795325112867 0
    outer loop
      vertex 3.6955181300451474 3.6955181300451474 7
      vertex 0 5.226251859505506 7
      vertex 0 5.226251859505506 -0.4330127018922193
    endloop
  endfacet
  facet normal -0.38268343236508967 -0.9238795325112867 0
    outer loop
      vertex 3.6955181300451474 3.6955181300451474 7
      vertex 0 5.226251859505506 -0.4330127018922193
      vertex 3.6955181300451474 3.6955181300451474 -0.4330127018922193
    endloop
  endfacet
  facet normal -0.9238795325112867 -0.38268343236508967 0
    outer loop
      vertex 5.226251859505506 0 7
      vertex 3.6955181300451474 3.6955181300451474 -0.4330127018922193
      vertex 5.226251859505506 0 -0.4330127018922193
    endloop
  endfacet
endsolid OpenSCAD_Model
